rownum,experiment,faults_per_record,capacity,error_rate,flip_probability,num_hidden_layers,num_of_neurons_in_hidden_layer,epochs,batch_size,id,type,regions,deviceType,processed,metadata.creation_dt,metadata.last_execution_dt,metrics.runtime.type,metrics.runtime.metric_md.unit,metrics.runtime.metric_md.mag,metrics.runtime.metric_md.dtype,metrics.runtime.metric_md.min,metrics.runtime.metric_md.max,metrics.runtime.metric_md.fill,metrics.runtime.sum,metrics.runtime.mean,metrics.runtime.std,metrics.runtime.max,metrics.runtime.min,metrics.energy.type,metrics.energy.metric_md.unit,metrics.energy.metric_md.mag,metrics.energy.metric_md.dtype,metrics.energy.metric_md.min,metrics.energy.metric_md.max,metrics.energy.metric_md.fill,metrics.energy.sum,metrics.energy.mean,metrics.energy.std,metrics.energy.max,metrics.energy.min,metrics.power.type,metrics.power.metric_md.unit,metrics.power.metric_md.mag,metrics.power.metric_md.dtype,metrics.power.metric_md.min,metrics.power.metric_md.max,metrics.power.metric_md.fill,metrics.power.sum,metrics.power.mean,metrics.power.std,metrics.power.max,metrics.power.min,metrics.cpu_energy.type,metrics.cpu_energy.metric_md.unit,metrics.cpu_energy.metric_md.mag,metrics.cpu_energy.metric_md.dtype,metrics.cpu_energy.metric_md.min,metrics.cpu_energy.metric_md.max,metrics.cpu_energy.metric_md.fill,metrics.cpu_energy.sum,metrics.cpu_energy.mean,metrics.cpu_energy.std,metrics.cpu_energy.max,metrics.cpu_energy.min,metrics.cpu_power.type,metrics.cpu_power.metric_md.unit,metrics.cpu_power.metric_md.mag,metrics.cpu_power.metric_md.dtype,metrics.cpu_power.metric_md.min,metrics.cpu_power.metric_md.max,metrics.cpu_power.metric_md.fill,metrics.cpu_power.sum,metrics.cpu_power.mean,metrics.cpu_power.std,metrics.cpu_power.max,metrics.cpu_power.min,metrics.cpu_util.type,metrics.cpu_util.metric_md.unit,metrics.cpu_util.metric_md.mag,metrics.cpu_util.metric_md.dtype,metrics.cpu_util.metric_md.min,metrics.cpu_util.metric_md.max,metrics.cpu_util.metric_md.fill,metrics.cpu_util.sum,metrics.cpu_util.mean,metrics.cpu_util.std,metrics.cpu_util.max,metrics.cpu_util.min,metrics.dram_mem.type,metrics.dram_mem.metric_md.unit,metrics.dram_mem.metric_md.mag,metrics.dram_mem.metric_md.dtype,metrics.dram_mem.metric_md.min,metrics.dram_mem.metric_md.max,metrics.dram_mem.metric_md.fill,metrics.dram_mem.sum,metrics.dram_mem.mean,metrics.dram_mem.std,metrics.dram_mem.max,metrics.dram_mem.min,metrics.disk_write.type,metrics.disk_write.metric_md.unit,metrics.disk_write.metric_md.mag,metrics.disk_write.metric_md.dtype,metrics.disk_write.metric_md.min,metrics.disk_write.metric_md.max,metrics.disk_write.metric_md.fill,metrics.disk_write.sum,metrics.disk_write.mean,metrics.disk_write.std,metrics.disk_write.max,metrics.disk_write.min,metrics.disk_read.type,metrics.disk_read.metric_md.unit,metrics.disk_read.metric_md.mag,metrics.disk_read.metric_md.dtype,metrics.disk_read.metric_md.min,metrics.disk_read.metric_md.max,metrics.disk_read.metric_md.fill,metrics.disk_read.sum,metrics.disk_read.mean,metrics.disk_read.std,metrics.disk_read.max,metrics.disk_read.min,metrics.net_read.type,metrics.net_read.metric_md.unit,metrics.net_read.metric_md.mag,metrics.net_read.metric_md.dtype,metrics.net_read.metric_md.min,metrics.net_read.metric_md.max,metrics.net_read.metric_md.fill,metrics.net_read.sum,metrics.net_read.mean,metrics.net_read.std,metrics.net_read.max,metrics.net_read.min,metrics.net_write.type,metrics.net_write.metric_md.unit,metrics.net_write.metric_md.mag,metrics.net_write.metric_md.dtype,metrics.net_write.metric_md.min,metrics.net_write.metric_md.max,metrics.net_write.metric_md.fill,metrics.net_write.sum,metrics.net_write.mean,metrics.net_write.std,metrics.net_write.max,metrics.net_write.min,metrics.money.type,metrics.money.metric_md.unit,metrics.money.metric_md.mag,metrics.money.metric_md.dtype,metrics.money.metric_md.min,metrics.money.metric_md.max,metrics.money.metric_md.fill,metrics.money.sum,metrics.money.mean,metrics.money.std,metrics.money.max,metrics.money.min,metrics.co2.type,metrics.co2.metric_md.unit,metrics.co2.metric_md.mag,metrics.co2.metric_md.dtype,metrics.co2.metric_md.min,metrics.co2.metric_md.max,metrics.co2.metric_md.fill,metrics.co2.sum,metrics.co2.mean,metrics.co2.std,metrics.co2.max,metrics.co2.min
2,1_100_0.1_0_1_16_10_8192,1,100,0.1,0.0,1,16,10,8192,evaluateNN_3.0,1,,,True,2025-05-01T06:08:27.739,2025-05-01T06:08:27.739,runtime,s,1,float32,0,3.4e+38,-1,1338.41131591797,267.682263183594,3.83417471213545,271.127014160156,260.569091796875,energy,J,1,float32,0,3.4e+38,-1,71023.9267578125,14204.7853515625,242.400984832759,14496.6494140625,13770.875,power,W,1,float32,0,3.4e+38,-1,264.918689727783,52.9837379455566,0.21987625093686,53.3637733459473,52.7553520202637,cpu_energy,J,1,float32,0,3.4e+38,-1,71023.921875,14204.7841796875,242.400985717773,14496.6494140625,13770.875,cpu_power,W,1,float32,0,3.4e+38,-1,264.918670654297,52.9837341308594,0.219876244664192,53.3637733459473,52.7553520202637,cpu_util,%,1,float32,0,100,-1,143.275161743164,28.6550331115723,0.523985803127289,29.1674003601074,27.6465625762939,dram_mem,B,1,uint64,0,1.84e+19,1.84e+19,80427713783,16085542756.6,91408962.5800269,16245889774,15976765590,disk_write,B,1,uint64,0,1.84e+19,1.84e+19,30052864,6010572.8,506550.827095722,6748160,5289472,disk_read,B,1,uint64,0,1.84e+19,1.84e+19,6923776,1384755.2,2412751.3684733,6196224,12288,net_read,B,1,uint64,0,1.84e+19,1.84e+19,6684579,1336915.8,49508.8712591996,1410689,1275043,net_write,B,1,uint64,0,1.84e+19,1.84e+19,1498988,299797.6,23957.8638162921,336745,261146,money,,1,float32,0,3.4e+38,0,0.0064138551636013,0.0012827710327202,2.19e-05,0.001309127979031,0.0012435865173611,co2,g,1,float32,0,3.4e+38,0,8.24272127761502,1.648544255523,0.0281319809619795,1.68241670144314,1.59818654861111
3,1_200_0.1_0.1_2_16_20_8192,1,200,0.1,0.1,2,16,20,8192,evaluateNN_3.0,1,,,True,2025-05-06T00:30:23.411,2025-05-06T00:30:23.411,runtime,s,1,float32,0,3.4e+38,-1,2416.84017944336,483.368035888672,15.2999312670587,502.288391113281,463.784820556641,energy,J,1,float32,0,3.4e+38,-1,141607.19140625,28321.43828125,979.63221617669,29531.130859375,27046.251953125,power,W,1,float32,0,3.4e+38,-1,292.647155761719,58.5294311523438,0.175825817968375,58.7255973815918,58.2681083679199,cpu_energy,J,1,float32,0,3.4e+38,-1,141607.203125,28321.44140625,979.632263183594,29531.130859375,27046.251953125,cpu_power,W,1,float32,0,3.4e+38,-1,292.647155761719,58.5294303894043,0.175825819373131,58.7255973815918,58.2681083679199,cpu_util,%,1,float32,0,100,-1,229.677124023438,45.9354248046875,0.637208104133606,46.68115234375,45.1012878417969,dram_mem,B,1,uint64,0,1.84e+19,1.84e+19,81673780355,16334756071.0,57742066.2509962,16391694934,16228881559,disk_write,B,1,uint64,0,1.84e+19,1.84e+19,63823360,12764672.0,2236236.25358252,16889344,10811392,disk_read,B,1,uint64,0,1.84e+19,1.84e+19,5570048,1114009.6,917357.896938725,2627584,72192,net_read,B,1,uint64,0,1.84e+19,1.84e+19,12215677,2443135.4,142322.604778861,2661888,2252016,net_write,B,1,uint64,0,1.84e+19,1.84e+19,2653514,530702.8,88454.0769176865,698467,455489,money,,1,float32,0,3.4e+38,0,0.0127879160906033,0.0025575832181206,8.85e-05,0.0026668251784396,0.0024424268083224,co2,g,1,float32,0,3.4e+38,0,16.4343012693142,3.28686025386285,0.113691761088506,3.42725179806858,3.13886779611545
9,1_100_0.01_0.1_2_8_10_8192,1,100,0.01,0.1,2,8,10,8192,evaluateNN_3.0,1,,,True,2025-04-30T19:22:41.059,2025-04-30T19:22:41.059,runtime,s,1,float32,0,3.4e+38,-1,1521.83023071289,304.366046142578,5.22504807210128,313.225128173828,297.960327148438,energy,J,1,float32,0,3.4e+38,-1,83374.35546875,16674.87109375,314.245441051059,17260.888671875,16391.388671875,power,W,1,float32,0,3.4e+38,-1,273.565746307373,54.7131492614746,0.257572944794648,55.0337829589844,54.4624786376953,cpu_energy,J,1,float32,0,3.4e+38,-1,83374.359375,16674.87109375,314.245452880859,17260.888671875,16391.388671875,cpu_power,W,1,float32,0,3.4e+38,-1,273.565734863281,54.7131462097168,0.257572948932648,55.0337829589844,54.4624786376953,cpu_util,%,1,float32,0,100,-1,165.656661987305,33.1313323974609,0.560214042663574,34.2203140258789,32.6364593505859,dram_mem,B,1,uint64,0,1.84e+19,1.84e+19,80750508604,16150101720.8,27280823.9113958,16180733952,16103602539,disk_write,B,1,uint64,0,1.84e+19,1.84e+19,35528192,7105638.4,987815.143638039,8578560,6005760,disk_read,B,1,uint64,0,1.84e+19,1.84e+19,1267200,253440.0,378214.50743196,1000960,12288,net_read,B,1,uint64,0,1.84e+19,1.84e+19,6679505,1335901.0,29574.6660572863,1366635,1279767,net_write,B,1,uint64,0,1.84e+19,1.84e+19,1156947,231389.4,8726.38414465006,243337,219751,money,,1,float32,0,3.4e+38,0,0.0075291674896918,0.0015058334979383,2.84e-05,0.0015587541408962,0.0014802334603407,co2,g,1,float32,0,3.4e+38,0,9.67605714301215,1.93521142860243,0.0364699292419811,2.00322202419705,1.90231171864149
10,1_200_0.1_0_2_4_5_8192,1,200,0.1,0.0,2,4,5,8192,evaluateNN_3.0,1,,,True,2025-05-04T17:15:58.543,2025-05-04T17:15:58.543,runtime,s,1,float32,0,3.4e+38,-1,1337.08059692383,267.416119384766,2.20477596714774,271.635559082031,265.384582519531,energy,J,1,float32,0,3.4e+38,-1,71911.5419921875,14382.3083984375,128.572159238998,14618.966796875,14229.4755859375,power,W,1,float32,0,3.4e+38,-1,268.486331939697,53.6972663879395,0.0883814057041508,53.7868041992188,53.5308570861816,cpu_energy,J,1,float32,0,3.4e+38,-1,71911.5390625,14382.3076171875,128.572158813477,14618.966796875,14229.4755859375,cpu_power,W,1,float32,0,3.4e+38,-1,268.486328125,53.697265625,0.0883814096450806,53.7868041992188,53.5308570861816,cpu_util,%,1,float32,0,100,-1,136.840042114258,27.3680076599121,0.0877693220973015,27.4784393310547,27.2161045074463,dram_mem,B,1,uint64,0,1.84e+19,1.84e+19,82993564308,16598712861.6,231587561.68309,16781875979,16142776597,disk_write,B,1,uint64,0,1.84e+19,1.84e+19,29507584,5901516.8,1054446.99410419,7318528,4546560,disk_read,B,1,uint64,0,1.84e+19,1.84e+19,2083840,416768.0,231285.083970411,799232,188928,net_read,B,1,uint64,0,1.84e+19,1.84e+19,6408978,1281795.6,45503.4452831871,1346981,1228481,net_write,B,1,uint64,0,1.84e+19,1.84e+19,1440279,288055.8,15191.0663931141,305902,260409,money,,1,float32,0,3.4e+38,0,0.0064940117504611,0.0012988023500922,1.16e-05,0.00132017391824,0.0012850006980523,co2,g,1,float32,0,3.4e+38,0,8.34573395675998,1.669146791352,0.0149215133694591,1.69661231325955,1.65140969439019
11,1_100_0.01_0.1_1_4_20_8192,1,100,0.01,0.1,1,4,20,8192,evaluateNN_3.0,1,,,True,2025-04-30T14:15:53.158,2025-04-30T14:15:53.158,runtime,s,1,float32,0,3.4e+38,-1,2257.30548095703,451.461096191406,7.80031916972791,461.451599121094,442.974822998047,energy,J,1,float32,0,3.4e+38,-1,130533.861328125,26106.772265625,518.467809844517,26791.71875,25546.4140625,power,W,1,float32,0,3.4e+38,-1,288.849636077881,57.7699272155762,0.141384006863828,57.9936637878418,57.6191482543945,cpu_energy,J,1,float32,0,3.4e+38,-1,130533.859375,26106.771484375,518.467834472656,26791.71875,25546.4140625,cpu_power,W,1,float32,0,3.4e+38,-1,288.849639892578,57.7699279785156,0.14138400554657,57.9936637878418,57.6191482543945,cpu_util,%,1,float32,0,100,-1,214.285919189453,42.8571853637695,0.32434543967247,43.2506523132324,42.499324798584,dram_mem,B,1,uint64,0,1.84e+19,1.84e+19,80043967717,16008793543.4,53007758.2184415,16090702863,15924163435,disk_write,B,1,uint64,0,1.84e+19,1.84e+19,51307520,10261504.0,1197544.86236734,12032512,8941056,disk_read,B,1,uint64,0,1.84e+19,1.84e+19,2749440,549888.0,605001.177122822,1487360,22528,net_read,B,1,uint64,0,1.84e+19,1.84e+19,14059933,2811986.6,62708.1311939688,2908289,2733192,net_write,B,1,uint64,0,1.84e+19,1.84e+19,2215570,443114.0,16611.6188013089,470682,418323,money,,1,float32,0,3.4e+38,0,0.0117879328660482,0.0023575865732096,4.68e-05,0.0024194410460069,0.0023069831143663,co2,g,1,float32,0,3.4e+38,0,15.1491797952474,3.02983595904948,0.0601710697091775,3.10932780381944,2.96480327647569
12,1_100_0.01_0_2_8_20_8192,1,100,0.01,0.0,2,8,20,8192,evaluateNN_3.0,1,,,True,2025-04-29T16:25:53.288,2025-04-29T16:25:53.288,runtime,s,1,float32,0,3.4e+38,-1,2296.44049072266,459.288098144531,10.5635234352568,474.370361328125,443.73681640625,energy,J,1,float32,0,3.4e+38,-1,133564.974609375,26712.994921875,691.86939233574,27664.734375,25666.275390625,power,W,1,float32,0,3.4e+38,-1,290.524978637695,58.1049957275391,0.178913264850896,58.2847061157227,57.7876243591309,cpu_energy,J,1,float32,0,3.4e+38,-1,133564.96875,26712.994140625,691.869384765625,27664.734375,25666.275390625,cpu_power,W,1,float32,0,3.4e+38,-1,290.524963378906,58.1049919128418,0.17891326546669,58.2847061157227,57.7876243591309,cpu_util,%,1,float32,0,100,-1,222.480651855469,44.4961318969727,0.540300369262695,45.0661773681641,43.6087646484375,dram_mem,B,1,uint64,0,1.84e+19,1.84e+19,79993717888,15998743577.6,30190380.6293011,16031056585,15945658772,disk_write,B,1,uint64,0,1.84e+19,1.84e+19,76114432,15222886.4,5791738.4002236,25632768,9896448,disk_read,B,1,uint64,0,1.84e+19,1.84e+19,2898944,579788.8,306170.794337017,995840,168448,net_read,B,1,uint64,0,1.84e+19,1.84e+19,14248067,2849613.4,608602.961159605,4020809,2318562,net_write,B,1,uint64,0,1.84e+19,1.84e+19,2493416,498683.2,60294.8937287396,609731,440111,money,,1,float32,0,3.4e+38,0,0.0120616592348633,0.0024123318469726,6.25e-05,0.0024982792070312,0.0023178072581922,co2,g,1,float32,0,3.4e+38,0,15.5009573310547,3.10019146621094,0.0802952866994089,3.2106461171875,2.97871384950087
13,1_100_0.1_0.01_2_4_10_8192,1,100,0.1,0.01,2,4,10,8192,evaluateNN_3.0,1,,,True,2025-05-01T21:05:00.706,2025-05-01T21:05:00.706,runtime,s,1,float32,0,3.4e+38,-1,1882.20526123047,376.441052246094,1.14270451027669,377.490570068359,374.243194580078,energy,J,1,float32,0,3.4e+38,-1,107355.853515625,21471.170703125,65.4344227717467,21530.892578125,21348.71484375,power,W,1,float32,0,3.4e+38,-1,284.816661834717,56.9633323669434,0.0990510278147371,57.0964317321777,56.7912635803223,cpu_energy,J,1,float32,0,3.4e+38,-1,107355.84375,21471.16796875,65.4344177246094,21530.892578125,21348.71484375,cpu_power,W,1,float32,0,3.4e+38,-1,284.816650390625,56.9633293151856,0.0990510284900665,57.0964317321777,56.7912635803223,cpu_util,%,1,float32,0,100,-1,188.035247802734,37.607048034668,0.107430174946785,37.7417984008789,37.4754638671875,dram_mem,B,1,uint64,0,1.84e+19,1.84e+19,80467561668,16093512333.6,71199788.6083491,16166952450,15973353671,disk_write,B,1,uint64,0,1.84e+19,1.84e+19,47482368,9496473.6,1772710.08608375,12266496,7528960,disk_read,B,1,uint64,0,1.84e+19,1.84e+19,4337152,867430.4,588882.751193682,1826816,27136,net_read,B,1,uint64,0,1.84e+19,1.84e+19,8537272,1707454.4,153478.074067405,1919743,1546915,net_write,B,1,uint64,0,1.84e+19,1.84e+19,1725799,345159.8,52882.1897821942,419432,286022,money,,1,float32,0,3.4e+38,0,0.0096948299938693,0.0019389659987738,5.91e-06,0.0019443592158745,0.0019279075543619,co2,g,1,float32,0,3.4e+38,0,12.4592432218967,2.49184864437934,0.0075940282872319,2.49877969976129,2.47763696158854
14,1_200_0.1_0_3_4_20_8192,1,200,0.1,0.0,3,4,20,8192,evaluateNN_3.0,1,,,True,2025-05-04T22:53:03.003,2025-05-04T22:53:03.003,runtime,s,1,float32,0,3.4e+38,-1,3779.67401123047,755.934802246094,4.62546471364958,761.49560546875,750.260314941406,energy,J,1,float32,0,3.4e+38,-1,231721.9140625,46344.3828125,276.405630210583,46675.265625,46021.90625,power,W,1,float32,0,3.4e+38,-1,306.320835113525,61.2641670227051,0.0620359961509325,61.3395385742188,61.1730842590332,cpu_energy,J,1,float32,0,3.4e+38,-1,231721.921875,46344.3828125,276.405639648438,46675.265625,46021.90625,cpu_power,W,1,float32,0,3.4e+38,-1,306.320831298828,61.2641677856445,0.0620359964668751,61.3395385742188,61.1730842590332,cpu_util,%,1,float32,0,100,-1,247.716705322266,49.543342590332,0.109673000872135,49.7421264648438,49.4151573181152,dram_mem,B,1,uint64,0,1.84e+19,1.84e+19,82130152377,16426030475.4,144356873.306509,16515224174,16138234298,disk_write,B,1,uint64,0,1.84e+19,1.84e+19,88985088,17797017.6,3854781.66724174,25257472,14791168,disk_read,B,1,uint64,0,1.84e+19,1.84e+19,4534784,906956.8,636551.428744104,2038272,102912,net_read,B,1,uint64,0,1.84e+19,1.84e+19,17927351,3585470.2,64909.1709680535,3667534,3476418,net_write,B,1,uint64,0,1.84e+19,1.84e+19,4171266,834253.2,36432.0918993132,890687,776575,money,,1,float32,0,3.4e+38,0,0.0209257761838108,0.0041851552367621,2.5e-05,0.0042150357929687,0.0041560338116319,co2,g,1,float32,0,3.4e+38,0,26.8926154709201,5.37852309418403,0.0320784089727724,5.4169238828125,5.34109789756945
16,1_100_0.1_0_3_8_5_8192,1,100,0.1,0.0,3,8,5,8192,evaluateNN_3.0,1,,,True,2025-05-01T13:42:33.362,2025-05-01T13:42:33.362,runtime,s,1,float32,0,3.4e+38,-1,1219.77127075195,243.954254150391,8.55128766562589,258.952545166016,234.55908203125,energy,J,1,float32,0,3.4e+38,-1,63554.587890625,12710.917578125,546.43821077135,13673.2568359375,12119.5205078125,power,W,1,float32,0,3.4e+38,-1,260.067481994629,52.0134963989258,0.414493667184884,52.7495498657227,51.5955963134766,cpu_energy,J,1,float32,0,3.4e+38,-1,63554.58984375,12710.91796875,546.438232421875,13673.2568359375,12119.5205078125,cpu_power,W,1,float32,0,3.4e+38,-1,260.067474365234,52.0134963989258,0.414493650197983,52.7495498657227,51.5955963134766,cpu_util,%,1,float32,0,100,-1,124.301193237305,24.8602390289307,1.47186684608459,27.4950008392334,23.3881340026855,dram_mem,B,1,uint64,0,1.84e+19,1.84e+19,79697517146,15939503429.2,134580635.682195,16136861244,15758222537,disk_write,B,1,uint64,0,1.84e+19,1.84e+19,31605248,6321049.6,2241449.34893275,10457600,4299776,disk_read,B,1,uint64,0,1.84e+19,1.84e+19,1176064,235212.8,247322.732799393,610816,11264,net_read,B,1,uint64,0,1.84e+19,1.84e+19,6007184,1201436.8,144767.830317927,1467523,1032654,net_write,B,1,uint64,0,1.84e+19,1.84e+19,1449701,289940.2,85780.2589140415,454240,212897,money,,1,float32,0,3.4e+38,0,0.0057393323675672,0.0011478664735134,4.93e-05,0.0012347710548231,0.0010944600325249,co2,g,1,float32,0,3.4e+38,0,7.37586300575087,1.47517260115017,0.0634171901278527,1.58685741834852,1.40653768560113
17,1_100_0.1_0_1_4_5_8192,1,100,0.1,0.0,1,4,5,8192,evaluateNN_3.0,1,,,True,2025-05-01T03:17:33.776,2025-05-01T03:17:33.776,runtime,s,1,float32,0,3.4e+38,-1,1179.35807800293,235.871615600586,7.98022463350585,251.646347045898,229.952697753906,energy,J,1,float32,0,3.4e+38,-1,59555.357421875,11911.071484375,145.886773760108,12145.4013671875,11694.30859375,power,W,1,float32,0,3.4e+38,-1,252.320701599121,50.4641403198242,1.14920025353917,51.1507606506348,48.1787986755371,cpu_energy,J,1,float32,0,3.4e+38,-1,59555.35546875,11911.0712890625,145.886764526367,12145.4013671875,11694.30859375,cpu_power,W,1,float32,0,3.4e+38,-1,252.320709228516,50.4641418457031,1.14920032024384,51.1507606506348,48.1787986755371,cpu_util,%,1,float32,0,100,-1,110.269836425781,22.0539665222168,0.902516663074493,22.6944446563721,20.2849807739258,dram_mem,B,1,uint64,0,1.84e+19,1.84e+19,79360998183,15872199636.6,336849018.228222,16142198511,15211381998,disk_write,B,1,uint64,0,1.84e+19,1.84e+19,28707840,5741568.0,1240517.57188038,7960576,4162560,disk_read,B,1,uint64,0,1.84e+19,1.84e+19,4375388160,875077632.0,1749806594.35187,4374690816,9216,net_read,B,1,uint64,0,1.84e+19,1.84e+19,5046035,1009207.0,62090.902093624,1124845,948971,net_write,B,1,uint64,0,1.84e+19,1.84e+19,924435,184887.0,14113.4260475619,205538,165786,money,,1,float32,0,3.4e+38,0,0.0053781796382921,0.0010756359276584,1.32e-05,0.001096797217909,0.0010560610343967,co2,g,1,float32,0,3.4e+38,0,6.91173009190538,1.38234601838108,0.016930970576937,1.40954130311415,1.35718948068576
18,1_100_0.1_0_1_16_20_8192,1,100,0.1,0.0,1,16,20,8192,evaluateNN_3.0,1,,,True,2025-05-01T06:31:11.030,2025-05-01T06:31:11.030,runtime,s,1,float32,0,3.4e+38,-1,1733.58901977539,346.717803955078,30.9873544211715,380.034484863281,301.312561035156,energy,J,1,float32,0,3.4e+38,-1,96939.013671875,19387.802734375,1975.8695446797,21490.92578125,16479.673828125,power,W,1,float32,0,3.4e+38,-1,278.891242980957,55.7782485961914,0.756402548856072,56.5040664672852,54.6015357971191,cpu_energy,J,1,float32,0,3.4e+38,-1,96939.015625,19387.802734375,1975.86950683594,21490.92578125,16479.673828125,cpu_power,W,1,float32,0,3.4e+38,-1,278.891235351563,55.778247833252,0.756402552127838,56.5040664672852,54.6015357971191,cpu_util,%,1,float32,0,100,-1,186.244247436523,37.2488479614258,2.7187967300415,39.9818954467773,33.0930709838867,dram_mem,B,1,uint64,0,1.84e+19,1.84e+19,80644856889,16128971377.8,38048364.5117277,16166480784,16058731974,disk_write,B,1,uint64,0,1.84e+19,1.84e+19,38729216,7745843.2,1128330.66134044,9814016,6655488,disk_read,B,1,uint64,0,1.84e+19,1.84e+19,2590208,518041.6,198914.312882306,851968,267776,net_read,B,1,uint64,0,1.84e+19,1.84e+19,8514794,1702958.8,146814.765416017,1917353,1532185,net_write,B,1,uint64,0,1.84e+19,1.84e+19,1916340,383268.0,34190.2651993225,439381,346535,money,,1,float32,0,3.4e+38,0,0.0087541314846462,0.0017508262969292,0.0001784319969376,0.0019407499920789,0.0014882061004231,co2,g,1,float32,0,3.4e+38,0,11.2503110866971,2.25006221733941,0.229310637713105,2.49414133094618,1.9125577014974
20,1_200_0.01_0.1_2_4_10_8192,1,200,0.01,0.1,2,4,10,8192,evaluateNN_3.0,1,,,True,2025-05-04T03:59:34.740,2025-05-04T03:59:34.740,runtime,s,1,float32,0,3.4e+38,-1,1897.56335449219,379.512670898438,2.73530191251834,383.586608886719,376.075744628906,energy,J,1,float32,0,3.4e+38,-1,107183.685546875,21436.737109375,166.502603099739,21667.833984375,21217.75,power,W,1,float32,0,3.4e+38,-1,282.136344909668,56.4272689819336,0.0836343007632348,56.570011138916,56.3349876403809,cpu_energy,J,1,float32,0,3.4e+38,-1,107183.6796875,21436.736328125,166.502593994141,21667.833984375,21217.75,cpu_power,W,1,float32,0,3.4e+38,-1,282.136352539063,56.4272689819336,0.0836343020200729,56.570011138916,56.3349876403809,cpu_util,%,1,float32,0,100,-1,185.563598632813,37.112720489502,0.161224901676178,37.2869110107422,36.852912902832,dram_mem,B,1,uint64,0,1.84e+19,1.84e+19,80989293670,16197858734.0,48322036.0561313,16260244106,16135342340,disk_write,B,1,uint64,0,1.84e+19,1.84e+19,68700672,13740134.4,6615857.78147583,25857536,7520256,disk_read,B,1,uint64,0,1.84e+19,1.84e+19,8752640,1750528.0,1172167.07929066,3627008,17408,net_read,B,1,uint64,0,1.84e+19,1.84e+19,9366240,1873248.0,87092.9444995403,2033216,1799371,net_write,B,1,uint64,0,1.84e+19,1.84e+19,2239918,447983.6,73480.1472742128,591562,385452,money,,1,float32,0,3.4e+38,0,0.0096792822698025,0.0019358564539605,1.5e-05,0.0019567257856445,0.0019160807013888,co2,g,1,float32,0,3.4e+38,0,12.4392621726346,2.48785243452691,0.0193235521041864,2.51467251074219,2.46243776388889
22,1_100_0.1_0.1_3_4_5_8192,1,100,0.1,0.1,3,4,5,8192,evaluateNN_3.0,1,,,True,2025-05-02T14:58:04.312,2025-05-02T14:58:04.312,runtime,s,1,float32,0,3.4e+38,-1,1551.75561523438,310.351123046875,1.05895585127591,311.657745361328,308.5732421875,energy,J,1,float32,0,3.4e+38,-1,86333.90234375,17266.78046875,64.6919466339478,17333.966796875,17176.87109375,power,W,1,float32,0,3.4e+38,-1,277.869285583496,55.5738571166992,0.0669981268048175,55.659854888916,55.459342956543,cpu_energy,J,1,float32,0,3.4e+38,-1,86333.8984375,17266.779296875,64.6919479370117,17333.966796875,17176.87109375,cpu_power,W,1,float32,0,3.4e+38,-1,277.869293212891,55.573860168457,0.0669981241226196,55.659854888916,55.459342956543,cpu_util,%,1,float32,0,100,-1,157.881118774414,31.5762233734131,0.0985309183597565,31.7080135345459,31.4233264923096,dram_mem,B,1,uint64,0,1.84e+19,1.84e+19,80300287432,16060057486.4,72640304.3766462,16110270794,15916890341,disk_write,B,1,uint64,0,1.84e+19,1.84e+19,45588480,9117696.0,1769796.44432957,11564544,7135232,disk_read,B,1,uint64,0,1.84e+19,1.84e+19,58067968,11613593.6,21712876.0005039,55028736,39936,net_read,B,1,uint64,0,1.84e+19,1.84e+19,8013516,1602703.2,140661.367292374,1852494,1457787,net_write,B,1,uint64,0,1.84e+19,1.84e+19,1408595,281719.0,83711.8433102509,448356,228280,money,,1,float32,0,3.4e+38,0,0.0077964310144314,0.0015592862028862,5.84e-06,0.0015653535015733,0.0015511668868272,co2,g,1,float32,0,3.4e+38,0,10.019528999783,2.0039057999566,0.0075078598065731,2.01170314659288,1.99347131749132
25,1_200_0.1_0_1_4_10_8192,1,200,0.1,0.0,1,4,10,8192,evaluateNN_3.0,1,,,True,2025-05-04T13:50:43.975,2025-05-04T13:50:43.975,runtime,s,1,float32,0,3.4e+38,-1,1527.64865112305,305.529730224609,2.75492591725474,308.771667480469,301.689361572266,energy,J,1,float32,0,3.4e+38,-1,82793.3603515625,16558.6720703125,192.698180749815,16795.609375,16320.8994140625,power,W,1,float32,0,3.4e+38,-1,270.628978729248,54.1257957458496,0.187551149851981,54.3401908874512,53.8394355773926,cpu_energy,J,1,float32,0,3.4e+38,-1,82793.359375,16558.671875,192.698165893555,16795.609375,16320.8994140625,cpu_power,W,1,float32,0,3.4e+38,-1,270.628997802734,54.1258010864258,0.187551155686378,54.3401908874512,53.8394355773926,cpu_util,%,1,float32,0,100,-1,159.951583862305,31.9903163909912,0.383643209934235,32.5074195861816,31.4993515014648,dram_mem,B,1,uint64,0,1.84e+19,1.84e+19,82657113494,16531422698.8,214822801.093064,16734318618,16114779099,disk_write,B,1,uint64,0,1.84e+19,1.84e+19,39961600,7992320.0,1856572.94196722,11070976,6204928,disk_read,B,1,uint64,0,1.84e+19,1.84e+19,3523584,704716.8,603141.180826645,1638912,22528,net_read,B,1,uint64,0,1.84e+19,1.84e+19,7517969,1503593.8,98415.6710029455,1697215,1433971,net_write,B,1,uint64,0,1.84e+19,1.84e+19,1836122,367224.4,91429.325137179,547457,295928,money,,1,float32,0,3.4e+38,0,0.0074767004028591,0.0014953400805718,1.74e-05,0.0015167368355034,0.0014738678887532,co2,g,1,float32,0,3.4e+38,0,9.60862943191189,1.92172588638238,0.0223636944214646,1.94922377690972,1.89413104866536
26,1_200_0.01_0_2_4_5_8192,1,200,0.01,0.0,2,4,5,8192,evaluateNN_3.0,1,,,True,2025-05-03T00:08:05.137,2025-05-03T00:08:05.137,runtime,s,1,float32,0,3.4e+38,-1,1343.1982421875,268.6396484375,1.69674289223803,271.912414550781,267.228240966797,energy,J,1,float32,0,3.4e+38,-1,71866.1943359375,14373.2388671875,112.754363004932,14591.2998046875,14278.9873046875,power,W,1,float32,0,3.4e+38,-1,267.088172912598,53.4176345825195,0.098191391097866,53.603401184082,53.3099899291992,cpu_energy,J,1,float32,0,3.4e+38,-1,71866.1953125,14373.2392578125,112.754364013672,14591.2998046875,14278.9873046875,cpu_power,W,1,float32,0,3.4e+38,-1,267.088165283203,53.4176330566406,0.0981913879513741,53.603401184082,53.3099899291992,cpu_util,%,1,float32,0,100,-1,136.393035888672,27.2786064147949,0.143946886062622,27.5223445892334,27.1000022888184,dram_mem,B,1,uint64,0,1.84e+19,1.84e+19,80431402140,16086280428.0,69995449.6120749,16182735685,16014918577,disk_write,B,1,uint64,0,1.84e+19,1.84e+19,29762048,5952409.6,873062.988505549,7521792,5242880,disk_read,B,1,uint64,0,1.84e+19,1.84e+19,3162624,632524.8,1001451.61402564,2600960,11264,net_read,B,1,uint64,0,1.84e+19,1.84e+19,5484978,1096995.6,29548.6117954803,1136475,1060717,net_write,B,1,uint64,0,1.84e+19,1.84e+19,1058935,211787.0,19890.4607789764,239921,188138,money,,1,float32,0,3.4e+38,0,0.0064899166051703,0.001297983321034,1.02e-05,0.0013176754351399,0.0012894718813205,co2,g,1,float32,0,3.4e+38,0,8.34047110932075,1.66809422186415,0.0130857702398502,1.69340140511068,1.65715580441623
29,1_100_0.1_0.1_2_16_5_8192,1,100,0.1,0.1,2,16,5,8192,evaluateNN_3.0,1,,,True,2025-05-02T13:32:34.364,2025-05-02T13:32:34.364,runtime,s,1,float32,0,3.4e+38,-1,1176.27320861816,235.254641723633,8.79471844426554,248.70539855957,222.882919311523,energy,J,1,float32,0,3.4e+38,-1,60103.8720703125,12020.7744140625,528.071348474345,12831.302734375,11295.3251953125,power,W,1,float32,0,3.4e+38,-1,255.023063659668,51.0046127319336,0.339089776712719,51.5316390991211,50.6243400573731,cpu_energy,J,1,float32,0,3.4e+38,-1,60103.875,12020.775390625,528.071350097656,12831.302734375,11295.3251953125,cpu_power,W,1,float32,0,3.4e+38,-1,255.023071289063,51.0046157836914,0.339089751243591,51.5316390991211,50.6243400573731,cpu_util,%,1,float32,0,100,-1,110.057838439941,22.011568069458,1.64921092987061,24.505199432373,19.75,dram_mem,B,1,uint64,0,1.84e+19,1.84e+19,79763797576,15952759515.2,52469182.8156472,16036608983,15892179840,disk_write,B,1,uint64,0,1.84e+19,1.84e+19,33057280,6611456.0,1218276.43087109,8398848,5048320,disk_read,B,1,uint64,0,1.84e+19,1.84e+19,4746752,949350.4,1273281.90381763,3438592,84992,net_read,B,1,uint64,0,1.84e+19,1.84e+19,5660452,1132090.4,62338.552189155,1207844,1060083,net_write,B,1,uint64,0,1.84e+19,1.84e+19,975323,195064.6,14924.5299101848,214423,173736,money,,1,float32,0,3.4e+38,0,0.0054277135583496,0.0010855427116699,4.77e-05,0.0011587379219292,0.0010200306169433,co2,g,1,float32,0,3.4e+38,0,6.97538826416016,1.39507765283203,0.0612856137201615,1.48914396733941,1.31088524072266
31,1_100_0.01_0.01_3_16_20_8192,1,100,0.01,0.01,3,16,20,8192,evaluateNN_3.0,1,,,True,2025-04-30T12:40:55.470,2025-04-30T12:40:55.470,runtime,s,1,float32,0,3.4e+38,-1,2943.68121337891,588.736242675781,10.7802277788463,604.520446777344,575.881286621094,energy,J,1,float32,0,3.4e+38,-1,176083.36328125,35216.67265625,664.381594117823,36162.6328125,34435.08984375,power,W,1,float32,0,3.4e+38,-1,298.82642364502,59.7652847290039,0.0712734787708373,59.8326530456543,59.6368713378906,cpu_energy,J,1,float32,0,3.4e+38,-1,176083.375,35216.67578125,664.381591796875,36162.6328125,34435.08984375,cpu_power,W,1,float32,0,3.4e+38,-1,298.826416015625,59.7652816772461,0.0712734758853912,59.8326530456543,59.6368713378906,cpu_util,%,1,float32,0,100,-1,248.708374023438,49.7416763305664,0.311344623565674,50.1719474792481,49.3958396911621,dram_mem,B,1,uint64,0,1.84e+19,1.84e+19,80073270979,16014654195.8,41543165.3389479,16057295373,15960997793,disk_write,B,1,uint64,0,1.84e+19,1.84e+19,83311616,16662323.2,2762397.08036035,21844992,14016000,disk_read,B,1,uint64,0,1.84e+19,1.84e+19,5909504,1181900.8,1161454.03302832,3291136,93696,net_read,B,1,uint64,0,1.84e+19,1.84e+19,18277076,3655415.2,157701.006011249,3957073,3503579,net_write,B,1,uint64,0,1.84e+19,1.84e+19,3045399,609079.8,99125.2955352972,776084,469791,money,,1,float32,0,3.4e+38,0,0.015901305945204,0.0031802611890408,6e-05,0.0032656866464843,0.0031096799189453,co2,g,1,float32,0,3.4e+38,0,20.4354525496962,4.08709050993924,0.0771051750062298,4.19687444140625,3.99638348242188
33,1_200_0.1_0.1_2_16_10_8192,1,200,0.1,0.1,2,16,10,8192,evaluateNN_3.0,1,,,True,2025-05-06T00:03:09.870,2025-05-06T00:03:09.870,runtime,s,1,float32,0,3.4e+38,-1,1608.65161132813,321.730322265625,4.86510754807785,326.739501953125,313.423492431641,energy,J,1,float32,0,3.4e+38,-1,88131.619140625,17626.323828125,302.828640418073,17923.07421875,17092.091796875,power,W,1,float32,0,3.4e+38,-1,273.558212280273,54.7116424560547,0.145083661249008,54.8910675048828,54.4563980102539,cpu_energy,J,1,float32,0,3.4e+38,-1,88131.609375,17626.322265625,302.828643798828,17923.07421875,17092.091796875,cpu_power,W,1,float32,0,3.4e+38,-1,273.558227539063,54.7116470336914,0.145083665847778,54.8910675048828,54.4563980102539,cpu_util,%,1,float32,0,100,-1,171.146072387695,34.2292137145996,0.50667417049408,34.805793762207,33.324764251709,dram_mem,B,1,uint64,0,1.84e+19,1.84e+19,81605250667,16321050133.4,41228042.788375,16370435771,16245693132,disk_write,B,1,uint64,0,1.84e+19,1.84e+19,39797248,7959449.6,1135543.99454316,9956352,6897664,disk_read,B,1,uint64,0,1.84e+19,1.84e+19,4112896,822579.2,988452.067427936,2382848,14336,net_read,B,1,uint64,0,1.84e+19,1.84e+19,7963129,1592625.8,34933.3262510171,1635843,1551140,net_write,B,1,uint64,0,1.84e+19,1.84e+19,1651208,330241.6,18443.664468863,353979,297553,money,,1,float32,0,3.4e+38,0,0.0079587748285047,0.0015917549657009,2.73e-05,0.0016185531745876,0.0015435108453233,co2,g,1,float32,0,3.4e+38,0,10.2281640213759,2.04563280427517,0.0351449461018532,2.08007233572049,1.98363220909288
36,1_100_0.1_0.01_2_16_20_8192,1,100,0.1,0.01,2,16,20,8192,evaluateNN_3.0,1,,,True,2025-05-02T00:35:57.706,2025-05-02T00:35:57.706,runtime,s,1,float32,0,3.4e+38,-1,2384.69525146484,476.939050292969,21.3640263550555,494.160003662109,434.789794921875,energy,J,1,float32,0,3.4e+38,-1,139610.279296875,27922.055859375,1358.77073136397,28967.52734375,25234.71484375,power,W,1,float32,0,3.4e+38,-1,292.320148468018,58.4640296936035,0.24408990658131,58.6625671386719,57.987735748291,cpu_energy,J,1,float32,0,3.4e+38,-1,139610.28125,27922.056640625,1358.77075195313,28967.52734375,25234.71484375,cpu_power,W,1,float32,0,3.4e+38,-1,292.320129394531,58.4640274047852,0.244089916348457,58.6625671386719,57.987735748291,cpu_util,%,1,float32,0,100,-1,227.527908325195,45.5055809020996,0.943609058856964,46.1729850769043,43.6440353393555,dram_mem,B,1,uint64,0,1.84e+19,1.84e+19,80016902286,16003380457.2,50695888.4669116,16064821669,15927715691,disk_write,B,1,uint64,0,1.84e+19,1.84e+19,61186560,12237312.0,3583605.5188617,19301376,9416192,disk_read,B,1,uint64,0,1.84e+19,1.84e+19,2555392,511078.4,538789.196872246,1376768,21504,net_read,B,1,uint64,0,1.84e+19,1.84e+19,10442319,2088463.8,92190.6591198913,2256130,1981531,net_write,B,1,uint64,0,1.84e+19,1.84e+19,1983844,396768.8,59796.4485079173,511140,347979,money,,1,float32,0,3.4e+38,0,0.0126075838331706,0.0025215167666341,0.0001227045457684,0.002615928649848,0.0022788349432508,co2,g,1,float32,0,3.4e+38,0,16.2025485250651,3.24050970501302,0.157692892101074,3.36184247894965,2.92862885047743
38,1_200_0.1_0.1_1_16_10_8192,1,200,0.1,0.1,1,16,10,8192,evaluateNN_3.0,1,,,True,2025-05-05T19:43:37.679,2025-05-05T19:43:37.679,runtime,s,1,float32,0,3.4e+38,-1,1332.16436767578,266.432873535156,1.89087574825031,269.325103759766,264.789215087891,energy,J,1,float32,0,3.4e+38,-1,71054.3310546875,14210.8662109375,105.348465140033,14341.96875,14111.6259765625,power,W,1,float32,0,3.4e+38,-1,266.355171203613,53.2710342407227,0.0993367657838323,53.4175605773926,53.1402015686035,cpu_energy,J,1,float32,0,3.4e+38,-1,71054.328125,14210.865234375,105.34846496582,14341.96875,14111.6259765625,cpu_power,W,1,float32,0,3.4e+38,-1,266.355163574219,53.2710342407227,0.0993367657065392,53.4175605773926,53.1402015686035,cpu_util,%,1,float32,0,100,-1,143.182083129883,28.636417388916,0.200293526053429,28.896297454834,28.3669166564941,dram_mem,B,1,uint64,0,1.84e+19,1.84e+19,81652847965,16330569593.0,47833613.6498486,16366670443,16236768157,disk_write,B,1,uint64,0,1.84e+19,1.84e+19,34940416,6988083.2,1815566.34056378,9586176,5027328,disk_read,B,1,uint64,0,1.84e+19,1.84e+19,710144,142028.8,148752.557563761,356864,12288,net_read,B,1,uint64,0,1.84e+19,1.84e+19,6755724,1351144.8,129631.943975858,1599347,1249052,net_write,B,1,uint64,0,1.84e+19,1.84e+19,1543487,308697.4,72036.6104605151,451277,258586,money,,1,float32,0,3.4e+38,0,0.0064166008405219,0.0012833201681043,9.51e-06,0.0012951594557291,0.0012743582236056,co2,g,1,float32,0,3.4e+38,0,8.24624986518012,1.64924997303602,0.0122262746487517,1.66446515104167,1.63773259250217
39,1_100_0.1_0_2_8_5_8192,1,100,0.1,0.0,2,8,5,8192,evaluateNN_3.0,1,,,True,2025-05-01T08:45:09.355,2025-05-01T08:45:09.355,runtime,s,1,float32,0,3.4e+38,-1,1160.91246032715,232.18249206543,1.59420564330079,234.572998046875,230.500732421875,energy,J,1,float32,0,3.4e+38,-1,59332.31640625,11866.46328125,100.882707072336,12025.802734375,11733.23046875,power,W,1,float32,0,3.4e+38,-1,255.170860290527,51.0341720581055,0.121315451131118,51.1955184936523,50.8281593322754,cpu_energy,J,1,float32,0,3.4e+38,-1,59332.3203125,11866.4638671875,100.882705688477,12025.802734375,11733.23046875,cpu_power,W,1,float32,0,3.4e+38,-1,255.170867919922,51.0341720581055,0.121315442025661,51.1955184936523,50.8281593322754,cpu_util,%,1,float32,0,100,-1,114.568405151367,22.9136810302734,0.485500484704971,23.5898284912109,22.3482780456543,dram_mem,B,1,uint64,0,1.84e+19,1.84e+19,80562397096,16112479419.2,83829198.8211616,16210275654,15966657076,disk_write,B,1,uint64,0,1.84e+19,1.84e+19,35388416,7077683.2,2930734.55907111,12171776,4578304,disk_read,B,1,uint64,0,1.84e+19,1.84e+19,4008960,801792.0,991851.125654652,2750976,10240,net_read,B,1,uint64,0,1.84e+19,1.84e+19,5678712,1135742.4,100082.751749939,1308819,1004556,net_write,B,1,uint64,0,1.84e+19,1.84e+19,1393495,278699.0,62876.4546074284,385550,193898,money,,1,float32,0,3.4e+38,0,0.0053580377954644,0.0010716075590928,9.11e-06,0.0010859967969292,0.0010595758959418,co2,g,1,float32,0,3.4e+38,0,6.88584494292535,1.37716898858507,0.0117079986152283,1.39566121733941,1.36170658051215
40,1_200_0.1_0_2_16_10_8192,1,200,0.1,0.0,2,16,10,8192,evaluateNN_3.0,1,,,True,2025-05-04T20:43:29.509,2025-05-04T20:43:29.509,runtime,s,1,float32,0,3.4e+38,-1,1554.38534545898,310.877069091797,15.7760326211343,329.099212646484,281.750213623047,energy,J,1,float32,0,3.4e+38,-1,85705.095703125,17141.019140625,977.762562298446,18157.802734375,15300.015625,power,W,1,float32,0,3.4e+38,-1,275.204082489014,55.0408164978027,0.430867432466163,55.469596862793,54.2412147521973,cpu_energy,J,1,float32,0,3.4e+38,-1,85705.1015625,17141.01953125,977.762573242188,18157.802734375,15300.015625,cpu_power,W,1,float32,0,3.4e+38,-1,275.204071044922,55.0408134460449,0.430867433547974,55.469596862793,54.2412147521973,cpu_util,%,1,float32,0,100,-1,170.493957519531,34.0987930297852,1.62396633625031,35.5280990600586,31.0137825012207,dram_mem,B,1,uint64,0,1.84e+19,1.84e+19,82025227854,16405045570.8,144267131.811671,16506794530,16119507915,disk_write,B,1,uint64,0,1.84e+19,1.84e+19,43554304,8710860.8,2744801.17286177,13296128,6426624,disk_read,B,1,uint64,0,1.84e+19,1.84e+19,1738240,347648.0,335646.675638535,952832,32256,net_read,B,1,uint64,0,1.84e+19,1.84e+19,7632594,1526518.8,128900.292389738,1763018,1392912,net_write,B,1,uint64,0,1.84e+19,1.84e+19,1859847,371969.4,89121.5239470242,548231,302438,money,,1,float32,0,3.4e+38,0,0.0077396462814127,0.0015479292562825,8.83e-05,0.0016397504635959,0.0013816764110243,co2,g,1,float32,0,3.4e+38,0,9.94655249576823,1.98931049915365,0.11347477736897,2.10731388400608,1.77565181336806
44,1_200_0.1_0_3_16_10_8192,1,200,0.1,0.0,3,16,10,8192,evaluateNN_3.0,1,,,True,2025-05-05T01:52:32.559,2025-05-05T01:52:32.559,runtime,s,1,float32,0,3.4e+38,-1,1807.56378173828,361.512756347656,12.6358151773452,376.944427490234,342.740112304688,energy,J,1,float32,0,3.4e+38,-1,102181.634765625,20436.326953125,812.741876284864,21418.56640625,19218.80859375,power,W,1,float32,0,3.4e+38,-1,282.23804473877,56.4476089477539,0.282280445781529,56.7748031616211,56.0102920532227,cpu_energy,J,1,float32,0,3.4e+38,-1,102181.640625,20436.328125,812.741882324219,21418.56640625,19218.80859375,cpu_power,W,1,float32,0,3.4e+38,-1,282.238037109375,56.4476089477539,0.282280445098877,56.7748031616211,56.0102920532227,cpu_util,%,1,float32,0,100,-1,194.580154418945,38.9160308837891,1.10524153709412,40.2063484191895,37.2061042785645,dram_mem,B,1,uint64,0,1.84e+19,1.84e+19,81953883639,16390776727.8,139572215.162871,16605573995,16166799967,disk_write,B,1,uint64,0,1.84e+19,1.84e+19,50245120,10049024.0,2337064.20979758,13707264,7988736,disk_read,B,1,uint64,0,1.84e+19,1.84e+19,4297216,859443.2,939112.772693546,2604032,41472,net_read,B,1,uint64,0,1.84e+19,1.84e+19,8820008,1764001.6,61649.5576808139,1807757,1642167,net_write,B,1,uint64,0,1.84e+19,1.84e+19,2144741,428948.2,55064.5766655842,535168,376570,money,,1,float32,0,3.4e+38,0,0.0092275692950846,0.0018455138590169,7.34e-05,0.0019342155385199,0.0017355651871744,co2,g,1,float32,0,3.4e+38,0,11.8587463902995,2.3717492780599,0.0943232099755045,2.4857436234809,2.23044950846354
46,1_100_0.01_0.01_2_4_10_8192,1,100,0.01,0.01,2,4,10,8192,evaluateNN_3.0,1,,,True,2025-04-30T03:57:56.974,2025-04-30T03:57:56.974,runtime,s,1,float32,0,3.4e+38,-1,1885.24661254883,377.049322509766,1.63366736575016,378.921936035156,374.163726806641,energy,J,1,float32,0,3.4e+38,-1,107125.982421875,21425.196484375,96.913062776673,21539.978515625,21278.94140625,power,W,1,float32,0,3.4e+38,-1,283.7975730896,56.7595146179199,0.0516401399155549,56.8207855224609,56.6817970275879,cpu_energy,J,1,float32,0,3.4e+38,-1,107125.984375,21425.197265625,96.9130706787109,21539.978515625,21278.94140625,cpu_power,W,1,float32,0,3.4e+38,-1,283.797576904297,56.7595138549805,0.0516401380300522,56.8207855224609,56.6817970275879,cpu_util,%,1,float32,0,100,-1,189.324462890625,37.8648910522461,0.145200178027153,38.0973701477051,37.6896286010742,dram_mem,B,1,uint64,0,1.84e+19,1.84e+19,82390220471,16478044094.2,146612330.625571,16595824585,16193116279,disk_write,B,1,uint64,0,1.84e+19,1.84e+19,65757696,13151539.2,5402352.04507335,21872640,7447040,disk_read,B,1,uint64,0,1.84e+19,1.84e+19,6560256,1312051.2,942459.170999444,2477056,237056,net_read,B,1,uint64,0,1.84e+19,1.84e+19,7947061,1589412.2,70965.1890334973,1719093,1507176,net_write,B,1,uint64,0,1.84e+19,1.84e+19,1606924,321384.8,68271.8294625243,454060,265691,money,,1,float32,0,3.4e+38,0,0.0096740713570421,0.0019348142714084,8.75e-06,0.0019451797265082,0.0019216066253255,co2,g,1,float32,0,3.4e+38,0,12.4325654044054,2.48651308088108,0.0112472993411372,2.49983417328559,2.46953936653646
51,1_100_0.01_0_2_16_10_8192,1,100,0.01,0.0,2,16,10,8192,evaluateNN_3.0,1,,,True,2025-04-29T17:24:15.985,2025-04-29T17:24:15.985,runtime,s,1,float32,0,3.4e+38,-1,1595.62225341797,319.124450683594,6.65089081018966,329.061492919922,310.144744873047,energy,J,1,float32,0,3.4e+38,-1,87609.517578125,17521.903515625,406.342762677065,18081.328125,16940.662109375,power,W,1,float32,0,3.4e+38,-1,274.11775970459,54.823551940918,0.175412599865859,55.0534133911133,54.5279083251953,cpu_energy,J,1,float32,0,3.4e+38,-1,87609.515625,17521.90234375,406.3427734375,18081.328125,16940.662109375,cpu_power,W,1,float32,0,3.4e+38,-1,274.117767333984,54.8235549926758,0.175412595272064,55.0534133911133,54.5279083251953,cpu_util,%,1,float32,0,100,-1,169.972412109375,33.9944839477539,0.589107930660248,34.6598167419434,33.1358985900879,dram_mem,B,1,uint64,0,1.84e+19,1.84e+19,80183745150,16036749030.0,56233427.9553454,16095385177,15964484608,disk_write,B,1,uint64,0,1.84e+19,1.84e+19,36954624,7390924.8,1083114.84575892,8641024,5646848,disk_read,B,1,uint64,0,1.84e+19,1.84e+19,1180160,236032.0,152119.671963885,498176,61952,net_read,B,1,uint64,0,1.84e+19,1.84e+19,8273929,1654785.8,68756.2553529495,1753608,1583543,net_write,B,1,uint64,0,1.84e+19,1.84e+19,1638395,327679.0,18322.6068996745,358572,310557,money,,1,float32,0,3.4e+38,0,0.0079116261568467,0.0015823252313693,3.67e-05,0.0016328443815104,0.001529835903266,co2,g,1,float32,0,3.4e+38,0,10.1675712344835,2.0335142468967,0.0471583350684661,2.09843858072917,1.96605795258247
53,1_100_0.01_0_1_8_20_8192,1,100,0.01,0.0,1,8,20,8192,evaluateNN_3.0,1,,,True,2025-04-29T12:14:09.239,2025-04-29T12:14:09.239,runtime,s,1,float32,0,3.4e+38,-1,1832.07476806641,366.414953613281,7.52832276244674,372.924133300781,353.821197509766,energy,J,1,float32,0,3.4e+38,-1,103043.537109375,20608.707421875,458.32403115035,21029.65234375,19844.1484375,power,W,1,float32,0,3.4e+38,-1,280.891700744629,56.1783401489258,0.122690202460825,56.3819351196289,56.0336036682129,cpu_energy,J,1,float32,0,3.4e+38,-1,103043.5390625,20608.70703125,458.324005126953,21029.65234375,19844.1484375,cpu_power,W,1,float32,0,3.4e+38,-1,280.891723632813,56.1783447265625,0.122690200805664,56.3819351196289,56.0336036682129,cpu_util,%,1,float32,0,100,-1,194.292007446289,38.8584022521973,0.522329032421112,39.4957237243652,38.0163383483887,dram_mem,B,1,uint64,0,1.84e+19,1.84e+19,81216564483,16243312896.6,157979058.035698,16533044711,16067705587,disk_write,B,1,uint64,0,1.84e+19,1.84e+19,62732288,12546457.6,5800183.53731651,23746048,8178176,disk_read,B,1,uint64,0,1.84e+19,1.84e+19,2365440,473088.0,375842.596772638,972800,18944,net_read,B,1,uint64,0,1.84e+19,1.84e+19,11018506,2203701.2,40474.8929456274,2250632,2132834,net_write,B,1,uint64,0,1.84e+19,1.84e+19,1738937,347787.4,10276.0102685819,360886,337752,money,,1,float32,0,3.4e+38,0,0.0093054038650716,0.0018610807730143,4.14e-05,0.0018990944380425,0.0017920368491753,co2,g,1,float32,0,3.4e+38,0,11.958774945638,2.3917549891276,0.0531910500596157,2.4406079858941,2.30302367144097
54,1_100_0.1_0.01_2_16_5_8192,1,100,0.1,0.01,2,16,5,8192,evaluateNN_3.0,1,,,True,2025-05-01T23:51:09.869,2025-05-01T23:51:09.869,runtime,s,1,float32,0,3.4e+38,-1,1188.71166992188,237.742333984375,11.0856511536083,247.61344909668,223.945907592773,energy,J,1,float32,0,3.4e+38,-1,60734.4541015625,12146.8908203125,698.560529539263,12793.6015625,11278.88671875,power,W,1,float32,0,3.4e+38,-1,254.961303710938,50.9922607421875,0.564729675249601,51.6210594177246,50.3067932128906,cpu_energy,J,1,float32,0,3.4e+38,-1,60734.45703125,12146.8916015625,698.560546875,12793.6015625,11278.88671875,cpu_power,W,1,float32,0,3.4e+38,-1,254.961303710938,50.9922599792481,0.564729690551758,51.6210594177246,50.3067932128906,cpu_util,%,1,float32,0,100,-1,112.597961425781,22.5195922851563,2.1950786113739,24.5582313537598,19.7703552246094,dram_mem,B,1,uint64,0,1.84e+19,1.84e+19,80304802268,16060960453.6,53881379.6240752,16116187063,15982983636,disk_write,B,1,uint64,0,1.84e+19,1.84e+19,41522176,8304435.2,3647689.64078242,14830592,5014016,disk_read,B,1,uint64,0,1.84e+19,1.84e+19,9315328,1863065.6,2613027.36924431,6790144,36352,net_read,B,1,uint64,0,1.84e+19,1.84e+19,6136692,1227338.4,355060.73346998,1932158,969976,net_write,B,1,uint64,0,1.84e+19,1.84e+19,1332105,266421.0,106919.892390518,467347,155133,money,,1,float32,0,3.4e+38,0,0.0054846586190049,0.001096931723801,6.31e-05,0.0011553332966579,0.0010185461311849,co2,g,1,float32,0,3.4e+38,0,7.04857081212023,1.40971416242405,0.0810718303448622,1.48476853689236,1.30897746419271
56,1_100_0.01_0.01_3_16_5_8192,1,100,0.01,0.01,3,16,5,8192,evaluateNN_3.0,1,,,True,2025-04-30T11:49:40.682,2025-04-30T11:49:40.682,runtime,s,1,float32,0,3.4e+38,-1,1261.67877197266,252.335754394531,11.0020113250687,258.434387207031,230.361541748047,energy,J,1,float32,0,3.4e+38,-1,66553.716796875,13310.743359375,682.579217387561,13711.623046875,11948.1552734375,power,W,1,float32,0,3.4e+38,-1,263.257568359375,52.651513671875,0.447114849071282,52.969913482666,51.7759170532227,cpu_energy,J,1,float32,0,3.4e+38,-1,66553.71875,13310.744140625,682.579162597656,13711.623046875,11948.1552734375,cpu_power,W,1,float32,0,3.4e+38,-1,263.257568359375,52.6515121459961,0.447114855051041,52.969913482666,51.7759170532227,cpu_util,%,1,float32,0,100,-1,133.799041748047,26.7598075866699,1.76585745811462,27.7576904296875,23.2366371154785,dram_mem,B,1,uint64,0,1.84e+19,1.84e+19,82244695718,16448939143.6,128960284.042938,16546572040,16195651284,disk_write,B,1,uint64,0,1.84e+19,1.84e+19,41839104,8367820.8,2509370.96340437,12335104,5484544,disk_read,B,1,uint64,0,1.84e+19,1.84e+19,2782720,556544.0,429915.519023912,1172992,38400,net_read,B,1,uint64,0,1.84e+19,1.84e+19,7249965,1449993.0,122229.614745364,1656689,1289178,net_write,B,1,uint64,0,1.84e+19,1.84e+19,1174886,234977.2,74994.5130670238,381182,176799,money,,1,float32,0,3.4e+38,0,0.0060101703696289,0.0012020340739257,6.16e-05,0.0012382357368164,0.0010789847998318,co2,g,1,float32,0,3.4e+38,0,7.72392857714844,1.54478571542969,0.0792171102845897,1.59131003027344,1.38664979812283
57,1_200_0.01_0_1_16_20_8192,1,200,0.01,0.0,1,16,20,8192,evaluateNN_3.0,1,,,True,2025-05-02T23:37:11.985,2025-05-02T23:37:11.985,runtime,s,1,float32,0,3.4e+38,-1,1828.24084472656,365.648168945313,7.66532273635514,376.718597412109,358.158355712891,energy,J,1,float32,0,3.4e+38,-1,103385.787109375,20677.157421875,481.665843307759,21371.58984375,20241.900390625,power,W,1,float32,0,3.4e+38,-1,282.412635803223,56.4825271606445,0.148463372741055,56.675407409668,56.3344535827637,cpu_energy,J,1,float32,0,3.4e+38,-1,103385.7890625,20677.158203125,481.665832519531,21371.58984375,20241.900390625,cpu_power,W,1,float32,0,3.4e+38,-1,282.412658691406,56.4825325012207,0.148463368415833,56.675407409668,56.3344535827637,cpu_util,%,1,float32,0,100,-1,195.341445922852,39.0682907104492,0.499227970838547,39.8285713195801,38.5313911437988,dram_mem,B,1,uint64,0,1.84e+19,1.84e+19,80218946391,16043789278.2,64533586.7866437,16114568408,15935037363,disk_write,B,1,uint64,0,1.84e+19,1.84e+19,52020224,10404044.8,4568915.01140927,18413056,6018560,disk_read,B,1,uint64,0,1.84e+19,1.84e+19,11393024,2278604.8,3810795.19938432,9878016,37888,net_read,B,1,uint64,0,1.84e+19,1.84e+19,8382243,1676448.6,323894.311641684,2311853,1434541,net_write,B,1,uint64,0,1.84e+19,1.84e+19,1677667,335533.4,84543.4750565648,501440,267428,money,,1,float32,0,3.4e+38,0,0.0093363109414605,0.0018672621882921,4.35e-05,0.0019299732939453,0.0018279560602756,co2,g,1,float32,0,3.4e+38,0,11.9984949595269,2.39969899190538,0.0558999970372173,2.48029173242188,2.3491849953342
58,1_200_0.01_0_1_8_10_8192,1,200,0.01,0.0,1,8,10,8192,evaluateNN_3.0,1,,,True,2025-05-02T22:03:52.056,2025-05-02T22:03:52.056,runtime,s,1,float32,0,3.4e+38,-1,1314.89083862305,262.978167724609,5.92219019546088,273.775970458984,257.195892333984,energy,J,1,float32,0,3.4e+38,-1,69505.400390625,13901.080078125,381.325418205134,14567.947265625,13508.966796875,power,W,1,float32,0,3.4e+38,-1,263.834842681885,52.766968536377,0.308267068484765,53.1514015197754,52.424747467041,cpu_energy,J,1,float32,0,3.4e+38,-1,69505.3984375,13901.080078125,381.325408935547,14567.947265625,13508.966796875,cpu_power,W,1,float32,0,3.4e+38,-1,263.834838867188,52.7669677734375,0.308267056941986,53.1514015197754,52.424747467041,cpu_util,%,1,float32,0,100,-1,138.626037597656,27.7252082824707,0.965626895427704,29.4403648376465,26.8919830322266,dram_mem,B,1,uint64,0,1.84e+19,1.84e+19,80310559848,16062111969.6,51591551.9117029,16155134167,15996793053,disk_write,B,1,uint64,0,1.84e+19,1.84e+19,37752320,7550464.0,2075612.73813166,10476544,4337664,disk_read,B,1,uint64,0,1.84e+19,1.84e+19,3878400,775680.0,910767.383054092,2068480,22528,net_read,B,1,uint64,0,1.84e+19,1.84e+19,5692639,1138527.8,80929.0038500413,1283199,1046958,net_write,B,1,uint64,0,1.84e+19,1.84e+19,1171572,234314.4,42074.3629712917,306560,187425,money,,1,float32,0,3.4e+38,0,0.0062767237963867,0.0012553447592773,3.44e-05,0.0013155665711263,0.0012199347515733,co2,g,1,float32,0,3.4e+38,0,8.06648785644531,1.61329757128906,0.0442549332572515,1.69069121321615,1.56779064659288
61,1_200_0.1_0.1_1_8_5_8192,1,200,0.1,0.1,1,8,5,8192,evaluateNN_3.0,1,,,True,2025-05-05T18:14:05.449,2025-05-05T18:14:05.449,runtime,s,1,float32,0,3.4e+38,-1,1046.40490722656,209.280981445313,3.06403665971523,212.888107299805,204.878967285156,energy,J,1,float32,0,3.4e+38,-1,52269.404296875,10453.880859375,209.837842709014,10676.38671875,10145.912109375,power,W,1,float32,0,3.4e+38,-1,249.410682678223,49.8821365356445,0.299531511189414,50.1584091186523,49.469596862793,cpu_energy,J,1,float32,0,3.4e+38,-1,52269.40625,10453.880859375,209.837844848633,10676.38671875,10145.912109375,cpu_power,W,1,float32,0,3.4e+38,-1,249.410690307617,49.882137298584,0.299531519412994,50.1584091186523,49.469596862793,cpu_util,%,1,float32,0,100,-1,89.5201873779297,17.9040374755859,0.92818546295166,18.9537391662598,16.785436630249,dram_mem,B,1,uint64,0,1.84e+19,1.84e+19,81455942536,16291188507.2,117583030.228599,16384437695,16067115311,disk_write,B,1,uint64,0,1.84e+19,1.84e+19,25006080,5001216.0,192372.238629174,5235712,4781056,disk_read,B,1,uint64,0,1.84e+19,1.84e+19,505856,101171.2,71665.8088809441,186880,10752,net_read,B,1,uint64,0,1.84e+19,1.84e+19,5281776,1056355.2,24713.5727761083,1088640,1017156,net_write,B,1,uint64,0,1.84e+19,1.84e+19,1111567,222313.4,5787.87026806925,230593,216068,money,,1,float32,0,3.4e+38,0,0.0047202175935872,0.0009440435187174,1.89e-05,0.0009641370339626,0.0009162322296549,co2,g,1,float32,0,3.4e+38,0,6.06615475423177,1.21323095084635,0.0243528474121739,1.23905399197049,1.17748946647135
63,1_100_0.1_0.1_3_8_5_8192,1,100,0.1,0.1,3,8,5,8192,evaluateNN_3.0,1,,,True,2025-05-02T17:06:52.515,2025-05-02T17:06:52.515,runtime,s,1,float32,0,3.4e+38,-1,1249.43397521973,249.886795043945,10.1628477328893,264.787902832031,235.287704467773,energy,J,1,float32,0,3.4e+38,-1,65850.8720703125,13170.1744140625,628.260721643164,14084.45703125,12218.580078125,power,W,1,float32,0,3.4e+38,-1,263.046405792236,52.6092811584473,0.429351339588729,53.1339530944824,51.8359756469727,cpu_energy,J,1,float32,0,3.4e+38,-1,65850.875,13170.1748046875,628.2607421875,14084.45703125,12218.580078125,cpu_power,W,1,float32,0,3.4e+38,-1,263.046417236328,52.6092834472656,0.429351359605789,53.1339530944824,51.8359756469727,cpu_util,%,1,float32,0,100,-1,128.97282409668,25.7945652008057,1.65108811855316,28.2639083862305,23.2983112335205,dram_mem,B,1,uint64,0,1.84e+19,1.84e+19,80147485800,16029497160.0,69005898.9394489,16134409316,15931213146,disk_write,B,1,uint64,0,1.84e+19,1.84e+19,30755328,6151065.6,882101.880206045,7380992,4668416,disk_read,B,1,uint64,0,1.84e+19,1.84e+19,2500096,500019.2,610046.279007224,1614336,10240,net_read,B,1,uint64,0,1.84e+19,1.84e+19,5776571,1155314.2,37127.2781625586,1213771,1096603,net_write,B,1,uint64,0,1.84e+19,1.84e+19,952705,190541.0,9350.35186503695,200502,176926,money,,1,float32,0,3.4e+38,0,0.0059466995861273,0.0011893399172254,5.67e-05,0.0012719047169053,0.0011034056620551,co2,g,1,float32,0,3.4e+38,0,7.64235954193793,1.52847190838759,0.0729131470840315,1.63457948546007,1.41803409906684
67,1_200_0.1_0.01_3_8_10_8192,1,200,0.1,0.01,3,8,10,8192,evaluateNN_3.0,1,,,True,2025-05-05T13:59:28.195,2025-05-05T13:59:28.195,runtime,s,1,float32,0,3.4e+38,-1,1717.50527954102,343.501055908203,7.0218938671923,355.427795410156,337.398498535156,energy,J,1,float32,0,3.4e+38,-1,96213.294921875,19242.658984375,462.116309924585,20060.2265625,18808.998046875,power,W,1,float32,0,3.4e+38,-1,279.724563598633,55.9449127197266,0.244309771039172,56.3650054931641,55.6432418823242,cpu_energy,J,1,float32,0,3.4e+38,-1,96213.296875,19242.66015625,462.116302490234,20060.2265625,18808.998046875,cpu_power,W,1,float32,0,3.4e+38,-1,279.724548339844,55.9449081420898,0.244309768080711,56.3650054931641,55.6432418823242,cpu_util,%,1,float32,0,100,-1,185.263290405273,37.0526580810547,0.639414370059967,38.2355728149414,36.4772872924805,dram_mem,B,1,uint64,0,1.84e+19,1.84e+19,81169160211,16233832042.2,38044777.1270314,16295282283,16176086556,disk_write,B,1,uint64,0,1.84e+19,1.84e+19,47492096,9498419.2,1956000.71314572,11691520,7099904,disk_read,B,1,uint64,0,1.84e+19,1.84e+19,5748736,1149747.2,905972.887549821,2335232,17408,net_read,B,1,uint64,0,1.84e+19,1.84e+19,10079707,2015941.4,104230.218744086,2141553,1865769,net_write,B,1,uint64,0,1.84e+19,1.84e+19,1891878,378375.6,54566.3363901224,482287,327362,money,,1,float32,0,3.4e+38,0,0.0086885950497504,0.00173771900995,4.17e-05,0.0018115499042968,0.0016985570180664,co2,g,1,float32,0,3.4e+38,0,11.1660873939887,2.23321747879774,0.053631165079581,2.32810073828125,2.18288871777344
68,1_200_0.01_0_1_8_5_8192,1,200,0.01,0.0,1,8,5,8192,evaluateNN_3.0,1,,,True,2025-05-02T21:45:51.494,2025-05-02T21:45:51.494,runtime,s,1,float32,0,3.4e+38,-1,1055.65092468262,211.130184936523,3.31980335405214,216.846313476563,208.115112304688,energy,J,1,float32,0,3.4e+38,-1,52502.4169921875,10500.4833984375,215.657448208505,10868.0078125,10325.3828125,power,W,1,float32,0,3.4e+38,-1,248.344242095947,49.6688484191895,0.246520156398494,50.0608978271484,49.4429588317871,cpu_energy,J,1,float32,0,3.4e+38,-1,52502.41796875,10500.4833984375,215.657440185547,10868.0078125,10325.3828125,cpu_power,W,1,float32,0,3.4e+38,-1,248.344253540039,49.6688499450684,0.246520161628723,50.0608978271484,49.4429588317871,cpu_util,%,1,float32,0,100,-1,91.9405059814453,18.3881015777588,0.614325106143951,19.2660541534424,17.7871417999268,dram_mem,B,1,uint64,0,1.84e+19,1.84e+19,80394536660,16078907332.0,81785407.7117316,16200903845,15964184594,disk_write,B,1,uint64,0,1.84e+19,1.84e+19,30984192,6196838.4,2004872.94992831,9268736,3637248,disk_read,B,1,uint64,0,1.84e+19,1.84e+19,1091584,218316.8,330788.868285739,863744,9216,net_read,B,1,uint64,0,1.84e+19,1.84e+19,5366732,1073346.4,88069.9792178924,1230024,994749,net_write,B,1,uint64,0,1.84e+19,1.84e+19,1398225,279645.0,74807.026448055,415441,214619,money,,1,float32,0,3.4e+38,0,0.0047412599344889,0.0009482519868977,1.95e-05,0.0009814414832899,0.0009324394312065,co2,g,1,float32,0,3.4e+38,0,6.09319717203776,1.21863943440755,0.0250282449615315,1.26129268446181,1.19831803862847
69,1_100_0.01_0_3_8_10_8192,1,100,0.01,0.0,3,8,10,8192,evaluateNN_3.0,1,,,True,2025-04-29T20:59:49.351,2025-04-29T20:59:49.351,runtime,s,1,float32,0,3.4e+38,-1,1661.20599365234,332.241198730469,15.0479558425242,352.965423583984,308.370056152344,energy,J,1,float32,0,3.4e+38,-1,92209.3515625,18441.8703125,942.314830939814,19682.22265625,16934.416015625,power,W,1,float32,0,3.4e+38,-1,277.075714111328,55.4151428222656,0.3610478783108,55.8468627929688,54.8354415893555,cpu_energy,J,1,float32,0,3.4e+38,-1,92209.3515625,18441.87109375,942.314819335938,19682.22265625,16934.416015625,cpu_power,W,1,float32,0,3.4e+38,-1,277.075714111328,55.4151420593262,0.361047863960266,55.8468627929688,54.8354415893555,cpu_util,%,1,float32,0,100,-1,180.989273071289,36.1978530883789,1.35819220542908,37.9290962219238,33.9783897399902,dram_mem,B,1,uint64,0,1.84e+19,1.84e+19,82465703932,16493140786.4,115789553.339427,16591824634,16268984285,disk_write,B,1,uint64,0,1.84e+19,1.84e+19,48961536,9792307.2,3187850.08076142,15780864,6515200,disk_read,B,1,uint64,0,1.84e+19,1.84e+19,5121024,1024204.8,882080.494795435,2138624,13824,net_read,B,1,uint64,0,1.84e+19,1.84e+19,8269343,1653868.6,132221.746415028,1861007,1466269,net_write,B,1,uint64,0,1.84e+19,1.84e+19,1990675,398135.0,73891.8819275839,542317,345778,money,,1,float32,0,3.4e+38,0,0.0083270167202691,0.0016654033440538,8.51e-05,0.0017774140515408,0.0015292718462999,co2,g,1,float32,0,3.4e+38,0,10.7014075230035,2.14028150460069,0.10936087121296,2.28423128493924,1.96533305870226
71,1_200_0.01_0_3_4_20_8192,1,200,0.01,0.0,3,4,20,8192,evaluateNN_3.0,1,,,True,2025-05-03T05:47:40.560,2025-05-03T05:47:40.560,runtime,s,1,float32,0,3.4e+38,-1,3791.2646484375,758.2529296875,1.00514231705523,759.880310058594,757.0126953125,energy,J,1,float32,0,3.4e+38,-1,231956.2578125,46391.2515625,62.907805572545,46468.9375,46321.5390625,power,W,1,float32,0,3.4e+38,-1,305.708675384522,61.1417350769043,0.0451343788358986,61.2198791503906,61.0903930664063,cpu_energy,J,1,float32,0,3.4e+38,-1,231956.25,46391.25,62.9078025817871,46468.9375,46321.5390625,cpu_power,W,1,float32,0,3.4e+38,-1,305.708679199219,61.1417350769043,0.0451343804597855,61.2198791503906,61.0903930664063,cpu_util,%,1,float32,0,100,-1,247.738708496094,49.5477409362793,0.0359044559299946,49.597095489502,49.4988212585449,dram_mem,B,1,uint64,0,1.84e+19,1.84e+19,80754246904,16150849380.8,54668905.3473681,16199281295,16044625570,disk_write,B,1,uint64,0,1.84e+19,1.84e+19,111141376,22228275.2,8802950.02546956,39535616,15110144,disk_read,B,1,uint64,0,1.84e+19,1.84e+19,6419968,1283993.6,1606230.56271677,4477952,349184,net_read,B,1,uint64,0,1.84e+19,1.84e+19,16426203,3285240.6,143462.874928115,3446189,3100398,net_write,B,1,uint64,0,1.84e+19,1.84e+19,3331473,666294.6,73908.1966214844,766349,563870,money,,1,float32,0,3.4e+38,0,0.0209469387263455,0.0041893877452691,5.68e-06,0.0041964032170138,0.0041830923192274,co2,g,1,float32,0,3.4e+38,0,26.9198123650174,5.38396247300347,0.0073008003245027,5.39297835763889,5.37587195008681
73,1_100_0.1_0_2_4_5_8192,1,100,0.1,0.0,2,4,5,8192,evaluateNN_3.0,1,,,True,2025-05-01T07:00:29.512,2025-05-01T07:00:29.512,runtime,s,1,float32,0,3.4e+38,-1,1346.46325683594,269.292651367188,2.57554190328939,274.137573242188,267.124664306641,energy,J,1,float32,0,3.4e+38,-1,71840.0556640625,14368.0111328125,128.291760824841,14616.9453125,14270.830078125,power,W,1,float32,0,3.4e+38,-1,266.293182373047,53.2586364746094,0.137481610385986,53.4576759338379,53.0509605407715,cpu_energy,J,1,float32,0,3.4e+38,-1,71840.0546875,14368.0107421875,128.291763305664,14616.9453125,14270.830078125,cpu_power,W,1,float32,0,3.4e+38,-1,266.293182373047,53.2586364746094,0.137481614947319,53.4576759338379,53.0509605407715,cpu_util,%,1,float32,0,100,-1,136.928237915039,27.3856468200684,0.255762249231339,27.8949298858643,27.2306251525879,dram_mem,B,1,uint64,0,1.84e+19,1.84e+19,80732727733,16146545546.6,49553409.5851173,16240839942,16107523823,disk_write,B,1,uint64,0,1.84e+19,1.84e+19,36244480,7248896.0,3401805.27690672,14006784,5061120,disk_read,B,1,uint64,0,1.84e+19,1.84e+19,4852736,970547.2,609769.739845591,1559040,26112,net_read,B,1,uint64,0,1.84e+19,1.84e+19,6682270,1336454.0,21237.0765973097,1366773,1308489,net_write,B,1,uint64,0,1.84e+19,1.84e+19,1495909,299181.8,12983.6235681723,317275,284781,money,,1,float32,0,3.4e+38,0,0.0064875561378852,0.001297511227577,1.16e-05,0.0013199913669704,0.001288735238444,co2,g,1,float32,0,3.4e+38,0,8.33743757123481,1.66748751424696,0.0148889715757275,1.69637770876736,1.65620911295573
74,1_100_0.1_0.01_2_16_10_8192,1,100,0.1,0.01,2,16,10,8192,evaluateNN_3.0,1,,,True,2025-05-02T00:11:23.467,2025-05-02T00:11:23.467,runtime,s,1,float32,0,3.4e+38,-1,1449.33721923828,289.867443847656,17.7025017747493,315.861694335938,260.536285400391,energy,J,1,float32,0,3.4e+38,-1,78787.15234375,15757.43046875,1154.94734148106,17496.20703125,13882.380859375,power,W,1,float32,0,3.4e+38,-1,271.277149200439,54.2554298400879,0.682061651481416,55.3362083435059,53.2065849304199,cpu_energy,J,1,float32,0,3.4e+38,-1,78787.15625,15757.431640625,1154.94738769531,17496.20703125,13882.380859375,cpu_power,W,1,float32,0,3.4e+38,-1,271.277130126953,54.2554244995117,0.682061612606049,55.3362083435059,53.2065849304199,cpu_util,%,1,float32,0,100,-1,158.166641235352,31.6333274841309,2.24050307273865,34.9104118347168,27.9614524841309,dram_mem,B,1,uint64,0,1.84e+19,1.84e+19,79797944319,15959588863.8,12338396.353586,15979691292,15942316742,disk_write,B,1,uint64,0,1.84e+19,1.84e+19,329647104,65929420.8,120324728.757639,306576384,5088256,disk_read,B,1,uint64,0,1.84e+19,1.84e+19,282047488,56409497.6,111868338.196397,280144896,33792,net_read,B,1,uint64,0,1.84e+19,1.84e+19,16575443,3315088.6,4252168.81674717,11818251,1101026,net_write,B,1,uint64,0,1.84e+19,1.84e+19,1389778,277955.6,94980.735736464,464092,201717,money,,1,float32,0,3.4e+38,0,0.0071149175630425,0.0014229835126085,0.0001042981613098,0.001580004696072,0.0012536561159396,co2,g,1,float32,0,3.4e+38,0,9.1436867358941,1.82873734717882,0.134038055352996,2.03053202712674,1.61112742306858
75,1_100_0.1_0.1_3_4_10_8192,1,100,0.1,0.1,3,4,10,8192,evaluateNN_3.0,1,,,True,2025-05-02T15:24:20.955,2025-05-02T15:24:20.955,runtime,s,1,float32,0,3.4e+38,-1,2277.32681274414,455.465362548828,2.15749659827598,459.452789306641,453.547943115234,energy,J,1,float32,0,3.4e+38,-1,133749.2421875,26749.8484375,120.490646351301,26962.87109375,26633.515625,power,W,1,float32,0,3.4e+38,-1,293.379974365234,58.6759948730469,0.0354269780419691,58.7207412719727,58.6204681396484,cpu_energy,J,1,float32,0,3.4e+38,-1,133749.25,26749.849609375,120.490646362305,26962.87109375,26633.515625,cpu_power,W,1,float32,0,3.4e+38,-1,293.379974365234,58.6759948730469,0.0354269780218601,58.7207412719727,58.6204681396484,cpu_util,%,1,float32,0,100,-1,206.144958496094,41.2289924621582,0.109174855053425,41.4316711425781,41.133186340332,dram_mem,B,1,uint64,0,1.84e+19,1.84e+19,80342974925,16068594985.0,53295046.7841598,16114293568,15964447134,disk_write,B,1,uint64,0,1.84e+19,1.84e+19,56670720,11334144.0,1173911.4294467,13012992,9593344,disk_read,B,1,uint64,0,1.84e+19,1.84e+19,3583488,716697.6,416209.004185926,1186816,55808,net_read,B,1,uint64,0,1.84e+19,1.84e+19,11435177,2287035.4,68811.2253795847,2385691,2174773,net_write,B,1,uint64,0,1.84e+19,1.84e+19,1893980,378796.0,65195.2554654094,502761,320612,money,,1,float32,0,3.4e+38,0,0.0120782996208767,0.0024156599241753,1.09e-05,0.0024348970534939,0.0024051544249131,co2,g,1,float32,0,3.4e+38,0,15.5223426072049,3.10446852144097,0.0139836089015483,3.12919098415799,3.09096745225694
79,1_100_0.1_0_1_16_5_8192,1,100,0.1,0.0,1,16,5,8192,evaluateNN_3.0,1,,,True,2025-05-01T05:50:58.236,2025-05-01T05:50:58.236,runtime,s,1,float32,0,3.4e+38,-1,1024.62351989746,204.924703979492,11.0545325354837,214.841430664063,186.486862182617,energy,J,1,float32,0,3.4e+38,-1,50469.580078125,10093.916015625,754.369960052165,10719.515625,8788.9013671875,power,W,1,float32,0,3.4e+38,-1,245.597370147705,49.119474029541,1.09446673973833,49.8943214416504,47.0580635070801,cpu_energy,J,1,float32,0,3.4e+38,-1,50469.58203125,10093.916015625,754.369995117188,10719.515625,8788.9013671875,cpu_power,W,1,float32,0,3.4e+38,-1,245.597366333008,49.1194725036621,1.09446668624878,49.8943214416504,47.0580635070801,cpu_util,%,1,float32,0,100,-1,85.2194595336914,17.0438919067383,2.68845248222351,19.3953704833984,12.409574508667,dram_mem,B,1,uint64,0,1.84e+19,1.84e+19,80324196535,16064839307.0,70777534.2514144,16183797716,15971916724,disk_write,B,1,uint64,0,1.84e+19,1.84e+19,35975680,7195136.0,3202027.07457186,13336064,4945920,disk_read,B,1,uint64,0,1.84e+19,1.84e+19,1335808,267161.6,336710.508448786,863232,10240,net_read,B,1,uint64,0,1.84e+19,1.84e+19,5294356,1058871.2,161759.868639165,1349506,907405,net_write,B,1,uint64,0,1.84e+19,1.84e+19,1313411,262682.2,78868.1390458783,412920,197991,money,,1,float32,0,3.4e+38,0,0.0045576834676106,0.0009115366935221,6.81e-05,0.000968031813802,0.0007936866206868,co2,g,1,float32,0,3.4e+38,0,5.8572751546224,1.17145503092448,0.0875488248082763,1.24405934114583,1.02000083089193
80,1_200_0.1_0.1_2_8_20_8192,1,200,0.1,0.1,2,8,20,8192,evaluateNN_3.0,1,,,True,2025-05-05T23:06:21.414,2025-05-05T23:06:21.414,runtime,s,1,float32,0,3.4e+38,-1,2174.76089477539,434.952178955078,7.29652510032294,448.184692382813,428.394897460938,energy,J,1,float32,0,3.4e+38,-1,125732.82421875,25146.56484375,471.482775451667,26019.58984375,24718.8359375,power,W,1,float32,0,3.4e+38,-1,288.754795074463,57.7509590148926,0.132967233839704,57.9769096374512,57.6302452087402,cpu_energy,J,1,float32,0,3.4e+38,-1,125732.828125,25146.56640625,471.482757568359,26019.58984375,24718.8359375,cpu_power,W,1,float32,0,3.4e+38,-1,288.754791259766,57.7509574890137,0.132967233657837,57.9769096374512,57.6302452087402,cpu_util,%,1,float32,0,100,-1,216.523651123047,43.3047294616699,0.370487987995148,43.9808883666992,42.9639549255371,dram_mem,B,1,uint64,0,1.84e+19,1.84e+19,81582645288,16316529057.6,61530463.6945427,16366311547,16205458595,disk_write,B,1,uint64,0,1.84e+19,1.84e+19,60043776,12008755.2,2648548.52625225,17289728,10323456,disk_read,B,1,uint64,0,1.84e+19,1.84e+19,13846016,2769203.2,3694844.08328484,9953792,346624,net_read,B,1,uint64,0,1.84e+19,1.84e+19,9672038,1934407.6,145748.769815186,2217803,1815662,net_write,B,1,uint64,0,1.84e+19,1.84e+19,2027917,405583.4,128324.025843331,637628,290228,money,,1,float32,0,3.4e+38,0,0.0113543725426432,0.0022708745085286,4.26e-05,0.0023497135161675,0.0022322482120225,co2,g,1,float32,0,3.4e+38,0,14.591992766276,2.91839855325521,0.0547181954399185,3.0197179546441,2.86875823741319
81,1_100_0.01_0.01_2_16_10_8192,1,100,0.01,0.01,2,16,10,8192,evaluateNN_3.0,1,,,True,2025-04-30T07:03:46.617,2025-04-30T07:03:46.617,runtime,s,1,float32,0,3.4e+38,-1,1575.47201538086,315.094403076172,7.72443209198984,325.106109619141,306.426544189453,energy,J,1,float32,0,3.4e+38,-1,85764.99609375,17152.99921875,500.544949003179,17772.94921875,16495.216796875,power,W,1,float32,0,3.4e+38,-1,271.726253509522,54.3452507019043,0.309395910410811,54.5722160339356,53.7524108886719,cpu_energy,J,1,float32,0,3.4e+38,-1,85764.9921875,17152.998046875,500.544952392578,17772.94921875,16495.216796875,cpu_power,W,1,float32,0,3.4e+38,-1,271.726257324219,54.3452529907227,0.309395909309387,54.5722160339356,53.7524108886719,cpu_util,%,1,float32,0,100,-1,168.00244140625,33.6004867553711,0.853847503662109,34.7183494567871,32.4990272521973,dram_mem,B,1,uint64,0,1.84e+19,1.84e+19,80589486036,16117897207.2,79426389.1592343,16196213191,15971112574,disk_write,B,1,uint64,0,1.84e+19,1.84e+19,33887744,6777548.8,421079.781957956,7211008,6011392,disk_read,B,1,uint64,0,1.84e+19,1.84e+19,3590656,718131.2,205637.098822562,1118720,547328,net_read,B,1,uint64,0,1.84e+19,1.84e+19,6509950,1301990.0,35793.9424428212,1340346,1244901,net_write,B,1,uint64,0,1.84e+19,1.84e+19,1195640,239128.0,21779.468909962,274190,213313,money,,1,float32,0,3.4e+38,0,0.0077450556194661,0.0015490111238932,4.52e-05,0.0016049960530599,0.0014896097168511,co2,g,1,float32,0,3.4e+38,0,9.95350426888021,1.99070085377604,0.0580910221370913,2.06264949544271,1.91436154937066
87,1_100_0.01_0.01_1_4_5_8192,1,100,0.01,0.01,1,4,5,8192,evaluateNN_3.0,1,,,True,2025-04-29T23:49:29.830,2025-04-29T23:49:29.830,runtime,s,1,float32,0,3.4e+38,-1,1167.57725524902,233.515451049805,7.44589483977697,248.022186279297,226.883071899414,energy,J,1,float32,0,3.4e+38,-1,59040.7548828125,11808.1509765625,145.658316588589,12052.11328125,11600.4091796875,power,W,1,float32,0,3.4e+38,-1,252.627517700195,50.5255035400391,1.0054908052603,51.0831146240234,48.517448425293,cpu_energy,J,1,float32,0,3.4e+38,-1,59040.75390625,11808.150390625,145.658309936523,12052.11328125,11600.4091796875,cpu_power,W,1,float32,0,3.4e+38,-1,252.627517700195,50.525505065918,1.00549077987671,51.0831146240234,48.517448425293,cpu_util,%,1,float32,0,100,-1,109.470085144043,21.8940162658691,0.750508666038513,22.6042919158936,20.4811248779297,dram_mem,B,1,uint64,0,1.84e+19,1.84e+19,79431320601,15886264120.2,359111836.264763,16083310038,15168519698,disk_write,B,1,uint64,0,1.84e+19,1.84e+19,44427776,8885555.2,4413678.96566981,17457152,5003776,disk_read,B,1,uint64,0,1.84e+19,1.84e+19,4429018624,885803724.8,1766784903.69686,4419369984,35328,net_read,B,1,uint64,0,1.84e+19,1.84e+19,6420978,1284195.6,370748.528742381,1999061,970585,net_write,B,1,uint64,0,1.84e+19,1.84e+19,1465345,293069.0,110045.839377961,497571,164671,money,,1,float32,0,3.4e+38,0,0.0053317081701117,0.0010663416340223,1.32e-05,0.0010883727854817,0.0010475813956434,co2,g,1,float32,0,3.4e+38,0,6.85200760834418,1.37040152166884,0.0169044568529756,1.39871470247396,1.3462919320204
91,1_100_0.01_0.1_3_16_10_8192,1,100,0.01,0.1,3,16,10,8192,evaluateNN_3.0,1,,,True,2025-05-01T01:57:18.391,2025-05-01T01:57:18.391,runtime,s,1,float32,0,3.4e+38,-1,1824.55499267578,364.910998535156,11.946704988897,377.567962646484,344.208679199219,energy,J,1,float32,0,3.4e+38,-1,103092.201171875,20618.440234375,764.598606669329,21404.05078125,19286.87109375,power,W,1,float32,0,3.4e+38,-1,282.062976837158,56.4125953674316,0.260614210533104,56.6249465942383,55.9397468566895,cpu_energy,J,1,float32,0,3.4e+38,-1,103092.203125,20618.44140625,764.598571777344,21404.05078125,19286.87109375,cpu_power,W,1,float32,0,3.4e+38,-1,282.06298828125,56.41259765625,0.260614216327667,56.6249465942383,55.9397468566895,cpu_util,%,1,float32,0,100,-1,195.078338623047,39.0156669616699,0.94375616312027,40.0754623413086,37.5057830810547,dram_mem,B,1,uint64,0,1.84e+19,1.84e+19,80395310669,16079062133.8,76200003.4554192,16159189052,15937907045,disk_write,B,1,uint64,0,1.84e+19,1.84e+19,48827392,9765478.4,2749053.47289729,15221248,7771136,disk_read,B,1,uint64,0,1.84e+19,1.84e+19,3775488,755097.6,809408.063863364,2081792,17408,net_read,B,1,uint64,0,1.84e+19,1.84e+19,7862914,1572582.8,123968.994061257,1724770,1378643,net_write,B,1,uint64,0,1.84e+19,1.84e+19,1585275,317055.0,80339.6221972695,461552,245915,money,,1,float32,0,3.4e+38,0,0.0093097985002712,0.0018619597000542,6.9e-05,0.0019329046969401,0.0017417116090494,co2,g,1,float32,0,3.4e+38,0,11.964422680447,2.39288453608941,0.0887359160740126,2.48405900455729,2.23834853971354
92,1_100_0.01_0.01_3_8_10_8192,1,100,0.01,0.01,3,8,10,8192,evaluateNN_3.0,1,,,True,2025-04-30T10:38:07.258,2025-04-30T10:38:07.258,runtime,s,1,float32,0,3.4e+38,-1,1706.27545166016,341.255090332031,17.4549236913903,357.571166992188,311.168548583984,energy,J,1,float32,0,3.4e+38,-1,95047.765625,19009.553125,1119.10046464155,19961.87890625,17037.97265625,power,W,1,float32,0,3.4e+38,-1,277.976295471191,55.5952590942383,0.489680048494837,56.0046539306641,54.6604804992676,cpu_energy,J,1,float32,0,3.4e+38,-1,95047.765625,19009.552734375,1119.10046386719,19961.87890625,17037.97265625,cpu_power,W,1,float32,0,3.4e+38,-1,277.976287841797,55.5952568054199,0.489680051803589,56.0046539306641,54.6604804992676,cpu_util,%,1,float32,0,100,-1,184.945175170898,36.9890365600586,1.54865515232086,38.2298049926758,34.2102241516113,dram_mem,B,1,uint64,0,1.84e+19,1.84e+19,81187384485,16237476897.0,63988134.488447,16332062226,16151702034,disk_write,B,1,uint64,0,1.84e+19,1.84e+19,62926848,12585369.6,6448586.7704798,21146624,6181888,disk_read,B,1,uint64,0,1.84e+19,1.84e+19,1267200,253440.0,282499.12603617,754176,17920,net_read,B,1,uint64,0,1.84e+19,1.84e+19,10738047,2147609.4,191855.464117757,2324240,1806384,net_write,B,1,uint64,0,1.84e+19,1.84e+19,2004364,400872.8,85371.8094113039,559894,309428,money,,1,float32,0,3.4e+38,0,0.0085833412790798,0.0017166682558159,0.0001010609891819,0.0018026685645616,0.001538623586263,co2,g,1,float32,0,3.4e+38,0,11.0308212439236,2.20616424878472,0.129877826146456,2.31668694639757,1.97735138216146
94,1_200_0.1_0.1_3_4_20_8192,1,200,0.1,0.1,3,4,20,8192,evaluateNN_3.0,1,,,True,2025-05-06T02:15:23.873,2025-05-06T02:15:23.873,runtime,s,1,float32,0,3.4e+38,-1,3782.76538085938,756.553076171875,3.94091312956888,762.429016113281,752.338317871094,energy,J,1,float32,0,3.4e+38,-1,231583.66796875,46316.73359375,234.522024723834,46665.2734375,46062.82421875,power,W,1,float32,0,3.4e+38,-1,305.888118743897,61.1776237487793,0.0164562515341302,61.2043876647949,61.1594085693359,cpu_energy,J,1,float32,0,3.4e+38,-1,231583.6875,46316.73828125,234.522033691406,46665.2734375,46062.82421875,cpu_power,W,1,float32,0,3.4e+38,-1,305.888122558594,61.1776237487793,0.016456251963973,61.2043876647949,61.1594085693359,cpu_util,%,1,float32,0,100,-1,247.605072021484,49.5210151672363,0.0903559550642967,49.6206779479981,49.3900566101074,dram_mem,B,1,uint64,0,1.84e+19,1.84e+19,81617499230,16323499846.0,46175161.3446964,16361203054,16235117644,disk_write,B,1,uint64,0,1.84e+19,1.84e+19,93829120,18765824.0,3130214.01099823,23820800,15031808,disk_read,B,1,uint64,0,1.84e+19,1.84e+19,5391872,1078374.4,935957.252800276,2547200,55808,net_read,B,1,uint64,0,1.84e+19,1.84e+19,18108146,3621629.2,192068.299192136,3847560,3279270,net_write,B,1,uint64,0,1.84e+19,1.84e+19,3670098,734019.6,100081.169676618,819366,542806,money,,1,float32,0,3.4e+38,0,0.0209132917935113,0.0041826583587022,2.12e-05,0.0042141334429253,0.0041597289315321,co2,g,1,float32,0,3.4e+38,0,26.8765712437066,5.37531424874132,0.0272175838693385,5.41576423394097,5.34584665516493
95,1_100_0.1_0.1_2_8_20_8192,1,100,0.1,0.1,2,8,20,8192,evaluateNN_3.0,1,,,True,2025-05-02T12:54:41.675,2025-05-02T12:54:41.675,runtime,s,1,float32,0,3.4e+38,-1,2247.78192138672,449.556384277344,16.0920177237437,466.40234375,426.0595703125,energy,J,1,float32,0,3.4e+38,-1,130486.81640625,26097.36328125,1027.03704916922,27173.77734375,24615.984375,power,W,1,float32,0,3.4e+38,-1,289.925662994385,57.985132598877,0.217367092989901,58.1982688903809,57.6955757141113,cpu_energy,J,1,float32,0,3.4e+38,-1,130486.8125,26097.36328125,1027.037109375,27173.77734375,24615.984375,cpu_power,W,1,float32,0,3.4e+38,-1,289.925659179688,57.9851303100586,0.217367097735405,58.1982688903809,57.6955757141113,cpu_util,%,1,float32,0,100,-1,219.428039550781,43.8856086730957,0.825218558311462,44.7579040527344,42.7436943054199,dram_mem,B,1,uint64,0,1.84e+19,1.84e+19,80113626935,16022725387.0,45410352.4143015,16066235992,15964055963,disk_write,B,1,uint64,0,1.84e+19,1.84e+19,58781696,11756339.2,2437353.73615291,15078400,9121280,disk_read,B,1,uint64,0,1.84e+19,1.84e+19,4345856,869171.2,633163.768567469,1766400,19968,net_read,B,1,uint64,0,1.84e+19,1.84e+19,11595786,2319157.2,191353.846275846,2673028,2151097,net_write,B,1,uint64,0,1.84e+19,1.84e+19,1973425,394685.0,58225.899031273,500518,337175,money,,1,float32,0,3.4e+38,0,0.0117836844482422,0.0023567368896484,9.27e-05,0.0024539430595703,0.0022229601445312,co2,g,1,float32,0,3.4e+38,0,15.1437199707031,3.02874399414063,0.119193355317472,3.15366782617188,2.8568217421875
98,1_200_0.01_0_2_8_10_8192,1,200,0.01,0.0,2,8,10,8192,evaluateNN_3.0,1,,,True,2025-05-03T02:13:23.472,2025-05-03T02:13:23.472,runtime,s,1,float32,0,3.4e+38,-1,1473.06066894531,294.612133789063,4.29470955967069,302.297576904297,289.347106933594,energy,J,1,float32,0,3.4e+38,-1,80082.4326171875,16016.4865234375,254.596085338358,16464.328125,15684.44140625,power,W,1,float32,0,3.4e+38,-1,271.407691955566,54.2815383911133,0.0867632902480718,54.3780975341797,54.1214141845703,cpu_energy,J,1,float32,0,3.4e+38,-1,80082.4296875,16016.486328125,254.596084594727,16464.328125,15684.44140625,cpu_power,W,1,float32,0,3.4e+38,-1,271.407684326172,54.2815361022949,0.0867632851004601,54.3780975341797,54.1214141845703,cpu_util,%,1,float32,0,100,-1,160.530807495117,32.1061630249023,0.48226323723793,32.877628326416,31.5853729248047,dram_mem,B,1,uint64,0,1.84e+19,1.84e+19,80484481110,16096896222.0,52471283.8949329,16159613068,16006198306,disk_write,B,1,uint64,0,1.84e+19,1.84e+19,32850432,6570086.4,415859.297509915,6991872,5814272,disk_read,B,1,uint64,0,1.84e+19,1.84e+19,949760,189952.0,156564.208671075,441344,12288,net_read,B,1,uint64,0,1.84e+19,1.84e+19,6057080,1211416.0,18060.0112181582,1246152,1197177,net_write,B,1,uint64,0,1.84e+19,1.84e+19,1125150,225030.0,5289.88907256097,232040,218546,money,,1,float32,0,3.4e+38,0,0.0072318885677354,0.001446377713547,2.3e-05,0.001486820298177,0.0014163921947699,co2,g,1,float32,0,3.4e+38,0,9.29401120762804,1.85880224152561,0.0295472901262128,1.91077674739583,1.8202665609809
100,1_200_0.1_0.1_3_4_10_8192,1,200,0.1,0.1,3,4,10,8192,evaluateNN_3.0,1,,,True,2025-05-06T01:37:11.238,2025-05-06T01:37:11.238,runtime,s,1,float32,0,3.4e+38,-1,2267.70394897461,453.540789794922,1.93318397905986,457.164947509766,451.485626220703,energy,J,1,float32,0,3.4e+38,-1,133053.5234375,26610.7046875,123.744257465946,26840.73828125,26504.1015625,power,W,1,float32,0,3.4e+38,-1,293.051795959473,58.6103591918945,0.0675238527043204,58.6703071594238,58.4783706665039,cpu_energy,J,1,float32,0,3.4e+38,-1,133053.515625,26610.703125,123.744255065918,26840.73828125,26504.1015625,cpu_power,W,1,float32,0,3.4e+38,-1,293.051818847656,58.6103630065918,0.0675238519906998,58.6703071594238,58.4783706665039,cpu_util,%,1,float32,0,100,-1,206.12255859375,41.2245101928711,0.0717078372836113,41.3470611572266,41.1462554931641,dram_mem,B,1,uint64,0,1.84e+19,1.84e+19,81760644051,16352128810.2,38309670.8169638,16408513830,16293305346,disk_write,B,1,uint64,0,1.84e+19,1.84e+19,53257216,10651443.2,2815120.35087144,16238592,8869888,disk_read,B,1,uint64,0,1.84e+19,1.84e+19,5452800,1090560.0,1012073.91097686,2951680,128000,net_read,B,1,uint64,0,1.84e+19,1.84e+19,11355790,2271158.0,87097.5303369734,2444016,2208534,net_write,B,1,uint64,0,1.84e+19,1.84e+19,2454862,490972.4,83736.2224454865,657083,439761,money,,1,float32,0,3.4e+38,0,0.0120154723526476,0.0024030944705295,1.12e-05,0.0024238677820095,0.0023934676161024,co2,g,1,float32,0,3.4e+38,0,15.4416005811632,3.08832011623264,0.01436120854702,3.11501679275174,3.07594823133681
101,1_100_0.1_0.01_3_4_10_8192,1,100,0.1,0.01,3,4,10,8192,evaluateNN_3.0,1,,,True,2025-05-02T01:42:10.711,2025-05-02T01:42:10.711,runtime,s,1,float32,0,3.4e+38,-1,2277.2673034668,455.453460693359,2.23081614457948,457.487121582031,451.180877685547,energy,J,1,float32,0,3.4e+38,-1,133544.6171875,26708.9234375,153.746426600171,26815.314453125,26414.447265625,power,W,1,float32,0,3.4e+38,-1,292.885162353516,58.5770324707031,0.0758480888014511,58.6653747558594,58.4671821594238,cpu_energy,J,1,float32,0,3.4e+38,-1,133544.625,26708.92578125,153.746429443359,26815.314453125,26414.447265625,cpu_power,W,1,float32,0,3.4e+38,-1,292.885162353516,58.577033996582,0.0758480876684189,58.6653747558594,58.4671821594238,cpu_util,%,1,float32,0,100,-1,206.290710449219,41.2581405639648,0.112227238714695,41.3840637207031,41.0935974121094,dram_mem,B,1,uint64,0,1.84e+19,1.84e+19,80279008637,16055801727.4,65611487.5781364,16105713386,15930696670,disk_write,B,1,uint64,0,1.84e+19,1.84e+19,59829248,11965849.6,3481189.64395803,18760704,8798720,disk_read,B,1,uint64,0,1.84e+19,1.84e+19,5716992,1143398.4,1077596.58056057,3259392,333312,net_read,B,1,uint64,0,1.84e+19,1.84e+19,9634453,1926890.6,68363.8588922539,2050411,1855946,net_write,B,1,uint64,0,1.84e+19,1.84e+19,1883516,376703.2,68103.7536745222,507496,315047,money,,1,float32,0,3.4e+38,0,0.0120598208465712,0.0024119641693142,1.39e-05,0.0024215718690863,0.0023853713350151,co2,g,1,float32,0,3.4e+38,0,15.4985947391493,3.09971894782986,0.0178431269537643,3.11206621625434,3.06554335210504
102,1_100_0.01_0.1_2_8_20_8192,1,100,0.01,0.1,2,8,20,8192,evaluateNN_3.0,1,,,True,2025-04-30T19:48:27.793,2025-04-30T19:48:27.793,runtime,s,1,float32,0,3.4e+38,-1,2264.92059326172,452.984118652344,14.8583381685532,479.484985351563,438.886138916016,energy,J,1,float32,0,3.4e+38,-1,131698.640625,26339.728125,960.613340782756,28008.04296875,25397.296875,power,W,1,float32,0,3.4e+38,-1,290.411159515381,58.0822319030762,0.247141822808214,58.3527526855469,57.7499923706055,cpu_energy,J,1,float32,0,3.4e+38,-1,131698.640625,26339.728515625,960.613342285156,28008.04296875,25397.296875,cpu_power,W,1,float32,0,3.4e+38,-1,290.411163330078,58.0822334289551,0.247141823172569,58.3527526855469,57.7499923706055,cpu_util,%,1,float32,0,100,-1,220.12385559082,44.024772644043,0.659346759319305,45.2390861511231,43.4120483398438,dram_mem,B,1,uint64,0,1.84e+19,1.84e+19,80579344307,16115868861.4,33934790.0477433,16149227348,16066737084,disk_write,B,1,uint64,0,1.84e+19,1.84e+19,56066560,11213312.0,2319084.81475672,15816704,9688064,disk_read,B,1,uint64,0,1.84e+19,1.84e+19,5411328,1082265.6,785094.288951741,2490880,402432,net_read,B,1,uint64,0,1.84e+19,1.84e+19,10313827,2062765.4,139625.159143472,2222236,1873253,net_write,B,1,uint64,0,1.84e+19,1.84e+19,2013792,402758.4,62749.7684986965,504838,339423,money,,1,float32,0,3.4e+38,0,0.0118931189075521,0.0023786237815104,8.67e-05,0.0025292818803168,0.0022935170039062,co2,g,1,float32,0,3.4e+38,0,15.2843589036458,3.05687178072917,0.111484514938621,3.25048898676215,2.9474973984375
105,1_200_0.1_0.1_2_4_20_8192,1,200,0.1,0.1,2,4,20,8192,evaluateNN_3.0,1,,,True,2025-05-05T21:31:44.057,2025-05-05T21:31:44.057,runtime,s,1,float32,0,3.4e+38,-1,2913.466796875,582.693359375,1.74982825398662,585.091674804688,580.32373046875,energy,J,1,float32,0,3.4e+38,-1,174455.03125,34891.00625,94.8368540468211,35008.421875,34785.20703125,power,W,1,float32,0,3.4e+38,-1,299.084663391113,59.8169326782227,0.04034511064576,59.8810729980469,59.7626953125,cpu_energy,J,1,float32,0,3.4e+38,-1,174455.03125,34891.0078125,94.8368530273438,35008.421875,34785.20703125,cpu_power,W,1,float32,0,3.4e+38,-1,299.084655761719,59.8169326782227,0.0403451099991798,59.8810729980469,59.7626953125,cpu_util,%,1,float32,0,100,-1,233.919692993164,46.7839393615723,0.0587921477854252,46.8796920776367,46.694034576416,dram_mem,B,1,uint64,0,1.84e+19,1.84e+19,81914055964,16382811192.8,38970062.762737,16449494209,16332035171,disk_write,B,1,uint64,0,1.84e+19,1.84e+19,76056576,15211315.2,1977368.67448095,17078272,11887104,disk_read,B,1,uint64,0,1.84e+19,1.84e+19,7431168,1486233.6,1155663.34479927,3759104,622592,net_read,B,1,uint64,0,1.84e+19,1.84e+19,14707854,2941570.8,95167.7620949447,3125213,2866346,net_write,B,1,uint64,0,1.84e+19,1.84e+19,3186195,637239.0,90630.6823564735,818109,581540,money,,1,float32,0,3.4e+38,0,0.0157542585164931,0.0031508517032986,8.56e-06,0.0031614549865451,0.003141297446072,co2,g,1,float32,0,3.4e+38,0,20.2464755711806,4.04929511423611,0.011006343783545,4.06292184982639,4.03701652712674
107,1_200_0.1_0.01_1_16_10_8192,1,200,0.1,0.01,1,16,10,8192,evaluateNN_3.0,1,,,True,2025-05-05T06:01:29.398,2025-05-05T06:01:29.398,runtime,s,1,float32,0,3.4e+38,-1,1280.04420471191,256.008840942383,13.0662254759753,268.005798339844,230.878433227539,energy,J,1,float32,0,3.4e+38,-1,67414.990234375,13482.998046875,856.369546076934,14256.63671875,11832.08984375,power,W,1,float32,0,3.4e+38,-1,262.781959533691,52.5563919067383,0.70421044000576,53.1460418701172,51.1885223388672,cpu_energy,J,1,float32,0,3.4e+38,-1,67414.984375,13482.9970703125,856.369567871094,14256.63671875,11832.08984375,cpu_power,W,1,float32,0,3.4e+38,-1,262.781982421875,52.556396484375,0.704210460186005,53.1460418701172,51.1885223388672,cpu_util,%,1,float32,0,100,-1,134.853149414063,26.970630645752,2.33592629432678,28.9472122192383,22.4306049346924,dram_mem,B,1,uint64,0,1.84e+19,1.84e+19,80868671365,16173734273.0,77850177.3310351,16229097076,16024343905,disk_write,B,1,uint64,0,1.84e+19,1.84e+19,33833984,6766796.8,915138.642441111,7650816,5082112,disk_read,B,1,uint64,0,1.84e+19,1.84e+19,5883904,1176780.8,2144417.16391475,5457408,12288,net_read,B,1,uint64,0,1.84e+19,1.84e+19,6103980,1220796.0,81449.1269738356,1293209,1066547,net_write,B,1,uint64,0,1.84e+19,1.84e+19,1357900,271580.0,27999.1587087898,300504,219810,money,,1,float32,0,3.4e+38,0,0.0060879481458875,0.0012175896291775,7.73e-05,0.0012874534992404,0.001068503446723,co2,g,1,float32,0,3.4e+38,0,7.82388414442274,1.56477682888455,0.0993864434308175,1.65456189474826,1.37317976019965
109,1_100_0.1_0_1_4_10_8192,1,100,0.1,0.0,1,4,10,8192,evaluateNN_3.0,1,,,True,2025-05-01T03:37:38.012,2025-05-01T03:37:38.012,runtime,s,1,float32,0,3.4e+38,-1,1500.84478759766,300.168957519531,2.10473906001462,302.953857421875,297.260101318359,energy,J,1,float32,0,3.4e+38,-1,81427.8046875,16285.5609375,106.330649281133,16375.544921875,16130.44140625,power,W,1,float32,0,3.4e+38,-1,270.843292236328,54.1686584472656,0.0920125507929181,54.2538871765137,53.9992942810059,cpu_energy,J,1,float32,0,3.4e+38,-1,81427.8046875,16285.560546875,106.330642700195,16375.544921875,16130.44140625,cpu_power,W,1,float32,0,3.4e+38,-1,270.843292236328,54.1686592102051,0.0920125544071198,54.2538871765137,53.9992942810059,cpu_util,%,1,float32,0,100,-1,160.984405517578,32.1968803405762,0.146145060658455,32.3762359619141,31.9889965057373,dram_mem,B,1,uint64,0,1.84e+19,1.84e+19,80554480843,16110896168.6,55086339.6977046,16160872833,16017987732,disk_write,B,1,uint64,0,1.84e+19,1.84e+19,36275200,7255040.0,2508683.82555507,12223488,5559808,disk_read,B,1,uint64,0,1.84e+19,1.84e+19,2507776,501555.2,197955.012301684,685568,187904,net_read,B,1,uint64,0,1.84e+19,1.84e+19,7229986,1445997.2,217649.971312105,1851919,1204308,net_write,B,1,uint64,0,1.84e+19,1.84e+19,1585561,317112.2,101095.352303457,504753,222645,money,,1,float32,0,3.4e+38,0,0.0073533831399739,0.0014706766279947,9.6e-06,0.0014788026816948,0.0014566684725477,co2,g,1,float32,0,3.4e+38,0,9.45014911067708,1.89002982213542,0.0123402625749048,1.90047296343316,1.87202733875868
111,1_100_0.01_0.01_1_16_5_8192,1,100,0.01,0.01,1,16,5,8192,evaluateNN_3.0,1,,,True,2025-04-30T02:24:34.757,2025-04-30T02:24:34.757,runtime,s,1,float32,0,3.4e+38,-1,1012.0550994873,202.411019897461,8.73359694221497,214.221069335938,189.332580566406,energy,J,1,float32,0,3.4e+38,-1,49716.314453125,9943.262890625,591.438626769765,10687.8603515625,8996.697265625,power,W,1,float32,0,3.4e+38,-1,245.016174316406,49.0032348632813,0.859873833904981,49.7884826660156,47.4369087219238,cpu_energy,J,1,float32,0,3.4e+38,-1,49716.31640625,9943.263671875,591.438598632813,10687.8603515625,8996.697265625,cpu_power,W,1,float32,0,3.4e+38,-1,245.016174316406,49.0032348632813,0.859873831272125,49.7884826660156,47.4369087219238,cpu_util,%,1,float32,0,100,-1,83.0893630981445,16.6178722381592,2.41830015182495,19.5907421112061,12.642409324646,dram_mem,B,1,uint64,0,1.84e+19,1.84e+19,82749567468,16549913493.6,91829548.0053841,16663724373,16383037568,disk_write,B,1,uint64,0,1.84e+19,1.84e+19,322733568,64546713.6,119044541.293214,302629888,3587072,disk_read,B,1,uint64,0,1.84e+19,1.84e+19,278570496,55714099.2,110283643.608707,276280320,88064,net_read,B,1,uint64,0,1.84e+19,1.84e+19,12952402,2590480.4,3152212.37025595,8893682,910087,net_write,B,1,uint64,0,1.84e+19,1.84e+19,1310057,262011.4,73827.5919683149,401470,185502,money,,1,float32,0,3.4e+38,0,0.0044896593968641,0.0008979318793728,5.34e-05,0.000965173166748,0.0008124517447374,co2,g,1,float32,0,3.4e+38,0,5.76985449403212,1.15397089880642,0.06863973840678,1.24038557080078,1.04411669932726
112,1_100_0.01_0.01_2_8_5_8192,1,100,0.01,0.01,2,8,5,8192,evaluateNN_3.0,1,,,True,2025-04-30T05:20:01.174,2025-04-30T05:20:01.174,runtime,s,1,float32,0,3.4e+38,-1,1148.2321472168,229.646429443359,4.20372600482489,237.054992675781,224.506271362305,energy,J,1,float32,0,3.4e+38,-1,58570.9375,11714.1875,311.996514963591,12289.060546875,11377.98828125,power,W,1,float32,0,3.4e+38,-1,254.612342834473,50.9224685668945,0.41938320145297,51.7375183105469,50.6058921813965,cpu_energy,J,1,float32,0,3.4e+38,-1,58570.9375,11714.1875,311.996520996094,12289.060546875,11377.98828125,cpu_power,W,1,float32,0,3.4e+38,-1,254.612350463867,50.9224700927734,0.419383198022842,51.7375183105469,50.6058921813965,cpu_util,%,1,float32,0,100,-1,112.58570098877,22.5171394348145,0.848307728767395,24.0778274536133,21.5066375732422,dram_mem,B,1,uint64,0,1.84e+19,1.84e+19,81988528743,16397705748.6,74343752.152954,16473316414,16298315930,disk_write,B,1,uint64,0,1.84e+19,1.84e+19,26610688,5322137.6,769024.16362182,6600192,4215808,disk_read,B,1,uint64,0,1.84e+19,1.84e+19,642048,128409.6,162829.008788483,436224,11776,net_read,B,1,uint64,0,1.84e+19,1.84e+19,4919188,983837.6,61717.3217422791,1075828,887133,net_write,B,1,uint64,0,1.84e+19,1.84e+19,941152,188230.4,15253.6290055842,214306,169070,money,,1,float32,0,3.4e+38,0,0.0052892810503472,0.0010578562100694,2.82e-05,0.0011097704399414,0.0010274955528428,co2,g,1,float32,0,3.4e+38,0,6.79748269097222,1.35949653819444,0.0362089288754967,1.42621374902344,1.32047875108507
113,1_100_0.01_0_3_16_10_8192,1,100,0.01,0.0,3,16,10,8192,evaluateNN_3.0,1,,,True,2025-04-29T22:31:39.122,2025-04-29T22:31:39.122,runtime,s,1,float32,0,3.4e+38,-1,1798.67636108398,359.735272216797,15.2383850281948,375.338409423828,335.341278076172,energy,J,1,float32,0,3.4e+38,-1,101573.337890625,20314.667578125,995.980041684183,21307.01171875,18668.31640625,power,W,1,float32,0,3.4e+38,-1,281.925186157227,56.3850372314453,0.414354328581675,56.6907005310059,55.5847511291504,cpu_energy,J,1,float32,0,3.4e+38,-1,101573.34375,20314.66796875,995.980041503906,21307.01171875,18668.31640625,cpu_power,W,1,float32,0,3.4e+38,-1,281.925201416016,56.3850402832031,0.41435432434082,56.6907005310059,55.5847511291504,cpu_util,%,1,float32,0,100,-1,194.240676879883,38.8481369018555,1.34971511363983,40.1114044189453,36.5002937316895,dram_mem,B,1,uint64,0,1.84e+19,1.84e+19,82378460688,16475692137.6,153411303.859281,16571169099,16171792803,disk_write,B,1,uint64,0,1.84e+19,1.84e+19,42016256,8403251.2,2638596.01323843,13364224,5680128,disk_read,B,1,uint64,0,1.84e+19,1.84e+19,1718784,343756.8,131698.343470827,466944,95744,net_read,B,1,uint64,0,1.84e+19,1.84e+19,8898347,1779669.4,132818.654256998,2021081,1620079,net_write,B,1,uint64,0,1.84e+19,1.84e+19,2156660,431332.0,82236.6564009019,590891,375467,money,,1,float32,0,3.4e+38,0,0.009172636707845,0.001834527341569,8.99e-05,0.0019241415304904,0.0016858526843533,co2,g,1,float32,0,3.4e+38,0,11.7881501585286,2.35763003170573,0.115589017059903,2.47279708224826,2.16656183181424
114,1_100_0.01_0.01_2_16_20_8192,1,100,0.01,0.01,2,16,20,8192,evaluateNN_3.0,1,,,True,2025-04-30T07:30:26.983,2025-04-30T07:30:26.983,runtime,s,1,float32,0,3.4e+38,-1,2322.82095336914,464.564190673828,32.9761146257011,492.333801269531,401.449493408203,energy,J,1,float32,0,3.4e+38,-1,135239.560546875,27047.912109375,2156.49853566627,28842.005859375,22896.255859375,power,W,1,float32,0,3.4e+38,-1,290.61194229126,58.122388458252,0.58695905151005,58.527229309082,56.9646606445313,cpu_energy,J,1,float32,0,3.4e+38,-1,135239.5625,27047.912109375,2156.49853515625,28842.005859375,22896.255859375,cpu_power,W,1,float32,0,3.4e+38,-1,290.611938476563,58.1223869323731,0.586959064006805,58.527229309082,56.9646606445313,cpu_util,%,1,float32,0,100,-1,225.046844482422,45.0093688964844,1.68464303016663,46.382999420166,41.7285346984863,dram_mem,B,1,uint64,0,1.84e+19,1.84e+19,82617618873,16523523774.6,157306723.605845,16696245939,16302521721,disk_write,B,1,uint64,0,1.84e+19,1.84e+19,60670464,12134092.8,2731883.89595564,14597120,8518144,disk_read,B,1,uint64,0,1.84e+19,1.84e+19,4755968,951193.6,132853.256444244,1102336,722944,net_read,B,1,uint64,0,1.84e+19,1.84e+19,9832499,1966499.8,142866.128529333,2072954,1687185,net_write,B,1,uint64,0,1.84e+19,1.84e+19,1916769,383353.8,84940.5125447216,544855,302590,money,,1,float32,0,3.4e+38,0,0.0122128836482747,0.0024425767296549,0.000194743798318,0.0026045933624674,0.002067659105523,co2,g,1,float32,0,3.4e+38,0,15.6953023323568,3.13906046647135,0.25027363561149,3.34727501334635,2.65723769390191
116,1_100_0.1_0_3_16_10_8192,1,100,0.1,0.0,3,16,10,8192,evaluateNN_3.0,1,,,True,2025-05-01T15:36:45.826,2025-05-01T15:36:45.826,runtime,s,1,float32,0,3.4e+38,-1,1851.7307434082,370.346148681641,16.3843160033801,386.072906494141,342.684356689453,energy,J,1,float32,0,3.4e+38,-1,104314.955078125,20862.991015625,1025.58202660027,21879.705078125,19143.46875,power,W,1,float32,0,3.4e+38,-1,281.272495269775,56.2544990539551,0.279261110096205,56.583553314209,55.8049354553223,cpu_energy,J,1,float32,0,3.4e+38,-1,104314.953125,20862.990234375,1025.58203125,21879.705078125,19143.46875,cpu_power,W,1,float32,0,3.4e+38,-1,281.272491455078,56.2544975280762,0.279261112213135,56.583553314209,55.8049354553223,cpu_util,%,1,float32,0,100,-1,192.483901977539,38.4967803955078,1.24227154254913,39.7693290710449,36.3354644775391,dram_mem,B,1,uint64,0,1.84e+19,1.84e+19,79813795926,15962759185.2,56496219.6359091,16024056367,15888871984,disk_write,B,1,uint64,0,1.84e+19,1.84e+19,46687744,9337548.8,2288593.09711223,13096448,7229952,disk_read,B,1,uint64,0,1.84e+19,1.84e+19,1231360,246272.0,215238.613041434,543232,36864,net_read,B,1,uint64,0,1.84e+19,1.84e+19,9250344,1850068.8,142399.131766173,2078708,1635191,net_write,B,1,uint64,0,1.84e+19,1.84e+19,2222263,444452.6,71956.567218288,582738,380943,money,,1,float32,0,3.4e+38,0,0.0094202199710829,0.0018840439942165,9.26e-05,0.0019758589224717,0.0017287615807291,co2,g,1,float32,0,3.4e+38,0,12.1063300643446,2.42126601286892,0.119024491864887,2.53926132823351,2.22170590104167
117,1_100_0.1_0.1_2_16_10_8192,1,100,0.1,0.1,2,16,10,8192,evaluateNN_3.0,1,,,True,2025-05-02T13:52:35.518,2025-05-02T13:52:35.518,runtime,s,1,float32,0,3.4e+38,-1,1497.01553344727,299.403106689453,13.0228567564733,316.832244873047,283.6767578125,energy,J,1,float32,0,3.4e+38,-1,82048.3291015625,16409.6658203125,837.032111422749,17491.49609375,15436.0126953125,power,W,1,float32,0,3.4e+38,-1,273.586711883545,54.717342376709,0.424400511145722,55.1530303955078,54.105281829834,cpu_energy,J,1,float32,0,3.4e+38,-1,82048.328125,16409.666015625,837.032104492188,17491.49609375,15436.0126953125,cpu_power,W,1,float32,0,3.4e+38,-1,273.586700439453,54.7173385620117,0.424400508403778,55.1530303955078,54.105281829834,cpu_util,%,1,float32,0,100,-1,163.499969482422,32.6999931335449,1.58488619327545,34.6424560546875,30.7135887145996,dram_mem,B,1,uint64,0,1.84e+19,1.84e+19,79884400677,15976880135.4,66139997.2730984,16063561171,15870926476,disk_write,B,1,uint64,0,1.84e+19,1.84e+19,46700032,9340006.4,2318986.11718497,13286912,6732800,disk_read,B,1,uint64,0,1.84e+19,1.84e+19,5355008,1071001.6,714230.376537319,2497024,667136,net_read,B,1,uint64,0,1.84e+19,1.84e+19,7347394,1469478.8,161189.437218944,1727393,1263685,net_write,B,1,uint64,0,1.84e+19,1.84e+19,1323995,264799.0,80091.0633167022,422424,198386,money,,1,float32,0,3.4e+38,0,0.0074094199419216,0.0014818839883843,7.56e-05,0.0015795792722439,0.0013939577020128,co2,g,1,float32,0,3.4e+38,0,9.52216441628689,1.90443288325738,0.0971422267090068,2.02998529665799,1.7914350289171
118,1_200_0.1_0.01_2_4_5_8192,1,200,0.1,0.01,2,4,5,8192,evaluateNN_3.0,1,,,True,2025-05-05T06:54:47.476,2025-05-05T06:54:47.476,runtime,s,1,float32,0,3.4e+38,-1,1345.08840942383,269.017681884766,0.53674333084378,269.904113769531,268.231536865234,energy,J,1,float32,0,3.4e+38,-1,71715.611328125,14343.122265625,15.9664097740728,14363.36328125,14315.7958984375,power,W,1,float32,0,3.4e+38,-1,266.216236114502,53.2432472229004,0.124225975184872,53.4158782958984,53.0818481445313,cpu_energy,J,1,float32,0,3.4e+38,-1,71715.609375,14343.1220703125,15.9664096832275,14363.36328125,14315.7958984375,cpu_power,W,1,float32,0,3.4e+38,-1,266.216247558594,53.2432479858398,0.124225974082947,53.4158782958984,53.0818481445313,cpu_util,%,1,float32,0,100,-1,135.673828125,27.134765625,0.140385136008263,27.3103694915772,26.8996295928955,dram_mem,B,1,uint64,0,1.84e+19,1.84e+19,81048103225,16209620645.0,57522642.4005875,16292291894,16137636492,disk_write,B,1,uint64,0,1.84e+19,1.84e+19,42922496,8584499.2,2186752.86552078,11464704,6288896,disk_read,B,1,uint64,0,1.84e+19,1.84e+19,4460032,892006.4,861773.687858617,2276864,34304,net_read,B,1,uint64,0,1.84e+19,1.84e+19,6496641,1299328.2,149770.156879667,1551015,1082996,net_write,B,1,uint64,0,1.84e+19,1.84e+19,1580709,316141.8,100677.319516165,500307,191987,money,,1,float32,0,3.4e+38,0,0.0064763181229926,0.0012952636245985,1.44e-06,0.0012970915007595,0.0012927959018283,co2,g,1,float32,0,3.4e+38,0,8.32299511469184,1.66459902293837,0.0018529905565577,1.66694810525174,1.66142764621311
119,1_200_0.1_0_1_8_10_8192,1,200,0.1,0.0,1,8,10,8192,evaluateNN_3.0,1,,,True,2025-05-04T15:12:17.724,2025-05-04T15:12:17.724,runtime,s,1,float32,0,3.4e+38,-1,1279.56454467773,255.912908935547,5.60739447924819,263.989471435547,249.589691162109,energy,J,1,float32,0,3.4e+38,-1,67252.58203125,13450.51640625,344.373548394496,13875.373046875,13029.171875,power,W,1,float32,0,3.4e+38,-1,262.381450653076,52.4762901306152,0.252579654716589,52.9072647094727,52.1329345703125,cpu_energy,J,1,float32,0,3.4e+38,-1,67252.578125,13450.515625,344.37353515625,13875.373046875,13029.171875,cpu_power,W,1,float32,0,3.4e+38,-1,262.381439208984,52.4762878417969,0.252579659223557,52.9072647094727,52.1329345703125,cpu_util,%,1,float32,0,100,-1,133.972961425781,26.7945919036865,0.809335649013519,27.7847900390625,25.7051792144775,dram_mem,B,1,uint64,0,1.84e+19,1.84e+19,81905898422,16381179684.4,211486165.932051,16539467589,15966995452,disk_write,B,1,uint64,0,1.84e+19,1.84e+19,31607296,6321459.2,1175165.95640384,8593408,5266944,disk_read,B,1,uint64,0,1.84e+19,1.84e+19,1391104,278220.8,232691.827712449,627712,10240,net_read,B,1,uint64,0,1.84e+19,1.84e+19,5876685,1175337.0,93508.2209883174,1298729,1047535,net_write,B,1,uint64,0,1.84e+19,1.84e+19,1338443,267688.6,47544.7082043838,322398,182579,money,,1,float32,0,3.4e+38,0,0.0060732817828776,0.0012146563565755,3.11e-05,0.0012530232715386,0.0011766066046006,co2,g,1,float32,0,3.4e+38,0,7.80503577018229,1.56100715403646,0.0399664634775613,1.61031412749566,1.51210778038194
120,1_100_0.1_0_1_8_10_8192,1,100,0.1,0.0,1,8,10,8192,evaluateNN_3.0,1,,,True,2025-05-01T04:58:47.528,2025-05-01T04:58:47.528,runtime,s,1,float32,0,3.4e+38,-1,1286.48101806641,257.296203613281,2.91260006260992,261.113189697266,253.776977539063,energy,J,1,float32,0,3.4e+38,-1,67545.3583984375,13509.0716796875,197.536717122248,13783.5283203125,13218.52734375,power,W,1,float32,0,3.4e+38,-1,262.107894897461,52.4215789794922,0.328740739960604,52.6948928833008,51.834587097168,cpu_energy,J,1,float32,0,3.4e+38,-1,67545.359375,13509.072265625,197.536712646484,13783.5283203125,13218.52734375,cpu_power,W,1,float32,0,3.4e+38,-1,262.10791015625,52.4215812683106,0.328740745782852,52.6948928833008,51.834587097168,cpu_util,%,1,float32,0,100,-1,135.203262329102,27.0406532287598,0.522706627845764,27.7095069885254,26.3468761444092,dram_mem,B,1,uint64,0,1.84e+19,1.84e+19,80625933454,16125186690.8,54476224.7896995,16185528320,16027900816,disk_write,B,1,uint64,0,1.84e+19,1.84e+19,35653120,7130624.0,2153320.46409298,10080256,5308416,disk_read,B,1,uint64,0,1.84e+19,1.84e+19,3860992,772198.4,426056.904530651,1265664,23552,net_read,B,1,uint64,0,1.84e+19,1.84e+19,6526953,1305390.6,82009.0161448118,1426625,1184057,net_write,B,1,uint64,0,1.84e+19,1.84e+19,1585864,317172.8,71726.8215367167,452694,245916,money,,1,float32,0,3.4e+38,0,0.00609972111537,0.001219944223074,1.78e-05,0.0012447291824815,0.0011937064554036,co2,g,1,float32,0,3.4e+38,0,7.83901409412978,1.56780281882596,0.0229252334482431,1.5996550367296,1.53408353450521
121,1_200_0.1_0_1_4_5_8192,1,200,0.1,0.0,1,4,5,8192,evaluateNN_3.0,1,,,True,2025-05-04T13:30:10.937,2025-05-04T13:30:10.937,runtime,s,1,float32,0,3.4e+38,-1,1208.11814880371,241.623629760742,9.16867460817815,259.855194091797,235.929809570313,energy,J,1,float32,0,3.4e+38,-1,60821.5126953125,12164.3025390625,180.54372370377,12505.220703125,12012.509765625,power,W,1,float32,0,3.4e+38,-1,251.636371612549,50.3272743225098,1.13922219996302,50.9754867553711,48.0503654479981,cpu_energy,J,1,float32,0,3.4e+38,-1,60821.51171875,12164.302734375,180.543731689453,12505.220703125,12012.509765625,cpu_power,W,1,float32,0,3.4e+38,-1,251.636352539063,50.3272705078125,1.13922226428986,50.9754867553711,48.0503654479981,cpu_util,%,1,float32,0,100,-1,108.79377746582,21.7587547302246,0.737600684165955,22.5283317565918,20.3482761383057,dram_mem,B,1,uint64,0,1.84e+19,1.84e+19,79961573651,15992314730.2,345357040.857956,16265153097,15315855148,disk_write,B,1,uint64,0,1.84e+19,1.84e+19,34529280,6905856.0,1201741.07021704,8660992,5094912,disk_read,B,1,uint64,0,1.84e+19,1.84e+19,4408247296,881649459.2,1762823813.90917,4407297024,11264,net_read,B,1,uint64,0,1.84e+19,1.84e+19,5921221,1184244.2,68968.2669157345,1308133,1102331,net_write,B,1,uint64,0,1.84e+19,1.84e+19,1413655,282731.0,27937.1095140496,331490,247306,money,,1,float32,0,3.4e+38,0,0.0054925204936794,0.0010985040987358,1.63e-05,0.0011292909029405,0.0010847963680013,co2,g,1,float32,0,3.4e+38,0,7.05867444558377,1.41173488911675,0.0209531021565098,1.45130033604601,1.39411849446615
122,1_100_0.01_0_3_8_20_8192,1,100,0.01,0.0,3,8,20,8192,evaluateNN_3.0,1,,,True,2025-04-29T21:27:55.504,2025-04-29T21:27:55.504,runtime,s,1,float32,0,3.4e+38,-1,2566.91744995117,513.383489990234,13.7260200734238,527.538208007813,495.434875488281,energy,J,1,float32,0,3.4e+38,-1,151273.822265625,30254.764453125,871.431493684455,31058.904296875,29150.33984375,power,W,1,float32,0,3.4e+38,-1,294.374744415283,58.8749488830566,0.16276122950788,59.0880661010742,58.6534156799316,cpu_energy,J,1,float32,0,3.4e+38,-1,151273.828125,30254.765625,871.431457519531,31058.904296875,29150.33984375,cpu_power,W,1,float32,0,3.4e+38,-1,294.374755859375,58.8749504089356,0.162761226296425,59.0880661010742,58.6534156799316,cpu_util,%,1,float32,0,100,-1,234.853973388672,46.9707946777344,0.45465424656868,47.4904747009277,46.3605651855469,dram_mem,B,1,uint64,0,1.84e+19,1.84e+19,81704521716,16340904343.2,86148484.708124,16411138800,16172999956,disk_write,B,1,uint64,0,1.84e+19,1.84e+19,68069376,13613875.2,1555785.7011471,15618048,11712000,disk_read,B,1,uint64,0,1.84e+19,1.84e+19,5037056,1007411.2,820447.344772936,2403328,83456,net_read,B,1,uint64,0,1.84e+19,1.84e+19,12763755,2552751.0,99526.6653796861,2659671,2388787,net_write,B,1,uint64,0,1.84e+19,1.84e+19,3004948,600989.6,75594.2297178826,736229,528021,money,,1,float32,0,3.4e+38,0,0.0136608665607096,0.0027321733121419,7.87e-05,0.0028047916074761,0.002632437634223,co2,g,1,float32,0,3.4e+38,0,17.5561674840495,3.5112334968099,0.101134466128157,3.60455839312066,3.38305888519965
123,1_100_0.01_0.1_1_8_5_8192,1,100,0.01,0.1,1,8,5,8192,evaluateNN_3.0,1,,,True,2025-04-30T14:53:55.383,2025-04-30T14:53:55.383,runtime,s,1,float32,0,3.4e+38,-1,1060.01593017578,212.003186035156,3.18433028461788,216.832458496094,208.516311645508,energy,J,1,float32,0,3.4e+38,-1,53005.4267578125,10601.0853515625,195.410278749844,10869.5009765625,10357.69921875,power,W,1,float32,0,3.4e+38,-1,249.664627075195,49.9329254150391,0.204743273533313,50.1569862365723,49.5938301086426,cpu_energy,J,1,float32,0,3.4e+38,-1,53005.42578125,10601.0849609375,195.410278320313,10869.5009765625,10357.69921875,cpu_power,W,1,float32,0,3.4e+38,-1,249.664611816406,49.9329223632813,0.204743266105652,50.1569862365723,49.5938301086426,cpu_util,%,1,float32,0,100,-1,93.1855316162109,18.6371059417725,0.755289435386658,19.7674293518066,17.7038097381592,dram_mem,B,1,uint64,0,1.84e+19,1.84e+19,79503087013,15900617402.6,75872048.2983344,15997415081,15769041656,disk_write,B,1,uint64,0,1.84e+19,1.84e+19,35334144,7066828.8,1226501.9407245,9432576,5892608,disk_read,B,1,uint64,0,1.84e+19,1.84e+19,3910656,782131.2,570339.834708536,1586688,39424,net_read,B,1,uint64,0,1.84e+19,1.84e+19,6130475,1226095.0,88426.5322061201,1351366,1103539,net_write,B,1,uint64,0,1.84e+19,1.84e+19,1299178,259835.6,66821.5208524918,388297,198724,money,,1,float32,0,3.4e+38,0,0.0047866845108235,0.0009573369021647,1.76e-05,0.0009815763243001,0.0009353577822265,co2,g,1,float32,0,3.4e+38,0,6.15157424983724,1.23031484996745,0.0226784484615792,1.26146597444661,1.20206853710938
124,1_200_0.1_0.1_3_8_10_8192,1,200,0.1,0.1,3,8,10,8192,evaluateNN_3.0,1,,,True,2025-05-06T03:40:06.822,2025-05-06T03:40:06.822,runtime,s,1,float32,0,3.4e+38,-1,1736.06280517578,347.212561035156,5.44131216724363,356.688110351563,340.40771484375,energy,J,1,float32,0,3.4e+38,-1,96996.5625,19399.3125,318.293835884736,19957.94140625,18990.84765625,power,W,1,float32,0,3.4e+38,-1,279.022708892822,55.8045417785645,0.081213796325831,55.8950729370117,55.7050628662109,cpu_energy,J,1,float32,0,3.4e+38,-1,96996.5625,19399.3125,318.293823242188,19957.94140625,18990.84765625,cpu_power,W,1,float32,0,3.4e+38,-1,279.022705078125,55.8045425415039,0.0812137946486473,55.8950729370117,55.7050628662109,cpu_util,%,1,float32,0,100,-1,186.802230834961,37.3604469299316,0.394259482622147,38.0740203857422,36.8763160705566,dram_mem,B,1,uint64,0,1.84e+19,1.84e+19,81358580341,16271716068.2,46261623.6698869,16304086381,16180879231,disk_write,B,1,uint64,0,1.84e+19,1.84e+19,42016256,8403251.2,2460677.36075987,13157376,6348800,disk_read,B,1,uint64,0,1.84e+19,1.84e+19,2722304,544460.8,521307.890367449,1192448,24576,net_read,B,1,uint64,0,1.84e+19,1.84e+19,7675811,1535162.2,94019.1423730296,1684043,1444737,net_write,B,1,uint64,0,1.84e+19,1.84e+19,1491929,298385.8,69763.1011334789,436228,246529,money,,1,float32,0,3.4e+38,0,0.0087593284635416,0.0017518656927083,2.87e-05,0.0018023129864366,0.0017149790480685,co2,g,1,float32,0,3.4e+38,0,11.2569899479167,2.25139798958333,0.0369397679535118,2.31622997764757,2.20399337521701
128,1_200_0.1_0.1_1_4_10_8192,1,200,0.1,0.1,1,4,10,8192,evaluateNN_3.0,1,,,True,2025-05-05T17:10:48.973,2025-05-05T17:10:48.973,runtime,s,1,float32,0,3.4e+38,-1,1521.21713256836,304.243426513672,3.55022344837791,308.086273193359,298.000335693359,energy,J,1,float32,0,3.4e+38,-1,83366.515625,16673.303125,206.619863849551,16894.07421875,16314.5625,power,W,1,float32,0,3.4e+38,-1,273.675708770752,54.7351417541504,0.103001279353194,54.8932075500488,54.5753593444824,cpu_energy,J,1,float32,0,3.4e+38,-1,83366.515625,16673.302734375,206.619873046875,16894.07421875,16314.5625,cpu_power,W,1,float32,0,3.4e+38,-1,273.675720214844,54.7351455688477,0.103001281619072,54.8932075500488,54.5753593444824,cpu_util,%,1,float32,0,100,-1,163.888900756836,32.7777786254883,0.341158002614975,33.1470756530762,32.1896286010742,dram_mem,B,1,uint64,0,1.84e+19,1.84e+19,81330076563,16266015312.6,68722739.6543254,16374209957,16169799079,disk_write,B,1,uint64,0,1.84e+19,1.84e+19,34903552,6980710.4,348670.932391904,7465472,6498816,disk_read,B,1,uint64,0,1.84e+19,1.84e+19,1881600,376320.0,336624.639649566,993792,33792,net_read,B,1,uint64,0,1.84e+19,1.84e+19,7726206,1545241.2,54788.0107556389,1643671,1486840,net_write,B,1,uint64,0,1.84e+19,1.84e+19,1576211,315242.2,12486.4288313352,339250,304690,money,,1,float32,0,3.4e+38,0,0.0075284595082465,0.0015056919016493,1.87e-05,0.001525628757921,0.0014732956302083,co2,g,1,float32,0,3.4e+38,0,9.67514728559028,1.93502945711806,0.023979383087873,1.96065116905382,1.89339561458333
130,1_100_0.1_0.01_1_4_5_8192,1,100,0.1,0.01,1,4,5,8192,evaluateNN_3.0,1,,,True,2025-05-01T16:56:15.885,2025-05-01T16:56:15.885,runtime,s,1,float32,0,3.4e+38,-1,1206.52853393555,241.305706787109,8.37420928276966,258.010650634766,236.276931762695,energy,J,1,float32,0,3.4e+38,-1,60684.1474609375,12136.8294921875,119.034363249959,12359.259765625,12030.6728515625,power,W,1,float32,0,3.4e+38,-1,251.299140930176,50.2598281860352,1.21425269267888,50.945728302002,47.8331985473633,cpu_energy,J,1,float32,0,3.4e+38,-1,60684.14453125,12136.8291015625,119.034362792969,12359.259765625,12030.6728515625,cpu_power,W,1,float32,0,3.4e+38,-1,251.299133300781,50.2598266601563,1.21425271034241,50.945728302002,47.8331985473633,cpu_util,%,1,float32,0,100,-1,107.669799804688,21.5339603424072,0.751847207546234,22.1591682434082,20.0548267364502,dram_mem,B,1,uint64,0,1.84e+19,1.84e+19,79430289107,15886057821.4,377114431.225158,16171272794,15139445945,disk_write,B,1,uint64,0,1.84e+19,1.84e+19,126341632,25268326.4,39451551.9819757,104162816,4820992,disk_read,B,1,uint64,0,1.84e+19,1.84e+19,4453333504,890666700.8,1740927930.34082,4372004864,122880,net_read,B,1,uint64,0,1.84e+19,1.84e+19,10103315,2020663.0,1592774.30271737,5200684,1130960,net_write,B,1,uint64,0,1.84e+19,1.84e+19,1576004,315200.8,76544.795818919,438298,241013,money,,1,float32,0,3.4e+38,0,0.0054801156498752,0.001096023129975,1.07e-05,0.0011161098193901,0.0010864365955674,co2,g,1,float32,0,3.4e+38,0,7.04273244699436,1.40854648939887,0.0138145991571758,1.43436075835503,1.39622642149523
135,1_200_0.01_0.1_2_8_5_8192,1,200,0.01,0.1,2,8,5,8192,evaluateNN_3.0,1,,,True,2025-05-04T05:21:20.213,2025-05-04T05:21:20.213,runtime,s,1,float32,0,3.4e+38,-1,1141.83264160156,228.366528320313,5.14103915927469,235.701690673828,222.192993164063,energy,J,1,float32,0,3.4e+38,-1,58395.384765625,11679.076953125,348.776151280899,12143.6884765625,11282.81640625,power,W,1,float32,0,3.4e+38,-1,255.28316116333,51.056632232666,0.44294497113602,51.715950012207,50.6482276916504,cpu_energy,J,1,float32,0,3.4e+38,-1,58395.3828125,11679.076171875,348.776153564453,12143.6884765625,11282.81640625,cpu_power,W,1,float32,0,3.4e+38,-1,255.283157348633,51.0566329956055,0.442944973707199,51.715950012207,50.6482276916504,cpu_util,%,1,float32,0,100,-1,111.685523986816,22.3371047973633,1.0173671245575,23.8383979797363,21.32008934021,dram_mem,B,1,uint64,0,1.84e+19,1.84e+19,82435745293,16487149058.6,114076249.83566,16587913417,16265492426,disk_write,B,1,uint64,0,1.84e+19,1.84e+19,25554944,5110988.8,825734.171200006,6389760,4168192,disk_read,B,1,uint64,0,1.84e+19,1.84e+19,1454080,290816.0,228506.236700883,510464,11776,net_read,B,1,uint64,0,1.84e+19,1.84e+19,5557689,1111537.8,30567.7800070597,1145282,1060492,net_write,B,1,uint64,0,1.84e+19,1.84e+19,1272290,254458.0,14637.730903388,276245,233034,money,,1,float32,0,3.4e+38,0,0.0052734276631401,0.001054685532628,3.15e-05,0.0010966425343695,0.0010189010037977,co2,g,1,float32,0,3.4e+38,0,6.77710882085504,1.35542176417101,0.0404774100014332,1.40934251264106,1.30943352625868
136,1_200_0.01_0.1_3_8_20_8192,1,200,0.01,0.1,3,8,20,8192,evaluateNN_3.0,1,,,True,2025-05-04T11:08:38.369,2025-05-04T11:08:38.369,runtime,s,1,float32,0,3.4e+38,-1,2557.70336914063,511.540673828125,11.6166532413255,525.339050292969,495.81298828125,energy,J,1,float32,0,3.4e+38,-1,150815.451171875,30163.090234375,783.16012154423,31073.53515625,29051.49609375,power,W,1,float32,0,3.4e+38,-1,294.563865661621,58.9127731323242,0.205131788541282,59.1062393188477,58.5461349487305,cpu_energy,J,1,float32,0,3.4e+38,-1,150815.453125,30163.08984375,783.160095214844,31073.53515625,29051.49609375,cpu_power,W,1,float32,0,3.4e+38,-1,294.563842773438,58.912769317627,0.205131784081459,59.1062393188477,58.5461349487305,cpu_util,%,1,float32,0,100,-1,234.670028686523,46.9340057373047,0.550901174545288,47.5371894836426,46.0340080261231,dram_mem,B,1,uint64,0,1.84e+19,1.84e+19,82361366433,16472273286.6,114595832.428619,16679066534,16339064391,disk_write,B,1,uint64,0,1.84e+19,1.84e+19,59183104,11836620.8,666004.168243533,12769280,10997248,disk_read,B,1,uint64,0,1.84e+19,1.84e+19,13996032,2799206.4,5078338.52601079,12940288,26624,net_read,B,1,uint64,0,1.84e+19,1.84e+19,11090681,2218136.2,164878.373817066,2524139,2058926,net_write,B,1,uint64,0,1.84e+19,1.84e+19,1949451,389890.2,18780.3658260429,423877,372197,money,,1,float32,0,3.4e+38,0,0.0136194731044379,0.0027238946208875,7.07e-05,0.0028061128553602,0.0026235114944661,co2,g,1,float32,0,3.4e+38,0,17.5029709721137,3.50059419442274,0.0908900829947721,3.60625638563368,3.37158751888021
139,1_200_0.01_0.01_3_8_20_8192,1,200,0.01,0.01,3,8,20,8192,evaluateNN_3.0,1,,,True,2025-05-03T21:26:15.031,2025-05-03T21:26:15.031,runtime,s,1,float32,0,3.4e+38,-1,2612.1083984375,522.4216796875,25.3741585628595,569.843444824219,493.851470947266,energy,J,1,float32,0,3.4e+38,-1,154317.90234375,30863.58046875,1645.12803443431,33926.453125,28976.931640625,power,W,1,float32,0,3.4e+38,-1,295.062763214111,59.0125526428223,0.276864307553032,59.4970588684082,58.6321029663086,cpu_energy,J,1,float32,0,3.4e+38,-1,154317.90625,30863.58203125,1645.12805175781,33926.453125,28976.931640625,cpu_power,W,1,float32,0,3.4e+38,-1,295.062744140625,59.0125503540039,0.276864320039749,59.4970588684082,58.6321029663086,cpu_util,%,1,float32,0,100,-1,236.326324462891,47.265266418457,0.887991487979889,48.9387054443359,46.2727279663086,dram_mem,B,1,uint64,0,1.84e+19,1.84e+19,80429104841,16085820968.2,6929331.02285132,16096608790,16077375800,disk_write,B,1,uint64,0,1.84e+19,1.84e+19,65675264,13135052.8,1187626.68870894,14985216,11359744,disk_read,B,1,uint64,0,1.84e+19,1.84e+19,6509568,1301913.6,1154381.42874487,3262464,50688,net_read,B,1,uint64,0,1.84e+19,1.84e+19,11304155,2260831.0,137093.539560404,2422909,2043688,net_write,B,1,uint64,0,1.84e+19,1.84e+19,2233122,446624.4,84544.1044014306,612398,386718,money,,1,float32,0,3.4e+38,0,0.0139357639033203,0.002787152780664,0.0001485642011096,0.0030637471974826,0.002616777910102,co2,g,1,float32,0,3.4e+38,0,17.9094498886719,3.58188997773438,0.190926247996293,3.93735336545139,3.36293389984809
142,1_100_0.1_0.01_1_4_20_8192,1,100,0.1,0.01,1,4,20,8192,evaluateNN_3.0,1,,,True,2025-05-01T17:42:11.375,2025-05-01T17:42:11.375,runtime,s,1,float32,0,3.4e+38,-1,2231.98510742188,446.397021484375,5.484782913096,452.008514404297,438.579376220703,energy,J,1,float32,0,3.4e+38,-1,129597.732421875,25919.546484375,375.860046447319,26289.11328125,25336.765625,power,W,1,float32,0,3.4e+38,-1,290.029239654541,58.0058479309082,0.155641727153136,58.1600685119629,57.7115325927734,cpu_energy,J,1,float32,0,3.4e+38,-1,129597.734375,25919.546875,375.860046386719,26289.11328125,25336.765625,cpu_power,W,1,float32,0,3.4e+38,-1,290.029235839844,58.0058479309082,0.155641719698906,58.1600685119629,57.7115325927734,cpu_util,%,1,float32,0,100,-1,216.56672668457,43.313346862793,0.382790267467499,43.7101516723633,42.6727256774902,dram_mem,B,1,uint64,0,1.84e+19,1.84e+19,80343259256,16068651851.2,33403236.4952771,16117473817,16017102540,disk_write,B,1,uint64,0,1.84e+19,1.84e+19,58048000,11609600.0,4937626.1298492,21429248,8269312,disk_read,B,1,uint64,0,1.84e+19,1.84e+19,5244416,1048883.2,903592.802048002,2720768,19968,net_read,B,1,uint64,0,1.84e+19,1.84e+19,10965781,2193156.2,103580.902819777,2377822,2078165,net_write,B,1,uint64,0,1.84e+19,1.84e+19,2498435,499687.0,45162.2207469916,586451,455794,money,,1,float32,0,3.4e+38,0,0.0117033952250977,0.0023406790450195,3.39e-05,0.0023740529799262,0.0022880506957465,co2,g,1,float32,0,3.4e+38,0,15.0405368349609,3.00810736699219,0.0436206465015804,3.0509976469184,2.94047241059028
146,1_100_0.1_0_3_4_10_8192,1,100,0.1,0.0,3,4,10,8192,evaluateNN_3.0,1,,,True,2025-05-01T11:59:55.599,2025-05-01T11:59:55.599,runtime,s,1,float32,0,3.4e+38,-1,2307.76058959961,461.552117919922,1.2787503032064,463.14794921875,460.001525878906,energy,J,1,float32,0,3.4e+38,-1,135644.52734375,27128.90546875,57.8482814286268,27221.259765625,27067.51953125,power,W,1,float32,0,3.4e+38,-1,293.599487304688,58.7198974609375,0.0975276224906573,58.8371887207031,58.5579414367676,cpu_energy,J,1,float32,0,3.4e+38,-1,135644.53125,27128.90625,57.8482780456543,27221.259765625,27067.51953125,cpu_power,W,1,float32,0,3.4e+38,-1,293.599487304688,58.719898223877,0.0975276231765747,58.8371887207031,58.5579414367676,cpu_util,%,1,float32,0,100,-1,207.862701416016,41.5725402832031,0.0308892503380775,41.618709564209,41.5344161987305,dram_mem,B,1,uint64,0,1.84e+19,1.84e+19,80677675857,16135535171.4,68017541.1802234,16210759414,16007722884,disk_write,B,1,uint64,0,1.84e+19,1.84e+19,58825216,11765043.2,4226532.33888465,20116480,8705024,disk_read,B,1,uint64,0,1.84e+19,1.84e+19,3766784,753356.8,607052.436722364,1861120,80384,net_read,B,1,uint64,0,1.84e+19,1.84e+19,11602185,2320437.0,89744.5194694361,2467839,2220236,net_write,B,1,uint64,0,1.84e+19,1.84e+19,2713423,542684.6,82514.5771087752,699853,469452,money,,1,float32,0,3.4e+38,0,0.0122494543998481,0.0024498908799696,5.22e-06,0.0024582309860568,0.0024443473887803,co2,g,1,float32,0,3.4e+38,0,15.7423009789497,3.14846019578993,0.0067136144391333,3.1591784250217,3.14133601671007
148,1_200_0.1_0.01_1_16_5_8192,1,200,0.1,0.01,1,16,5,8192,evaluateNN_3.0,1,,,True,2025-05-05T05:43:23.786,2025-05-05T05:43:23.786,runtime,s,1,float32,0,3.4e+38,-1,1060.6978302002,212.139566040039,10.838243349127,223.322052001953,191.381317138672,energy,J,1,float32,0,3.4e+38,-1,51872.9775390625,10374.5955078125,737.594124409822,11096.583984375,8949.55078125,power,W,1,float32,0,3.4e+38,-1,243.914989471436,48.7829978942871,1.05655984126111,49.6015815734863,46.6930618286133,cpu_energy,J,1,float32,0,3.4e+38,-1,51872.9765625,10374.595703125,737.594116210938,11096.583984375,8949.55078125,cpu_power,W,1,float32,0,3.4e+38,-1,243.914978027344,48.7829971313477,1.05655980110168,49.6015815734863,46.6930618286133,cpu_util,%,1,float32,0,100,-1,85.014892578125,17.0029792785645,2.5172107219696,19.135555267334,12.054404258728,dram_mem,B,1,uint64,0,1.84e+19,1.84e+19,80758313925,16151662785.0,100798107.183107,16302611095,16037635486,disk_write,B,1,uint64,0,1.84e+19,1.84e+19,32712704,6542540.8,3825088.21157361,14161408,4281344,disk_read,B,1,uint64,0,1.84e+19,1.84e+19,1521664,304332.8,369027.579365229,913920,10240,net_read,B,1,uint64,0,1.84e+19,1.84e+19,5339889,1067977.8,67719.0618611924,1201256,1015544,net_write,B,1,uint64,0,1.84e+19,1.84e+19,1351069,270213.8,69529.4681740052,405362,221545,money,,1,float32,0,3.4e+38,0,0.0046844180549858,0.0009368836109971,6.66e-05,0.0010020831814778,0.0008081941552734,co2,g,1,float32,0,3.4e+38,0,6.02014722661675,1.20402944532335,0.0856018958828954,1.28782021907552,1.03864508789063
150,1_100_0.1_0.01_3_8_5_8192,1,100,0.1,0.01,3,8,5,8192,evaluateNN_3.0,1,,,True,2025-05-02T03:24:09.479,2025-05-02T03:24:09.479,runtime,s,1,float32,0,3.4e+38,-1,1242.37530517578,248.475061035156,4.89793818041227,253.019393920898,241.781005859375,energy,J,1,float32,0,3.4e+38,-1,65039.2177734375,13007.8435546875,357.240207016492,13384.43359375,12486.6044921875,power,W,1,float32,0,3.4e+38,-1,261.371604919434,52.2743209838867,0.50870047819972,53.1032218933106,51.5834312438965,cpu_energy,J,1,float32,0,3.4e+38,-1,65039.21875,13007.84375,357.240203857422,13384.43359375,12486.6044921875,cpu_power,W,1,float32,0,3.4e+38,-1,261.37158203125,52.2743148803711,0.508700489997864,53.1032218933106,51.5834312438965,cpu_util,%,1,float32,0,100,-1,128.250900268555,25.6501808166504,1.02083301544189,26.5311031341553,24.3378582000732,dram_mem,B,1,uint64,0,1.84e+19,1.84e+19,80566238696,16113247739.2,94390313.0009668,16280691752,16005305122,disk_write,B,1,uint64,0,1.84e+19,1.84e+19,33382400,6676480.0,1948982.35006313,10184192,4829184,disk_read,B,1,uint64,0,1.84e+19,1.84e+19,1830912,366182.4,274986.69195552,780800,12800,net_read,B,1,uint64,0,1.84e+19,1.84e+19,5215730,1043146.0,35056.1561269914,1080241,976327,net_write,B,1,uint64,0,1.84e+19,1.84e+19,956748,191349.6,11128.2240919205,200217,171225,money,,1,float32,0,3.4e+38,0,0.005873402693929,0.0011746805387858,3.23e-05,0.00120868871148,0.0011276097556694,co2,g,1,float32,0,3.4e+38,0,7.54816255159505,1.50963251031901,0.0414597106920806,1.5533378765191,1.44913982134332
152,1_100_0.1_0.01_3_8_20_8192,1,100,0.1,0.01,3,8,20,8192,evaluateNN_3.0,1,,,True,2025-05-02T04:14:44.793,2025-05-02T04:14:44.793,runtime,s,1,float32,0,3.4e+38,-1,2585.49960327148,517.099920654297,18.1819333095475,540.333740234375,495.800506591797,energy,J,1,float32,0,3.4e+38,-1,152545.509765625,30509.101953125,1175.92907821565,32023.541015625,29118.7109375,power,W,1,float32,0,3.4e+38,-1,294.680053710938,58.9360107421875,0.211604802406094,59.2045936584473,58.5806694030762,cpu_energy,J,1,float32,0,3.4e+38,-1,152545.515625,30509.103515625,1175.92907714844,32023.541015625,29118.7109375,cpu_power,W,1,float32,0,3.4e+38,-1,294.680053710938,58.9360122680664,0.211604803800583,59.2045936584473,58.5806694030762,cpu_util,%,1,float32,0,100,-1,235.047714233398,47.0095443725586,0.680254578590393,47.9571952819824,46.2211265563965,dram_mem,B,1,uint64,0,1.84e+19,1.84e+19,80352197688,16070439537.6,60891697.8421817,16151828434,15985743687,disk_write,B,1,uint64,0,1.84e+19,1.84e+19,57575936,11515187.2,813667.049376439,12830720,10291712,disk_read,B,1,uint64,0,1.84e+19,1.84e+19,5271040,1054208.0,999448.970179869,2444288,50176,net_read,B,1,uint64,0,1.84e+19,1.84e+19,11535883,2307176.6,193692.529873096,2630295,2094173,net_write,B,1,uint64,0,1.84e+19,1.84e+19,2370695,474139.0,83015.5670485964,596562,394458,money,,1,float32,0,3.4e+38,0,0.0137757070068902,0.002755141401378,0.0001061929287021,0.0028919036622721,0.0026295813682725,co2,g,1,float32,0,3.4e+38,0,17.703753883355,3.54075077667101,0.136473102466249,3.71650984342448,3.37938817491319
154,1_100_0.01_0.01_3_8_5_8192,1,100,0.01,0.01,3,8,5,8192,evaluateNN_3.0,1,,,True,2025-04-30T10:16:44.056,2025-04-30T10:16:44.056,runtime,s,1,float32,0,3.4e+38,-1,1258.24757385254,251.649514770508,8.8571459660441,261.398468017578,235.507171630859,energy,J,1,float32,0,3.4e+38,-1,65912.748046875,13182.549609375,573.375190282557,13728.0009765625,12086.04296875,power,W,1,float32,0,3.4e+38,-1,261.496128082275,52.2992256164551,0.539905145249097,52.704719543457,51.2433090209961,cpu_energy,J,1,float32,0,3.4e+38,-1,65912.75,13182.5498046875,573.375183105469,13728.0009765625,12086.04296875,cpu_power,W,1,float32,0,3.4e+38,-1,261.496124267578,52.2992248535156,0.53990513086319,52.704719543457,51.2433090209961,cpu_util,%,1,float32,0,100,-1,132.343765258789,26.4687538146973,1.33277559280396,27.5228137969971,23.8886089324951,dram_mem,B,1,uint64,0,1.84e+19,1.84e+19,82028493068,16405698613.6,147899494.679625,16562043508,16127021523,disk_write,B,1,uint64,0,1.84e+19,1.84e+19,35040768,7008153.6,1684596.72573083,9485312,5177344,disk_read,B,1,uint64,0,1.84e+19,1.84e+19,1654272,330854.4,284918.022035532,745472,11264,net_read,B,1,uint64,0,1.84e+19,1.84e+19,7499336,1499867.2,111078.265469713,1653273,1336865,net_write,B,1,uint64,0,1.84e+19,1.84e+19,1290037,258007.4,27705.5537436089,290632,216089,money,,1,float32,0,3.4e+38,0,0.0059522873305664,0.0011904574661132,5.18e-05,0.0012397147548556,0.0010914368247612,co2,g,1,float32,0,3.4e+38,0,7.64954059277344,1.52990811855469,0.0665433762500146,1.59321078000217,1.4026524312066
158,1_100_0.1_0_1_4_20_8192,1,100,0.1,0.0,1,4,20,8192,evaluateNN_3.0,1,,,True,2025-05-01T04:03:03.747,2025-05-01T04:03:03.747,runtime,s,1,float32,0,3.4e+38,-1,2233.13259887695,446.626519775391,4.82800187118244,454.845947265625,442.678253173828,energy,J,1,float32,0,3.4e+38,-1,129220.80078125,25844.16015625,328.338296363874,26373.13671875,25511.52734375,power,W,1,float32,0,3.4e+38,-1,289.026073455811,57.8052146911621,0.141473848968439,57.9551429748535,57.5611152648926,cpu_energy,J,1,float32,0,3.4e+38,-1,129220.796875,25844.16015625,328.338287353516,26373.13671875,25511.52734375,cpu_power,W,1,float32,0,3.4e+38,-1,289.026062011719,57.8052139282227,0.141473844647408,57.9551429748535,57.5611152648926,cpu_util,%,1,float32,0,100,-1,216.744415283203,43.3488845825195,0.281377792358398,43.7745590209961,42.9932441711426,dram_mem,B,1,uint64,0,1.84e+19,1.84e+19,80784949253,16156989850.6,50293063.9339572,16200645281,16062768303,disk_write,B,1,uint64,0,1.84e+19,1.84e+19,73243648,14648729.6,5374729.7817639,24898560,9593344,disk_read,B,1,uint64,0,1.84e+19,1.84e+19,9844224,1968844.8,1391401.86278881,4380672,308736,net_read,B,1,uint64,0,1.84e+19,1.84e+19,9840812,1968162.4,109045.656943502,2170249,1866741,net_write,B,1,uint64,0,1.84e+19,1.84e+19,1938028,387605.6,48312.9804280382,476531,351414,money,,1,float32,0,3.4e+38,0,0.0116693562038845,0.0023338712407769,2.97e-05,0.0023816407631293,0.002303832649848,co2,g,1,float32,0,3.4e+38,0,14.9967918240017,2.99935836480035,0.0381054833946741,3.06074903363715,2.96075447894965
163,1_200_0.01_0.01_1_16_10_8192,1,200,0.01,0.01,1,16,10,8192,evaluateNN_3.0,1,,,True,2025-05-03T12:58:34.232,2025-05-03T12:58:34.232,runtime,s,1,float32,0,3.4e+38,-1,1273.9818572998,254.796371459961,21.6470419932933,271.392608642578,212.636154174805,energy,J,1,float32,0,3.4e+38,-1,67171.6865234375,13434.3373046875,1366.05854688158,14474.6953125,10763.83203125,power,W,1,float32,0,3.4e+38,-1,262.768531799316,52.5537063598633,1.00773063163982,53.2509269714356,50.5519943237305,cpu_energy,J,1,float32,0,3.4e+38,-1,67171.6875,13434.337890625,1366.05859375,14474.6953125,10763.83203125,cpu_power,W,1,float32,0,3.4e+38,-1,262.768524169922,52.5537033081055,1.00773060321808,53.2509269714356,50.5519943237305,cpu_util,%,1,float32,0,100,-1,132.849075317383,26.5698146820068,3.78261995315552,29.1992683410645,19.0957946777344,dram_mem,B,1,uint64,0,1.84e+19,1.84e+19,80463522175,16092704435.0,42528952.4211734,16146362593,16026928558,disk_write,B,1,uint64,0,1.84e+19,1.84e+19,40966656,8193331.2,2667132.73085945,11895808,4547584,disk_read,B,1,uint64,0,1.84e+19,1.84e+19,4499968,899993.6,670467.188507119,2035712,9216,net_read,B,1,uint64,0,1.84e+19,1.84e+19,5583478,1116695.6,131379.165962644,1313248,907083,net_write,B,1,uint64,0,1.84e+19,1.84e+19,1245171,249034.2,70324.6589423653,381118,189370,money,,1,float32,0,3.4e+38,0,0.0060659764691026,0.0012131952938205,0.0001233626759975,0.0013071454016927,0.0009720338314887,co2,g,1,float32,0,3.4e+38,0,7.79564739708116,1.55912947941623,0.158538683579757,1.67986880598958,1.2492025062934
165,1_200_0.1_0.01_2_16_10_8192,1,200,0.1,0.01,2,16,10,8192,evaluateNN_3.0,1,,,True,2025-05-05T10:22:36.509,2025-05-05T10:22:36.509,runtime,s,1,float32,0,3.4e+38,-1,1515.03936767578,303.007873535156,10.6805451292071,320.3955078125,291.014770507813,energy,J,1,float32,0,3.4e+38,-1,83179.00390625,16635.80078125,653.258352102034,17660.0859375,15891.79296875,power,W,1,float32,0,3.4e+38,-1,274.120666503906,54.8241333007813,0.240058320744762,55.1192779541016,54.5360984802246,cpu_energy,J,1,float32,0,3.4e+38,-1,83179.0,16635.80078125,653.258361816406,17660.0859375,15891.79296875,cpu_power,W,1,float32,0,3.4e+38,-1,274.120666503906,54.8241348266602,0.240058317780495,55.1192779541016,54.5360984802246,cpu_util,%,1,float32,0,100,-1,166.167434692383,33.2334861755371,1.03093910217285,34.7472038269043,32.0287666320801,dram_mem,B,1,uint64,0,1.84e+19,1.84e+19,80813470711,16162694142.2,57503595.3802988,16220200642,16068612617,disk_write,B,1,uint64,0,1.84e+19,1.84e+19,40238592,8047718.4,1422270.43742343,10714624,6558720,disk_read,B,1,uint64,0,1.84e+19,1.84e+19,863744,172748.8,272783.413623629,716800,14336,net_read,B,1,uint64,0,1.84e+19,1.84e+19,8568023,1713604.6,94671.5023512356,1861176,1599714,net_write,B,1,uint64,0,1.84e+19,1.84e+19,1447641,289528.2,23336.065695828,325742,260203,money,,1,float32,0,3.4e+38,0,0.0075115261583116,0.0015023052316623,5.9e-05,0.0015948038717447,0.0014351171928168,co2,g,1,float32,0,3.4e+38,0,9.65338550889757,1.93067710177951,0.0758142609745082,2.04955108463542,1.84433086176215
168,1_200_0.01_0.01_2_4_20_8192,1,200,0.01,0.01,2,4,20,8192,evaluateNN_3.0,1,,,True,2025-05-03T14:46:39.491,2025-05-03T14:46:39.491,runtime,s,1,float32,0,3.4e+38,-1,2984.50244140625,596.90048828125,2.51370801050493,601.14794921875,593.679992675781,energy,J,1,float32,0,3.4e+38,-1,179101.58203125,35820.31640625,151.461079025183,36067.390625,35628.90625,power,W,1,float32,0,3.4e+38,-1,299.833057403564,59.9666114807129,0.0355754170480381,60.0089073181152,59.9196128845215,cpu_energy,J,1,float32,0,3.4e+38,-1,179101.5625,35820.3125,151.461074829102,36067.390625,35628.90625,cpu_power,W,1,float32,0,3.4e+38,-1,299.833068847656,59.9666137695313,0.0355754159390926,60.0089073181152,59.9196128845215,cpu_util,%,1,float32,0,100,-1,235.30598449707,47.0611953735352,0.0712041184306145,47.1781272888184,46.9805717468262,dram_mem,B,1,uint64,0,1.84e+19,1.84e+19,80816979989,16163395997.8,38944468.4142989,16223660543,16114818290,disk_write,B,1,uint64,0,1.84e+19,1.84e+19,78112256,15622451.2,3556404.69742702,22433280,12672512,disk_read,B,1,uint64,0,1.84e+19,1.84e+19,4295168,859033.6,814486.368613152,2242048,27648,net_read,B,1,uint64,0,1.84e+19,1.84e+19,13036398,2607279.6,133767.730232071,2863944,2499588,net_write,B,1,uint64,0,1.84e+19,1.84e+19,2660952,532190.4,76637.0014747446,636289,458293,money,,1,float32,0,3.4e+38,0,0.0161738678662109,0.0032347735732421,1.37e-05,0.0032570857478298,0.003217488172743,co2,g,1,float32,0,3.4e+38,0,20.7857336035156,4.15714672070313,0.0175778996713115,4.18582105642361,4.13493250868056
170,1_100_0.1_0_3_4_20_8192,1,100,0.1,0.0,3,4,20,8192,evaluateNN_3.0,1,,,True,2025-05-01T12:38:48.269,2025-05-01T12:38:48.269,runtime,s,1,float32,0,3.4e+38,-1,3800.17504882813,760.035009765625,8.7167260608878,772.932861328125,751.082275390625,energy,J,1,float32,0,3.4e+38,-1,232971.97265625,46594.39453125,568.882970988037,47455.734375,46041.2734375,power,W,1,float32,0,3.4e+38,-1,306.327735900879,61.2655471801758,0.0547667384106737,61.3667755126953,61.2077713012695,cpu_energy,J,1,float32,0,3.4e+38,-1,232971.96875,46594.39453125,568.882995605469,47455.734375,46041.2734375,cpu_power,W,1,float32,0,3.4e+38,-1,306.327728271484,61.2655448913574,0.0547667369246483,61.3667755126953,61.2077713012695,cpu_util,%,1,float32,0,100,-1,248.17839050293,49.6356773376465,0.221867889165878,50.0076217651367,49.3835334777832,dram_mem,B,1,uint64,0,1.84e+19,1.84e+19,80549625003,16109925000.6,31116285.4735162,16151536615,16063334495,disk_write,B,1,uint64,0,1.84e+19,1.84e+19,92033536,18406707.2,3202721.51289608,23780864,14360576,disk_read,B,1,uint64,0,1.84e+19,1.84e+19,6892032,1378406.4,910734.19016914,2787328,294400,net_read,B,1,uint64,0,1.84e+19,1.84e+19,18182339,3636467.8,253927.92987019,3916724,3282618,net_write,B,1,uint64,0,1.84e+19,1.84e+19,4008474,801694.8,149121.795758232,1033414,603919,money,,1,float32,0,3.4e+38,0,0.0210386634195964,0.0042077326839192,5.14e-05,0.0042855164570312,0.0041577827762586,co2,g,1,float32,0,3.4e+38,0,27.0376917154948,5.40753834309896,0.0660220292441116,5.5075016171875,5.34334556727431
173,1_200_0.1_0_1_16_10_8192,1,200,0.1,0.0,1,16,10,8192,evaluateNN_3.0,1,,,True,2025-05-04T16:22:11.278,2025-05-04T16:22:11.278,runtime,s,1,float32,0,3.4e+38,-1,1366.92080688477,273.384161376953,4.07876216555034,277.499481201172,266.853790283203,energy,J,1,float32,0,3.4e+38,-1,72472.748046875,14494.549609375,296.631874685377,14780.95703125,13996.564453125,power,W,1,float32,0,3.4e+38,-1,264.731399536133,52.9462799072266,0.300377339576918,53.1935005187988,52.3954238891602,cpu_energy,J,1,float32,0,3.4e+38,-1,72472.75,14494.5498046875,296.631866455078,14780.95703125,13996.564453125,cpu_power,W,1,float32,0,3.4e+38,-1,264.731384277344,52.9462776184082,0.30037733912468,53.1935005187988,52.3954238891602,cpu_util,%,1,float32,0,100,-1,142.499267578125,28.4998531341553,0.80287504196167,29.2000026702881,27.0466442108154,dram_mem,B,1,uint64,0,1.84e+19,1.84e+19,82363698718,16472739743.6,218984244.658147,16676959683,16049017229,disk_write,B,1,uint64,0,1.84e+19,1.84e+19,32032256,6406451.2,669652.752609709,7432192,5676032,disk_read,B,1,uint64,0,1.84e+19,1.84e+19,882176,176435.2,249991.85290277,670720,22016,net_read,B,1,uint64,0,1.84e+19,1.84e+19,6527518,1305503.6,47243.5184574562,1376866,1228693,net_write,B,1,uint64,0,1.84e+19,1.84e+19,1474849,294969.8,11133.3050869901,314889,280726,money,,1,float32,0,3.4e+38,0,0.0065446917750108,0.0013089383550021,2.68e-05,0.0013348025363498,0.0012639675288085,co2,g,1,float32,0,3.4e+38,0,8.41086503721788,1.68217300744358,0.0344257770120974,1.71541217990451,1.62437906347656
177,1_200_0.01_0.1_3_8_5_8192,1,200,0.01,0.1,3,8,5,8192,evaluateNN_3.0,1,,,True,2025-05-04T10:19:23.844,2025-05-04T10:19:23.844,runtime,s,1,float32,0,3.4e+38,-1,1255.14851379395,251.029702758789,5.18811374529293,260.106414794922,245.66340637207,energy,J,1,float32,0,3.4e+38,-1,64965.673828125,12993.134765625,317.143816667036,13546.744140625,12599.26953125,power,W,1,float32,0,3.4e+38,-1,258.393592834473,51.6787185668945,0.25988150803595,51.9878463745117,51.2249870300293,cpu_energy,J,1,float32,0,3.4e+38,-1,64965.67578125,12993.134765625,317.143829345703,13546.744140625,12599.26953125,cpu_power,W,1,float32,0,3.4e+38,-1,258.393615722656,51.6787223815918,0.259881496429443,51.9878463745117,51.2249870300293,cpu_util,%,1,float32,0,100,-1,124.252349853516,24.8504695892334,0.985769033432007,26.5450401306152,23.8217735290527,dram_mem,B,1,uint64,0,1.84e+19,1.84e+19,82996370232,16599274046.4,160306793.908075,16861765583,16358899034,disk_write,B,1,uint64,0,1.84e+19,1.84e+19,28326400,5665280.0,888131.026816201,7269888,4865024,disk_read,B,1,uint64,0,1.84e+19,1.84e+19,1624576,324915.2,238465.526651045,637440,26624,net_read,B,1,uint64,0,1.84e+19,1.84e+19,6210396,1242079.2,48378.6136279245,1308369,1158856,net_write,B,1,uint64,0,1.84e+19,1.84e+19,1422481,284496.2,14123.2126571825,302420,263115,money,,1,float32,0,3.4e+38,0,0.0058667612670898,0.0011733522534179,2.86e-05,0.0012233462555881,0.0011377840346137,co2,g,1,float32,0,3.4e+38,0,7.53962736816406,1.50792547363281,0.0368063018343021,1.5721749172092,1.4622152250434
178,1_200_0.01_0.01_1_16_5_8192,1,200,0.01,0.01,1,16,5,8192,evaluateNN_3.0,1,,,True,2025-05-03T12:40:45.627,2025-05-03T12:40:45.627,runtime,s,1,float32,0,3.4e+38,-1,1043.73007202148,208.746014404297,5.57428299061709,215.081558227539,198.322814941406,energy,J,1,float32,0,3.4e+38,-1,52111.7490234375,10422.3498046875,358.315411398342,10810.6552734375,9745.90625,power,W,1,float32,0,3.4e+38,-1,249.140117645264,49.8280235290527,0.402235977815953,50.1499214172363,49.0545310974121,cpu_energy,J,1,float32,0,3.4e+38,-1,52111.75,10422.349609375,358.315399169922,10810.6552734375,9745.90625,cpu_power,W,1,float32,0,3.4e+38,-1,249.140121459961,49.8280258178711,0.402235984802246,50.1499214172363,49.0545310974121,cpu_util,%,1,float32,0,100,-1,90.1141891479492,18.0228385925293,1.35431361198425,19.65944480896,15.5239992141724,dram_mem,B,1,uint64,0,1.84e+19,1.84e+19,80130136244,16026027248.8,28189325.2820226,16072595958,15986149016,disk_write,B,1,uint64,0,1.84e+19,1.84e+19,20982272,4196454.4,653758.555346421,4715520,2913280,disk_read,B,1,uint64,0,1.84e+19,1.84e+19,724480,144896.0,131434.698176699,316416,18944,net_read,B,1,uint64,0,1.84e+19,1.84e+19,4718688,943737.6,83139.7674920973,1039782,813289,net_write,B,1,uint64,0,1.84e+19,1.84e+19,992745,198549.0,39310.8510566739,247865,149748,money,,1,float32,0,3.4e+38,0,0.0047059804465332,0.0009411960893066,3.24e-05,0.0009762622303873,0.0008801094782986,co2,g,1,float32,0,3.4e+38,0,6.04785798388672,1.20957159677734,0.041584494133952,1.25463660367839,1.13106656423611
179,1_200_0.1_0.01_1_16_20_8192,1,200,0.1,0.01,1,16,20,8192,evaluateNN_3.0,1,,,True,2025-05-05T06:23:14.369,2025-05-05T06:23:14.369,runtime,s,1,float32,0,3.4e+38,-1,1868.1940612793,373.638812255859,13.027049560751,384.804626464844,351.353973388672,energy,J,1,float32,0,3.4e+38,-1,105741.359375,21148.271875,826.209052467111,21842.705078125,19759.7890625,power,W,1,float32,0,3.4e+38,-1,282.590446472168,56.5180892944336,0.260124159271822,56.7643737792969,56.1584243774414,cpu_energy,J,1,float32,0,3.4e+38,-1,105741.359375,21148.271484375,826.209045410156,21842.705078125,19759.7890625,cpu_power,W,1,float32,0,3.4e+38,-1,282.590423583984,56.5180854797363,0.260124146938324,56.7643737792969,56.1584243774414,cpu_util,%,1,float32,0,100,-1,198.288589477539,39.6577186584473,0.986157536506653,40.5321235656738,38.1059494018555,dram_mem,B,1,uint64,0,1.84e+19,1.84e+19,80621077685,16124215537.0,53587450.2134299,16166574097,16018508377,disk_write,B,1,uint64,0,1.84e+19,1.84e+19,42171904,8434380.8,1102652.43383949,10209792,7145472,disk_read,B,1,uint64,0,1.84e+19,1.84e+19,2511360,502272.0,438528.283946201,1166848,19456,net_read,B,1,uint64,0,1.84e+19,1.84e+19,9021712,1804342.4,92160.8518918961,1946185,1702706,net_write,B,1,uint64,0,1.84e+19,1.84e+19,2034537,406907.4,20740.4739830121,432418,375077,money,,1,float32,0,3.4e+38,0,0.009549032203559,0.0019098064407118,7.46e-05,0.0019725176169162,0.0017844187289496,co2,g,1,float32,0,3.4e+38,0,12.2718722074653,2.45437444149306,0.0958861505890997,2.53496727267795,2.29323329730903
182,1_200_0.01_0_3_4_5_8192,1,200,0.01,0.0,3,4,5,8192,evaluateNN_3.0,1,,,True,2025-05-03T04:42:57.033,2025-05-03T04:42:57.033,runtime,s,1,float32,0,3.4e+38,-1,1543.74560546875,308.74912109375,1.62673008494724,310.499755859375,305.954010009766,energy,J,1,float32,0,3.4e+38,-1,85423.107421875,17084.621484375,72.3979259636482,17176.228515625,16977.26171875,power,W,1,float32,0,3.4e+38,-1,276.289470672607,55.2578941345215,0.139362259671274,55.4356536865234,55.0616607666016,cpu_energy,J,1,float32,0,3.4e+38,-1,85423.109375,17084.62109375,72.3979263305664,17176.228515625,16977.26171875,cpu_power,W,1,float32,0,3.4e+38,-1,276.289459228516,55.2578926086426,0.139362260699272,55.4356536865234,55.0616607666016,cpu_util,%,1,float32,0,100,-1,157.199142456055,31.4398288726807,0.118649914860725,31.551607131958,31.2118606567383,dram_mem,B,1,uint64,0,1.84e+19,1.84e+19,81066236281,16213247256.2,108321219.08319,16359445999,16022086800,disk_write,B,1,uint64,0,1.84e+19,1.84e+19,42774528,8554905.6,2113062.28241551,11215360,6755328,disk_read,B,1,uint64,0,1.84e+19,1.84e+19,2240512,448102.4,366532.986534964,1081856,14336,net_read,B,1,uint64,0,1.84e+19,1.84e+19,7098006,1419601.2,156571.860592381,1683147,1220825,net_write,B,1,uint64,0,1.84e+19,1.84e+19,1654015,330803.0,113018.142267514,536489,218051,money,,1,float32,0,3.4e+38,0,0.0077141811730143,0.0015428362346028,6.54e-06,0.0015511088584526,0.0015331410513237,co2,g,1,float32,0,3.4e+38,0,9.9138261891276,1.98276523782552,0.0084021815187811,1.99339674273003,1.9703055405816
184,1_200_0.01_0.1_1_8_10_8192,1,200,0.01,0.1,1,8,10,8192,evaluateNN_3.0,1,,,True,2025-05-04T01:33:23.499,2025-05-04T01:33:23.499,runtime,s,1,float32,0,3.4e+38,-1,1291.70497131348,258.340994262695,8.46515628371086,273.595001220703,249.098190307617,energy,J,1,float32,0,3.4e+38,-1,67898.36328125,13579.67265625,544.186661799355,14583.333984375,13015.4384765625,power,W,1,float32,0,3.4e+38,-1,262.383644104004,52.4767288208008,0.40502542941401,53.2349128723145,52.1412010192871,cpu_energy,J,1,float32,0,3.4e+38,-1,67898.3671875,13579.673828125,544.186645507813,14583.333984375,13015.4384765625,cpu_power,W,1,float32,0,3.4e+38,-1,262.383666992188,52.476734161377,0.40502542257309,53.2349128723145,52.1412010192871,cpu_util,%,1,float32,0,100,-1,137.013366699219,27.4026737213135,1.23899781703949,29.7130889892578,26.0737056732178,dram_mem,B,1,uint64,0,1.84e+19,1.84e+19,82153931036,16430786207.2,93397435.9543139,16532457366,16265994854,disk_write,B,1,uint64,0,1.84e+19,1.84e+19,305148416,61029683.2,110304824.951979,281625600,4611072,disk_read,B,1,uint64,0,1.84e+19,1.84e+19,301410816,60282163.2,119362891.515685,299003904,20992,net_read,B,1,uint64,0,1.84e+19,1.84e+19,8625879,1725175.8,1337133.763668,4397354,1010138,net_write,B,1,uint64,0,1.84e+19,1.84e+19,1078484,215696.8,32313.2808015528,275837,182633,money,,1,float32,0,3.4e+38,0,0.0061315994174262,0.0012263198834852,4.91e-05,0.0013169560773112,0.0011753664024251,co2,g,1,float32,0,3.4e+38,0,7.8799822719184,1.57599645438368,0.0631558853610474,1.69247692740885,1.51051394319661
186,1_200_0.01_0.01_3_4_10_8192,1,200,0.01,0.01,3,4,10,8192,evaluateNN_3.0,1,,,True,2025-05-03T18:53:29.171,2025-05-03T18:53:29.171,runtime,s,1,float32,0,3.4e+38,-1,2320.01635742188,464.003271484375,1.2093648485009,465.849304199219,462.701934814453,energy,J,1,float32,0,3.4e+38,-1,135837.47265625,27167.49453125,85.8609894088014,27315.353515625,27048.748046875,power,W,1,float32,0,3.4e+38,-1,292.513538360596,58.5027076721191,0.087360109129159,58.6141738891602,58.3970718383789,cpu_energy,J,1,float32,0,3.4e+38,-1,135837.46875,27167.494140625,85.8609924316406,27315.353515625,27048.748046875,cpu_power,W,1,float32,0,3.4e+38,-1,292.513549804688,58.5027084350586,0.087360106408596,58.6141738891602,58.3970718383789,cpu_util,%,1,float32,0,100,-1,205.509033203125,41.101806640625,0.0974098071455956,41.2169151306152,40.9353446960449,dram_mem,B,1,uint64,0,1.84e+19,1.84e+19,80923933514,16184786702.8,85543094.6964369,16284053821,16043535307,disk_write,B,1,uint64,0,1.84e+19,1.84e+19,59813888,11962777.6,2906391.17632968,17065984,9335808,disk_read,B,1,uint64,0,1.84e+19,1.84e+19,4349952,869990.4,438488.637299349,1491968,157184,net_read,B,1,uint64,0,1.84e+19,1.84e+19,10251232,2050246.4,117538.933024934,2214316,1927856,net_write,B,1,uint64,0,1.84e+19,1.84e+19,2139225,427845.0,90318.7873988574,572647,329653,money,,1,float32,0,3.4e+38,0,0.0122668784334852,0.002453375686697,7.75e-06,0.0024667281744249,0.0024426522194553,co2,g,1,float32,0,3.4e+38,0,15.7646933543837,3.15293867087674,0.009964644826388,3.17009852745226,3.13915748166233
187,1_200_0.01_0.01_3_16_5_8192,1,200,0.01,0.01,3,16,5,8192,evaluateNN_3.0,1,,,True,2025-05-03T22:10:12.067,2025-05-03T22:10:12.067,runtime,s,1,float32,0,3.4e+38,-1,1291.33529663086,258.267059326172,10.5348883673641,268.194641113281,238.640869140625,energy,J,1,float32,0,3.4e+38,-1,68496.052734375,13699.210546875,675.20727084305,14315.0556640625,12439.623046875,power,W,1,float32,0,3.4e+38,-1,264.696632385254,52.9393264770508,0.474393929394264,53.3630409240723,52.0550422668457,cpu_energy,J,1,float32,0,3.4e+38,-1,68496.0546875,13699.2109375,675.207275390625,14315.0556640625,12439.623046875,cpu_power,W,1,float32,0,3.4e+38,-1,264.696624755859,52.939323425293,0.474393934011459,53.3630409240723,52.0550422668457,cpu_util,%,1,float32,0,100,-1,137.092895507813,27.4185791015625,1.66954410076141,28.971643447876,24.3683338165283,dram_mem,B,1,uint64,0,1.84e+19,1.84e+19,80175770958,16035154191.6,118194168.891759,16152970683,15861730323,disk_write,B,1,uint64,0,1.84e+19,1.84e+19,30668288,6133657.6,858678.520010277,7594496,5342208,disk_read,B,1,uint64,0,1.84e+19,1.84e+19,3765760,753152.0,401065.519204032,1287168,54784,net_read,B,1,uint64,0,1.84e+19,1.84e+19,5457465,1091493.0,49225.6416108516,1157255,1022538,net_write,B,1,uint64,0,1.84e+19,1.84e+19,995140,199028.0,19075.7268485371,232252,173195,money,,1,float32,0,3.4e+38,0,0.0061855740955403,0.001237114819108,6.1e-05,0.0012927290545518,0.0011233670701497,co2,g,1,float32,0,3.4e+38,0,7.94934745345052,1.5898694906901,0.0783615549328406,1.66134173790148,1.44368736360677
188,1_100_0.01_0_2_4_5_8192,1,100,0.01,0.0,2,4,5,8192,evaluateNN_3.0,1,,,True,2025-04-29T13:55:17.288,2025-04-29T13:55:17.288,runtime,s,1,float32,0,3.4e+38,-1,1338.29672241211,267.659344482422,2.56814883704332,271.98486328125,265.620697021484,energy,J,1,float32,0,3.4e+38,-1,71758.423828125,14351.684765625,141.895710064787,14598.6640625,14217.078125,power,W,1,float32,0,3.4e+38,-1,267.745796203613,53.5491592407227,0.147982348365726,53.8078727722168,53.4141387939453,cpu_energy,J,1,float32,0,3.4e+38,-1,71758.421875,14351.6845703125,141.895706176758,14598.6640625,14217.078125,cpu_power,W,1,float32,0,3.4e+38,-1,267.745788574219,53.5491561889648,0.147982344031334,53.8078727722168,53.4141387939453,cpu_util,%,1,float32,0,100,-1,136.673751831055,27.3347511291504,0.168214604258537,27.5678958892822,27.1546802520752,dram_mem,B,1,uint64,0,1.84e+19,1.84e+19,80082758952,16016551790.4,26957991.2313061,16048650815,15970922255,disk_write,B,1,uint64,0,1.84e+19,1.84e+19,39395328,7879065.6,3172092.78982325,13961216,5224960,disk_read,B,1,uint64,0,1.84e+19,1.84e+19,4518400,903680.0,1080945.76909519,2929152,42496,net_read,B,1,uint64,0,1.84e+19,1.84e+19,7533074,1506614.8,75071.5386505432,1644607,1425514,net_write,B,1,uint64,0,1.84e+19,1.84e+19,1165533,233106.6,64374.7174862927,329957,167814,money,,1,float32,0,3.4e+38,0,0.0064801843295898,0.0012960368659179,1.28e-05,0.0013183404685329,0.0012838811384548,co2,g,1,float32,0,3.4e+38,0,8.32796374316406,1.66559274863281,0.0164677854625188,1.69425606814236,1.64997090017361
190,1_100_0.01_0_1_16_20_8192,1,100,0.01,0.0,1,16,20,8192,evaluateNN_3.0,1,,,True,2025-04-29T13:24:19.051,2025-04-29T13:24:19.051,runtime,s,1,float32,0,3.4e+38,-1,1833.29092407227,366.658184814453,9.14606888317518,378.934020996094,353.135345458984,energy,J,1,float32,0,3.4e+38,-1,103821.1484375,20764.2296875,568.871743278393,21564.77734375,19945.640625,power,W,1,float32,0,3.4e+38,-1,282.77710723877,56.5554214477539,0.189659655486707,56.8630256652832,56.3231811523438,cpu_energy,J,1,float32,0,3.4e+38,-1,103821.15625,20764.23046875,568.871765136719,21564.77734375,19945.640625,cpu_power,W,1,float32,0,3.4e+38,-1,282.777099609375,56.555419921875,0.189659655094147,56.8630256652832,56.3231811523438,cpu_util,%,1,float32,0,100,-1,196.428955078125,39.2857894897461,0.701206624507904,40.2742118835449,38.3363380432129,dram_mem,B,1,uint64,0,1.84e+19,1.84e+19,82000065511,16400013102.2,162806584.608183,16556318665,16095792705,disk_write,B,1,uint64,0,1.84e+19,1.84e+19,43315712,8663142.4,2193920.2126861,12578304,6593536,disk_read,B,1,uint64,0,1.84e+19,1.84e+19,2319872,463974.4,631544.841921332,1680896,25600,net_read,B,1,uint64,0,1.84e+19,1.84e+19,10860858,2172171.6,135995.441277419,2410794,2005106,net_write,B,1,uint64,0,1.84e+19,1.84e+19,1842606,368521.2,61210.3558048799,485237,304133,money,,1,float32,0,3.4e+38,0,0.0093756264880642,0.0018751252976128,5.14e-05,0.0019474191984592,0.001801202157552,co2,g,1,float32,0,3.4e+38,0,12.0490210603299,2.40980421206597,0.0660207262060312,2.50271221506076,2.31480240364583
193,1_200_0.1_0.01_1_8_10_8192,1,200,0.1,0.01,1,8,10,8192,evaluateNN_3.0,1,,,True,2025-05-05T04:49:42.795,2025-05-05T04:49:42.795,runtime,s,1,float32,0,3.4e+38,-1,1321.87991333008,264.375982666016,6.2718610692416,270.001770019531,252.239715576172,energy,J,1,float32,0,3.4e+38,-1,69917.2216796875,13983.4443359375,398.666192727833,14266.2216796875,13220.9345703125,power,W,1,float32,0,3.4e+38,-1,264.049369812012,52.8098739624023,0.388105325152783,53.3866157531738,52.3153266906738,cpu_energy,J,1,float32,0,3.4e+38,-1,69917.21875,13983.443359375,398.666168212891,14266.2216796875,13220.9345703125,cpu_power,W,1,float32,0,3.4e+38,-1,264.049377441406,52.8098754882813,0.388105303049088,53.3866157531738,52.3153266906738,cpu_util,%,1,float32,0,100,-1,140.529586791992,28.1059169769287,0.954380095005035,28.9295253753662,26.2964572906494,dram_mem,B,1,uint64,0,1.84e+19,1.84e+19,80744284058,16148856811.6,61962595.1353943,16217802977,16075877528,disk_write,B,1,uint64,0,1.84e+19,1.84e+19,39195648,7839129.6,2546356.43216715,11432448,4817920,disk_read,B,1,uint64,0,1.84e+19,1.84e+19,2651136,530227.2,620947.267513885,1585152,20480,net_read,B,1,uint64,0,1.84e+19,1.84e+19,6495838,1299167.6,93237.4334279961,1482002,1223720,net_write,B,1,uint64,0,1.84e+19,1.84e+19,1617069,323413.8,70426.0127549473,461941,278944,money,,1,float32,0,3.4e+38,0,0.0063139135466851,0.001262782709337,3.6e-05,0.0012883190744628,0.0011939238413357,co2,g,1,float32,0,3.4e+38,0,8.11428200493707,1.62285640098741,0.0462674264782469,1.65567428271484,1.53436290652127
195,1_200_0.1_0.01_2_8_5_8192,1,200,0.1,0.01,2,8,5,8192,evaluateNN_3.0,1,,,True,2025-05-05T08:39:52.501,2025-05-05T08:39:52.501,runtime,s,1,float32,0,3.4e+38,-1,1140.26750183105,228.053500366211,5.83673193507983,238.42431640625,222.090866088867,energy,J,1,float32,0,3.4e+38,-1,58218.685546875,11643.737109375,415.663823430438,12397.2880859375,11230.484375,power,W,1,float32,0,3.4e+38,-1,254.812240600586,50.9624481201172,0.506771066009756,51.9108924865723,50.461311340332,cpu_energy,J,1,float32,0,3.4e+38,-1,58218.6875,11643.7373046875,415.663818359375,12397.2880859375,11230.484375,cpu_power,W,1,float32,0,3.4e+38,-1,254.812240600586,50.9624481201172,0.506771087646484,51.9108924865723,50.461311340332,cpu_util,%,1,float32,0,100,-1,109.827972412109,21.9655952453613,1.24590468406677,23.9891662597656,20.3794651031494,dram_mem,B,1,uint64,0,1.84e+19,1.84e+19,81329622657,16265924531.4,162568248.320038,16578363641,16110356224,disk_write,B,1,uint64,0,1.84e+19,1.84e+19,27898368,5579673.6,1344570.11639819,8141824,4539392,disk_read,B,1,uint64,0,1.84e+19,1.84e+19,3346944,669388.8,822626.536170673,2237440,10752,net_read,B,1,uint64,0,1.84e+19,1.84e+19,5542379,1108475.8,30552.1376365059,1155718,1068759,net_write,B,1,uint64,0,1.84e+19,1.84e+19,1152864,230572.8,20001.5293955237,253822,200841,money,,1,float32,0,3.4e+38,0,0.0052574707420247,0.0010514941484049,3.75e-05,0.0011195439879828,0.0010141751306423,co2,g,1,float32,0,3.4e+38,0,6.75660189485677,1.35132037897135,0.0482400959525659,1.43877415619575,1.30336010329861
196,1_100_0.01_0_3_4_20_8192,1,100,0.01,0.0,3,4,20,8192,evaluateNN_3.0,1,,,True,2025-04-29T19:35:45.783,2025-04-29T19:35:45.783,runtime,s,1,float32,0,3.4e+38,-1,3766.56665039063,753.313330078125,3.68459961439463,756.058471679688,746.04345703125,energy,J,1,float32,0,3.4e+38,-1,230982.453125,46196.490625,232.234906594208,46427.5234375,45768.46875,power,W,1,float32,0,3.4e+38,-1,306.438545227051,61.2877090454102,0.0772143752686389,61.3808326721191,61.1873207092285,cpu_energy,J,1,float32,0,3.4e+38,-1,230982.4375,46196.48828125,232.234909057617,46427.5234375,45768.46875,cpu_power,W,1,float32,0,3.4e+38,-1,306.438537597656,61.2877082824707,0.0772143751382828,61.3808326721191,61.1873207092285,cpu_util,%,1,float32,0,100,-1,247.823333740234,49.5646667480469,0.119787938892841,49.7150611877441,49.3825454711914,dram_mem,B,1,uint64,0,1.84e+19,1.84e+19,82673983646,16534796729.2,170753324.375674,16635861575,16193716543,disk_write,B,1,uint64,0,1.84e+19,1.84e+19,381962240,76392448.0,115280495.839418,306941952,17459200,disk_read,B,1,uint64,0,1.84e+19,1.84e+19,240523264,48104652.8,93436963.2023991,234967040,451072,net_read,B,1,uint64,0,1.84e+19,1.84e+19,97145134,19429026.8,31754162.4265892,82935494,3093968,net_write,B,1,uint64,0,1.84e+19,1.84e+19,4940583,988116.6,498342.932657262,1962207,543094,money,,1,float32,0,3.4e+38,0,0.0208589987530382,0.0041717997506076,2.1e-05,0.004192663297092,0.0041331469973958,co2,g,1,float32,0,3.4e+38,0,26.8067969210069,5.36135938420139,0.0269521511041835,5.38817202560764,5.31168506770833
197,1_100_0.01_0.1_3_8_5_8192,1,100,0.01,0.1,3,8,5,8192,evaluateNN_3.0,1,,,True,2025-05-01T00:01:23.087,2025-05-01T00:01:23.087,runtime,s,1,float32,0,3.4e+38,-1,1209.91876220703,241.983752441406,6.94479437092867,252.366744995117,231.850646972656,energy,J,1,float32,0,3.4e+38,-1,62895.919921875,12579.183984375,464.622292377915,13235.0859375,11894.6279296875,power,W,1,float32,0,3.4e+38,-1,259.410396575928,51.8820793151856,0.439524168102681,52.3991317749023,51.2454452514648,cpu_energy,J,1,float32,0,3.4e+38,-1,62895.921875,12579.1845703125,464.622283935547,13235.0859375,11894.6279296875,cpu_power,W,1,float32,0,3.4e+38,-1,259.410400390625,51.882080078125,0.43952414393425,52.3991317749023,51.2454452514648,cpu_util,%,1,float32,0,100,-1,123.838684082031,24.7677364349365,1.23550117015839,26.663387298584,23.0094394683838,dram_mem,B,1,uint64,0,1.84e+19,1.84e+19,80517627688,16103525537.6,118343321.924707,16237863766,15891686510,disk_write,B,1,uint64,0,1.84e+19,1.84e+19,31088640,6217728.0,1374750.60524591,8599552,4835328,disk_read,B,1,uint64,0,1.84e+19,1.84e+19,3723264,744652.8,678611.112087741,1703936,16896,net_read,B,1,uint64,0,1.84e+19,1.84e+19,5043176,1008635.2,46907.2372855192,1044171,921725,net_write,B,1,uint64,0,1.84e+19,1.84e+19,920584,184116.8,15748.8903151936,199469,155240,money,,1,float32,0,3.4e+38,0,0.0056798509907226,0.0011359701981445,4.2e-05,0.0011952017884114,0.001074150983317,co2,g,1,float32,0,3.4e+38,0,7.29942092871094,1.45988418574219,0.0539219982654147,1.53600525130208,1.38043765250651
199,1_200_0.01_0.1_3_8_10_8192,1,200,0.01,0.1,3,8,10,8192,evaluateNN_3.0,1,,,True,2025-05-04T10:40:43.938,2025-05-04T10:40:43.938,runtime,s,1,float32,0,3.4e+38,-1,1649.47375488281,329.894750976563,9.74263360275096,344.021514892578,313.975646972656,energy,J,1,float32,0,3.4e+38,-1,91654.69140625,18330.93828125,667.722737872263,19281.42578125,17207.73046875,power,W,1,float32,0,3.4e+38,-1,277.507701873779,55.5015403747559,0.421533547496511,56.002067565918,54.7543640136719,cpu_energy,J,1,float32,0,3.4e+38,-1,91654.6875,18330.9375,667.722717285156,19281.42578125,17207.73046875,cpu_power,W,1,float32,0,3.4e+38,-1,277.507720947266,55.5015449523926,0.421533554792404,56.002067565918,54.7543640136719,cpu_util,%,1,float32,0,100,-1,180.404296875,36.0808601379395,1.06931126117706,37.480583190918,34.206672668457,dram_mem,B,1,uint64,0,1.84e+19,1.84e+19,83317037042,16663407408.4,139061242.554848,16831065277,16415826297,disk_write,B,1,uint64,0,1.84e+19,1.84e+19,44230144,8846028.8,2484538.03073701,12377600,6511104,disk_read,B,1,uint64,0,1.84e+19,1.84e+19,2489856,497971.2,526287.447410405,1498624,30720,net_read,B,1,uint64,0,1.84e+19,1.84e+19,7068228,1413645.6,148152.21550095,1687685,1282450,net_write,B,1,uint64,0,1.84e+19,1.84e+19,1437893,287578.6,79003.4172541922,444751,237692,money,,1,float32,0,3.4e+38,0,0.0082769278267144,0.0016553855653428,6.03e-05,0.0017412198670789,0.0015539536598307,co2,g,1,float32,0,3.4e+38,0,10.6370361304253,2.12740722608507,0.0774929333008421,2.23771658094618,1.99705271940104
206,1_200_0.1_0_3_16_5_8192,1,200,0.1,0.0,3,16,5,8192,evaluateNN_3.0,1,,,True,2025-05-05T01:31:06.965,2025-05-05T01:31:06.965,runtime,s,1,float32,0,3.4e+38,-1,1260.70162963867,252.140325927734,15.8408088561094,267.479736328125,221.610504150391,energy,J,1,float32,0,3.4e+38,-1,66652.0361328125,13330.4072265625,1056.12108186692,14255.783203125,11272.15234375,power,W,1,float32,0,3.4e+38,-1,263.658664703369,52.7317329406738,0.989203888825256,53.4164161682129,50.7923469543457,cpu_energy,J,1,float32,0,3.4e+38,-1,66652.03125,13330.40625,1056.12109375,14255.783203125,11272.15234375,cpu_power,W,1,float32,0,3.4e+38,-1,263.658660888672,52.7317314147949,0.989203870296478,53.4164161682129,50.7923469543457,cpu_util,%,1,float32,0,100,-1,130.893890380859,26.1787776947022,3.0131254196167,28.7869873046875,20.2744388580322,dram_mem,B,1,uint64,0,1.84e+19,1.84e+19,80857337992,16171467598.4,83495992.8416024,16231165481,16005766121,disk_write,B,1,uint64,0,1.84e+19,1.84e+19,28036608,5607321.6,566466.341479739,6372352,4745728,disk_read,B,1,uint64,0,1.84e+19,1.84e+19,2598400,519680.0,288681.019524319,911360,15872,net_read,B,1,uint64,0,1.84e+19,1.84e+19,6003729,1200745.8,93862.8504881457,1271004,1018168,net_write,B,1,uint64,0,1.84e+19,1.84e+19,1361751,272350.2,33314.5952243157,301276,213155,money,,1,float32,0,3.4e+38,0,0.0060190491518826,0.0012038098303765,9.54e-05,0.0012873764220377,0.0010179379797092,co2,g,1,float32,0,3.4e+38,0,7.73533908230252,1.5470678164605,0.12256871889,1.65446283951823,1.30819590256076
207,1_200_0.1_0.1_3_4_5_8192,1,200,0.1,0.1,3,4,5,8192,evaluateNN_3.0,1,,,True,2025-05-06T01:11:05.158,2025-05-06T01:11:05.158,runtime,s,1,float32,0,3.4e+38,-1,1541.17861938477,308.235723876953,0.982052769231708,309.504150390625,307.290771484375,energy,J,1,float32,0,3.4e+38,-1,85402.23046875,17080.44609375,45.2675956548349,17159.49609375,17032.720703125,power,W,1,float32,0,3.4e+38,-1,276.651371002197,55.3302742004395,0.0811802382404262,55.3981590270996,55.1734962463379,cpu_energy,J,1,float32,0,3.4e+38,-1,85402.234375,17080.447265625,45.2675933837891,17159.49609375,17032.720703125,cpu_power,W,1,float32,0,3.4e+38,-1,276.6513671875,55.3302726745606,0.0811802372336388,55.3981590270996,55.1734962463379,cpu_util,%,1,float32,0,100,-1,157.210754394531,31.4421501159668,0.0442636273801327,31.4951763153076,31.3841438293457,dram_mem,B,1,uint64,0,1.84e+19,1.84e+19,81948679436,16389735887.2,53567882.1448255,16467750108,16311591478,disk_write,B,1,uint64,0,1.84e+19,1.84e+19,36942336,7388467.2,1634519.58397645,10279424,5927424,disk_read,B,1,uint64,0,1.84e+19,1.84e+19,1450496,290099.2,249014.525319629,641024,18432,net_read,B,1,uint64,0,1.84e+19,1.84e+19,7603058,1520611.6,52540.3172491374,1591053,1454849,net_write,B,1,uint64,0,1.84e+19,1.84e+19,1584507,316901.4,17187.6917077309,343117,292029,money,,1,float32,0,3.4e+38,0,0.007712295868164,0.0015424591736328,4.09e-06,0.0015495978277994,0.0015381493057183,co2,g,1,float32,0,3.4e+38,0,9.91140330273437,1.98228066054687,0.0052535559623861,1.99145485221354,1.97674186382379
211,1_200_0.01_0_3_16_10_8192,1,200,0.01,0.0,3,16,10,8192,evaluateNN_3.0,1,,,True,2025-05-03T08:46:10.091,2025-05-03T08:46:10.091,runtime,s,1,float32,0,3.4e+38,-1,1832.30947875977,366.461895751953,9.66712544866238,378.447418212891,351.081817626953,energy,J,1,float32,0,3.4e+38,-1,103648.900390625,20729.780078125,580.871332863843,21415.060546875,19795.76171875,power,W,1,float32,0,3.4e+38,-1,282.467197418213,56.4934394836426,0.126913704767425,56.6925163269043,56.2999725341797,cpu_energy,J,1,float32,0,3.4e+38,-1,103648.90625,20729.78125,580.871337890625,21415.060546875,19795.76171875,cpu_power,W,1,float32,0,3.4e+38,-1,282.467224121094,56.4934463500977,0.126913696527481,56.6925163269043,56.2999725341797,cpu_util,%,1,float32,0,100,-1,196.046051025391,39.2092094421387,0.722612142562866,39.9807891845703,37.9818687438965,dram_mem,B,1,uint64,0,1.84e+19,1.84e+19,80822756871,16164551374.2,64499381.677402,16263838734,16091846862,disk_write,B,1,uint64,0,1.84e+19,1.84e+19,52727296,10545459.2,2806641.11081744,15870464,7989248,disk_read,B,1,uint64,0,1.84e+19,1.84e+19,6217216,1243443.2,976505.567597113,2697728,29696,net_read,B,1,uint64,0,1.84e+19,1.84e+19,7815549,1563109.8,109525.816986499,1774761,1466857,net_write,B,1,uint64,0,1.84e+19,1.84e+19,1616823,323364.6,90553.9094983756,503848,264940,money,,1,float32,0,3.4e+38,0,0.0093600715324978,0.0018720143064995,5.25e-05,0.0019338989399414,0.0017876672596571,co2,g,1,float32,0,3.4e+38,0,12.0290307175564,2.40580614351128,0.0674133452418094,2.48533674902344,2.29740812391493
215,1_100_0.1_0.01_1_4_10_8192,1,100,0.1,0.01,1,4,10,8192,evaluateNN_3.0,1,,,True,2025-05-01T17:16:47.293,2025-05-01T17:16:47.293,runtime,s,1,float32,0,3.4e+38,-1,1499.19525146484,299.839050292969,1.14154984264839,301.604370117188,298.066589355469,energy,J,1,float32,0,3.4e+38,-1,81892.212890625,16378.442578125,123.088095436891,16484.16015625,16142.724609375,power,W,1,float32,0,3.4e+38,-1,272.719802856445,54.5439605712891,0.289736115800838,54.9682312011719,54.0626945495606,cpu_energy,J,1,float32,0,3.4e+38,-1,81892.21875,16378.443359375,123.088096618652,16484.16015625,16142.724609375,cpu_power,W,1,float32,0,3.4e+38,-1,272.719818115234,54.5439643859863,0.289736121892929,54.9682312011719,54.0626945495606,cpu_util,%,1,float32,0,100,-1,161.211059570313,32.2422103881836,0.293410062789917,32.5445556640625,31.6916675567627,dram_mem,B,1,uint64,0,1.84e+19,1.84e+19,80048698856,16009739771.2,90443005.1689884,16093254543,15839122705,disk_write,B,1,uint64,0,1.84e+19,1.84e+19,35955200,7191040.0,1133209.08066676,8838144,5387776,disk_read,B,1,uint64,0,1.84e+19,1.84e+19,2897408,579481.6,243821.560583637,946176,306688,net_read,B,1,uint64,0,1.84e+19,1.84e+19,7382477,1476495.4,50192.7863805149,1543622,1412998,net_write,B,1,uint64,0,1.84e+19,1.84e+19,1606319,321263.8,14435.0910963527,349644,311424,money,,1,float32,0,3.4e+38,0,0.0073953217807617,0.0014790643561523,1.11e-05,0.0014886112407769,0.0014577777140299,co2,g,1,float32,0,3.4e+38,0,9.50404626269531,1.90080925253906,0.0142850572982037,1.91307836480035,1.87345287272135
216,1_100_0.1_0.1_2_4_5_8192,1,100,0.1,0.1,2,4,5,8192,evaluateNN_3.0,1,,,True,2025-05-02T10:24:59.684,2025-05-02T10:24:59.684,runtime,s,1,float32,0,3.4e+38,-1,1336.26098632813,267.252197265625,1.94290512517253,270.916137695313,265.135772705078,energy,J,1,float32,0,3.4e+38,-1,71532.5517578125,14306.5103515625,123.442706806472,14550.814453125,14213.580078125,power,W,1,float32,0,3.4e+38,-1,267.301551818848,53.4603103637695,0.116928914786751,53.6519088745117,53.3381767272949,cpu_energy,J,1,float32,0,3.4e+38,-1,71532.5546875,14306.5107421875,123.442710876465,14550.814453125,14213.580078125,cpu_power,W,1,float32,0,3.4e+38,-1,267.301544189453,53.4603080749512,0.116928905248642,53.6519088745117,53.3381767272949,cpu_util,%,1,float32,0,100,-1,136.080612182617,27.216121673584,0.121503137052059,27.3216934204102,26.9887657165527,dram_mem,B,1,uint64,0,1.84e+19,1.84e+19,80815133878,16163026775.6,56600587.4386726,16228464770,16071885342,disk_write,B,1,uint64,0,1.84e+19,1.84e+19,32662016,6532403.2,1539400.57831227,9276928,5074432,disk_read,B,1,uint64,0,1.84e+19,1.84e+19,1942016,388403.2,395204.385970804,1038336,48640,net_read,B,1,uint64,0,1.84e+19,1.84e+19,6635024,1327004.8,57949.4065695241,1417213,1249635,net_write,B,1,uint64,0,1.84e+19,1.84e+19,1005983,201196.6,27278.7355102835,242530,158596,money,,1,float32,0,3.4e+38,0,0.0064597868267957,0.0012919573653591,1.11e-05,0.0013140193829752,0.0012835652453884,co2,g,1,float32,0,3.4e+38,0,8.30175003455946,1.66035000691189,0.0143262119177067,1.68870285514323,1.64956493240017
218,1_200_0.01_0.01_2_4_10_8192,1,200,0.01,0.01,2,4,10,8192,evaluateNN_3.0,1,,,True,2025-05-03T14:14:50.200,2025-05-03T14:14:50.200,runtime,s,1,float32,0,3.4e+38,-1,1884.38491821289,376.876983642578,1.77471234853917,379.591491699219,374.816680908203,energy,J,1,float32,0,3.4e+38,-1,107378.421875,21475.684375,129.663842895932,21643.6484375,21290.28125,power,W,1,float32,0,3.4e+38,-1,284.552494049072,56.9104988098145,0.0910255037355022,57.0173416137695,56.7457008361816,cpu_energy,J,1,float32,0,3.4e+38,-1,107378.421875,21475.68359375,129.663848876953,21643.6484375,21290.28125,cpu_power,W,1,float32,0,3.4e+38,-1,284.552490234375,56.9104995727539,0.0910255089402199,57.0173416137695,56.7457008361816,cpu_util,%,1,float32,0,100,-1,188.410522460938,37.6821060180664,0.185075849294662,37.9152221679688,37.3840408325195,dram_mem,B,1,uint64,0,1.84e+19,1.84e+19,80848435458,16169687091.6,55576206.3839981,16228097636,16099952901,disk_write,B,1,uint64,0,1.84e+19,1.84e+19,45749760,9149952.0,1103025.9733834,11215872,8195584,disk_read,B,1,uint64,0,1.84e+19,1.84e+19,1512960,302592.0,261095.503164647,657920,41984,net_read,B,1,uint64,0,1.84e+19,1.84e+19,7812056,1562411.2,33275.9463480755,1594394,1497977,net_write,B,1,uint64,0,1.84e+19,1.84e+19,1433147,286629.4,6284.01287713512,297260,277861,money,,1,float32,0,3.4e+38,0,0.0096968680421006,0.0019393736084201,1.17e-05,0.0019545416963975,0.0019226306762152,co2,g,1,float32,0,3.4e+38,0,12.4618624053819,2.49237248107639,0.0150482093227557,2.51186564366319,2.47085541840278
219,1_100_0.1_0.1_2_4_20_8192,1,100,0.1,0.1,2,4,20,8192,evaluateNN_3.0,1,,,True,2025-05-02T11:19:32.733,2025-05-02T11:19:32.733,runtime,s,1,float32,0,3.4e+38,-1,2947.93572998047,589.587145996094,4.24889640195614,597.514892578125,584.720581054688,energy,J,1,float32,0,3.4e+38,-1,176632.7578125,35326.5515625,223.452737015978,35728.76171875,35045.3203125,power,W,1,float32,0,3.4e+38,-1,299.339530944824,59.8679061889648,0.06408937615706,59.9195137023926,59.7435684204102,cpu_energy,J,1,float32,0,3.4e+38,-1,176632.75,35326.55078125,223.452743530273,35728.76171875,35045.3203125,cpu_power,W,1,float32,0,3.4e+38,-1,299.339538574219,59.8679084777832,0.064089372754097,59.9195137023926,59.7435684204102,cpu_util,%,1,float32,0,100,-1,234.565582275391,46.9131164550781,0.0539354458451271,46.9714508056641,46.8147468566895,dram_mem,B,1,uint64,0,1.84e+19,1.84e+19,80910208581,16182041716.2,49229829.2548683,16251906307,16102647777,disk_write,B,1,uint64,0,1.84e+19,1.84e+19,67134464,13426892.8,3280724.79513356,19773440,10603008,disk_read,B,1,uint64,0,1.84e+19,1.84e+19,4728832,945766.4,480036.892619557,1779712,523776,net_read,B,1,uint64,0,1.84e+19,1.84e+19,14829446,2965889.2,156497.113447373,3255313,2828884,net_write,B,1,uint64,0,1.84e+19,1.84e+19,2474871,494974.2,78346.533323179,613383,406386,money,,1,float32,0,3.4e+38,0,0.0159509193235677,0.0031901838647135,2.02e-05,0.0032265056763237,0.0031647871204427,co2,g,1,float32,0,3.4e+38,0,20.4992128372396,4.09984256744792,0.0259329315347985,4.1465212905816,4.06720411848958
220,1_200_0.1_0.1_2_4_10_8192,1,200,0.1,0.1,2,4,10,8192,evaluateNN_3.0,1,,,True,2025-05-05T21:00:10.088,2025-05-05T21:00:10.088,runtime,s,1,float32,0,3.4e+38,-1,1869.06948852539,373.813897705078,3.08138577348776,378.158386230469,370.613037109375,energy,J,1,float32,0,3.4e+38,-1,106441.658203125,21288.331640625,191.870759939855,21525.7578125,21084.55859375,power,W,1,float32,0,3.4e+38,-1,284.420417785645,56.8840835571289,0.0835023734871094,57.0371513366699,56.8158760070801,cpu_energy,J,1,float32,0,3.4e+38,-1,106441.65625,21288.33203125,191.870758056641,21525.7578125,21084.55859375,cpu_power,W,1,float32,0,3.4e+38,-1,284.42041015625,56.8840827941895,0.0835023671388626,57.0371513366699,56.8158760070801,cpu_util,%,1,float32,0,100,-1,188.069488525391,37.613899230957,0.147582486271858,37.7902641296387,37.398120880127,dram_mem,B,1,uint64,0,1.84e+19,1.84e+19,81876780976,16375356195.2,75101895.4830736,16457676535,16250266440,disk_write,B,1,uint64,0,1.84e+19,1.84e+19,50377728,10075545.6,3245826.98461256,16378880,7490048,disk_read,B,1,uint64,0,1.84e+19,1.84e+19,4190208,838041.6,768625.709482476,2037760,43520,net_read,B,1,uint64,0,1.84e+19,1.84e+19,9328096,1865619.2,129158.21134624,2024307,1646326,net_write,B,1,uint64,0,1.84e+19,1.84e+19,1999106,399821.2,83426.5400730487,554386,304049,money,,1,float32,0,3.4e+38,0,0.0096122730782877,0.0019224546156575,1.73e-05,0.0019438955180121,0.0019040527774522,co2,g,1,float32,0,3.4e+38,0,12.3531457770182,2.47062915540365,0.0222676676396864,2.49818378168403,2.44698016124132
222,1_100_0.1_0.1_1_16_20_8192,1,100,0.1,0.1,1,16,20,8192,evaluateNN_3.0,1,,,True,2025-05-02T09:54:15.617,2025-05-02T09:54:15.617,runtime,s,1,float32,0,3.4e+38,-1,1819.16754150391,363.833508300781,19.0299018414512,387.500091552734,337.021179199219,energy,J,1,float32,0,3.4e+38,-1,102554.455078125,20510.891015625,1252.53109503206,21988.01953125,18765.3046875,power,W,1,float32,0,3.4e+38,-1,281.429740905762,56.2859481811523,0.510772634221207,57.0389709472656,55.6350250244141,cpu_energy,J,1,float32,0,3.4e+38,-1,102554.453125,20510.890625,1252.53112792969,21988.01953125,18765.3046875,cpu_power,W,1,float32,0,3.4e+38,-1,281.429748535156,56.2859497070313,0.51077264547348,57.0389709472656,55.6350250244141,cpu_util,%,1,float32,0,100,-1,192.563140869141,38.5126266479492,1.57753658294678,40.4311065673828,36.2855033874512,dram_mem,B,1,uint64,0,1.84e+19,1.84e+19,80671538334,16134307666.8,72574547.8069997,16206399208,15995695750,disk_write,B,1,uint64,0,1.84e+19,1.84e+19,60077568,12015513.6,2663074.69900201,16477184,9478144,disk_read,B,1,uint64,0,1.84e+19,1.84e+19,5563904,1112780.8,608277.858731814,1714688,122880,net_read,B,1,uint64,0,1.84e+19,1.84e+19,9487102,1897420.4,117348.279615169,2063476,1787674,net_write,B,1,uint64,0,1.84e+19,1.84e+19,1773701,354740.2,106554.735272347,560126,273644,money,,1,float32,0,3.4e+38,0,0.0092612370405273,0.0018522474081054,0.0001131105163874,0.0019856403193359,0.0016946112649739,co2,g,1,float32,0,3.4e+38,0,11.9020142587891,2.38040285175781,0.145363192084554,2.55183182226563,2.17781786067708
228,1_200_0.01_0.01_1_4_10_8192,1,200,0.01,0.01,1,4,10,8192,evaluateNN_3.0,1,,,True,2025-05-03T10:27:10.710,2025-05-03T10:27:10.710,runtime,s,1,float32,0,3.4e+38,-1,1514.12240600586,302.824481201172,2.60323568232743,307.047424316406,300.298583984375,energy,J,1,float32,0,3.4e+38,-1,82612.7822265625,16522.5564453125,143.278388739684,16717.140625,16323.3916015625,power,W,1,float32,0,3.4e+38,-1,272.384395599365,54.4768791198731,0.202435578847443,54.8504104614258,54.2646598815918,cpu_energy,J,1,float32,0,3.4e+38,-1,82612.78125,16522.556640625,143.278396606445,16717.140625,16323.3916015625,cpu_power,W,1,float32,0,3.4e+38,-1,272.384368896484,54.4768753051758,0.202435582876205,54.8504104614258,54.2646598815918,cpu_util,%,1,float32,0,100,-1,162.755645751953,32.5511283874512,0.204874634742737,32.8212394714356,32.3198661804199,dram_mem,B,1,uint64,0,1.84e+19,1.84e+19,80623164384,16124632876.8,50542181.3486983,16196813584,16079216083,disk_write,B,1,uint64,0,1.84e+19,1.84e+19,34379264,6875852.8,487717.300662751,7455744,6243840,disk_read,B,1,uint64,0,1.84e+19,1.84e+19,1865216,373043.2,267612.482081386,772096,17920,net_read,B,1,uint64,0,1.84e+19,1.84e+19,6928264,1385652.8,64069.920204102,1492796,1297617,net_write,B,1,uint64,0,1.84e+19,1.84e+19,1445702,289140.4,34190.068005782,330127,229962,money,,1,float32,0,3.4e+38,0,0.0074603931949598,0.0014920786389919,1.29e-05,0.0015096506714409,0.0014740929471299,co2,g,1,float32,0,3.4e+38,0,9.58767233729384,1.91753446745877,0.0166282530042888,1.94011704253472,1.89442028087023
232,1_100_0.1_0.1_2_16_20_8192,1,100,0.1,0.1,2,16,20,8192,evaluateNN_3.0,1,,,True,2025-05-02T14:17:57.440,2025-05-02T14:17:57.440,runtime,s,1,float32,0,3.4e+38,-1,2381.94720458984,476.389440917969,11.6235925506027,489.666900634766,457.508453369141,energy,J,1,float32,0,3.4e+38,-1,139899.017578125,27979.803515625,680.677108088309,28746.556640625,26894.65234375,power,W,1,float32,0,3.4e+38,-1,293.385982513428,58.6771965026856,0.0438560793826619,58.7365226745606,58.6348342895508,cpu_energy,J,1,float32,0,3.4e+38,-1,139899.03125,27979.806640625,680.677124023438,28746.556640625,26894.65234375,cpu_power,W,1,float32,0,3.4e+38,-1,293.385955810547,58.6771926879883,0.0438560768961906,58.7365226745606,58.6348342895508,cpu_util,%,1,float32,0,100,-1,227.897659301758,45.579532623291,0.48382568359375,46.0707550048828,44.7381286621094,dram_mem,B,1,uint64,0,1.84e+19,1.84e+19,80028321503,16005664300.6,53580200.5820186,16051468429,15901179795,disk_write,B,1,uint64,0,1.84e+19,1.84e+19,54881280,10976256.0,1342626.22116746,13170688,9209344,disk_read,B,1,uint64,0,1.84e+19,1.84e+19,2264064,452812.8,356517.56705464,1001472,26112,net_read,B,1,uint64,0,1.84e+19,1.84e+19,12348008,2469601.6,226885.426529427,2860675,2197951,net_write,B,1,uint64,0,1.84e+19,1.84e+19,1899245,379849.0,43023.9049366745,448898,328300,money,,1,float32,0,3.4e+38,0,0.012633658504069,0.0025267317008138,6.15e-05,0.0025959737677408,0.0024287365213758,co2,g,1,float32,0,3.4e+38,0,16.2360582067057,3.24721164134115,0.0789963599331378,3.33619760123698,3.12127381922743
235,1_200_0.1_0_3_8_5_8192,1,200,0.1,0.0,3,8,5,8192,evaluateNN_3.0,1,,,True,2025-05-04T23:56:27.700,2025-05-04T23:56:27.700,runtime,s,1,float32,0,3.4e+38,-1,1254.62677001953,250.925354003906,8.74319376495197,262.640930175781,236.858322143555,energy,J,1,float32,0,3.4e+38,-1,65756.1904296875,13151.2380859375,554.95357694194,13901.8544921875,12267.32421875,power,W,1,float32,0,3.4e+38,-1,261.621517181397,52.3243034362793,0.388095154429938,52.8633117675781,51.7340965270996,cpu_energy,J,1,float32,0,3.4e+38,-1,65756.1875,13151.2373046875,554.953552246094,13901.8544921875,12267.32421875,cpu_power,W,1,float32,0,3.4e+38,-1,261.621520996094,52.3243026733398,0.388095170259476,52.8633117675781,51.7340965270996,cpu_util,%,1,float32,0,100,-1,130.266204833984,26.0532417297363,1.34422338008881,27.9780311584473,23.8428554534912,dram_mem,B,1,uint64,0,1.84e+19,1.84e+19,80566475998,16113295199.6,114815519.327458,16279696943,15945277155,disk_write,B,1,uint64,0,1.84e+19,1.84e+19,42961920,8592384.0,3577554.63413097,13742592,5037056,disk_read,B,1,uint64,0,1.84e+19,1.84e+19,11140096,2228019.2,2548965.98027093,6997504,10240,net_read,B,1,uint64,0,1.84e+19,1.84e+19,6766533,1353306.6,340739.64576292,2027771,1093192,net_write,B,1,uint64,0,1.84e+19,1.84e+19,1587384,317476.8,105958.474663238,519762,208630,money,,1,float32,0,3.4e+38,0,0.0059381493079698,0.0011876298615939,5.01e-05,0.0012554146931694,0.0011078075287543,co2,g,1,float32,0,3.4e+38,0,7.63137121153429,1.52627424230686,0.0644054456795396,1.61338744634332,1.42369112738715
237,1_200_0.1_0.1_1_8_10_8192,1,200,0.1,0.1,1,8,10,8192,evaluateNN_3.0,1,,,True,2025-05-05T18:31:56.749,2025-05-05T18:31:56.749,runtime,s,1,float32,0,3.4e+38,-1,1316.86697387695,263.373394775391,7.18874550576837,274.021820068359,255.627960205078,energy,J,1,float32,0,3.4e+38,-1,69813.232421875,13962.646484375,447.179414040152,14653.7353515625,13427.958984375,power,W,1,float32,0,3.4e+38,-1,264.742527008057,52.9485054016113,0.313859323683183,53.4308280944824,52.4402275085449,cpu_energy,J,1,float32,0,3.4e+38,-1,69813.234375,13962.646484375,447.179412841797,14653.7353515625,13427.958984375,cpu_power,W,1,float32,0,3.4e+38,-1,264.742523193359,52.9485054016113,0.313859313726425,53.4308280944824,52.4402275085449,cpu_util,%,1,float32,0,100,-1,138.864837646484,27.7729682922363,1.05032312870026,29.3603649139404,26.4404678344727,dram_mem,B,1,uint64,0,1.84e+19,1.84e+19,81536147758,16307229551.6,57546634.3344052,16402043198,16236705729,disk_write,B,1,uint64,0,1.84e+19,1.84e+19,33869824,6773964.8,1786156.85098912,10341888,5712896,disk_read,B,1,uint64,0,1.84e+19,1.84e+19,3027968,605593.6,614307.611186969,1527296,11264,net_read,B,1,uint64,0,1.84e+19,1.84e+19,6515046,1303009.2,66973.506446654,1391432,1196035,net_write,B,1,uint64,0,1.84e+19,1.84e+19,1310495,262099.0,10272.2319872557,274829,249778,money,,1,float32,0,3.4e+38,0,0.0063045227389865,0.0012609045477973,4.04e-05,0.0013233137118869,0.0012126192960612,co2,g,1,float32,0,3.4e+38,0,8.10221347384983,1.62044269476997,0.0518976553294376,1.70064739718967,1.55838923990885
240,1_100_0.01_0_1_4_10_8192,1,100,0.01,0.0,1,4,10,8192,evaluateNN_3.0,1,,,True,2025-04-29T10:31:30.613,2025-04-29T10:31:30.613,runtime,s,1,float32,0,3.4e+38,-1,1506.01522827148,301.203045654297,4.41598184854412,309.253509521484,296.141815185547,energy,J,1,float32,0,3.4e+38,-1,81840.025390625,16368.005078125,248.060701750304,16801.796875,16093.5380859375,power,W,1,float32,0,3.4e+38,-1,271.293380737305,54.2586761474609,0.116761734624548,54.4180068969727,54.0664176940918,cpu_energy,J,1,float32,0,3.4e+38,-1,81840.0234375,16368.0048828125,248.06071472168,16801.796875,16093.5380859375,cpu_power,W,1,float32,0,3.4e+38,-1,271.293395996094,54.2586784362793,0.116761736571789,54.4180068969727,54.0664176940918,cpu_util,%,1,float32,0,100,-1,162.018035888672,32.4036064147949,0.317076772451401,32.936653137207,31.9882526397705,dram_mem,B,1,uint64,0,1.84e+19,1.84e+19,79263586613,15852717322.6,71712917.6989091,15950804359,15750530288,disk_write,B,1,uint64,0,1.84e+19,1.84e+19,51575808,10315161.6,4703634.15195126,19318272,6666240,disk_read,B,1,uint64,0,1.84e+19,1.84e+19,1219584,243916.8,290655.61323766,780800,13312,net_read,B,1,uint64,0,1.84e+19,1.84e+19,8315317,1663063.4,39931.8530278774,1733726,1624146,net_write,B,1,uint64,0,1.84e+19,1.84e+19,1529747,305949.4,21395.5130211921,335156,278768,money,,1,float32,0,3.4e+38,0,0.0073906089595811,0.0014781217919162,2.24e-05,0.0015172956011284,0.001453335897705,co2,g,1,float32,0,3.4e+38,0,9.49798961338976,1.89959792267795,0.0287888225531325,1.94994187065972,1.86774450341797
241,1_200_0.01_0.01_2_8_10_8192,1,200,0.01,0.01,2,8,10,8192,evaluateNN_3.0,1,,,True,2025-05-03T15:56:35.072,2025-05-03T15:56:35.072,runtime,s,1,float32,0,3.4e+38,-1,1551.63192749023,310.326385498047,6.70996167528939,318.74853515625,300.316528320313,energy,J,1,float32,0,3.4e+38,-1,85007.71875,17001.54375,427.609792247874,17560.05859375,16363.61328125,power,W,1,float32,0,3.4e+38,-1,273.544345855713,54.7088691711426,0.231448890177019,55.0317497253418,54.402587890625,cpu_energy,J,1,float32,0,3.4e+38,-1,85007.71875,17001.54296875,427.609832763672,17560.05859375,16363.61328125,cpu_power,W,1,float32,0,3.4e+38,-1,273.544342041016,54.708869934082,0.231448888778687,55.0317497253418,54.402587890625,cpu_util,%,1,float32,0,100,-1,167.348022460938,33.4696044921875,0.720469772815704,34.4640617370606,32.5019912719727,dram_mem,B,1,uint64,0,1.84e+19,1.84e+19,80269466879,16053893375.8,58077730.6443031,16104374870,15960351365,disk_write,B,1,uint64,0,1.84e+19,1.84e+19,42863104,8572620.8,2894669.08605943,13353984,5719040,disk_read,B,1,uint64,0,1.84e+19,1.84e+19,3758592,751718.4,475209.086792582,1516544,14336,net_read,B,1,uint64,0,1.84e+19,1.84e+19,6798488,1359697.6,78204.3334083221,1479703,1236873,net_write,B,1,uint64,0,1.84e+19,1.84e+19,1394134,278826.8,65327.3527625297,397105,216691,money,,1,float32,0,3.4e+38,0,0.0076766692682291,0.0015353338536458,3.86e-05,0.0015857708468967,0.0014777251882595,co2,g,1,float32,0,3.4e+38,0,9.86561802604167,1.97312360520833,0.0496264920003225,2.03794235568576,1.89908823025174
244,1_100_0.01_0.01_1_4_20_8192,1,100,0.01,0.01,1,4,20,8192,evaluateNN_3.0,1,,,True,2025-04-30T00:35:00.377,2025-04-30T00:35:00.377,runtime,s,1,float32,0,3.4e+38,-1,2215.33480834961,443.066961669922,5.55848825527512,449.3720703125,434.915222167969,energy,J,1,float32,0,3.4e+38,-1,128125.82421875,25625.16484375,364.219672822324,26104.2734375,25115.15625,power,W,1,float32,0,3.4e+38,-1,288.843082427979,57.7686164855957,0.131465952884597,58.0195846557617,57.645565032959,cpu_energy,J,1,float32,0,3.4e+38,-1,128125.8203125,25625.1640625,364.219665527344,26104.2734375,25115.15625,cpu_power,W,1,float32,0,3.4e+38,-1,288.843078613281,57.7686157226563,0.131465956568718,58.0195846557617,57.645565032959,cpu_util,%,1,float32,0,100,-1,215.594650268555,43.1189308166504,0.294195145368576,43.591796875,42.6903686523438,dram_mem,B,1,uint64,0,1.84e+19,1.84e+19,80247393169,16049478633.8,57548035.9329306,16157849010,15986361600,disk_write,B,1,uint64,0,1.84e+19,1.84e+19,55951872,11190374.4,3632905.44949233,18264064,8273408,disk_read,B,1,uint64,0,1.84e+19,1.84e+19,5277184,1055436.8,731197.996699225,2222592,222720,net_read,B,1,uint64,0,1.84e+19,1.84e+19,11000133,2200026.6,111185.51579338,2388477,2046565,net_write,B,1,uint64,0,1.84e+19,1.84e+19,2599467,519893.4,65506.1937364705,640310,454043,money,,1,float32,0,3.4e+38,0,0.0115704737370877,0.0023140947474175,3.29e-05,0.0023573609151475,0.0022680381380208,co2,g,1,float32,0,3.4e+38,0,14.8697137107205,2.9739427421441,0.0422697164736576,3.02954595616319,2.91475341145833
245,1_200_0.1_0.1_2_16_5_8192,1,200,0.1,0.1,2,16,5,8192,evaluateNN_3.0,1,,,True,2025-05-05T23:43:01.080,2025-05-05T23:43:01.080,runtime,s,1,float32,0,3.4e+38,-1,1183.89695739746,236.779391479492,5.72072735991152,241.482421875,227.580276489258,energy,J,1,float32,0,3.4e+38,-1,61274.4453125,12254.8890625,351.788969231969,12517.513671875,11617.693359375,power,W,1,float32,0,3.4e+38,-1,258.379058837891,51.6758117675781,0.374083656134938,52.0714721679688,50.9738006591797,cpu_energy,J,1,float32,0,3.4e+38,-1,61274.4453125,12254.888671875,351.788970947266,12517.513671875,11617.693359375,cpu_power,W,1,float32,0,3.4e+38,-1,258.379058837891,51.6758117675781,0.374083667993546,52.0714721679688,50.9738006591797,cpu_util,%,1,float32,0,100,-1,118.719741821289,23.7439479827881,1.18608093261719,24.6623954772949,21.6912651062012,dram_mem,B,1,uint64,0,1.84e+19,1.84e+19,81519639230,16303927846.0,65522328.5847337,16378354329,16204987754,disk_write,B,1,uint64,0,1.84e+19,1.84e+19,34997248,6999449.6,3046948.51172209,13024768,4901376,disk_read,B,1,uint64,0,1.84e+19,1.84e+19,7259136,1451827.2,2537917.5868333,6508032,11264,net_read,B,1,uint64,0,1.84e+19,1.84e+19,6636147,1327229.4,328286.418759351,1975654,1090077,net_write,B,1,uint64,0,1.84e+19,1.84e+19,1443312,288662.4,95651.4796573477,479325,229309,money,,1,float32,0,3.4e+38,0,0.0055334228253038,0.0011066845650607,3.18e-05,0.0011304010263129,0.0010491422530924,co2,g,1,float32,0,3.4e+38,0,7.11123979210069,1.42224795842014,0.0408270642625324,1.45272700336372,1.34829785709635
246,1_200_0.01_0.01_3_8_5_8192,1,200,0.01,0.01,3,8,5,8192,evaluateNN_3.0,1,,,True,2025-05-03T20:36:39.359,2025-05-03T20:36:39.359,runtime,s,1,float32,0,3.4e+38,-1,1283.0004119873,256.600082397461,6.18527212780942,268.113739013672,250.8408203125,energy,J,1,float32,0,3.4e+38,-1,67539.6474609375,13507.9294921875,427.999191912842,14303.80859375,13109.486328125,power,W,1,float32,0,3.4e+38,-1,262.768928527832,52.5537857055664,0.377068841489508,53.2463073730469,52.2063865661621,cpu_energy,J,1,float32,0,3.4e+38,-1,67539.6484375,13507.9296875,427.999206542969,14303.80859375,13109.486328125,cpu_power,W,1,float32,0,3.4e+38,-1,262.768920898438,52.5537834167481,0.377068847417831,53.2463073730469,52.2063865661621,cpu_util,%,1,float32,0,100,-1,133.394744873047,26.6789493560791,0.964921176433563,28.46555519104,25.7107162475586,dram_mem,B,1,uint64,0,1.84e+19,1.84e+19,80734878203,16146975640.6,103538450.191091,16232753402,15958506624,disk_write,B,1,uint64,0,1.84e+19,1.84e+19,29295104,5859020.8,582075.558193058,6823936,5233664,disk_read,B,1,uint64,0,1.84e+19,1.84e+19,803328,160665.6,161756.804273082,419328,16896,net_read,B,1,uint64,0,1.84e+19,1.84e+19,5780153,1156030.6,104279.5192674,1342105,1048788,net_write,B,1,uint64,0,1.84e+19,1.84e+19,1162840,232568.0,39180.9503049633,288226,169966,money,,1,float32,0,3.4e+38,0,0.0060992053859863,0.0012198410771972,3.87e-05,0.0012917133816189,0.0011838594459092,co2,g,1,float32,0,3.4e+38,0,7.83835130810547,1.56767026162109,0.0496716839947737,1.66003645290799,1.52142871885851
248,1_200_0.1_0.01_1_4_5_8192,1,200,0.1,0.01,1,4,5,8192,evaluateNN_3.0,1,,,True,2025-05-05T03:08:15.898,2025-05-05T03:08:15.898,runtime,s,1,float32,0,3.4e+38,-1,1177.77705383301,235.555410766602,7.43801964294252,250.351913452148,230.879364013672,energy,J,1,float32,0,3.4e+38,-1,59641.7861328125,11928.3572265625,125.977157602761,12161.26953125,11804.4521484375,power,W,1,float32,0,3.4e+38,-1,252.98291015625,50.59658203125,1.05310130862329,51.1973648071289,48.4925765991211,cpu_energy,J,1,float32,0,3.4e+38,-1,59641.78515625,11928.357421875,125.977157592773,12161.26953125,11804.4521484375,cpu_power,W,1,float32,0,3.4e+38,-1,252.98291015625,50.5965805053711,1.05310130119324,51.1973648071289,48.4925765991211,cpu_util,%,1,float32,0,100,-1,111.027488708496,22.2054977416992,0.742804408073425,22.7478637695313,20.7357158660889,dram_mem,B,1,uint64,0,1.84e+19,1.84e+19,79913736853,15982747370.6,322450050.867776,16184255181,15342321924,disk_write,B,1,uint64,0,1.84e+19,1.84e+19,30750720,6150144.0,1861139.56435384,9722880,4491264,disk_read,B,1,uint64,0,1.84e+19,1.84e+19,4428544000,885708800.0,1769576980.09091,4424861696,11264,net_read,B,1,uint64,0,1.84e+19,1.84e+19,4847941,969588.2,26492.1177062159,1003096,927442,net_write,B,1,uint64,0,1.84e+19,1.84e+19,927877,185575.4,7074.49250759374,196879,175584,money,,1,float32,0,3.4e+38,0,0.0053859846310492,0.0010771969262098,1.14e-05,0.0010982302012803,0.0010660076092936,co2,g,1,float32,0,3.4e+38,0,6.92176062396918,1.38435212479384,0.0146203490128982,1.41138289171007,1.36997225211589
249,1_100_0.01_0_1_8_10_8192,1,100,0.01,0.0,1,8,10,8192,evaluateNN_3.0,1,,,True,2025-04-29T11:52:14.647,2025-04-29T11:52:14.647,runtime,s,1,float32,0,3.4e+38,-1,1289.6490020752,257.929800415039,3.60999967654077,262.4521484375,253.448608398438,energy,J,1,float32,0,3.4e+38,-1,67653.265625,13530.653125,216.248064960267,13794.755859375,13230.6640625,power,W,1,float32,0,3.4e+38,-1,261.898853302002,52.3797706604004,0.132842568204625,52.4873466491699,52.1231689453125,cpu_energy,J,1,float32,0,3.4e+38,-1,67653.265625,13530.6533203125,216.248062133789,13794.755859375,13230.6640625,cpu_power,W,1,float32,0,3.4e+38,-1,261.898864746094,52.3797721862793,0.132842570543289,52.4873466491699,52.1231689453125,cpu_util,%,1,float32,0,100,-1,136.578659057617,27.315731048584,0.449870645999908,28.0148277282715,26.7462749481201,dram_mem,B,1,uint64,0,1.84e+19,1.84e+19,81650208876,16330041775.2,167348254.002568,16583650658,16056139962,disk_write,B,1,uint64,0,1.84e+19,1.84e+19,37023232,7404646.4,979832.067144896,8720896,6400000,disk_read,B,1,uint64,0,1.84e+19,1.84e+19,4631040,926208.0,858396.974160557,2472448,38400,net_read,B,1,uint64,0,1.84e+19,1.84e+19,7905455,1581091.0,141640.242203973,1830009,1438097,net_write,B,1,uint64,0,1.84e+19,1.84e+19,1383132,276626.4,84731.2579290547,432983,202701,money,,1,float32,0,3.4e+38,0,0.0061094657374131,0.0012218931474826,1.95e-05,0.0012457430916341,0.0011948024685329,co2,g,1,float32,0,3.4e+38,0,7.85153732725695,1.57030746545139,0.0250967893167777,1.60095805501302,1.53549206814236
251,1_100_0.1_0.01_3_4_20_8192,1,100,0.1,0.01,3,4,20,8192,evaluateNN_3.0,1,,,True,2025-05-02T02:20:32.892,2025-05-02T02:20:32.892,runtime,s,1,float32,0,3.4e+38,-1,3791.65930175781,758.331860351563,4.93130141942759,766.117004394531,752.725341796875,energy,J,1,float32,0,3.4e+38,-1,232241.96875,46448.39375,328.478326392205,47001.78125,46105.1484375,power,W,1,float32,0,3.4e+38,-1,306.036262512207,61.2072525024414,0.0582903121269741,61.2947387695313,61.1154556274414,cpu_energy,J,1,float32,0,3.4e+38,-1,232241.96875,46448.39453125,328.478332519531,47001.78125,46105.1484375,cpu_power,W,1,float32,0,3.4e+38,-1,306.036254882813,61.2072525024414,0.0582903102040291,61.2947387695313,61.1154556274414,cpu_util,%,1,float32,0,100,-1,247.912933349609,49.5825881958008,0.112939059734344,49.7661437988281,49.4609489440918,dram_mem,B,1,uint64,0,1.84e+19,1.84e+19,80588466370,16117693274.0,45623762.3369731,16160148433,16033265745,disk_write,B,1,uint64,0,1.84e+19,1.84e+19,93709312,18741862.4,4620150.7315779,27896832,15797760,disk_read,B,1,uint64,0,1.84e+19,1.84e+19,5944320,1188864.0,765091.452415984,2641920,422912,net_read,B,1,uint64,0,1.84e+19,1.84e+19,16325421,3265084.2,167366.1937243,3589282,3120098,net_write,B,1,uint64,0,1.84e+19,1.84e+19,3110259,622051.8,50689.4840510337,712124,554721,money,,1,float32,0,3.4e+38,0,0.0209727400112847,0.0041945480022569,2.97e-05,0.0042445219678819,0.0041635510436197,co2,g,1,float32,0,3.4e+38,0,26.9529707065972,5.39059414131945,0.0381217346574065,5.45481783506945,5.35075861588542
253,1_100_0.01_0_2_4_10_8192,1,100,0.01,0.0,2,4,10,8192,evaluateNN_3.0,1,,,True,2025-04-29T14:18:00.474,2025-04-29T14:18:00.474,runtime,s,1,float32,0,3.4e+38,-1,1870.87606811523,374.175213623047,2.1506497302895,377.142120361328,371.201629638672,energy,J,1,float32,0,3.4e+38,-1,106607.423828125,21321.484765625,138.20057045892,21439.6953125,21110.48828125,power,W,1,float32,0,3.4e+38,-1,284.531471252441,56.9062942504883,0.167326083541504,57.1745223999023,56.7018280029297,cpu_energy,J,1,float32,0,3.4e+38,-1,106607.4296875,21321.486328125,138.200561523438,21439.6953125,21110.48828125,cpu_power,W,1,float32,0,3.4e+38,-1,284.531463623047,56.9062919616699,0.167326092720032,57.1745223999023,56.7018280029297,cpu_util,%,1,float32,0,100,-1,188.076126098633,37.6152267456055,0.0857096835970879,37.7106094360352,37.5163536071777,dram_mem,B,1,uint64,0,1.84e+19,1.84e+19,81666166867,16333233373.4,108704851.693456,16439148357,16125965887,disk_write,B,1,uint64,0,1.84e+19,1.84e+19,43617792,8723558.4,1211861.29580866,10667008,7006208,disk_read,B,1,uint64,0,1.84e+19,1.84e+19,1773056,354611.2,372823.564220075,947200,23040,net_read,B,1,uint64,0,1.84e+19,1.84e+19,10924065,2184813.0,73689.3244778374,2303138,2072925,net_write,B,1,uint64,0,1.84e+19,1.84e+19,1386113,277222.6,30951.5545044187,313484,225756,money,,1,float32,0,3.4e+38,0,0.0096272426351454,0.001925448527029,1.25e-05,0.0019361235961371,0.0019063943722873,co2,g,1,float32,0,3.4e+38,0,12.3723837987196,2.47447675974392,0.0160389439827048,2.48819575043403,2.44998944552951
255,1_100_0.1_0_2_16_10_8192,1,100,0.1,0.0,2,16,10,8192,evaluateNN_3.0,1,,,True,2025-05-01T10:28:24.825,2025-05-01T10:28:24.825,runtime,s,1,float32,0,3.4e+38,-1,1507.75268554688,301.550537109375,18.709951948937,325.600250244141,272.507598876953,energy,J,1,float32,0,3.4e+38,-1,81560.48828125,16312.09765625,1181.24799532927,17779.310546875,14469.953125,power,W,1,float32,0,3.4e+38,-1,269.936813354492,53.9873626708984,0.605916996438514,54.5408554077148,53.0259590148926,cpu_energy,J,1,float32,0,3.4e+38,-1,81560.4921875,16312.0986328125,1181.24792480469,17779.310546875,14469.953125,cpu_power,W,1,float32,0,3.4e+38,-1,269.936798095703,53.9873580932617,0.605917036533356,54.5408554077148,53.0259590148926,cpu_util,%,1,float32,0,100,-1,158.371520996094,31.6743049621582,2.14159893989563,34.2039756774902,28.1886863708496,dram_mem,B,1,uint64,0,1.84e+19,1.84e+19,80442752286,16088550457.2,33322767.9933411,16143222335,16046377961,disk_write,B,1,uint64,0,1.84e+19,1.84e+19,35226112,7045222.4,995619.902546268,8106496,5395968,disk_read,B,1,uint64,0,1.84e+19,1.84e+19,1805824,361164.8,422750.757445756,1174016,38400,net_read,B,1,uint64,0,1.84e+19,1.84e+19,7328138,1465627.6,77832.4773641441,1579623,1344153,net_write,B,1,uint64,0,1.84e+19,1.84e+19,1607347,321469.4,16621.7740280633,337432,290269,money,,1,float32,0,3.4e+38,0,0.0073653652056206,0.0014730730411241,0.000106673256467,0.0016055705163303,0.0013067171558159,co2,g,1,float32,0,3.4e+38,0,9.46554777886285,1.89310955577257,0.137090392346825,2.06338776291233,1.67931844878472
257,1_200_0.1_0.01_1_4_10_8192,1,200,0.1,0.01,1,4,10,8192,evaluateNN_3.0,1,,,True,2025-05-05T03:28:18.628,2025-05-05T03:28:18.628,runtime,s,1,float32,0,3.4e+38,-1,1520.27716064453,304.055432128906,2.10098328750228,307.335327148438,301.75439453125,energy,J,1,float32,0,3.4e+38,-1,82879.740234375,16575.948046875,147.627208368772,16806.052734375,16398.03125,power,W,1,float32,0,3.4e+38,-1,272.240592956543,54.4481185913086,0.141322383581786,54.6147689819336,54.2817649841309,cpu_energy,J,1,float32,0,3.4e+38,-1,82879.7421875,16575.94921875,147.627212524414,16806.052734375,16398.03125,cpu_power,W,1,float32,0,3.4e+38,-1,272.240600585938,54.4481201171875,0.141322389245033,54.6147689819336,54.2817649841309,cpu_util,%,1,float32,0,100,-1,163.542999267578,32.7085990905762,0.323634803295136,33.2339820861816,32.4059448242188,dram_mem,B,1,uint64,0,1.84e+19,1.84e+19,80515500963,16103100192.6,80680686.9487838,16218424913,15985857269,disk_write,B,1,uint64,0,1.84e+19,1.84e+19,35630592,7126118.4,740312.866019658,8387072,6345216,disk_read,B,1,uint64,0,1.84e+19,1.84e+19,2391040,478208.0,258993.265506268,938496,157696,net_read,B,1,uint64,0,1.84e+19,1.84e+19,6273264,1254652.8,26448.8797070878,1296073,1225351,net_write,B,1,uint64,0,1.84e+19,1.84e+19,1158505,231701.0,16814.6129542134,259842,209274,money,,1,float32,0,3.4e+38,0,0.0074845009861653,0.001496900197233,1.33e-05,0.0015176799288737,0.0014808333220486,co2,g,1,float32,0,3.4e+38,0,9.61865429720052,1.9237308594401,0.0171329576823537,1.95043578678385,1.90308262673611
261,1_200_0.01_0_3_8_20_8192,1,200,0.01,0.0,3,8,20,8192,evaluateNN_3.0,1,,,True,2025-05-03T07:40:44.363,2025-05-03T07:40:44.363,runtime,s,1,float32,0,3.4e+38,-1,2577.72760009766,515.545520019531,8.24948329279626,529.094360351563,506.163848876953,energy,J,1,float32,0,3.4e+38,-1,151769.333984375,30353.866796875,552.952962918031,31282.01171875,29793.404296875,power,W,1,float32,0,3.4e+38,-1,294.056163787842,58.8112327575684,0.198363201159084,59.0577926635742,58.5572090148926,cpu_energy,J,1,float32,0,3.4e+38,-1,151769.328125,30353.865234375,552.952941894531,31282.01171875,29793.404296875,cpu_power,W,1,float32,0,3.4e+38,-1,294.056182861328,58.8112373352051,0.198363199830055,59.0577926635742,58.5572090148926,cpu_util,%,1,float32,0,100,-1,233.974655151367,46.7949295043945,0.342345893383026,47.3659133911133,46.4574775695801,dram_mem,B,1,uint64,0,1.84e+19,1.84e+19,80692420509,16138484101.8,47436491.3576592,16210651447,16077361278,disk_write,B,1,uint64,0,1.84e+19,1.84e+19,67418112,13483622.4,4261522.60184689,21953536,10612224,disk_read,B,1,uint64,0,1.84e+19,1.84e+19,4448256,889651.2,1117341.74680988,2968064,24064,net_read,B,1,uint64,0,1.84e+19,1.84e+19,12209117,2441823.4,136131.207701394,2614064,2281162,net_write,B,1,uint64,0,1.84e+19,1.84e+19,2818735,563747.0,101873.191928004,748167,463589,money,,1,float32,0,3.4e+38,0,0.0137056140217556,0.0027411228043511,4.99e-05,0.0028249394471571,0.0026905099269205,co2,g,1,float32,0,3.4e+38,0,17.6136743718533,3.52273487437066,0.0641732633075426,3.63045124891493,3.4576900875651
262,1_100_0.1_0.1_2_8_10_8192,1,100,0.1,0.1,2,8,10,8192,evaluateNN_3.0,1,,,True,2025-05-02T12:28:42.123,2025-05-02T12:28:42.123,runtime,s,1,float32,0,3.4e+38,-1,1534.65985107422,306.931970214844,7.50740758185026,316.108917236328,295.966583251953,energy,J,1,float32,0,3.4e+38,-1,83086.728515625,16617.345703125,490.688073535779,17239.33984375,15925.9765625,power,W,1,float32,0,3.4e+38,-1,270.319465637207,54.0638931274414,0.271435469908977,54.4433670043945,53.76220703125,cpu_energy,J,1,float32,0,3.4e+38,-1,83086.734375,16617.34765625,490.688079833984,17239.33984375,15925.9765625,cpu_power,W,1,float32,0,3.4e+38,-1,270.319458007813,54.063892364502,0.271435469388962,54.4433670043945,53.76220703125,cpu_util,%,1,float32,0,100,-1,162.064758300781,32.4129524230957,0.821389675140381,33.4588050842285,31.2313137054443,dram_mem,B,1,uint64,0,1.84e+19,1.84e+19,80235423009,16047084601.8,52224170.862427,16115845545,15965491917,disk_write,B,1,uint64,0,1.84e+19,1.84e+19,35339264,7067852.8,816406.924883517,7869440,5878784,disk_read,B,1,uint64,0,1.84e+19,1.84e+19,2547712,509542.4,591279.572851151,1377280,19968,net_read,B,1,uint64,0,1.84e+19,1.84e+19,7857323,1571464.6,71994.7540550004,1660336,1478761,net_write,B,1,uint64,0,1.84e+19,1.84e+19,1414459,282891.8,40034.1451333733,331157,222313,money,,1,float32,0,3.4e+38,0,0.0075031931778971,0.0015006386355794,4.43e-05,0.0015568081620008,0.0014382041612413,co2,g,1,float32,0,3.4e+38,0,9.64267643717448,1.9285352874349,0.0569470769786801,2.00072116297743,1.84829805772569
265,1_200_0.01_0_1_16_10_8192,1,200,0.01,0.0,1,16,10,8192,evaluateNN_3.0,1,,,True,2025-05-02T23:15:02.375,2025-05-02T23:15:02.375,runtime,s,1,float32,0,3.4e+38,-1,1304.73240661621,260.946481323242,5.3146842408738,266.315765380859,251.773696899414,energy,J,1,float32,0,3.4e+38,-1,69391.7900390625,13878.3580078125,371.49334319793,14356.033203125,13283.767578125,power,W,1,float32,0,3.4e+38,-1,265.50178527832,53.1003570556641,0.390272758396147,53.8139572143555,52.6981430053711,cpu_energy,J,1,float32,0,3.4e+38,-1,69391.7890625,13878.357421875,371.493347167969,14356.033203125,13283.767578125,cpu_power,W,1,float32,0,3.4e+38,-1,265.501770019531,53.1003532409668,0.3902727663517,53.8139572143555,52.6981430053711,cpu_util,%,1,float32,0,100,-1,140.037307739258,28.0074615478516,0.808823466300964,28.832836151123,26.7035579681397,dram_mem,B,1,uint64,0,1.84e+19,1.84e+19,80222313539,16044462707.8,55234242.7645005,16100210269,15948665446,disk_write,B,1,uint64,0,1.84e+19,1.84e+19,34667520,6933504.0,1657522.96098968,9983488,5509120,disk_read,B,1,uint64,0,1.84e+19,1.84e+19,937984,187596.8,260211.19464804,684544,12800,net_read,B,1,uint64,0,1.84e+19,1.84e+19,5414219,1082843.8,41844.7187080998,1146403,1021636,net_write,B,1,uint64,0,1.84e+19,1.84e+19,1066425,213285.0,30933.7267654578,274329,190014,money,,1,float32,0,3.4e+38,0,0.006266464150472,0.0012532928300944,3.35e-05,0.0012964295539822,0.0011995980110134,co2,g,1,float32,0,3.4e+38,0,8.05330274397787,1.61066054879557,0.0431138663300264,1.66609740896267,1.54165502615017
266,1_100_0.1_0_3_8_10_8192,1,100,0.1,0.0,3,8,10,8192,evaluateNN_3.0,1,,,True,2025-05-01T14:03:18.031,2025-05-01T14:03:18.031,runtime,s,1,float32,0,3.4e+38,-1,1731.14874267578,346.229748535156,11.1116876562211,360.34423828125,327.026489257813,energy,J,1,float32,0,3.4e+38,-1,96906.83203125,19381.36640625,703.9898299497,20289.2890625,18168.08984375,power,W,1,float32,0,3.4e+38,-1,279.511764526367,55.9023529052734,0.250335799417981,56.2286224365234,55.5099563598633,cpu_energy,J,1,float32,0,3.4e+38,-1,96906.828125,19381.365234375,703.989807128906,20289.2890625,18168.08984375,cpu_power,W,1,float32,0,3.4e+38,-1,279.511749267578,55.9023513793945,0.250335782766342,56.2286224365234,55.5099563598633,cpu_util,%,1,float32,0,100,-1,185.800506591797,37.1601028442383,0.961073338985443,38.339225769043,35.4823188781738,dram_mem,B,1,uint64,0,1.84e+19,1.84e+19,79836972667,15967394533.4,84690352.9979323,16073331389,15867398383,disk_write,B,1,uint64,0,1.84e+19,1.84e+19,41424384,8284876.8,1819953.23243015,11396608,6362624,disk_read,B,1,uint64,0,1.84e+19,1.84e+19,3821056,764211.2,1069367.3036405,2871808,22528,net_read,B,1,uint64,0,1.84e+19,1.84e+19,8522330,1704466.0,70967.4022661109,1806741,1586836,net_write,B,1,uint64,0,1.84e+19,1.84e+19,1898120,379624.0,15995.1563668506,395632,349014,money,,1,float32,0,3.4e+38,0,0.0087512253037109,0.0017502450607421,6.36e-05,0.0018322355206163,0.001640679446723,co2,g,1,float32,0,3.4e+38,0,11.2465762285156,2.24931524570313,0.0817019308202736,2.3546847139757,2.10850776019965
269,1_200_0.01_0_1_8_20_8192,1,200,0.01,0.0,1,8,20,8192,evaluateNN_3.0,1,,,True,2025-05-02T22:26:11.849,2025-05-02T22:26:11.849,runtime,s,1,float32,0,3.4e+38,-1,1838.37435913086,367.674871826172,5.44085126989831,374.314147949219,360.654937744141,energy,J,1,float32,0,3.4e+38,-1,102654.794921875,20530.958984375,338.399297092601,20972.15625,20094.142578125,power,W,1,float32,0,3.4e+38,-1,278.903331756592,55.7806663513184,0.0997045989480128,55.9539909362793,55.6561737060547,cpu_energy,J,1,float32,0,3.4e+38,-1,102654.796875,20530.958984375,338.399291992188,20972.15625,20094.142578125,cpu_power,W,1,float32,0,3.4e+38,-1,278.9033203125,55.7806625366211,0.0997046008706093,55.9539909362793,55.6561737060547,cpu_util,%,1,float32,0,100,-1,189.348724365234,37.869743347168,0.364470899105072,38.411434173584,37.3610534667969,dram_mem,B,1,uint64,0,1.84e+19,1.84e+19,80261889884,16052377976.8,31346698.6661446,16082429071,15992999182,disk_write,B,1,uint64,0,1.84e+19,1.84e+19,44612096,8922419.2,1830283.13423846,11297792,6818304,disk_read,B,1,uint64,0,1.84e+19,1.84e+19,1510912,302182.4,189730.75892074,572416,79360,net_read,B,1,uint64,0,1.84e+19,1.84e+19,7717389,1543477.8,52066.3156806779,1612793,1484143,net_write,B,1,uint64,0,1.84e+19,1.84e+19,1471194,294238.8,21196.4077654682,317923,260930,money,,1,float32,0,3.4e+38,0,0.0092702982858615,0.0018540596571723,3.06e-05,0.0018939022213541,0.0018146127089301,co2,g,1,float32,0,3.4e+38,0,11.9136592550998,2.38273185101997,0.0392731184236913,2.43393524479167,2.33203688031684
270,1_200_0.1_0.1_3_16_5_8192,1,200,0.1,0.1,3,16,5,8192,evaluateNN_3.0,1,,,True,2025-05-06T04:53:35.002,2025-05-06T04:53:35.002,runtime,s,1,float32,0,3.4e+38,-1,1267.70362854004,253.540725708008,20.2080750769691,270.0439453125,216.483947753906,energy,J,1,float32,0,3.4e+38,-1,66878.4951171875,13375.6990234375,1253.4567177022,14368.9189453125,11059.0,power,W,1,float32,0,3.4e+38,-1,263.022285461426,52.6044570922852,0.830678549199902,53.2114677429199,50.998046875,cpu_energy,J,1,float32,0,3.4e+38,-1,66878.5,13375.7001953125,1253.45666503906,14368.9189453125,11059.0,cpu_power,W,1,float32,0,3.4e+38,-1,263.022308349609,52.6044616699219,0.830678582191467,53.2114677429199,50.998046875,cpu_util,%,1,float32,0,100,-1,132.366638183594,26.4733276367188,3.6244740486145,29.0875015258789,19.6266040802002,dram_mem,B,1,uint64,0,1.84e+19,1.84e+19,81683439478,16336687895.6,69653122.8323852,16399328959,16202741346,disk_write,B,1,uint64,0,1.84e+19,1.84e+19,32135680,6427136.0,2168232.9884785,10604544,4643840,disk_read,B,1,uint64,0,1.84e+19,1.84e+19,3660288,732057.6,767981.868159295,2217984,23552,net_read,B,1,uint64,0,1.84e+19,1.84e+19,5598520,1119704.0,156821.322724941,1369913,878715,net_write,B,1,uint64,0,1.84e+19,1.84e+19,1090671,218134.2,65859.8261048418,348931,172516,money,,1,float32,0,3.4e+38,0,0.0060394996562771,0.0012078999312554,0.0001131941052569,0.0012975932080891,0.0009986891388888,co2,g,1,float32,0,3.4e+38,0,7.76162090554471,1.55232418110894,0.145470615737772,1.66759287093099,1.28345838888889
272,1_100_0.01_0.1_3_8_10_8192,1,100,0.01,0.1,3,8,10,8192,evaluateNN_3.0,1,,,True,2025-05-01T00:21:57.897,2025-05-01T00:21:57.897,runtime,s,1,float32,0,3.4e+38,-1,1718.27886962891,343.655773925781,15.3730667653862,368.573760986328,322.802337646484,energy,J,1,float32,0,3.4e+38,-1,94939.978515625,18987.995703125,1001.73597835986,20649.296875,17656.912109375,power,W,1,float32,0,3.4e+38,-1,275.803653717041,55.1607307434082,0.440205490531403,55.9610862731934,54.6442947387695,cpu_energy,J,1,float32,0,3.4e+38,-1,94939.9765625,18987.99609375,1001.73602294922,20649.296875,17656.912109375,cpu_power,W,1,float32,0,3.4e+38,-1,275.803649902344,55.1607284545898,0.440205484628677,55.9610862731934,54.6442947387695,cpu_util,%,1,float32,0,100,-1,179.711715698242,35.9423446655273,1.35847949981689,38.1889190673828,34.1083335876465,dram_mem,B,1,uint64,0,1.84e+19,1.84e+19,80679822487,16135964497.4,42745500.9587688,16172665489,16059522352,disk_write,B,1,uint64,0,1.84e+19,1.84e+19,37432320,7486464.0,1858714.72193449,9918976,5272576,disk_read,B,1,uint64,0,1.84e+19,1.84e+19,1707008,341401.6,262072.67029555,614400,16896,net_read,B,1,uint64,0,1.84e+19,1.84e+19,7275640,1455128.0,50721.6673424682,1518054,1372885,net_write,B,1,uint64,0,1.84e+19,1.84e+19,1319715,263943.0,19823.6466473755,292186,236768,money,,1,float32,0,3.4e+38,0,0.008573607504286,0.0017147215008572,9.05e-05,0.0018647462261284,0.0015945172574327,co2,g,1,float32,0,3.4e+38,0,11.0183119510634,2.20366239021267,0.116257025488541,2.39646562065972,2.04918274424913
273,1_100_0.01_0.01_2_4_20_8192,1,100,0.01,0.01,2,4,20,8192,evaluateNN_3.0,1,,,True,2025-04-30T04:29:47.193,2025-04-30T04:29:47.193,runtime,s,1,float32,0,3.4e+38,-1,2989.009765625,597.801953125,5.00914613137864,604.909790039063,591.025817871094,energy,J,1,float32,0,3.4e+38,-1,179395.10546875,35879.02109375,362.676090208179,36307.21875,35289.8203125,power,W,1,float32,0,3.4e+38,-1,299.885398864746,59.9770797729492,0.15971476547529,60.1392097473145,59.6743431091309,cpu_energy,J,1,float32,0,3.4e+38,-1,179395.09375,35879.01953125,362.676086425781,36307.21875,35289.8203125,cpu_power,W,1,float32,0,3.4e+38,-1,299.885406494141,59.9770812988281,0.159714758396149,60.1392097473145,59.6743431091309,cpu_util,%,1,float32,0,100,-1,236.360015869141,47.2720031738281,0.173116520047188,47.4209327697754,46.9486503601074,dram_mem,B,1,uint64,0,1.84e+19,1.84e+19,81544814375,16308962875.0,73677552.5965311,16354480747,16162425869,disk_write,B,1,uint64,0,1.84e+19,1.84e+19,80431616,16086323.2,3045432.25406013,22065152,13582336,disk_read,B,1,uint64,0,1.84e+19,1.84e+19,7347712,1469542.4,733275.553613401,2198528,151552,net_read,B,1,uint64,0,1.84e+19,1.84e+19,12629382,2525876.4,88292.8627910546,2692367,2443447,net_write,B,1,uint64,0,1.84e+19,1.84e+19,2468539,493707.8,59804.4555343496,611085,442377,money,,1,float32,0,3.4e+38,0,0.016200374663303,0.0032400749326605,3.28e-05,0.0032787435598958,0.003186866828776,co2,g,1,float32,0,3.4e+38,0,20.8197986291233,4.16395972582465,0.0420905751358274,4.21365444270833,4.09557970182292
276,1_100_0.01_0.01_3_4_10_8192,1,100,0.01,0.01,3,4,10,8192,evaluateNN_3.0,1,,,True,2025-04-30T08:35:29.159,2025-04-30T08:35:29.159,runtime,s,1,float32,0,3.4e+38,-1,2283.25451660156,456.650903320313,2.93850409845069,460.229156494141,452.803131103516,energy,J,1,float32,0,3.4e+38,-1,133571.736328125,26714.347265625,181.311826833786,26942.53515625,26489.94921875,power,W,1,float32,0,3.4e+38,-1,292.186546325684,58.4373092651367,0.0969049589409259,58.5626411437988,58.307861328125,cpu_energy,J,1,float32,0,3.4e+38,-1,133571.734375,26714.34765625,181.311828613281,26942.53515625,26489.94921875,cpu_power,W,1,float32,0,3.4e+38,-1,292.186553955078,58.4373092651367,0.096904955804348,58.5626411437988,58.307861328125,cpu_util,%,1,float32,0,100,-1,207.158111572266,41.4316215515137,0.18868824839592,41.7403450012207,41.2249984741211,dram_mem,B,1,uint64,0,1.84e+19,1.84e+19,83153608878,16630721775.6,183098796.423461,16760975315,16270325582,disk_write,B,1,uint64,0,1.84e+19,1.84e+19,60779520,12155904.0,3294433.11633671,18690560,10153984,disk_read,B,1,uint64,0,1.84e+19,1.84e+19,5573120,1114624.0,944116.338322773,2252800,27648,net_read,B,1,uint64,0,1.84e+19,1.84e+19,10048807,2009761.4,133536.51860611,2220842,1851167,net_write,B,1,uint64,0,1.84e+19,1.84e+19,1879817,375963.4,66544.4484975268,506759,323739,money,,1,float32,0,3.4e+38,0,0.0120622698556315,0.0024124539711263,1.64e-05,0.0024330606053602,0.0023921895808376,co2,g,1,float32,0,3.4e+38,0,15.5017420660807,3.10034841321615,0.0210422447919877,3.12683088563368,3.07430577322049
277,1_100_0.1_0.1_3_8_20_8192,1,100,0.1,0.1,3,8,20,8192,evaluateNN_3.0,1,,,True,2025-05-02T17:56:13.733,2025-05-02T17:56:13.733,runtime,s,1,float32,0,3.4e+38,-1,2601.01150512695,520.202301025391,12.924916688544,537.623901367188,504.186584472656,energy,J,1,float32,0,3.4e+38,-1,153941.54296875,30788.30859375,839.728439551241,31902.34765625,29784.87109375,power,W,1,float32,0,3.4e+38,-1,295.614452362061,59.1228904724121,0.164302179108054,59.2910308837891,58.8614692687988,cpu_energy,J,1,float32,0,3.4e+38,-1,153941.546875,30788.30859375,839.728454589844,31902.34765625,29784.87109375,cpu_power,W,1,float32,0,3.4e+38,-1,295.614440917969,59.1228866577148,0.164302185177803,59.2910308837891,58.8614692687988,cpu_util,%,1,float32,0,100,-1,235.453674316406,47.0907363891602,0.478940606117249,47.6389579772949,46.5201568603516,dram_mem,B,1,uint64,0,1.84e+19,1.84e+19,80296664992,16059332998.4,28591196.7908475,16110719173,16028161785,disk_write,B,1,uint64,0,1.84e+19,1.84e+19,69793792,13958758.4,3789038.59002284,21247488,10314240,disk_read,B,1,uint64,0,1.84e+19,1.84e+19,5182464,1036492.8,941034.138070325,2842624,95744,net_read,B,1,uint64,0,1.84e+19,1.84e+19,11539847,2307969.4,186389.481185608,2613074,2033580,net_write,B,1,uint64,0,1.84e+19,1.84e+19,2169513,433902.6,80017.3579933754,581687,371334,money,,1,float32,0,3.4e+38,0,0.0139017765608724,0.0027803553121744,7.58e-05,0.0028809592286241,0.0026897393312717,co2,g,1,float32,0,3.4e+38,0,17.8657712923177,3.57315425846354,0.0974551505679191,3.70244468077257,3.45669976193576
279,1_200_0.1_0.01_2_16_20_8192,1,200,0.1,0.01,2,16,20,8192,evaluateNN_3.0,1,,,True,2025-05-05T10:48:16.446,2025-05-05T10:48:16.446,runtime,s,1,float32,0,3.4e+38,-1,2439.4592590332,487.891851806641,14.7851166032917,506.941009521484,466.653167724609,energy,J,1,float32,0,3.4e+38,-1,142436.349609375,28487.269921875,951.048912445051,29689.3984375,27120.828125,power,W,1,float32,0,3.4e+38,-1,291.629177093506,58.3258354187012,0.186247750010202,58.5430374145508,58.0640144348145,cpu_energy,J,1,float32,0,3.4e+38,-1,142436.34375,28487.26953125,951.048889160156,29689.3984375,27120.828125,cpu_power,W,1,float32,0,3.4e+38,-1,291.629180908203,58.3258361816406,0.186247751116753,58.5430374145508,58.0640144348145,cpu_util,%,1,float32,0,100,-1,226.525909423828,45.3051834106445,0.691943168640137,46.1620101928711,44.2185821533203,dram_mem,B,1,uint64,0,1.84e+19,1.84e+19,81116553471,16223310694.2,56599054.9048623,16270663873,16115018060,disk_write,B,1,uint64,0,1.84e+19,1.84e+19,67395072,13479014.4,3764821.76964178,20056064,9651712,disk_read,B,1,uint64,0,1.84e+19,1.84e+19,6275584,1255116.8,1446833.67963542,4054528,51712,net_read,B,1,uint64,0,1.84e+19,1.84e+19,14425588,2885117.6,178809.333018833,3206664,2668361,net_write,B,1,uint64,0,1.84e+19,1.84e+19,2624312,524862.4,85409.6462435011,695415,473222,money,,1,float32,0,3.4e+38,0,0.0128627936827799,0.0025725587365559,8.59e-05,0.0026811176200086,0.0024491614509548,co2,g,1,float32,0,3.4e+38,0,16.5305296852214,3.30610593704427,0.110374509894317,3.44561962977431,3.14752277517361
280,1_200_0.1_0.01_2_4_20_8192,1,200,0.1,0.01,2,4,20,8192,evaluateNN_3.0,1,,,True,2025-05-05T07:49:25.183,2025-05-05T07:49:25.183,runtime,s,1,float32,0,3.4e+38,-1,3002.36267089844,600.472534179688,2.68341340787518,603.113037109375,595.812622070313,energy,J,1,float32,0,3.4e+38,-1,180142.8046875,36028.5609375,154.03534959801,36198.296875,35745.984375,power,W,1,float32,0,3.4e+38,-1,299.733459472656,59.9466918945313,0.0815624855649984,60.0395431518555,59.7962417602539,cpu_energy,J,1,float32,0,3.4e+38,-1,180142.796875,36028.55859375,154.035339355469,36198.296875,35745.984375,cpu_power,W,1,float32,0,3.4e+38,-1,299.733459472656,59.9466934204102,0.0815624892711639,60.0395431518555,59.7962417602539,cpu_util,%,1,float32,0,100,-1,235.984039306641,47.1968078613281,0.089911699295044,47.361026763916,47.1091461181641,dram_mem,B,1,uint64,0,1.84e+19,1.84e+19,81311059678,16262211935.6,123479331.505628,16459618076,16101942149,disk_write,B,1,uint64,0,1.84e+19,1.84e+19,76599296,15319859.2,4324705.13100417,23759360,12140032,disk_read,B,1,uint64,0,1.84e+19,1.84e+19,5926912,1185382.4,944652.759675342,2295296,27136,net_read,B,1,uint64,0,1.84e+19,1.84e+19,14248955,2849791.0,203342.911698441,3061021,2503197,net_write,B,1,uint64,0,1.84e+19,1.84e+19,2919480,583896.0,132970.805627401,794620,442761,money,,1,float32,0,3.4e+38,0,0.0162678960566406,0.0032535792113281,1.39e-05,0.0032689073094618,0.0032280609778645,co2,g,1,float32,0,3.4e+38,0,20.9065732773438,4.18131465546875,0.0178766580727913,4.20101345399306,4.14852007552083
281,1_100_0.01_0.1_1_16_5_8192,1,100,0.01,0.1,1,16,5,8192,evaluateNN_3.0,1,,,True,2025-04-30T16:05:54.918,2025-04-30T16:05:54.918,runtime,s,1,float32,0,3.4e+38,-1,1036.29577636719,207.259155273438,8.16935149702127,214.918838500977,192.369186401367,energy,J,1,float32,0,3.4e+38,-1,51698.41796875,10339.68359375,533.821736472619,10836.720703125,9367.5234375,power,W,1,float32,0,3.4e+38,-1,248.90922164917,49.781844329834,0.642263853193953,50.370849609375,48.6148986816406,cpu_energy,J,1,float32,0,3.4e+38,-1,51698.41796875,10339.68359375,533.821716308594,10836.720703125,9367.5234375,cpu_power,W,1,float32,0,3.4e+38,-1,248.909225463867,49.7818450927734,0.642263829708099,50.370849609375,48.6148986816406,cpu_util,%,1,float32,0,100,-1,88.9513778686523,17.7902755737305,2.00984001159668,19.6652793884277,14.1355657577515,dram_mem,B,1,uint64,0,1.84e+19,1.84e+19,79987062136,15997412427.2,40597922.9090849,16051329498,15939439809,disk_write,B,1,uint64,0,1.84e+19,1.84e+19,27866112,5573222.4,1169306.82406451,7072768,4032000,disk_read,B,1,uint64,0,1.84e+19,1.84e+19,4542464,908492.8,666761.667382401,1730560,127488,net_read,B,1,uint64,0,1.84e+19,1.84e+19,5099614,1019922.8,54348.41771901,1116272,962828,net_write,B,1,uint64,0,1.84e+19,1.84e+19,789449,157889.8,23443.4099857508,193580,131098,money,,1,float32,0,3.4e+38,0,0.0046686543560112,0.0009337308712022,4.82e-05,0.000978616083496,0.0008459394082031,co2,g,1,float32,0,3.4e+38,0,5.9998886187066,1.19997772374132,0.0619529781939612,1.25766164160156,1.08715313671875
282,1_200_0.1_0_1_16_5_8192,1,200,0.1,0.0,1,16,5,8192,evaluateNN_3.0,1,,,True,2025-05-04T16:04:48.854,2025-05-04T16:04:48.854,runtime,s,1,float32,0,3.4e+38,-1,1017.482421875,203.496484375,8.29785942524527,214.545806884766,189.31982421875,energy,J,1,float32,0,3.4e+38,-1,50638.822265625,10127.764453125,591.203169889366,10829.5595703125,9047.1875,power,W,1,float32,0,3.4e+38,-1,248.278541564941,49.6557083129883,0.992959208074134,50.4035568237305,47.7092094421387,cpu_energy,J,1,float32,0,3.4e+38,-1,50638.8203125,10127.763671875,591.203186035156,10829.5595703125,9047.1875,cpu_power,W,1,float32,0,3.4e+38,-1,248.278533935547,49.6557083129883,0.992959201335907,50.4035568237305,47.7092094421387,cpu_util,%,1,float32,0,100,-1,84.7676696777344,16.9535331726074,2.3653724193573,19.6967601776123,12.6664924621582,dram_mem,B,1,uint64,0,1.84e+19,1.84e+19,82591288787,16518257757.4,285544626.472336,16794188980,15979232272,disk_write,B,1,uint64,0,1.84e+19,1.84e+19,29303808,5860761.6,2018077.45521064,9754112,3979264,disk_read,B,1,uint64,0,1.84e+19,1.84e+19,4391936,878387.2,638735.429585177,1629184,9728,net_read,B,1,uint64,0,1.84e+19,1.84e+19,4919854,983970.8,40461.4306687245,1034743,930424,net_write,B,1,uint64,0,1.84e+19,1.84e+19,1137128,227425.6,21143.624028061,249884,192797,money,,1,float32,0,3.4e+38,0,0.0045729669773763,0.0009145933954752,5.34e-05,0.000977969393419,0.0008170112934027,co2,g,1,float32,0,3.4e+38,0,5.87691665071615,1.17538333014323,0.0686124123277158,1.2568305523546,1.04997637152778
283,1_200_0.01_0.01_3_4_20_8192,1,200,0.01,0.01,3,4,20,8192,evaluateNN_3.0,1,,,True,2025-05-03T19:32:34.111,2025-05-03T19:32:34.111,runtime,s,1,float32,0,3.4e+38,-1,3820.30285644531,764.060571289063,3.49636391700811,770.348388671875,760.698852539063,energy,J,1,float32,0,3.4e+38,-1,234444.95703125,46888.99140625,199.298343848713,47233.6171875,46683.58203125,power,W,1,float32,0,3.4e+38,-1,306.617053985596,61.3234107971191,0.029401073666354,61.3450012207031,61.2657661437988,cpu_energy,J,1,float32,0,3.4e+38,-1,234444.953125,46888.9921875,199.298355102539,47233.6171875,46683.58203125,cpu_power,W,1,float32,0,3.4e+38,-1,306.617034912109,61.3234062194824,0.0294010750949383,61.3450012207031,61.2657661437988,cpu_util,%,1,float32,0,100,-1,248.695098876953,49.7390213012695,0.0666574686765671,49.8257789611816,49.6599464416504,dram_mem,B,1,uint64,0,1.84e+19,1.84e+19,80991650227,16198330045.4,45405901.5020569,16263647344,16121987294,disk_write,B,1,uint64,0,1.84e+19,1.84e+19,98833408,19766681.6,6674546.01996503,32915456,14709248,disk_read,B,1,uint64,0,1.84e+19,1.84e+19,8631296,1726259.2,1677159.16197437,3755008,86528,net_read,B,1,uint64,0,1.84e+19,1.84e+19,17248743,3449748.6,168551.938568027,3704930,3213764,net_write,B,1,uint64,0,1.84e+19,1.84e+19,3616596,723319.2,93953.3348559805,826275,578689,money,,1,float32,0,3.4e+38,0,0.0211716820919054,0.004234336418381,1.8e-05,0.0042654580410156,0.0042157868106553,co2,g,1,float32,0,3.4e+38,0,27.2086397354601,5.44172794709201,0.0231296800166645,5.48172368359375,5.41788904796007
284,1_100_0.1_0.1_1_16_5_8192,1,100,0.1,0.1,1,16,5,8192,evaluateNN_3.0,1,,,True,2025-05-02T09:14:44.003,2025-05-02T09:14:44.003,runtime,s,1,float32,0,3.4e+38,-1,1035.88519287109,207.177038574219,10.5572191817952,216.262817382813,186.764801025391,energy,J,1,float32,0,3.4e+38,-1,51193.5595703125,10238.7119140625,726.005550210928,10843.017578125,8824.8193359375,power,W,1,float32,0,3.4e+38,-1,246.391815185547,49.2783630371094,1.04953859214144,50.0407638549805,47.1983680725098,cpu_energy,J,1,float32,0,3.4e+38,-1,51193.5546875,10238.7109375,726.005615234375,10843.017578125,8824.8193359375,cpu_power,W,1,float32,0,3.4e+38,-1,246.391815185547,49.2783622741699,1.04953861236572,50.0407638549805,47.1983680725098,cpu_util,%,1,float32,0,100,-1,87.5002517700195,17.5000495910645,2.64061260223389,19.3701839447022,12.3148946762085,dram_mem,B,1,uint64,0,1.84e+19,1.84e+19,80384592955,16076918591.0,48830013.7308734,16146015194,16006714414,disk_write,B,1,uint64,0,1.84e+19,1.84e+19,24392192,4878438.4,1479331.21071187,7657472,3380736,disk_read,B,1,uint64,0,1.84e+19,1.84e+19,550400,110080.0,150668.299243072,407552,9728,net_read,B,1,uint64,0,1.84e+19,1.84e+19,5397838,1079567.6,76330.7799975868,1143219,930133,net_write,B,1,uint64,0,1.84e+19,1.84e+19,1125147,225029.4,19977.1372984219,255211,200230,money,,1,float32,0,3.4e+38,0,0.0046230628378635,0.0009246125675727,6.56e-05,0.0009791847262912,0.0007969302128092,co2,g,1,float32,0,3.4e+38,0,5.94129699679905,1.18825939935981,0.0842569774661461,1.25839242892795,1.02416931070964
285,1_100_0.01_0.01_3_4_5_8192,1,100,0.01,0.01,3,4,5,8192,evaluateNN_3.0,1,,,True,2025-04-30T08:09:34.763,2025-04-30T08:09:34.763,runtime,s,1,float32,0,3.4e+38,-1,1529.45016479492,305.890032958984,1.08790566291894,307.832946777344,304.938934326172,energy,J,1,float32,0,3.4e+38,-1,84526.791015625,16905.358203125,56.0182189950288,17009.630859375,16839.6953125,power,W,1,float32,0,3.4e+38,-1,275.956119537354,55.1912239074707,0.0988182395228807,55.3480529785156,55.0566139221191,cpu_energy,J,1,float32,0,3.4e+38,-1,84526.796875,16905.359375,56.0182189941406,17009.630859375,16839.6953125,cpu_power,W,1,float32,0,3.4e+38,-1,275.956115722656,55.1912231445313,0.0988182350993156,55.3480529785156,55.0566139221191,cpu_util,%,1,float32,0,100,-1,156.941818237305,31.3883628845215,0.107167400419712,31.5052280426025,31.2029228210449,dram_mem,B,1,uint64,0,1.84e+19,1.84e+19,83231245509,16646249101.8,163720785.524193,16755058227,16321017173,disk_write,B,1,uint64,0,1.84e+19,1.84e+19,36857856,7371571.2,224561.495661567,7737344,7088128,disk_read,B,1,uint64,0,1.84e+19,1.84e+19,2742272,548454.4,715419.371643122,1951744,30720,net_read,B,1,uint64,0,1.84e+19,1.84e+19,6631100,1326220.0,47813.3071435139,1395740,1266541,net_write,B,1,uint64,0,1.84e+19,1.84e+19,1164440,232888.0,15177.1141393876,254629,214529,money,,1,float32,0,3.4e+38,0,0.0076332388219943,0.0015266477643988,5.06e-06,0.0015360641645507,0.0015207180405816,co2,g,1,float32,0,3.4e+38,0,9.8098036906467,1.96196073812934,0.0065012255267008,1.97406215917969,1.95434019487847
286,1_200_0.01_0.01_1_4_5_8192,1,200,0.01,0.01,1,4,5,8192,evaluateNN_3.0,1,,,True,2025-05-03T10:06:40.475,2025-05-03T10:06:40.475,runtime,s,1,float32,0,3.4e+38,-1,1205.3514251709,241.07028503418,8.62888553760878,258.318939208984,236.387313842773,energy,J,1,float32,0,3.4e+38,-1,60729.2109375,12145.8421875,207.626822273209,12555.283203125,11981.076171875,power,W,1,float32,0,3.4e+38,-1,251.674739837646,50.3349479675293,0.92629037322522,50.9933128356934,48.4986190795898,cpu_energy,J,1,float32,0,3.4e+38,-1,60729.2109375,12145.841796875,207.626831054688,12555.283203125,11981.076171875,cpu_power,W,1,float32,0,3.4e+38,-1,251.674743652344,50.3349494934082,0.926290333271027,50.9933128356934,48.4986190795898,cpu_util,%,1,float32,0,100,-1,109.887557983398,21.9775123596191,0.435267180204392,22.2970695495605,21.1165390014648,dram_mem,B,1,uint64,0,1.84e+19,1.84e+19,80018413890,16003682778.0,328009100.84714,16279150283,15363641580,disk_write,B,1,uint64,0,1.84e+19,1.84e+19,36070912,7214182.4,1893880.82728028,10405888,5209600,disk_read,B,1,uint64,0,1.84e+19,1.84e+19,4442371584,888474316.8,1775746759.89283,4439967744,65024,net_read,B,1,uint64,0,1.84e+19,1.84e+19,5228690,1045738.0,168874.806542598,1382375,936533,net_write,B,1,uint64,0,1.84e+19,1.84e+19,923533,184706.6,12886.2673509438,203124,163833,money,,1,float32,0,3.4e+38,0,0.0054841851321614,0.0010968370264322,1.87e-05,0.0011338118248155,0.0010819577398546,co2,g,1,float32,0,3.4e+38,0,7.04796231380208,1.40959246276042,0.0240962462071519,1.45711036729601,1.39047045128038
291,1_100_0.01_0.01_1_8_20_8192,1,100,0.01,0.01,1,8,20,8192,evaluateNN_3.0,1,,,True,2025-04-30T01:53:19.748,2025-04-30T01:53:19.748,runtime,s,1,float32,0,3.4e+38,-1,1850.04397583008,370.008795166016,9.62612598689443,378.964538574219,354.757171630859,energy,J,1,float32,0,3.4e+38,-1,103432.673828125,20686.534765625,608.229029727914,21222.046875,19656.01953125,power,W,1,float32,0,3.4e+38,-1,279.205364227295,55.841072845459,0.260503346108626,56.0801696777344,55.3513870239258,cpu_energy,J,1,float32,0,3.4e+38,-1,103432.671875,20686.53515625,608.229064941406,21222.046875,19656.01953125,cpu_power,W,1,float32,0,3.4e+38,-1,279.205352783203,55.8410720825195,0.260503351688385,56.0801696777344,55.3513870239258,cpu_util,%,1,float32,0,100,-1,191.277130126953,38.2554244995117,0.699018478393555,38.9721069335938,37.1449432373047,dram_mem,B,1,uint64,0,1.84e+19,1.84e+19,82353144815,16470628963.0,118029023.368055,16630624385,16267921408,disk_write,B,1,uint64,0,1.84e+19,1.84e+19,46407680,9281536.0,3981108.09025146,17020928,5726208,disk_read,B,1,uint64,0,1.84e+19,1.84e+19,4699136,939827.2,568920.76124761,1867776,142336,net_read,B,1,uint64,0,1.84e+19,1.84e+19,9140973,1828194.6,105961.550801411,2031571,1737995,net_write,B,1,uint64,0,1.84e+19,1.84e+19,2177286,435457.2,74049.7034414048,582635,383232,money,,1,float32,0,3.4e+38,0,0.0093405450726454,0.001868109014529,5.49e-05,0.0019164687330729,0.0017750477637803,co2,g,1,float32,0,3.4e+38,0,12.0039364237196,2.40078728474392,0.0705883579500895,2.46293644010417,2.28119026671007
292,1_100_0.1_0.1_3_16_5_8192,1,100,0.1,0.1,3,16,5,8192,evaluateNN_3.0,1,,,True,2025-05-02T18:39:59.658,2025-05-02T18:39:59.658,runtime,s,1,float32,0,3.4e+38,-1,1250.36375427246,250.072750854492,13.9590446308288,268.969299316406,226.728088378906,energy,J,1,float32,0,3.4e+38,-1,66303.5478515625,13260.7095703125,890.530427710101,14461.17578125,11769.0361328125,power,W,1,float32,0,3.4e+38,-1,264.68603515625,52.93720703125,0.628631873502733,53.7142028808594,51.8434715270996,cpu_energy,J,1,float32,0,3.4e+38,-1,66303.546875,13260.708984375,890.530395507813,14461.17578125,11769.0361328125,cpu_power,W,1,float32,0,3.4e+38,-1,264.68603515625,52.9372062683106,0.628631889820099,53.7142028808594,51.8434715270996,cpu_util,%,1,float32,0,100,-1,130.113250732422,26.0226497650147,2.34779000282288,29.0844497680664,22.0241203308105,dram_mem,B,1,uint64,0,1.84e+19,1.84e+19,79826409057,15965281811.4,74615704.3122464,16054784033,15871666494,disk_write,B,1,uint64,0,1.84e+19,1.84e+19,34489856,6897971.2,1396787.67200608,9594880,5538304,disk_read,B,1,uint64,0,1.84e+19,1.84e+19,1779200,355840.0,246068.499705265,670720,60928,net_read,B,1,uint64,0,1.84e+19,1.84e+19,5433712,1086742.4,107587.642302636,1209287,890264,net_write,B,1,uint64,0,1.84e+19,1.84e+19,1079245,215849.0,65780.9919870474,335941,144422,money,,1,float32,0,3.4e+38,0,0.0059875787240397,0.0011975157448079,8.04e-05,0.0013059245129123,0.001062809346327,co2,g,1,float32,0,3.4e+38,0,7.69489508121745,1.53897901624349,0.103351003527022,1.67829978927951,1.36586202674696
293,1_100_0.01_0.01_1_16_20_8192,1,100,0.01,0.01,1,16,20,8192,evaluateNN_3.0,1,,,True,2025-04-30T03:03:29.688,2025-04-30T03:03:29.688,runtime,s,1,float32,0,3.4e+38,-1,1857.45639038086,371.491278076172,12.2574192739479,387.405609130859,352.101531982422,energy,J,1,float32,0,3.4e+38,-1,105086.40625,21017.28125,802.500081289887,22090.427734375,19780.236328125,power,W,1,float32,0,3.4e+38,-1,282.467811584473,56.4935623168945,0.306697724707107,56.9486961364746,56.0799140930176,cpu_energy,J,1,float32,0,3.4e+38,-1,105086.40625,21017.28125,802.500061035156,22090.427734375,19780.236328125,cpu_power,W,1,float32,0,3.4e+38,-1,282.467803955078,56.4935607910156,0.306697726249695,56.9486961364746,56.0799140930176,cpu_util,%,1,float32,0,100,-1,197.633422851563,39.5266838073731,0.897409677505493,40.6473045349121,38.1774024963379,dram_mem,B,1,uint64,0,1.84e+19,1.84e+19,82279343381,16455868676.2,104282138.847766,16560532855,16257461363,disk_write,B,1,uint64,0,1.84e+19,1.84e+19,43998720,8799744.0,1885335.00753155,12438528,6935552,disk_read,B,1,uint64,0,1.84e+19,1.84e+19,7906304,1581260.8,1555294.15373921,4119552,38912,net_read,B,1,uint64,0,1.84e+19,1.84e+19,7799651,1559930.2,45909.306234793,1629690,1503870,net_write,B,1,uint64,0,1.84e+19,1.84e+19,1431733,286346.6,21716.0850946942,319550,259170,money,,1,float32,0,3.4e+38,0,0.009489886297743,0.0018979772595486,7.25e-05,0.0019948883490125,0.0017862652306315,co2,g,1,float32,0,3.4e+38,0,12.1958612586806,2.43917225173611,0.0931345927674764,2.56371686317274,2.29560631608073
294,1_100_0.1_0_3_16_20_8192,1,100,0.1,0.0,3,16,20,8192,evaluateNN_3.0,1,,,True,2025-05-01T16:08:02.454,2025-05-01T16:08:02.454,runtime,s,1,float32,0,3.4e+38,-1,2868.51693725586,573.703387451172,39.1092090313675,607.581970214844,499.963043212891,energy,J,1,float32,0,3.4e+38,-1,171355.583984375,34271.116796875,2500.32605018674,36423.9453125,29535.041015625,power,W,1,float32,0,3.4e+38,-1,298.34924697876,59.669849395752,0.320069307637574,59.9018287658691,59.0351409912109,cpu_energy,J,1,float32,0,3.4e+38,-1,171355.59375,34271.1171875,2500.326171875,36423.9453125,29535.041015625,cpu_power,W,1,float32,0,3.4e+38,-1,298.349243164063,59.669849395752,0.320069313049316,59.9018287658691,59.0351409912109,cpu_util,%,1,float32,0,100,-1,245.731079101563,49.1462173461914,1.25527584552765,50.1640357971191,46.7229537963867,dram_mem,B,1,uint64,0,1.84e+19,1.84e+19,79955612442,15991122488.4,39644779.3492467,16025514026,15913690437,disk_write,B,1,uint64,0,1.84e+19,1.84e+19,64443904,12888780.8,1925612.88941328,14783488,9598464,disk_read,B,1,uint64,0,1.84e+19,1.84e+19,4412928,882585.6,961051.871817458,2690560,31232,net_read,B,1,uint64,0,1.84e+19,1.84e+19,14100952,2820190.4,192462.744858947,3033544,2479182,net_write,B,1,uint64,0,1.84e+19,1.84e+19,3160025,632005.0,48014.0768358614,695223,558876,money,,1,float32,0,3.4e+38,0,0.0154743612092556,0.0030948722418511,0.0002257933330321,0.0032892846169704,0.0026671782872721,co2,g,1,float32,0,3.4e+38,0,19.8867674968533,3.97735349937066,0.290176728824451,4.22720120876736,3.42770559342448
296,1_100_0.1_0.1_2_4_10_8192,1,100,0.1,0.1,2,4,10,8192,evaluateNN_3.0,1,,,True,2025-05-02T10:47:40.838,2025-05-02T10:47:40.838,runtime,s,1,float32,0,3.4e+38,-1,1886.99163818359,377.398327636719,2.75394638611244,382.755950927734,375.108917236328,energy,J,1,float32,0,3.4e+38,-1,107429.447265625,21485.889453125,178.691373257149,21826.958984375,21309.390625,power,W,1,float32,0,3.4e+38,-1,284.330165863037,56.8660331726074,0.106506216234929,56.9703979492188,56.7104988098145,cpu_energy,J,1,float32,0,3.4e+38,-1,107429.4453125,21485.888671875,178.691375732422,21826.958984375,21309.390625,cpu_power,W,1,float32,0,3.4e+38,-1,284.330169677734,56.8660354614258,0.106506213545799,56.9703979492188,56.7104988098145,cpu_util,%,1,float32,0,100,-1,188.687362670898,37.7374725341797,0.206886813044548,38.1148452758789,37.5053062438965,dram_mem,B,1,uint64,0,1.84e+19,1.84e+19,80842970116,16168594023.2,36490678.8259865,16212390931,16111799253,disk_write,B,1,uint64,0,1.84e+19,1.84e+19,51262976,10252595.2,2693002.46326025,15497216,8276480,disk_read,B,1,uint64,0,1.84e+19,1.84e+19,3346944,669388.8,763987.768490151,1807360,26112,net_read,B,1,uint64,0,1.84e+19,1.84e+19,9592592,1918518.4,50449.2314415195,2005874,1855812,net_write,B,1,uint64,0,1.84e+19,1.84e+19,1631208,326241.6,77570.8338632504,479569,266545,money,,1,float32,0,3.4e+38,0,0.0097014759183485,0.0019402951836697,1.61e-05,0.0019710956571723,0.0019243563589409,co2,g,1,float32,0,3.4e+38,0,12.4677841854384,2.49355683708767,0.0207381265963435,2.53313985101997,2.47307316753472
297,1_200_0.1_0.01_3_8_5_8192,1,200,0.1,0.01,3,8,5,8192,evaluateNN_3.0,1,,,True,2025-05-05T13:38:08.780,2025-05-05T13:38:08.780,runtime,s,1,float32,0,3.4e+38,-1,1254.50561523438,250.901123046875,10.1996228740454,267.446502685547,235.68440246582,energy,J,1,float32,0,3.4e+38,-1,66039.583984375,13207.916796875,636.929419658989,14229.931640625,12244.041015625,power,W,1,float32,0,3.4e+38,-1,262.756786346436,52.5513572692871,0.40781462111626,53.1240081787109,51.8842887878418,cpu_energy,J,1,float32,0,3.4e+38,-1,66039.5859375,13207.9169921875,636.929382324219,14229.931640625,12244.041015625,cpu_power,W,1,float32,0,3.4e+38,-1,262.756774902344,52.5513534545898,0.407814621925354,53.1240081787109,51.8842887878418,cpu_util,%,1,float32,0,100,-1,128.402938842773,25.6805877685547,1.45427191257477,27.846097946167,23.3573818206787,dram_mem,B,1,uint64,0,1.84e+19,1.84e+19,81409802756,16281960551.2,93646649.9853262,16412065290,16120463497,disk_write,B,1,uint64,0,1.84e+19,1.84e+19,28240896,5648179.2,1009741.13977126,6560256,3772928,disk_read,B,1,uint64,0,1.84e+19,1.84e+19,1207296,241459.2,285387.458913247,745984,9728,net_read,B,1,uint64,0,1.84e+19,1.84e+19,7380517,1476103.4,103586.217167343,1601394,1332868,net_write,B,1,uint64,0,1.84e+19,1.84e+19,1252282,250456.4,19275.1579355397,288098,237041,money,,1,float32,0,3.4e+38,0,0.0059637413203667,0.0011927482640733,5.75e-05,0.0012850418823242,0.001105704926161,co2,g,1,float32,0,3.4e+38,0,7.66426060796441,1.53285212159288,0.0739191976482015,1.65146262207031,1.42098898231337
298,1_200_0.01_0.1_3_4_10_8192,1,200,0.01,0.1,3,4,10,8192,evaluateNN_3.0,1,,,True,2025-05-04T08:38:43.367,2025-05-04T08:38:43.367,runtime,s,1,float32,0,3.4e+38,-1,2260.49588012695,452.099176025391,2.13554011841524,455.559326171875,449.85498046875,energy,J,1,float32,0,3.4e+38,-1,132264.09375,26452.81875,101.73509945051,26575.8203125,26299.3046875,power,W,1,float32,0,3.4e+38,-1,292.240085601807,58.4480171203613,0.103212559039469,58.5831527709961,58.2743949890137,cpu_energy,J,1,float32,0,3.4e+38,-1,132264.09375,26452.818359375,101.73509979248,26575.8203125,26299.3046875,cpu_power,W,1,float32,0,3.4e+38,-1,292.240081787109,58.4480171203613,0.103212557733059,58.5831527709961,58.2743949890137,cpu_util,%,1,float32,0,100,-1,205.686721801758,41.1373443603516,0.0608988963067532,41.2374458312988,41.0763702392578,dram_mem,B,1,uint64,0,1.84e+19,1.84e+19,82901127072,16580225414.4,134856437.500943,16669003221,16312952675,disk_write,B,1,uint64,0,1.84e+19,1.84e+19,316194304,63238860.8,102200466.629041,267601408,8957440,disk_read,B,1,uint64,0,1.84e+19,1.84e+19,262076928,52415385.6,101045759.625849,254498304,654848,net_read,B,1,uint64,0,1.84e+19,1.84e+19,90829788,18165957.6,31670982.4265994,81507557,2153510,net_write,B,1,uint64,0,1.84e+19,1.84e+19,3683087,736617.4,405116.219034785,1531021,477253,money,,1,float32,0,3.4e+38,0,0.0119441824661458,0.0023888364932291,9.19e-06,0.0023999442176649,0.0023749733205295,co2,g,1,float32,0,3.4e+38,0,15.3499828802083,3.06999657604167,0.0118069234862286,3.08427159071181,3.05218041623264
299,1_100_0.01_0.01_1_16_10_8192,1,100,0.01,0.01,1,16,10,8192,evaluateNN_3.0,1,,,True,2025-04-30T02:41:51.748,2025-04-30T02:41:51.748,runtime,s,1,float32,0,3.4e+38,-1,1273.01826477051,254.603652954102,9.54379935857531,265.924224853516,238.943496704102,energy,J,1,float32,0,3.4e+38,-1,67077.5498046875,13415.5099609375,597.930079500493,14083.166015625,12405.3779296875,power,W,1,float32,0,3.4e+38,-1,263.084316253662,52.6168632507324,0.400183217224307,52.9980812072754,51.864559173584,cpu_energy,J,1,float32,0,3.4e+38,-1,67077.546875,13415.509765625,597.930114746094,14083.166015625,12405.3779296875,cpu_power,W,1,float32,0,3.4e+38,-1,263.084289550781,52.6168594360352,0.400183230638504,52.9980812072754,51.864559173584,cpu_util,%,1,float32,0,100,-1,135.380523681641,27.0761051177979,1.46729135513306,28.5299263000488,24.517915725708,dram_mem,B,1,uint64,0,1.84e+19,1.84e+19,81794857327,16358971465.4,83153877.2234995,16429857373,16198448745,disk_write,B,1,uint64,0,1.84e+19,1.84e+19,34264064,6852812.8,3617244.21562484,13935616,3697664,disk_read,B,1,uint64,0,1.84e+19,1.84e+19,848896,169779.2,129762.094542898,362496,18432,net_read,B,1,uint64,0,1.84e+19,1.84e+19,6024008,1204801.6,75044.9198776306,1282081,1103466,net_write,B,1,uint64,0,1.84e+19,1.84e+19,1404675,280935.0,48806.8489538098,369274,220362,money,,1,float32,0,3.4e+38,0,0.0060574754004177,0.0012114950800835,5.4e-05,0.0012717881310221,0.001120274545817,co2,g,1,float32,0,3.4e+38,0,7.78472230788846,1.55694446157769,0.0693931075598073,1.63442965592448,1.43971302750651
301,1_100_0.1_0.1_3_8_10_8192,1,100,0.1,0.1,3,8,10,8192,evaluateNN_3.0,1,,,True,2025-05-02T17:28:06.836,2025-05-02T17:28:06.836,runtime,s,1,float32,0,3.4e+38,-1,1662.00180053711,332.400360107422,8.78485868358383,346.239776611328,325.233489990234,energy,J,1,float32,0,3.4e+38,-1,92552.74609375,18510.54921875,523.714283022431,19325.77734375,18074.5078125,power,W,1,float32,0,3.4e+38,-1,278.038642883301,55.6077285766602,0.106694630872582,55.7341270446777,55.4679298400879,cpu_energy,J,1,float32,0,3.4e+38,-1,92552.7421875,18510.548828125,523.714294433594,19325.77734375,18074.5078125,cpu_power,W,1,float32,0,3.4e+38,-1,278.038635253906,55.6077270507813,0.106694631278515,55.7341270446777,55.4679298400879,cpu_util,%,1,float32,0,100,-1,179.244781494141,35.8489570617676,0.701275885105133,36.9298858642578,35.1522903442383,dram_mem,B,1,uint64,0,1.84e+19,1.84e+19,80259118706,16051823741.2,56617108.762396,16130937733,15978542480,disk_write,B,1,uint64,0,1.84e+19,1.84e+19,38873088,7774617.6,1866486.49942994,10577920,5530624,disk_read,B,1,uint64,0,1.84e+19,1.84e+19,1249280,249856.0,201403.645837904,620544,48640,net_read,B,1,uint64,0,1.84e+19,1.84e+19,7519696,1503939.2,77135.0070211963,1630318,1396197,net_write,B,1,uint64,0,1.84e+19,1.84e+19,1251948,250389.6,28102.6727454881,289478,204391,money,,1,float32,0,3.4e+38,0,0.0083580271541883,0.0016716054308376,4.73e-05,0.0017452250595703,0.001632228469401,co2,g,1,float32,0,3.4e+38,0,10.7412603661024,2.14825207322049,0.0607799520685477,2.24286382617188,2.09764704557292
305,1_200_0.1_0.1_3_8_20_8192,1,200,0.1,0.1,3,8,20,8192,evaluateNN_3.0,1,,,True,2025-05-06T04:09:27.788,2025-05-06T04:09:27.788,runtime,s,1,float32,0,3.4e+38,-1,2622.29461669922,524.458923339844,8.25963872612265,532.207153320313,510.995056152344,energy,J,1,float32,0,3.4e+38,-1,154845.958984375,30969.191796875,574.272726005883,31521.74609375,30025.205078125,power,W,1,float32,0,3.4e+38,-1,294.979991912842,58.9959983825684,0.178308572995104,59.2198448181152,58.7193222045898,cpu_energy,J,1,float32,0,3.4e+38,-1,154845.96875,30969.193359375,574.272705078125,31521.74609375,30025.205078125,cpu_power,W,1,float32,0,3.4e+38,-1,294.97998046875,58.9959945678711,0.178308576345444,59.2198448181152,58.7193222045898,cpu_util,%,1,float32,0,100,-1,236.749496459961,47.3498992919922,0.353151977062225,47.692138671875,46.7542953491211,dram_mem,B,1,uint64,0,1.84e+19,1.84e+19,81531578955,16306315791.0,60027628.3336744,16403360019,16216592832,disk_write,B,1,uint64,0,1.84e+19,1.84e+19,79398400,15879680.0,7864690.15795537,31517696,10772992,disk_read,B,1,uint64,0,1.84e+19,1.84e+19,9444864,1888972.8,1525452.51473448,4232192,534016,net_read,B,1,uint64,0,1.84e+19,1.84e+19,11349117,2269823.4,19343.4221026167,2289559,2237988,net_write,B,1,uint64,0,1.84e+19,1.84e+19,1918081,383616.2,9726.58839264827,392714,365465,money,,1,float32,0,3.4e+38,0,0.0139834503516168,0.0027966900703233,5.19e-05,0.0028465887930772,0.0027114428252495,co2,g,1,float32,0,3.4e+38,0,17.9707337954644,3.59414675909288,0.066647540257016,3.65827375499132,3.48459185601129
306,1_200_0.01_0_1_4_5_8192,1,200,0.01,0.0,1,4,5,8192,evaluateNN_3.0,1,,,True,2025-05-02T20:21:44.413,2025-05-02T20:21:44.413,runtime,s,1,float32,0,3.4e+38,-1,1204.57388305664,240.914776611328,8.09295058137913,256.822937011719,234.633209228516,energy,J,1,float32,0,3.4e+38,-1,60847.1416015625,12169.4283203125,178.855725504684,12479.771484375,11957.306640625,power,W,1,float32,0,3.4e+38,-1,252.316867828369,50.4633735656738,0.976357774549978,51.0625801086426,48.5153732299805,cpu_energy,J,1,float32,0,3.4e+38,-1,60847.140625,12169.427734375,178.855728149414,12479.771484375,11957.306640625,cpu_power,W,1,float32,0,3.4e+38,-1,252.316864013672,50.4633712768555,0.976357758045197,51.0625801086426,48.5153732299805,cpu_util,%,1,float32,0,100,-1,108.994483947754,21.7988967895508,0.581478297710419,22.330415725708,20.7162799835205,dram_mem,B,1,uint64,0,1.84e+19,1.84e+19,79860012259,15972002451.8,334965879.397483,16206532113,15323499067,disk_write,B,1,uint64,0,1.84e+19,1.84e+19,27173376,5434675.2,623060.337533501,6358016,4794880,disk_read,B,1,uint64,0,1.84e+19,1.84e+19,4443719168,888743833.6,1776978493.65158,4442700800,27136,net_read,B,1,uint64,0,1.84e+19,1.84e+19,5837367,1167473.4,61918.9898418894,1240884,1101494,net_write,B,1,uint64,0,1.84e+19,1.84e+19,1305739,261147.8,24447.2427598697,306571,242294,money,,1,float32,0,3.4e+38,0,0.0054948349262966,0.0010989669852593,1.62e-05,0.0011269926971028,0.0010798112191297,co2,g,1,float32,0,3.4e+38,0,7.06164882253689,1.41232976450738,0.0207572005877381,1.44834681282552,1.38771186512587
310,1_100_0.01_0_3_4_10_8192,1,100,0.01,0.0,3,4,10,8192,evaluateNN_3.0,1,,,True,2025-04-29T18:57:08.629,2025-04-29T18:57:08.629,runtime,s,1,float32,0,3.4e+38,-1,2292.25268554688,458.450537109375,1.70144020819847,461.719848632813,456.877502441406,energy,J,1,float32,0,3.4e+38,-1,134775.63671875,26955.12734375,129.627982468316,27192.2890625,26824.755859375,power,W,1,float32,0,3.4e+38,-1,293.653839111328,58.7307678222656,0.0866099873218138,58.839771270752,58.5791473388672,cpu_energy,J,1,float32,0,3.4e+38,-1,134775.640625,26955.12890625,129.627990722656,27192.2890625,26824.755859375,cpu_power,W,1,float32,0,3.4e+38,-1,293.65380859375,58.7307624816895,0.0866099894046783,58.839771270752,58.5791473388672,cpu_util,%,1,float32,0,100,-1,207.338012695313,41.4676017761231,0.0720943808555603,41.5982704162598,41.4010887145996,dram_mem,B,1,uint64,0,1.84e+19,1.84e+19,80201714229,16040342845.8,47354000.0721597,16103833751,15968398413,disk_write,B,1,uint64,0,1.84e+19,1.84e+19,65198080,13039616.0,3939291.74592104,20819456,10126848,disk_read,B,1,uint64,0,1.84e+19,1.84e+19,5856256,1171251.2,1099066.9613068,2821120,23040,net_read,B,1,uint64,0,1.84e+19,1.84e+19,11351892,2270378.4,229726.009630255,2627287,1971233,net_write,B,1,uint64,0,1.84e+19,1.84e+19,2541213,508242.6,110458.957550033,682082,372554,money,,1,float32,0,3.4e+38,0,0.0121709887492405,0.002434197749848,1.17e-05,0.0024556147706163,0.002422424480523,co2,g,1,float32,0,3.4e+38,0,15.6414613947483,3.12829227894965,0.0150440475209063,3.15581621397569,3.11316194390191
315,1_100_0.1_0_2_4_10_8192,1,100,0.1,0.0,2,4,10,8192,evaluateNN_3.0,1,,,True,2025-05-01T07:23:20.866,2025-05-01T07:23:20.866,runtime,s,1,float32,0,3.4e+38,-1,1874.31225585938,374.862451171875,3.00741496279183,380.546081542969,372.381591796875,energy,J,1,float32,0,3.4e+38,-1,106352.21484375,21270.44296875,168.408599756256,21571.4375,21106.791015625,power,W,1,float32,0,3.4e+38,-1,283.352100372314,56.6704200744629,0.140739430921629,56.9490737915039,56.5632667541504,cpu_energy,J,1,float32,0,3.4e+38,-1,106352.2109375,21270.44140625,168.408599853516,21571.4375,21106.791015625,cpu_power,W,1,float32,0,3.4e+38,-1,283.352081298828,56.6704177856445,0.140739440917969,56.9490737915039,56.5632667541504,cpu_util,%,1,float32,0,100,-1,187.185089111328,37.4370193481445,0.0557420141994953,37.5007972717285,37.3730010986328,dram_mem,B,1,uint64,0,1.84e+19,1.84e+19,81014627721,16202925544.2,49438740.0141476,16256247780,16110554449,disk_write,B,1,uint64,0,1.84e+19,1.84e+19,40904704,8180940.8,977217.723459087,10107392,7380480,disk_read,B,1,uint64,0,1.84e+19,1.84e+19,1387520,277504.0,216088.264040415,666624,43520,net_read,B,1,uint64,0,1.84e+19,1.84e+19,8060063,1612012.6,84412.6352973298,1760871,1525334,net_write,B,1,uint64,0,1.84e+19,1.84e+19,1525744,305148.8,40076.2605211614,377095,264348,money,,1,float32,0,3.4e+38,0,0.0096041958460286,0.0019208391692057,1.52e-05,0.0019480206475694,0.001906060488661,co2,g,1,float32,0,3.4e+38,0,12.3427653782552,2.46855307565104,0.0195447536050455,2.50348516319444,2.44956035731337
316,1_100_0.1_0.1_1_4_20_8192,1,100,0.1,0.1,1,4,20,8192,evaluateNN_3.0,1,,,True,2025-05-02T07:26:12.507,2025-05-02T07:26:12.507,runtime,s,1,float32,0,3.4e+38,-1,2222.59857177734,444.519714355469,2.35310947213933,448.078063964844,440.978881835938,energy,J,1,float32,0,3.4e+38,-1,127727.498046875,25545.499609375,161.237863825713,25785.2734375,25330.365234375,power,W,1,float32,0,3.4e+38,-1,287.042240142822,57.4084480285645,0.0884659969787616,57.4827041625977,57.2414627075195,cpu_energy,J,1,float32,0,3.4e+38,-1,127727.5,25545.5,161.237869262695,25785.2734375,25330.365234375,cpu_power,W,1,float32,0,3.4e+38,-1,287.042236328125,57.408447265625,0.088466003537178,57.4827041625977,57.2414627075195,cpu_util,%,1,float32,0,100,-1,212.063873291016,42.4127731323242,0.156875848770142,42.6264457702637,42.217643737793,dram_mem,B,1,uint64,0,1.84e+19,1.84e+19,80541486867,16108297373.4,66068010.3624224,16171951191,15990319881,disk_write,B,1,uint64,0,1.84e+19,1.84e+19,53383168,10676633.6,1883547.09753121,12850176,8003584,disk_read,B,1,uint64,0,1.84e+19,1.84e+19,3957760,791552.0,406369.984403376,1190912,60928,net_read,B,1,uint64,0,1.84e+19,1.84e+19,10430187,2086037.4,123072.47089191,2214171,1883680,net_write,B,1,uint64,0,1.84e+19,1.84e+19,2171052,434210.4,52205.6320241409,503466,356439,money,,1,float32,0,3.4e+38,0,0.0115345026708442,0.0023069005341688,1.46e-05,0.0023285534429253,0.0022874727049153,co2,g,1,float32,0,3.4e+38,0,14.8234857455512,2.96469714911024,0.0187125498628841,2.99252423394097,2.93972960970052
318,1_100_0.01_0_2_8_10_8192,1,100,0.01,0.0,2,8,10,8192,evaluateNN_3.0,1,,,True,2025-04-29T16:00:07.976,2025-04-29T16:00:07.976,runtime,s,1,float32,0,3.4e+38,-1,1520.36154174805,304.072308349609,4.30552170638194,308.739440917969,295.997894287109,energy,J,1,float32,0,3.4e+38,-1,83146.017578125,16629.203515625,230.194549024723,16855.4453125,16199.169921875,power,W,1,float32,0,3.4e+38,-1,273.122898101807,54.6245796203613,0.0843012307007233,54.7427520751953,54.5264701843262,cpu_energy,J,1,float32,0,3.4e+38,-1,83146.015625,16629.203125,230.194549560547,16855.4453125,16199.169921875,cpu_power,W,1,float32,0,3.4e+38,-1,273.122894287109,54.6245803833008,0.084301233291626,54.7427520751953,54.5264701843262,cpu_util,%,1,float32,0,100,-1,166.387741088867,33.2775497436523,0.338014036417007,33.5542488098145,32.6484832763672,dram_mem,B,1,uint64,0,1.84e+19,1.84e+19,82192151519,16438430303.8,127781287.375219,16520701659,16183614853,disk_write,B,1,uint64,0,1.84e+19,1.84e+19,46026752,9205350.4,3426422.97596182,14942720,5525504,disk_read,B,1,uint64,0,1.84e+19,1.84e+19,4571648,914329.6,739910.854572522,1991680,13312,net_read,B,1,uint64,0,1.84e+19,1.84e+19,8504560,1700912.0,146215.704361741,1933007,1541338,net_write,B,1,uint64,0,1.84e+19,1.84e+19,1858496,371699.2,102130.138896214,519476,287048,money,,1,float32,0,3.4e+38,0,0.0075085473096245,0.0015017094619249,2.08e-05,0.0015221403530816,0.0014628750393337,co2,g,1,float32,0,3.4e+38,0,9.64955726226128,1.92991145245226,0.0267153562729249,1.95616806987847,1.88000366482205
320,1_200_0.1_0.1_3_16_10_8192,1,200,0.1,0.1,3,16,10,8192,evaluateNN_3.0,1,,,True,2025-05-06T05:15:07.594,2025-05-06T05:15:07.594,runtime,s,1,float32,0,3.4e+38,-1,1737.58853149414,347.517706298828,40.9029140654717,377.916442871094,269.017456054688,energy,J,1,float32,0,3.4e+38,-1,97379.6787109375,19475.9357421875,2645.08245523691,21440.9375,14411.0087890625,power,W,1,float32,0,3.4e+38,-1,279.175010681152,55.8350021362305,1.20269310514369,56.6867256164551,53.5185317993164,cpu_energy,J,1,float32,0,3.4e+38,-1,97379.6796875,19475.935546875,2645.08251953125,21440.9375,14411.0087890625,cpu_power,W,1,float32,0,3.4e+38,-1,279.175018310547,55.8350028991699,1.20269310474396,56.6867256164551,53.5185317993164,cpu_util,%,1,float32,0,100,-1,185.938110351563,37.1876220703125,4.08998012542725,40.1477546691895,29.2948188781738,dram_mem,B,1,uint64,0,1.84e+19,1.84e+19,81451076121,16290215224.2,85332889.7784836,16363583169,16128298513,disk_write,B,1,uint64,0,1.84e+19,1.84e+19,40167424,8033484.8,1782211.34439734,11061248,5878784,disk_read,B,1,uint64,0,1.84e+19,1.84e+19,1320960,264192.0,273940.000765131,767488,17408,net_read,B,1,uint64,0,1.84e+19,1.84e+19,7846697,1569339.4,178786.151636641,1801163,1256811,net_write,B,1,uint64,0,1.84e+19,1.84e+19,1416743,283348.6,45088.6257878858,362789,223102,money,,1,float32,0,3.4e+38,0,0.0087939259858127,0.0017587851971625,0.0002388656406104,0.0019362357725694,0.0013013941548122,co2,g,1,float32,0,3.4e+38,0,11.3014527126194,2.26029054252387,0.306976513832773,2.48833991319445,1.67247763113064
321,1_100_0.1_0_3_16_5_8192,1,100,0.1,0.0,3,16,5,8192,evaluateNN_3.0,1,,,True,2025-05-01T15:15:20.414,2025-05-01T15:15:20.414,runtime,s,1,float32,0,3.4e+38,-1,1260.51983642578,252.103967285156,18.1597860935976,266.7275390625,216.3876953125,energy,J,1,float32,0,3.4e+38,-1,67013.36328125,13402.67265625,1124.2320486983,14313.640625,11189.638671875,power,W,1,float32,0,3.4e+38,-1,265.22359085083,53.044718170166,0.725443115193518,53.5998191833496,51.6223831176758,cpu_energy,J,1,float32,0,3.4e+38,-1,67013.359375,13402.671875,1124.23205566406,14313.640625,11189.638671875,cpu_power,W,1,float32,0,3.4e+38,-1,265.223602294922,53.0447196960449,0.725443124771118,53.5998191833496,51.6223831176758,cpu_util,%,1,float32,0,100,-1,131.113052368164,26.2226104736328,3.27894020080566,28.8817157745361,19.7573375701904,dram_mem,B,1,uint64,0,1.84e+19,1.84e+19,79900770630,15980154126.0,31071059.530251,16009142177,15922927799,disk_write,B,1,uint64,0,1.84e+19,1.84e+19,31511040,6302208.0,581962.722874928,7219200,5616128,disk_read,B,1,uint64,0,1.84e+19,1.84e+19,1439232,287846.4,315530.342645902,773120,11264,net_read,B,1,uint64,0,1.84e+19,1.84e+19,6336327,1267265.4,80742.1133278043,1336366,1109816,net_write,B,1,uint64,0,1.84e+19,1.84e+19,1473969,294793.8,32469.862219603,348138,245730,money,,1,float32,0,3.4e+38,0,0.0060516790007595,0.0012103358001519,0.000101524399731,0.0012926012686631,0.0010104865367296,co2,g,1,float32,0,3.4e+38,0,7.77727310525174,1.55545462105035,0.130473374985042,1.66117751475694,1.29861973253038
323,1_200_0.1_0_3_16_20_8192,1,200,0.1,0.0,3,16,20,8192,evaluateNN_3.0,1,,,True,2025-05-05T02:23:05.071,2025-05-05T02:23:05.071,runtime,s,1,float32,0,3.4e+38,-1,2685.89340209961,537.178680419922,49.8211737498938,603.717956542969,456.524078369141,energy,J,1,float32,0,3.4e+38,-1,159170.26171875,31834.05234375,3229.21568579671,36148.4296875,26588.3828125,power,W,1,float32,0,3.4e+38,-1,295.795219421387,59.1590438842773,0.553692545112289,59.8341941833496,58.1824073791504,cpu_energy,J,1,float32,0,3.4e+38,-1,159170.25,31834.05078125,3229.21557617188,36148.4296875,26588.3828125,cpu_power,W,1,float32,0,3.4e+38,-1,295.795227050781,59.1590461730957,0.553692579269409,59.8341941833496,58.1824073791504,cpu_util,%,1,float32,0,100,-1,238.538421630859,47.7076835632324,1.79903841018677,49.9408264160156,44.6462898254395,dram_mem,B,1,uint64,0,1.84e+19,1.84e+19,82605993332,16521198666.4,157042177.832227,16654146269,16212722304,disk_write,B,1,uint64,0,1.84e+19,1.84e+19,68144128,13628825.6,3163335.99357397,19751936,10705408,disk_read,B,1,uint64,0,1.84e+19,1.84e+19,2334720,466944.0,287719.947749196,860672,39424,net_read,B,1,uint64,0,1.84e+19,1.84e+19,12436598,2487319.6,271896.105968144,2887799,2049612,net_write,B,1,uint64,0,1.84e+19,1.84e+19,2836846,567369.2,51958.2541215542,648338,502465,money,,1,float32,0,3.4e+38,0,0.0143739589124349,0.0028747917824869,0.0002916161165145,0.0032644040253906,0.0024010786812066,co2,g,1,float32,0,3.4e+38,0,18.4725931516927,3.69451863033854,0.374768420423851,4.19522608984375,3.08572953862847
327,1_100_0.01_0.01_2_8_20_8192,1,100,0.01,0.01,2,8,20,8192,evaluateNN_3.0,1,,,True,2025-04-30T06:06:08.641,2025-04-30T06:06:08.641,runtime,s,1,float32,0,3.4e+38,-1,2284.94155883789,456.988311767578,12.1314093966572,479.419616699219,445.249725341797,energy,J,1,float32,0,3.4e+38,-1,132572.59375,26514.51875,794.864791603098,28014.64453125,25819.708984375,power,W,1,float32,0,3.4e+38,-1,289.728797912598,57.9457595825195,0.215710976742316,58.3696556091309,57.7947006225586,cpu_energy,J,1,float32,0,3.4e+38,-1,132572.578125,26514.515625,794.864807128906,28014.64453125,25819.708984375,cpu_power,W,1,float32,0,3.4e+38,-1,289.728820800781,57.9457626342773,0.21571096777916,58.3696556091309,57.7947006225586,cpu_util,%,1,float32,0,100,-1,222.065704345703,44.4131393432617,0.608295023441315,45.5871086120606,43.9335556030273,dram_mem,B,1,uint64,0,1.84e+19,1.84e+19,82624685177,16524937035.4,169165900.87589,16716283009,16235704508,disk_write,B,1,uint64,0,1.84e+19,1.84e+19,138447360,27689472.0,34789306.536176,97222656,8832512,disk_read,B,1,uint64,0,1.84e+19,1.84e+19,45846016,9169203.2,16779131.9049799,42685440,46080,net_read,B,1,uint64,0,1.84e+19,1.84e+19,9542983,1908596.6,87878.6682275056,2069640,1824447,net_write,B,1,uint64,0,1.84e+19,1.84e+19,1759728,351945.6,37934.8570293866,404997,302869,money,,1,float32,0,3.4e+38,0,0.0119720417300347,0.0023944083460069,7.18e-05,0.0025298780380859,0.0023316631641167,co2,g,1,float32,0,3.4e+38,0,15.3857860190972,3.07715720381944,0.0922484749810484,3.25125513476563,2.99652067046441
328,1_200_0.01_0.1_2_8_10_8192,1,200,0.01,0.1,2,8,10,8192,evaluateNN_3.0,1,,,True,2025-05-04T05:40:46.995,2025-05-04T05:40:46.995,runtime,s,1,float32,0,3.4e+38,-1,1536.27386474609,307.254772949219,11.1928699120575,315.979278564453,285.76708984375,energy,J,1,float32,0,3.4e+38,-1,83756.57421875,16751.31484375,724.355251352994,17362.078125,15376.798828125,power,W,1,float32,0,3.4e+38,-1,272.248676300049,54.4497352600098,0.406637962709174,54.9106178283691,53.7477760314941,cpu_energy,J,1,float32,0,3.4e+38,-1,83756.578125,16751.31640625,724.355285644531,17362.078125,15376.798828125,cpu_power,W,1,float32,0,3.4e+38,-1,272.248687744141,54.4497375488281,0.406637966632843,54.9106178283691,53.7477760314941,cpu_util,%,1,float32,0,100,-1,167.99658203125,33.5993156433106,1.32057583332062,34.741325378418,31.1048774719238,dram_mem,B,1,uint64,0,1.84e+19,1.84e+19,80761213853,16152242770.6,86593094.5052731,16270189524,16017942304,disk_write,B,1,uint64,0,1.84e+19,1.84e+19,47689728,9537945.6,3683641.41265426,15225856,5001216,disk_read,B,1,uint64,0,1.84e+19,1.84e+19,5054464,1010892.8,1149321.67971868,3169280,31232,net_read,B,1,uint64,0,1.84e+19,1.84e+19,7143197,1428639.4,40157.5778183894,1487326,1377787,net_write,B,1,uint64,0,1.84e+19,1.84e+19,1604822,320964.4,53562.8033344036,411540,246045,money,,1,float32,0,3.4e+38,0,0.0075636839662543,0.0015127367932508,6.54e-05,0.001567892110677,0.0013886103608398,co2,g,1,float32,0,3.4e+38,0,9.72041575238715,1.94408315047743,0.0840654511153557,2.01496562239583,1.78456293066406
331,1_200_0.01_0.1_2_16_5_8192,1,200,0.01,0.1,2,16,5,8192,evaluateNN_3.0,1,,,True,2025-05-04T06:45:27.869,2025-05-04T06:45:27.869,runtime,s,1,float32,0,3.4e+38,-1,1194.49737548828,238.899475097656,3.83721078714202,243.620727539063,234.001739501953,energy,J,1,float32,0,3.4e+38,-1,62016.3046875,12403.2609375,255.096899836809,12639.2109375,12059.7802734375,power,W,1,float32,0,3.4e+38,-1,259.227375030518,51.8454750061035,0.286958683471759,52.212345123291,51.4883460998535,cpu_energy,J,1,float32,0,3.4e+38,-1,62016.3046875,12403.2607421875,255.096908569336,12639.2109375,12059.7802734375,cpu_power,W,1,float32,0,3.4e+38,-1,259.227355957031,51.8454704284668,0.286958694458008,52.212345123291,51.4883460998535,cpu_util,%,1,float32,0,100,-1,121.811325073242,24.3622646331787,0.7612184882164,25.3518371582031,23.4283885955811,dram_mem,B,1,uint64,0,1.84e+19,1.84e+19,80815455643,16163091128.6,97361751.2192737,16310394110,16003216852,disk_write,B,1,uint64,0,1.84e+19,1.84e+19,31498240,6299648.0,2192468.58239456,9496576,3597312,disk_read,B,1,uint64,0,1.84e+19,1.84e+19,3652608,730521.6,696047.487380452,2012160,9216,net_read,B,1,uint64,0,1.84e+19,1.84e+19,5960599,1192119.8,82815.9749816423,1346748,1108592,net_write,B,1,uint64,0,1.84e+19,1.84e+19,1490767,298153.4,66200.9724115893,427108,238042,money,,1,float32,0,3.4e+38,0,0.0056004168483072,0.0011200833696614,2.3e-05,0.0011413909654947,0.0010890651574707,co2,g,1,float32,0,3.4e+38,0,7.19733669401042,1.43946733880208,0.0296054124310608,1.46685064713542,1.39960449951172
335,1_200_0.01_0.1_1_4_10_8192,1,200,0.01,0.1,1,4,10,8192,evaluateNN_3.0,1,,,True,2025-05-04T00:11:50.235,2025-05-04T00:11:50.235,runtime,s,1,float32,0,3.4e+38,-1,1507.22393798828,301.444787597656,3.27327147329088,305.877532958984,296.264251708984,energy,J,1,float32,0,3.4e+38,-1,82188.568359375,16437.713671875,237.72446993902,16751.1640625,16039.677734375,power,W,1,float32,0,3.4e+38,-1,272.243690490723,54.4487380981445,0.239347978918887,54.7102012634277,54.0494613647461,cpu_energy,J,1,float32,0,3.4e+38,-1,82188.5625,16437.712890625,237.724472045898,16751.1640625,16039.677734375,cpu_power,W,1,float32,0,3.4e+38,-1,272.243682861328,54.4487380981445,0.239347979426384,54.7102012634277,54.0494613647461,cpu_util,%,1,float32,0,100,-1,163.221130371094,32.6442260742188,0.458666533231735,33.3306198120117,31.9426155090332,dram_mem,B,1,uint64,0,1.84e+19,1.84e+19,82412255997,16482451199.4,115713578.582947,16569495014,16253533507,disk_write,B,1,uint64,0,1.84e+19,1.84e+19,35136512,7027302.4,1220884.38857373,8822272,5612544,disk_read,B,1,uint64,0,1.84e+19,1.84e+19,3294208,658841.6,455249.647750155,1486336,164864,net_read,B,1,uint64,0,1.84e+19,1.84e+19,6328314,1265662.8,58145.8095735196,1346467,1193322,net_write,B,1,uint64,0,1.84e+19,1.84e+19,1223087,244617.4,14232.7689870945,261810,219003,money,,1,float32,0,3.4e+38,0,0.0074220843260091,0.0014844168652018,2.15e-05,0.0015127231768663,0.0014484720087348,co2,g,1,float32,0,3.4e+38,0,9.53843996126302,1.9076879922526,0.0275892454279229,1.94406565147569,1.86149371039497
337,1_200_0.1_0.1_1_8_20_8192,1,200,0.1,0.1,1,8,20,8192,evaluateNN_3.0,1,,,True,2025-05-05T18:54:18.508,2025-05-05T18:54:18.508,runtime,s,1,float32,0,3.4e+38,-1,1843.78451538086,368.756903076172,7.83575082561804,384.023345947266,361.984893798828,energy,J,1,float32,0,3.4e+38,-1,104285.94140625,20857.18828125,514.007065956145,21866.947265625,20483.50390625,power,W,1,float32,0,3.4e+38,-1,282.508632659912,56.5017265319824,0.223597951562848,56.899787902832,56.2240333557129,cpu_energy,J,1,float32,0,3.4e+38,-1,104285.9375,20857.1875,514.007080078125,21866.947265625,20483.50390625,cpu_power,W,1,float32,0,3.4e+38,-1,282.508636474609,56.5017280578613,0.223597958683968,56.899787902832,56.2240333557129,cpu_util,%,1,float32,0,100,-1,195.008544921875,39.001708984375,0.606180608272553,40.1745452880859,38.4901657104492,dram_mem,B,1,uint64,0,1.84e+19,1.84e+19,81574084846,16314816969.2,47063183.845728,16348158820,16225479786,disk_write,B,1,uint64,0,1.84e+19,1.84e+19,50017280,10003456.0,2857655.07931689,15558656,7393792,disk_read,B,1,uint64,0,1.84e+19,1.84e+19,4637696,927539.2,853515.923036097,2231296,33280,net_read,B,1,uint64,0,1.84e+19,1.84e+19,9458082,1891616.4,50162.2704932701,1973308,1822811,net_write,B,1,uint64,0,1.84e+19,1.84e+19,2114000,422800.0,62089.4953885116,542015,375168,money,,1,float32,0,3.4e+38,0,0.0094175998753255,0.0018835199750651,4.64e-05,0.0019747068211263,0.0018497741999783,co2,g,1,float32,0,3.4e+38,0,12.1029628665365,2.42059257330729,0.0596533755990214,2.53778071321615,2.37722442556424
340,1_100_0.01_0.01_3_4_20_8192,1,100,0.01,0.01,3,4,20,8192,evaluateNN_3.0,1,,,True,2025-04-30T09:13:57.380,2025-04-30T09:13:57.380,runtime,s,1,float32,0,3.4e+38,-1,3741.75158691406,748.350317382813,5.60310440849546,754.634155273438,738.250244140625,energy,J,1,float32,0,3.4e+38,-1,228475.9609375,45695.1921875,353.400702775776,46100.93359375,45081.640625,power,W,1,float32,0,3.4e+38,-1,305.080017089844,61.0160034179688,0.0481961875233535,61.0708618164063,60.9297180175781,cpu_energy,J,1,float32,0,3.4e+38,-1,228475.96875,45695.1953125,353.400695800781,46100.93359375,45081.640625,cpu_power,W,1,float32,0,3.4e+38,-1,305.080017089844,61.0160026550293,0.0481961891055107,61.0708618164063,60.9297180175781,cpu_util,%,1,float32,0,100,-1,246.789093017578,49.3578186035156,0.133021339774132,49.5297470092773,49.1593284606934,dram_mem,B,1,uint64,0,1.84e+19,1.84e+19,80860880161,16172176032.2,34935884.7067328,16223002410,16116043445,disk_write,B,1,uint64,0,1.84e+19,1.84e+19,100644864,20128972.8,5407348.83712802,30296064,15346176,disk_read,B,1,uint64,0,1.84e+19,1.84e+19,8183808,1636761.6,877283.420462418,2895360,291840,net_read,B,1,uint64,0,1.84e+19,1.84e+19,22146251,4429250.2,264646.760649285,4765069,3964115,net_write,B,1,uint64,0,1.84e+19,1.84e+19,4068470,813694.0,78353.8377745468,961153,730792,money,,1,float32,0,3.4e+38,0,0.0206326485835504,0.00412652971671,3.19e-05,0.0041631704198133,0.0040711226019965,co2,g,1,float32,0,3.4e+38,0,26.515904577691,5.3031809155382,0.0410141148943663,5.35026945985243,5.23197484809028
342,1_200_0.01_0.1_2_8_20_8192,1,200,0.01,0.1,2,8,20,8192,evaluateNN_3.0,1,,,True,2025-05-04T06:06:48.185,2025-05-04T06:06:48.185,runtime,s,1,float32,0,3.4e+38,-1,2294.73004150391,458.946008300781,7.88809776588626,472.083526611328,449.762268066406,energy,J,1,float32,0,3.4e+38,-1,133482.111328125,26696.422265625,508.004456010033,27570.52734375,26120.6796875,power,W,1,float32,0,3.4e+38,-1,290.495803833008,58.0991607666016,0.115369904873283,58.3282279968262,58.025764465332,cpu_energy,J,1,float32,0,3.4e+38,-1,133482.125,26696.42578125,508.004486083984,27570.52734375,26120.6796875,cpu_power,W,1,float32,0,3.4e+38,-1,290.495819091797,58.0991630554199,0.115369901061058,58.3282279968262,58.025764465332,cpu_util,%,1,float32,0,100,-1,223.028091430664,44.6056175231934,0.357682377099991,45.2856521606445,44.2842559814453,dram_mem,B,1,uint64,0,1.84e+19,1.84e+19,82734755351,16546951070.2,104549951.403563,16624309068,16339932378,disk_write,B,1,uint64,0,1.84e+19,1.84e+19,46981120,9396224.0,871330.559502649,11091456,8644608,disk_read,B,1,uint64,0,1.84e+19,1.84e+19,48974848,9794969.6,18096608.4815162,45973504,33792,net_read,B,1,uint64,0,1.84e+19,1.84e+19,10036528,2007305.6,119297.291695327,2182918,1889954,net_write,B,1,uint64,0,1.84e+19,1.84e+19,1966719,393343.8,55075.0899641571,491904,341727,money,,1,float32,0,3.4e+38,0,0.0120541762202148,0.0024108352440429,4.59e-05,0.0024897717887369,0.0023588424906684,co2,g,1,float32,0,3.4e+38,0,15.4913405869141,3.09826811738281,0.0589567393669422,3.19971286783854,3.03144999262153
343,1_200_0.01_0.01_2_16_10_8192,1,200,0.01,0.01,2,16,10,8192,evaluateNN_3.0,1,,,True,2025-05-03T17:21:01.306,2025-05-03T17:21:01.306,runtime,s,1,float32,0,3.4e+38,-1,1554.55850219727,310.911700439453,10.1497006861101,324.207366943359,300.283325195313,energy,J,1,float32,0,3.4e+38,-1,85883.95703125,17176.79140625,611.095442222911,17952.66796875,16557.296875,power,W,1,float32,0,3.4e+38,-1,275.766532897949,55.1533065795898,0.16361328792868,55.4099502563477,54.9873046875,cpu_energy,J,1,float32,0,3.4e+38,-1,85883.953125,17176.791015625,611.095458984375,17952.66796875,16557.296875,cpu_power,W,1,float32,0,3.4e+38,-1,275.766540527344,55.1533088684082,0.16361328959465,55.4099502563477,54.9873046875,cpu_util,%,1,float32,0,100,-1,170.781204223633,34.1562423706055,0.982295274734497,35.3916625976563,33.0715217590332,dram_mem,B,1,uint64,0,1.84e+19,1.84e+19,80335625202,16067125040.4,93299633.355017,16192653122,15934312058,disk_write,B,1,uint64,0,1.84e+19,1.84e+19,35158528,7031705.6,795411.561883683,8036352,6022144,disk_read,B,1,uint64,0,1.84e+19,1.84e+19,1359360,271872.0,145940.658186812,416768,16896,net_read,B,1,uint64,0,1.84e+19,1.84e+19,6587149,1317429.8,67920.4423996193,1391943,1191192,net_write,B,1,uint64,0,1.84e+19,1.84e+19,1241998,248399.6,10519.4593891511,259977,228868,money,,1,float32,0,3.4e+38,0,0.0077557984530164,0.0015511596906033,5.52e-05,0.0016212256546224,0.0014952158927951,co2,g,1,float32,0,3.4e+38,0,9.96731034657118,1.99346206931424,0.0709210210446479,2.08350685481771,1.92156628732639
345,1_200_0.01_0.1_1_16_20_8192,1,200,0.01,0.1,1,16,20,8192,evaluateNN_3.0,1,,,True,2025-05-04T03:06:17.957,2025-05-04T03:06:17.957,runtime,s,1,float32,0,3.4e+38,-1,1802.14013671875,360.42802734375,29.4507153191726,383.258850097656,302.904479980469,energy,J,1,float32,0,3.4e+38,-1,101558.82421875,20311.76484375,1883.98552079948,21802.578125,16648.302734375,power,W,1,float32,0,3.4e+38,-1,281.162673950195,56.2325347900391,0.69527770172246,56.8040275573731,54.9079971313477,cpu_energy,J,1,float32,0,3.4e+38,-1,101558.8203125,20311.763671875,1883.98559570313,21802.578125,16648.302734375,cpu_power,W,1,float32,0,3.4e+38,-1,281.162689208984,56.232536315918,0.695277750492096,56.8040275573731,54.9079971313477,cpu_util,%,1,float32,0,100,-1,193.081848144531,38.6163711547852,2.53892683982849,40.5280532836914,33.6588821411133,dram_mem,B,1,uint64,0,1.84e+19,1.84e+19,82895103726,16579020745.2,126210067.310128,16741420593,16359440350,disk_write,B,1,uint64,0,1.84e+19,1.84e+19,40379904,8075980.8,984643.257941962,9661440,6961152,disk_read,B,1,uint64,0,1.84e+19,1.84e+19,3473920,694784.0,645653.072455479,1749504,23552,net_read,B,1,uint64,0,1.84e+19,1.84e+19,7768709,1553741.8,186815.786961809,1831147,1245192,net_write,B,1,uint64,0,1.84e+19,1.84e+19,1475414,295082.8,47541.1641649634,385245,252969,money,,1,float32,0,3.4e+38,0,0.0091713260426432,0.0018342652085286,0.0001701343591144,0.0019688939301215,0.0015034342274848,co2,g,1,float32,0,3.4e+38,0,11.786465766276,2.35729315325521,0.218646986275006,2.53031031684028,1.93212802289497
347,1_100_0.1_0.01_3_4_5_8192,1,100,0.1,0.01,3,4,5,8192,evaluateNN_3.0,1,,,True,2025-05-02T01:16:07.310,2025-05-02T01:16:07.310,runtime,s,1,float32,0,3.4e+38,-1,1538.50411987305,307.700823974609,2.4901269421011,312.117034912109,305.55908203125,energy,J,1,float32,0,3.4e+38,-1,85310.802734375,17062.160546875,150.364571020369,17315.82421875,16928.72265625,power,W,1,float32,0,3.4e+38,-1,276.851169586182,55.3702339172363,0.0601543769819636,55.4801902770996,55.3036422729492,cpu_energy,J,1,float32,0,3.4e+38,-1,85310.8046875,17062.16015625,150.364562988281,17315.82421875,16928.72265625,cpu_power,W,1,float32,0,3.4e+38,-1,276.851165771484,55.370231628418,0.0601543784141541,55.4801902770996,55.3036422729492,cpu_util,%,1,float32,0,100,-1,156.542449951172,31.3084907531738,0.189479053020477,31.5400009155273,31.092529296875,dram_mem,B,1,uint64,0,1.84e+19,1.84e+19,80190963837,16038192767.4,114313299.286536,16241544001,15906716756,disk_write,B,1,uint64,0,1.84e+19,1.84e+19,36314624,7262924.8,941437.922412391,8812544,5991936,disk_read,B,1,uint64,0,1.84e+19,1.84e+19,4635136,927027.2,766897.288778204,2458624,468992,net_read,B,1,uint64,0,1.84e+19,1.84e+19,6566087,1313217.4,40233.0683373764,1389869,1271979,net_write,B,1,uint64,0,1.84e+19,1.84e+19,1218135,243627.0,12944.4307561206,259143,228271,money,,1,float32,0,3.4e+38,0,0.0077040394358181,0.0015408078871636,1.36e-05,0.0015637151259765,0.0015287577043185,co2,g,1,float32,0,3.4e+38,0,9.9007926062283,1.98015852124566,0.0174506438256418,2.00959759960938,1.96467231271701
349,1_200_0.01_0.01_2_8_20_8192,1,200,0.01,0.01,2,8,20,8192,evaluateNN_3.0,1,,,True,2025-05-03T16:22:51.595,2025-05-03T16:22:51.595,runtime,s,1,float32,0,3.4e+38,-1,2283.67611694336,456.735223388672,11.9164011024491,477.104125976563,443.279388427734,energy,J,1,float32,0,3.4e+38,-1,132945.3359375,26589.0671875,788.664213129689,27929.412109375,25746.91015625,power,W,1,float32,0,3.4e+38,-1,290.702262878418,58.1404525756836,0.218366894612235,58.4612998962402,57.8468017578125,cpu_energy,J,1,float32,0,3.4e+38,-1,132945.34375,26589.068359375,788.664245605469,27929.412109375,25746.91015625,cpu_power,W,1,float32,0,3.4e+38,-1,290.702270507813,58.1404533386231,0.218366906046867,58.4612998962402,57.8468017578125,cpu_util,%,1,float32,0,100,-1,221.333435058594,44.2666854858398,0.612647950649262,45.2891426086426,43.6411247253418,dram_mem,B,1,uint64,0,1.84e+19,1.84e+19,80383860441,16076772088.2,48720848.2728394,16132414678,16007571989,disk_write,B,1,uint64,0,1.84e+19,1.84e+19,55936000,11187200.0,2508731.53735158,15857152,8993280,disk_read,B,1,uint64,0,1.84e+19,1.84e+19,2321408,464281.6,281814.102172052,802304,76288,net_read,B,1,uint64,0,1.84e+19,1.84e+19,9732085,1946417.0,104243.270069583,2052036,1756940,net_write,B,1,uint64,0,1.84e+19,1.84e+19,1927314,385462.8,87245.7299892665,558564,321788,money,,1,float32,0,3.4e+38,0,0.0120057024203559,0.0024011404840711,7.12e-05,0.0025221810768771,0.0023250890254991,co2,g,1,float32,0,3.4e+38,0,15.4290448207465,3.08580896414931,0.0915288634015511,3.24136343869358,2.98807196202257
352,1_100_0.1_0.01_2_4_5_8192,1,100,0.1,0.01,2,4,5,8192,evaluateNN_3.0,1,,,True,2025-05-01T20:42:07.130,2025-05-01T20:42:07.130,runtime,s,1,float32,0,3.4e+38,-1,1348.6789855957,269.735797119141,1.29656244047523,272.021148681641,268.079528808594,energy,J,1,float32,0,3.4e+38,-1,72641.6279296875,14528.3255859375,92.2012063942551,14687.4033203125,14413.4248046875,power,W,1,float32,0,3.4e+38,-1,268.903614044189,53.7807228088379,0.116371129110413,53.9412422180176,53.6356430053711,cpu_energy,J,1,float32,0,3.4e+38,-1,72641.6328125,14528.326171875,92.2012100219727,14687.4033203125,14413.4248046875,cpu_power,W,1,float32,0,3.4e+38,-1,268.903625488281,53.7807235717773,0.116371124982834,53.9412422180176,53.6356430053711,cpu_util,%,1,float32,0,100,-1,137.715118408203,27.5430240631104,0.162167325615883,27.8512897491455,27.4107398986816,dram_mem,B,1,uint64,0,1.84e+19,1.84e+19,80239628394,16047925678.8,130051077.1912,16184829747,15817520199,disk_write,B,1,uint64,0,1.84e+19,1.84e+19,37411840,7482368.0,3404058.86670604,14250496,5373952,disk_read,B,1,uint64,0,1.84e+19,1.84e+19,856064,171212.8,167564.263691755,411136,21504,net_read,B,1,uint64,0,1.84e+19,1.84e+19,6742895,1348579.0,107507.006091696,1539847,1264242,net_write,B,1,uint64,0,1.84e+19,1.84e+19,1652065,330413.0,77210.7650447786,482456,271369,money,,1,float32,0,3.4e+38,0,0.0065599425666503,0.00131198851333,8.33e-06,0.0013263541165093,0.0013016123344455,co2,g,1,float32,0,3.4e+38,0,8.43046448583984,1.68609289716797,0.0107004622309778,1.70455475200738,1.67275802316623
353,1_100_0.1_0.01_3_16_5_8192,1,100,0.1,0.01,3,16,5,8192,evaluateNN_3.0,1,,,True,2025-05-02T04:58:15.208,2025-05-02T04:58:15.208,runtime,s,1,float32,0,3.4e+38,-1,1296.15765380859,259.231530761719,11.5618281612327,269.448944091797,237.942108154297,energy,J,1,float32,0,3.4e+38,-1,68775.7109375,13755.1421875,727.407566477755,14379.2646484375,12409.072265625,power,W,1,float32,0,3.4e+38,-1,264.852527618408,52.9705055236816,0.461850950815658,53.3532104492188,52.0976142883301,cpu_energy,J,1,float32,0,3.4e+38,-1,68775.703125,13755.140625,727.407531738281,14379.2646484375,12409.072265625,cpu_power,W,1,float32,0,3.4e+38,-1,264.8525390625,52.9705085754395,0.461850970983505,53.3532104492188,52.0976142883301,cpu_util,%,1,float32,0,100,-1,137.63037109375,27.5260734558105,1.79546356201172,29.2233333587647,24.2606735229492,dram_mem,B,1,uint64,0,1.84e+19,1.84e+19,80272078623,16054415724.6,50923068.4393648,16116077623,15984364466,disk_write,B,1,uint64,0,1.84e+19,1.84e+19,35705344,7141068.8,2128848.3113081,10657792,5085184,disk_read,B,1,uint64,0,1.84e+19,1.84e+19,3781120,756224.0,521617.197262514,1514496,16384,net_read,B,1,uint64,0,1.84e+19,1.84e+19,5786368,1157273.6,162726.979204556,1450380,949509,net_write,B,1,uint64,0,1.84e+19,1.84e+19,1260642,252128.4,110486.820409676,469232,171058,money,,1,float32,0,3.4e+38,0,0.0062108287849392,0.0012421657569878,6.57e-05,0.0012985274825575,0.0011206081648763,co2,g,1,float32,0,3.4e+38,0,7.98180334157986,1.59636066831597,0.0844196892428905,1.66879354725477,1.44014177571615
354,1_200_0.01_0.1_1_16_5_8192,1,200,0.01,0.1,1,16,5,8192,evaluateNN_3.0,1,,,True,2025-05-04T02:26:45.606,2025-05-04T02:26:45.606,runtime,s,1,float32,0,3.4e+38,-1,1018.65139770508,203.730279541016,10.7706707803449,213.666976928711,184.911758422852,energy,J,1,float32,0,3.4e+38,-1,50218.751953125,10043.750390625,731.010001206925,10699.248046875,8740.7392578125,power,W,1,float32,0,3.4e+38,-1,245.928047180176,49.1856094360352,1.04005429775984,50.0095558166504,47.2229804992676,cpu_energy,J,1,float32,0,3.4e+38,-1,50218.75390625,10043.7509765625,731.010009765625,10699.248046875,8740.7392578125,cpu_power,W,1,float32,0,3.4e+38,-1,245.928039550781,49.1856079101563,1.04005432128906,50.0095558166504,47.2229804992676,cpu_util,%,1,float32,0,100,-1,85.5324401855469,17.1064872741699,2.79397702217102,19.7506999969482,12.4505367279053,dram_mem,B,1,uint64,0,1.84e+19,1.84e+19,82895546572,16579109314.4,151406631.822515,16829301993,16364988436,disk_write,B,1,uint64,0,1.84e+19,1.84e+19,22382080,4476416.0,1064090.03235328,5773824,2916864,disk_read,B,1,uint64,0,1.84e+19,1.84e+19,906752,181350.4,156800.583051977,434688,46592,net_read,B,1,uint64,0,1.84e+19,1.84e+19,4229585,845917.0,70347.4046401145,938907,735790,net_write,B,1,uint64,0,1.84e+19,1.84e+19,746266,149253.2,16079.8884498618,160608,117643,money,,1,float32,0,3.4e+38,0,0.0045350322944335,0.0009070064588867,6.6e-05,0.0009662015388997,0.000789337314643,co2,g,1,float32,0,3.4e+38,0,5.82816515722656,1.16563303144531,0.084837771806737,1.24170717610677,1.01441135053168
355,1_200_0.1_0.01_2_8_10_8192,1,200,0.1,0.01,2,8,10,8192,evaluateNN_3.0,1,,,True,2025-05-05T08:59:17.680,2025-05-05T08:59:17.680,runtime,s,1,float32,0,3.4e+38,-1,1521.14935302734,304.229870605469,10.8638172747089,322.070129394531,289.460052490234,energy,J,1,float32,0,3.4e+38,-1,82936.818359375,16587.363671875,692.023593369628,17708.978515625,15622.798828125,power,W,1,float32,0,3.4e+38,-1,272.159271240234,54.4318542480469,0.338955238564956,54.8927993774414,53.8935241699219,cpu_energy,J,1,float32,0,3.4e+38,-1,82936.8203125,16587.36328125,692.023559570313,17708.978515625,15622.798828125,cpu_power,W,1,float32,0,3.4e+38,-1,272.159271240234,54.4318542480469,0.338955223560333,54.8927993774414,53.8935241699219,cpu_util,%,1,float32,0,100,-1,166.527008056641,33.3054008483887,1.15315699577332,34.9432106018066,31.5402030944824,dram_mem,B,1,uint64,0,1.84e+19,1.84e+19,81212065874,16242413174.8,69694620.8909669,16369921924,16156675533,disk_write,B,1,uint64,0,1.84e+19,1.84e+19,57733632,11546726.4,3783317.62521275,18725888,8577024,disk_read,B,1,uint64,0,1.84e+19,1.84e+19,18929152,3785830.4,4740562.22336252,12958720,85504,net_read,B,1,uint64,0,1.84e+19,1.84e+19,8218641,1643728.2,113793.202275707,1817906,1484812,net_write,B,1,uint64,0,1.84e+19,1.84e+19,1979647,395929.4,80082.1403774899,498548,311259,money,,1,float32,0,3.4e+38,0,0.0074896554579535,0.0014979310915907,6.25e-05,0.0015992191431749,0.0014108255275065,co2,g,1,float32,0,3.4e+38,0,9.62527853070747,1.92505570614149,0.080313182586064,2.05522533995226,1.81311259733073
357,1_200_0.01_0.1_1_16_10_8192,1,200,0.01,0.1,1,16,10,8192,evaluateNN_3.0,1,,,True,2025-05-04T02:44:09.208,2025-05-04T02:44:09.208,runtime,s,1,float32,0,3.4e+38,-1,1303.80592346191,260.761184692383,15.205153487894,272.043884277344,230.98210144043,energy,J,1,float32,0,3.4e+38,-1,68039.033203125,13607.806640625,1012.55433705029,14355.076171875,11623.4853515625,power,W,1,float32,0,3.4e+38,-1,260.294063568115,52.0588127136231,0.904292270434848,52.6741333007813,50.2716102600098,cpu_energy,J,1,float32,0,3.4e+38,-1,68039.03125,13607.806640625,1012.55426025391,14355.076171875,11623.4853515625,cpu_power,W,1,float32,0,3.4e+38,-1,260.294067382813,52.0588150024414,0.904292285442352,52.6741333007813,50.2716102600098,cpu_util,%,1,float32,0,100,-1,132.566955566406,26.513391494751,2.81703352928162,28.3934307098389,20.9396553039551,dram_mem,B,1,uint64,0,1.84e+19,1.84e+19,82915914301,16583182860.2,117847670.911832,16763836708,16408981274,disk_write,B,1,uint64,0,1.84e+19,1.84e+19,33552896,6710579.2,1967913.02817644,9295360,4789760,disk_read,B,1,uint64,0,1.84e+19,1.84e+19,2361856,472371.2,389732.38212825,960000,12288,net_read,B,1,uint64,0,1.84e+19,1.84e+19,5555592,1111118.4,118544.264321139,1300189,928440,net_write,B,1,uint64,0,1.84e+19,1.84e+19,1198924,239784.8,69085.674588586,372934,171491,money,,1,float32,0,3.4e+38,0,0.0061443026928711,0.0012288605385742,9.14e-05,0.0012963431287434,0.0010496653021647,co2,g,1,float32,0,3.4e+38,0,7.89630779785156,1.57926155957031,0.117512556116559,1.66598634016927,1.34897004996745
359,1_100_0.01_0_1_4_20_8192,1,100,0.01,0.0,1,4,20,8192,evaluateNN_3.0,1,,,True,2025-04-29T10:57:01.522,2025-04-29T10:57:01.522,runtime,s,1,float32,0,3.4e+38,-1,2217.5546875,443.5109375,1.27354433404333,445.264831542969,442.058227539063,energy,J,1,float32,0,3.4e+38,-1,128243.69140625,25648.73828125,87.942976743503,25751.703125,25529.40234375,power,W,1,float32,0,3.4e+38,-1,288.794075012207,57.7588150024414,0.0545243363140148,57.8170738220215,57.6690673828125,cpu_energy,J,1,float32,0,3.4e+38,-1,128243.6953125,25648.73828125,87.9429779052734,25751.703125,25529.40234375,cpu_power,W,1,float32,0,3.4e+38,-1,288.794067382813,57.7588119506836,0.0545243360102177,57.8170738220215,57.6690673828125,cpu_util,%,1,float32,0,100,-1,215.877426147461,43.1754837036133,0.139945849776268,43.3689041137695,42.9729728698731,dram_mem,B,1,uint64,0,1.84e+19,1.84e+19,81203779646,16240755929.2,124865335.494465,16330134571,15993152530,disk_write,B,1,uint64,0,1.84e+19,1.84e+19,73944576,14788915.2,4832021.58098916,23237120,10516992,disk_read,B,1,uint64,0,1.84e+19,1.84e+19,6327808,1265561.6,919638.967468778,2539008,20480,net_read,B,1,uint64,0,1.84e+19,1.84e+19,12774981,2554996.2,153673.730833087,2831582,2401874,net_write,B,1,uint64,0,1.84e+19,1.84e+19,2323693,464738.6,87907.204732263,634582,393427,money,,1,float32,0,3.4e+38,0,0.0115811177989366,0.0023162235597873,7.94e-06,0.0023255218572048,0.0023054468616536,co2,g,1,float32,0,3.4e+38,0,14.8833928526476,2.97667857052951,0.0102062710231765,2.98862821267361,2.96282897200521
361,1_100_0.01_0.01_1_4_10_8192,1,100,0.01,0.01,1,4,10,8192,evaluateNN_3.0,1,,,True,2025-04-30T00:09:22.295,2025-04-30T00:09:22.295,runtime,s,1,float32,0,3.4e+38,-1,1513.1220703125,302.6244140625,1.44418006845171,304.699462890625,300.756042480469,energy,J,1,float32,0,3.4e+38,-1,82434.810546875,16486.962109375,104.600787567908,16639.81640625,16328.931640625,power,W,1,float32,0,3.4e+38,-1,271.983982086182,54.3967964172363,0.222977599534525,54.78173828125,54.1266860961914,cpu_energy,J,1,float32,0,3.4e+38,-1,82434.8125,16486.962890625,104.600791931152,16639.81640625,16328.931640625,cpu_power,W,1,float32,0,3.4e+38,-1,271.983978271484,54.3967971801758,0.222977608442307,54.78173828125,54.1266860961914,cpu_util,%,1,float32,0,100,-1,162.642181396484,32.528434753418,0.14912137389183,32.7990188598633,32.3581695556641,dram_mem,B,1,uint64,0,1.84e+19,1.84e+19,82174589623,16434917924.6,123041090.009175,16554037194,16201159137,disk_write,B,1,uint64,0,1.84e+19,1.84e+19,33603072,6720614.4,904589.301252143,7801344,5496832,disk_read,B,1,uint64,0,1.84e+19,1.84e+19,1741312,348262.4,260456.850784617,640000,31232,net_read,B,1,uint64,0,1.84e+19,1.84e+19,6443241,1288648.2,61141.2451636373,1405583,1241773,net_write,B,1,uint64,0,1.84e+19,1.84e+19,1239360,247872.0,15374.2409633777,263437,221891,money,,1,float32,0,3.4e+38,0,0.0074443213635525,0.0014888642727105,9.45e-06,0.0015026678649088,0.0014745932434353,co2,g,1,float32,0,3.4e+38,0,9.56701773513455,1.91340354702691,0.0121395025127422,1.93114313736979,1.89506323318142
364,1_100_0.01_0.1_1_8_20_8192,1,100,0.01,0.1,1,8,20,8192,evaluateNN_3.0,1,,,True,2025-04-30T15:34:43.291,2025-04-30T15:34:43.291,runtime,s,1,float32,0,3.4e+38,-1,1846.72393798828,369.344787597656,11.1172656349558,388.9775390625,360.852020263672,energy,J,1,float32,0,3.4e+38,-1,103358.90625,20671.78125,710.427574740107,21912.423828125,20032.634765625,power,W,1,float32,0,3.4e+38,-1,279.532459259033,55.9064918518066,0.301431232937197,56.291259765625,55.4499893188477,cpu_energy,J,1,float32,0,3.4e+38,-1,103358.90625,20671.78125,710.427551269531,21912.423828125,20032.634765625,cpu_power,W,1,float32,0,3.4e+38,-1,279.532470703125,55.906494140625,0.301431238651276,56.291259765625,55.4499893188477,cpu_util,%,1,float32,0,100,-1,190.003005981445,38.000602722168,0.869526028633118,39.4710273742676,37.1279067993164,dram_mem,B,1,uint64,0,1.84e+19,1.84e+19,79787285251,15957457050.2,41261856.7219377,16016099604,15894558753,disk_write,B,1,uint64,0,1.84e+19,1.84e+19,53033472,10606694.4,2816635.5232248,16188928,8605696,disk_read,B,1,uint64,0,1.84e+19,1.84e+19,4651520,930304.0,926915.161770483,2676224,16384,net_read,B,1,uint64,0,1.84e+19,1.84e+19,8793649,1758729.8,129493.990097456,1926670,1613288,net_write,B,1,uint64,0,1.84e+19,1.84e+19,1519368,303873.6,65956.1392975665,433055,250945,money,,1,float32,0,3.4e+38,0,0.0093338834505208,0.0018667766901041,6.42e-05,0.0019788136073676,0.0018090582117513,co2,g,1,float32,0,3.4e+38,0,11.9953752864583,2.39907505729167,0.0824490668684492,2.54305852094184,2.32489855696615
365,1_100_0.1_0_2_16_20_8192,1,100,0.1,0.0,2,16,20,8192,evaluateNN_3.0,1,,,True,2025-05-01T10:53:57.474,2025-05-01T10:53:57.474,runtime,s,1,float32,0,3.4e+38,-1,2361.48596191406,472.297192382813,22.4670202376017,495.592407226563,437.335662841797,energy,J,1,float32,0,3.4e+38,-1,138102.47265625,27620.49453125,1430.55207994034,29150.3828125,25383.26953125,power,W,1,float32,0,3.4e+38,-1,292.034549713135,58.406909942627,0.278650422218387,58.7656478881836,57.9703254699707,cpu_energy,J,1,float32,0,3.4e+38,-1,138102.46875,27620.494140625,1430.55212402344,29150.3828125,25383.26953125,cpu_power,W,1,float32,0,3.4e+38,-1,292.034545898438,58.406909942627,0.278650403022766,58.7656478881836,57.9703254699707,cpu_util,%,1,float32,0,100,-1,226.283905029297,45.2567825317383,1.08477115631104,46.3668022155762,43.5054626464844,dram_mem,B,1,uint64,0,1.84e+19,1.84e+19,80203218984,16040643796.8,21199136.0530264,16060233330,16001421707,disk_write,B,1,uint64,0,1.84e+19,1.84e+19,343748608,68749721.6,109397375.209952,287482880,11168256,disk_read,B,1,uint64,0,1.84e+19,1.84e+19,246268928,49253785.6,96822375.360774,242894848,74240,net_read,B,1,uint64,0,1.84e+19,1.84e+19,15047402,3009480.4,1311135.94347171,5601677,2082283,net_write,B,1,uint64,0,1.84e+19,1.84e+19,2916583,583316.6,109834.786825668,764133,461971,money,,1,float32,0,3.4e+38,0,0.0124714205168186,0.0024942841033637,0.0001291868003301,0.0026324415145399,0.0022922502568359,co2,g,1,float32,0,3.4e+38,0,16.027559187717,3.2055118375434,0.166023516388632,3.38306387196181,2.94586944726563
366,1_100_0.01_0_1_16_10_8192,1,100,0.01,0.0,1,16,10,8192,evaluateNN_3.0,1,,,True,2025-04-29T13:02:22.831,2025-04-29T13:02:22.831,runtime,s,1,float32,0,3.4e+38,-1,1291.33250427246,258.266500854492,12.6783879932368,267.858093261719,233.238662719727,energy,J,1,float32,0,3.4e+38,-1,68254.3359375,13650.8671875,759.621220194954,14249.716796875,12151.0,power,W,1,float32,0,3.4e+38,-1,263.776393890381,52.7552787780762,0.401116420339364,53.1421432495117,51.9978561401367,cpu_energy,J,1,float32,0,3.4e+38,-1,68254.3359375,13650.8671875,759.621215820313,14249.716796875,12151.0,cpu_power,W,1,float32,0,3.4e+38,-1,263.776397705078,52.7552795410156,0.401116400957108,53.1421432495117,51.9978561401367,cpu_util,%,1,float32,0,100,-1,137.006942749023,27.401388168335,2.0307137966156,29.0267658233643,23.3919143676758,dram_mem,B,1,uint64,0,1.84e+19,1.84e+19,79775129327,15955025865.4,95378745.8455503,16074052269,15792097962,disk_write,B,1,uint64,0,1.84e+19,1.84e+19,45854720,9170944.0,5264782.75929953,18952192,4536832,disk_read,B,1,uint64,0,1.84e+19,1.84e+19,3751936,750387.2,532401.677932142,1732608,199680,net_read,B,1,uint64,0,1.84e+19,1.84e+19,7731785,1546357.0,138479.958538411,1715017,1325103,net_write,B,1,uint64,0,1.84e+19,1.84e+19,1206199,241239.8,8644.39754754488,252982,226937,money,,1,float32,0,3.4e+38,0,0.0061637457259114,0.0012327491451822,6.86e-05,0.0012868285918511,0.0010973028055555,co2,g,1,float32,0,3.4e+38,0,7.92129487630208,1.58425897526042,0.0881582627215144,1.65375879937066,1.41019105555556
368,1_200_0.01_0_2_16_10_8192,1,200,0.01,0.0,2,16,10,8192,evaluateNN_3.0,1,,,True,2025-05-03T03:35:56.815,2025-05-03T03:35:56.815,runtime,s,1,float32,0,3.4e+38,-1,1546.69998168945,309.339996337891,14.3571872469776,318.790405273438,280.740081787109,energy,J,1,float32,0,3.4e+38,-1,85020.7783203125,17004.1556640625,880.580726790368,17532.515625,15245.8076171875,power,W,1,float32,0,3.4e+38,-1,274.391044616699,54.8782089233398,0.325402417434698,55.141414642334,54.2406806945801,cpu_energy,J,1,float32,0,3.4e+38,-1,85020.78125,17004.15625,880.580688476563,17532.515625,15245.8076171875,cpu_power,W,1,float32,0,3.4e+38,-1,274.391052246094,54.8782119750977,0.325402408838272,55.141414642334,54.2406806945801,cpu_util,%,1,float32,0,100,-1,169.7861328125,33.9572257995606,1.55357885360718,34.8253173828125,30.8528366088867,dram_mem,B,1,uint64,0,1.84e+19,1.84e+19,80736110779,16147222155.8,64843441.8543426,16255730520,16064417344,disk_write,B,1,uint64,0,1.84e+19,1.84e+19,43239936,8647987.2,2369022.29812777,11873792,6026240,disk_read,B,1,uint64,0,1.84e+19,1.84e+19,2838016,567603.2,454927.325166735,1190912,72704,net_read,B,1,uint64,0,1.84e+19,1.84e+19,6512275,1302455.0,59883.8089436535,1387002,1233319,net_write,B,1,uint64,0,1.84e+19,1.84e+19,1348660,269732.0,63732.3379392283,395194,227938,money,,1,float32,0,3.4e+38,0,0.0076778486199815,0.0015355697239963,7.95e-05,0.001583283563802,0.0013767811267632,co2,g,1,float32,0,3.4e+38,0,9.8671336617296,1.97342673234592,0.102196285459171,2.03474584114583,1.76936067290582
369,1_100_0.01_0.1_2_4_20_8192,1,100,0.01,0.1,2,4,20,8192,evaluateNN_3.0,1,,,True,2025-04-30T18:12:58.049,2025-04-30T18:12:58.049,runtime,s,1,float32,0,3.4e+38,-1,2965.76812744141,593.153625488281,6.91345528420079,601.905822753906,583.3564453125,energy,J,1,float32,0,3.4e+38,-1,178285.5,35657.1,430.498540361258,36173.140625,35049.203125,power,W,1,float32,0,3.4e+38,-1,300.324089050293,60.0648178100586,0.0407937984308437,60.1384201049805,60.0243072509766,cpu_energy,J,1,float32,0,3.4e+38,-1,178285.5,35657.1015625,430.498504638672,36173.140625,35049.203125,cpu_power,W,1,float32,0,3.4e+38,-1,300.324096679688,60.0648193359375,0.0407937988638878,60.1384201049805,60.0243072509766,cpu_util,%,1,float32,0,100,-1,235.122940063477,47.0245895385742,0.166623398661613,47.1756210327148,46.7826538085938,dram_mem,B,1,uint64,0,1.84e+19,1.84e+19,80476328932,16095265786.4,47120211.5016211,16139467597,16008620025,disk_write,B,1,uint64,0,1.84e+19,1.84e+19,74758144,14951628.8,1893911.090381,18207232,12617728,disk_read,B,1,uint64,0,1.84e+19,1.84e+19,4380672,876134.4,664659.098163743,2013696,47104,net_read,B,1,uint64,0,1.84e+19,1.84e+19,13586189,2717237.8,247520.847562705,3191121,2497260,net_write,B,1,uint64,0,1.84e+19,1.84e+19,2467938,493587.6,109708.93753127,712783,433067,money,,1,float32,0,3.4e+38,0,0.016100171125,0.003220034225,3.89e-05,0.0032666355603298,0.0031651377599826,co2,g,1,float32,0,3.4e+38,0,20.69102275,4.13820455,0.0499617472674815,4.19809393142361,4.06765474045139
370,1_100_0.01_0.1_2_16_10_8192,1,100,0.01,0.1,2,16,10,8192,evaluateNN_3.0,1,,,True,2025-04-30T20:46:20.772,2025-04-30T20:46:20.772,runtime,s,1,float32,0,3.4e+38,-1,1568.64758300781,313.729516601563,10.9168190036888,328.358947753906,298.643493652344,energy,J,1,float32,0,3.4e+38,-1,86605.73828125,17321.14765625,672.206518824305,18217.234375,16407.15625,power,W,1,float32,0,3.4e+38,-1,275.6428565979,55.1285713195801,0.221046941379632,55.3936309814453,54.8709754943848,cpu_energy,J,1,float32,0,3.4e+38,-1,86605.734375,17321.146484375,672.206481933594,18217.234375,16407.15625,cpu_power,W,1,float32,0,3.4e+38,-1,275.642852783203,55.1285705566406,0.221046939492226,55.3936309814453,54.8709754943848,cpu_util,%,1,float32,0,100,-1,172.305099487305,34.4610214233398,1.06911623477936,35.7190856933594,32.9630012512207,dram_mem,B,1,uint64,0,1.84e+19,1.84e+19,80296421369,16059284273.8,26575170.8199587,16091947881,16017468320,disk_write,B,1,uint64,0,1.84e+19,1.84e+19,38983168,7796633.6,1647551.38299643,9879040,6154752,disk_read,B,1,uint64,0,1.84e+19,1.84e+19,3512832,702566.4,761880.31961184,2137088,52736,net_read,B,1,uint64,0,1.84e+19,1.84e+19,6785446,1357089.2,77046.1397485948,1484897,1283837,net_write,B,1,uint64,0,1.84e+19,1.84e+19,1379403,275880.6,67380.784488161,404502,221052,money,,1,float32,0,3.4e+38,0,0.0078209793097873,0.0015641958619574,6.07e-05,0.0016451174709201,0.001481657360243,co2,g,1,float32,0,3.4e+38,0,10.0510770705295,2.0102154141059,0.0780133009902207,2.11421125607639,1.90414163368056
371,1_100_0.1_0.1_3_4_20_8192,1,100,0.1,0.1,3,4,20,8192,evaluateNN_3.0,1,,,True,2025-05-02T16:02:43.194,2025-05-02T16:02:43.194,runtime,s,1,float32,0,3.4e+38,-1,3824.38525390625,764.87705078125,5.21302293065733,775.100341796875,760.46240234375,energy,J,1,float32,0,3.4e+38,-1,233882.765625,46776.553125,288.343022478541,47338.328125,46519.50390625,power,W,1,float32,0,3.4e+38,-1,305.54167175293,61.1083343505859,0.0386917046409541,61.1334457397461,61.0314521789551,cpu_energy,J,1,float32,0,3.4e+38,-1,233882.75,46776.55078125,288.343017578125,47338.328125,46519.50390625,cpu_power,W,1,float32,0,3.4e+38,-1,305.541656494141,61.1083297729492,0.0386917069554329,61.1334457397461,61.0314521789551,cpu_util,%,1,float32,0,100,-1,246.027038574219,49.2054061889648,0.102138683199883,49.4015426635742,49.1141204833984,dram_mem,B,1,uint64,0,1.84e+19,1.84e+19,80355985843,16071197168.6,40651099.2067133,16123317422,16000444239,disk_write,B,1,uint64,0,1.84e+19,1.84e+19,101362176,20272435.2,2875779.46745507,25315840,16928768,disk_read,B,1,uint64,0,1.84e+19,1.84e+19,6662656,1332531.2,962591.460251835,3045376,86016,net_read,B,1,uint64,0,1.84e+19,1.84e+19,18533730,3706746.0,15308.8301316593,3726858,3690326,net_write,B,1,uint64,0,1.84e+19,1.84e+19,3094077,618815.4,76267.7594206097,763890,554094,money,,1,float32,0,3.4e+38,0,0.0211209130846354,0.004224182616927,2.6e-05,0.0042749140203993,0.0042009696444227,co2,g,1,float32,0,3.4e+38,0,27.1433942994792,5.42867885989583,0.0334638096643152,5.49387596961806,5.39884687000868
372,1_100_0.01_0.1_3_16_20_8192,1,100,0.01,0.1,3,16,20,8192,evaluateNN_3.0,1,,,True,2025-05-01T02:28:07.849,2025-05-01T02:28:07.849,runtime,s,1,float32,0,3.4e+38,-1,2941.00231933594,588.200463867188,15.7257752437316,611.281982421875,566.106323242188,energy,J,1,float32,0,3.4e+38,-1,175818.09375,35163.61875,984.645656037796,36631.3046875,33772.375,power,W,1,float32,0,3.4e+38,-1,298.607261657715,59.721452331543,0.0965140148294931,59.8635025024414,59.5826644897461,cpu_energy,J,1,float32,0,3.4e+38,-1,175818.09375,35163.6171875,984.645690917969,36631.3046875,33772.375,cpu_power,W,1,float32,0,3.4e+38,-1,298.607238769531,59.7214469909668,0.0965140163898468,59.8635025024414,59.5826644897461,cpu_util,%,1,float32,0,100,-1,248.67073059082,49.7341461181641,0.453039824962616,50.4150047302246,49.0466537475586,dram_mem,B,1,uint64,0,1.84e+19,1.84e+19,80476792576,16095358515.2,44463592.0473604,16147633070,16032517397,disk_write,B,1,uint64,0,1.84e+19,1.84e+19,82766848,16553369.6,3468126.5718795,21262848,11201536,disk_read,B,1,uint64,0,1.84e+19,1.84e+19,10404864,2080972.8,2371977.66349335,6821376,748544,net_read,B,1,uint64,0,1.84e+19,1.84e+19,12732240,2546448.0,159537.256991588,2837423,2347597,net_write,B,1,uint64,0,1.84e+19,1.84e+19,2407363,481472.6,74013.5828631475,629023,433984,money,,1,float32,0,3.4e+38,0,0.0158773506328125,0.0031754701265625,8.89e-05,0.0033080103205295,0.0030498330868055,co2,g,1,float32,0,3.4e+38,0,20.404666546875,4.080933309375,0.114273598636831,4.25126641623264,3.91947174305556
373,1_200_0.1_0_3_4_10_8192,1,200,0.1,0.0,3,4,10,8192,evaluateNN_3.0,1,,,True,2025-05-04T22:14:50.429,2025-05-04T22:14:50.429,runtime,s,1,float32,0,3.4e+38,-1,2267.60589599609,453.521179199219,2.41637614018982,457.231658935547,451.058166503906,energy,J,1,float32,0,3.4e+38,-1,133118.1015625,26623.6203125,201.870524930596,26929.375,26401.77734375,power,W,1,float32,0,3.4e+38,-1,293.181819915772,58.6363639831543,0.131060170732799,58.8199462890625,58.4709892272949,cpu_energy,J,1,float32,0,3.4e+38,-1,133118.109375,26623.62109375,201.870529174805,26929.375,26401.77734375,cpu_power,W,1,float32,0,3.4e+38,-1,293.181823730469,58.6363639831543,0.131060168147087,58.8199462890625,58.4709892272949,cpu_util,%,1,float32,0,100,-1,206.132949829102,41.2265892028809,0.22865717113018,41.5102424621582,40.8278160095215,dram_mem,B,1,uint64,0,1.84e+19,1.84e+19,82461266444,16492253288.8,102514539.643147,16560647396,16288467029,disk_write,B,1,uint64,0,1.84e+19,1.84e+19,49041920,9808384.0,609357.698575147,10848256,9042432,disk_read,B,1,uint64,0,1.84e+19,1.84e+19,1854976,370995.2,221721.563052762,633344,82944,net_read,B,1,uint64,0,1.84e+19,1.84e+19,10679978,2135995.6,78482.7850871769,2237571,2000619,net_write,B,1,uint64,0,1.84e+19,1.84e+19,2364306,472861.2,40695.5877972047,522811,398826,money,,1,float32,0,3.4e+38,0,0.0120213041161024,0.0024042608232204,1.82e-05,0.0024318721701388,0.0023842271706814,co2,g,1,float32,0,3.4e+38,0,15.4490952313368,3.08981904626736,0.0234281959211119,3.12530357638889,3.06407293728299
374,1_100_0.1_0.1_1_4_10_8192,1,100,0.1,0.1,1,4,10,8192,evaluateNN_3.0,1,,,True,2025-05-02T07:00:09.285,2025-05-02T07:00:09.285,runtime,s,1,float32,0,3.4e+38,-1,1538.32354736328,307.664709472656,3.8411935226993,314.621917724609,302.898101806641,energy,J,1,float32,0,3.4e+38,-1,82696.908203125,16539.381640625,151.557793246021,16778.443359375,16302.83203125,power,W,1,float32,0,3.4e+38,-1,268.415874481201,53.6831748962402,0.21426987259266,53.8527603149414,53.2668113708496,cpu_energy,J,1,float32,0,3.4e+38,-1,82696.90625,16539.380859375,151.55778503418,16778.443359375,16302.83203125,cpu_power,W,1,float32,0,3.4e+38,-1,268.415893554688,53.6831779479981,0.214269861578941,53.8527603149414,53.2668113708496,cpu_util,%,1,float32,0,100,-1,158.260284423828,31.6520576477051,0.356245040893555,31.9491901397705,30.9753170013428,dram_mem,B,1,uint64,0,1.84e+19,1.84e+19,80745108287,16149021657.4,97026794.4294635,16240600276,15961128840,disk_write,B,1,uint64,0,1.84e+19,1.84e+19,40354304,8070860.8,2409102.70502711,12816896,6088704,disk_read,B,1,uint64,0,1.84e+19,1.84e+19,6960640,1392128.0,1400697.33153854,3819008,147456,net_read,B,1,uint64,0,1.84e+19,1.84e+19,7481432,1496286.4,130017.188747642,1645086,1256050,net_write,B,1,uint64,0,1.84e+19,1.84e+19,1787243,357448.6,81911.06081745,515325,276069,money,,1,float32,0,3.4e+38,0,0.0074679902380099,0.001493598047602,1.37e-05,0.0015151866489257,0.0014722363037109,co2,g,1,float32,0,3.4e+38,0,9.59743562424045,1.91948712484809,0.017589123893941,1.94723156542969,1.89203422851563
378,1_100_0.1_0.1_3_16_20_8192,1,100,0.1,0.1,3,16,20,8192,evaluateNN_3.0,1,,,True,2025-05-02T19:31:10.469,2025-05-02T19:31:10.469,runtime,s,1,float32,0,3.4e+38,-1,3009.02532958984,601.805065917969,9.33230874852568,610.990356445313,586.288513183594,energy,J,1,float32,0,3.4e+38,-1,180599.125,36119.825,574.266511998548,36727.0859375,35163.3359375,power,W,1,float32,0,3.4e+38,-1,299.837650299072,59.9675300598145,0.0712235432743991,60.0780754089356,59.8720092773438,cpu_energy,J,1,float32,0,3.4e+38,-1,180599.125,36119.82421875,574.266540527344,36727.0859375,35163.3359375,cpu_power,W,1,float32,0,3.4e+38,-1,299.837646484375,59.967529296875,0.0712235420942307,60.0780754089356,59.8720092773438,cpu_util,%,1,float32,0,100,-1,250.313552856445,50.0627098083496,0.230343714356422,50.3068656921387,49.6802711486816,dram_mem,B,1,uint64,0,1.84e+19,1.84e+19,80278208849,16055641769.8,54152752.7140529,16119123057,15976783288,disk_write,B,1,uint64,0,1.84e+19,1.84e+19,74136064,14827212.8,2108870.40014567,18142208,12367872,disk_read,B,1,uint64,0,1.84e+19,1.84e+19,8637952,1727590.4,1003581.87694948,3352064,518144,net_read,B,1,uint64,0,1.84e+19,1.84e+19,12999420,2599884.0,79541.2170864892,2712636,2498341,net_write,B,1,uint64,0,1.84e+19,1.84e+19,2621521,524304.2,78968.764365159,666351,448695,money,,1,float32,0,3.4e+38,0,0.0163091043159722,0.0032618208631944,5.19e-05,0.0033166598995225,0.0031754445870225,co2,g,1,float32,0,3.4e+38,0,20.9595317847222,4.19190635694445,0.0666468190869427,4.2623823624132,4.0809004874132
380,1_100_0.01_0.01_3_8_20_8192,1,100,0.01,0.01,3,8,20,8192,evaluateNN_3.0,1,,,True,2025-04-30T11:06:58.498,2025-04-30T11:06:58.498,runtime,s,1,float32,0,3.4e+38,-1,2537.21539306641,507.443078613281,21.2716003221237,539.291748046875,481.772766113281,energy,J,1,float32,0,3.4e+38,-1,149392.49609375,29878.49921875,1393.41393576079,31936.685546875,28211.953125,power,W,1,float32,0,3.4e+38,-1,294.035121917725,58.8070243835449,0.295967437820258,59.1539573669434,58.4077224731445,cpu_energy,J,1,float32,0,3.4e+38,-1,149392.5,29878.5,1393.41394042969,31936.685546875,28211.953125,cpu_power,W,1,float32,0,3.4e+38,-1,294.035125732422,58.8070259094238,0.29596745967865,59.1539573669434,58.4077224731445,cpu_util,%,1,float32,0,100,-1,234.033264160156,46.8066520690918,0.843116044998169,48.0277252197266,45.8830261230469,dram_mem,B,1,uint64,0,1.84e+19,1.84e+19,81417056767,16283411353.4,115787245.333143,16441685557,16081962089,disk_write,B,1,uint64,0,1.84e+19,1.84e+19,60276736,12055347.2,984371.982939458,13323776,10345984,disk_read,B,1,uint64,0,1.84e+19,1.84e+19,27815936,5563187.2,9116120.18497568,23715328,32256,net_read,B,1,uint64,0,1.84e+19,1.84e+19,15078232,3015646.4,194218.707999616,3261742,2721920,net_write,B,1,uint64,0,1.84e+19,1.84e+19,2422591,484518.2,71066.6157331275,583474,366668,money,,1,float32,0,3.4e+38,0,0.0134909723555773,0.0026981944711154,0.0001258330195877,0.0028840601309136,0.0025476961002604,co2,g,1,float32,0,3.4e+38,0,17.3378291299913,3.46756582599826,0.161713428433572,3.70642978374566,3.27415389322917
381,1_200_0.1_0.1_1_4_20_8192,1,200,0.1,0.1,1,4,20,8192,evaluateNN_3.0,1,,,True,2025-05-05T17:36:35.091,2025-05-05T17:36:35.091,runtime,s,1,float32,0,3.4e+38,-1,2225.4377746582,445.087554931641,5.03694295966969,451.464172363281,438.713012695313,energy,J,1,float32,0,3.4e+38,-1,129395.58203125,25879.11640625,306.192664768057,26296.15625,25476.83984375,power,W,1,float32,0,3.4e+38,-1,290.453731536865,58.090746307373,0.0670841386835446,58.1840972900391,58.0173721313477,cpu_energy,J,1,float32,0,3.4e+38,-1,129395.578125,25879.115234375,306.192687988281,26296.15625,25476.83984375,cpu_power,W,1,float32,0,3.4e+38,-1,290.453735351563,58.090747833252,0.0670841410756111,58.1840972900391,58.0173721313477,cpu_util,%,1,float32,0,100,-1,216.097045898438,43.219409942627,0.213376268744469,43.5942573547363,42.9359092712402,dram_mem,B,1,uint64,0,1.84e+19,1.84e+19,81473268803,16294653760.6,37834365.2447621,16346444809,16228527620,disk_write,B,1,uint64,0,1.84e+19,1.84e+19,63052288,12610457.6,4316574.57740378,21120000,9765376,disk_read,B,1,uint64,0,1.84e+19,1.84e+19,4343296,868659.2,739549.403302957,2067968,46592,net_read,B,1,uint64,0,1.84e+19,1.84e+19,11556170,2311234.0,126249.339313915,2552906,2211397,net_write,B,1,uint64,0,1.84e+19,1.84e+19,2467093,493418.6,82433.1120256903,656177,436662,money,,1,float32,0,3.4e+38,0,0.0116851399217665,0.0023370279843533,2.77e-05,0.0023746889991319,0.0023007001758897,co2,g,1,float32,0,3.4e+38,0,15.0170761590712,3.00341523181424,0.0355353598166929,3.05181502256944,2.95672880186632
382,1_200_0.1_0.01_1_4_20_8192,1,200,0.1,0.01,1,4,20,8192,evaluateNN_3.0,1,,,True,2025-05-05T03:54:03.816,2025-05-05T03:54:03.816,runtime,s,1,float32,0,3.4e+38,-1,2233.00552368164,446.601104736328,3.57959019654834,451.342498779297,441.372589111328,energy,J,1,float32,0,3.4e+38,-1,129527.6484375,25905.5296875,164.98849181484,26132.4453125,25697.408203125,power,W,1,float32,0,3.4e+38,-1,289.733417510986,57.9466835021973,0.147655296697106,58.2354545593262,57.8244209289551,cpu_energy,J,1,float32,0,3.4e+38,-1,129527.640625,25905.52734375,164.988494873047,26132.4453125,25697.408203125,cpu_power,W,1,float32,0,3.4e+38,-1,289.733428955078,57.9466857910156,0.147655293345451,58.2354545593262,57.8244209289551,cpu_util,%,1,float32,0,100,-1,216.502578735352,43.3005142211914,0.136176019906998,43.4426040649414,43.0893898010254,dram_mem,B,1,uint64,0,1.84e+19,1.84e+19,80684956431,16136991286.2,65706968.3635022,16210415450,16019564015,disk_write,B,1,uint64,0,1.84e+19,1.84e+19,78501376,15700275.2,5677608.46581666,25127424,9402368,disk_read,B,1,uint64,0,1.84e+19,1.84e+19,8507904,1701580.8,596252.487975488,2838016,1079296,net_read,B,1,uint64,0,1.84e+19,1.84e+19,10006758,2001351.6,154128.895510998,2192514,1773005,net_write,B,1,uint64,0,1.84e+19,1.84e+19,2272534,454506.8,82472.9670774612,545059,323908,money,,1,float32,0,3.4e+38,0,0.0116970662519531,0.0023394132503906,1.49e-05,0.0023599049919704,0.002320618724121,co2,g,1,float32,0,3.4e+38,0,15.0324031992188,3.00648063984375,0.0191478310778445,3.03281545876736,2.98232698535156
383,1_100_0.01_0.1_1_16_10_8192,1,100,0.01,0.1,1,16,10,8192,evaluateNN_3.0,1,,,True,2025-04-30T16:23:36.100,2025-04-30T16:23:36.100,runtime,s,1,float32,0,3.4e+38,-1,1301.75218200684,260.350436401367,12.9041712675438,267.714141845703,234.587142944336,energy,J,1,float32,0,3.4e+38,-1,69299.9521484375,13859.9904296875,825.037708742973,14365.1513671875,12215.1611328125,power,W,1,float32,0,3.4e+38,-1,265.654914855957,53.1309829711914,0.649388628362105,53.9902648925781,51.9958610534668,cpu_energy,J,1,float32,0,3.4e+38,-1,69299.953125,13859.990234375,825.037658691406,14365.1513671875,12215.1611328125,cpu_power,W,1,float32,0,3.4e+38,-1,265.654907226563,53.1309814453125,0.649388611316681,53.9902648925781,51.9958610534668,cpu_util,%,1,float32,0,100,-1,138.42756652832,27.6855125427246,2.09505987167358,29.0899639129639,23.5194892883301,dram_mem,B,1,uint64,0,1.84e+19,1.84e+19,79801722114,15960344422.8,58270797.872759,16048007819,15894681009,disk_write,B,1,uint64,0,1.84e+19,1.84e+19,30188544,6037708.8,944474.152942769,6829056,4464640,disk_read,B,1,uint64,0,1.84e+19,1.84e+19,1396736,279347.2,305321.119310407,825856,12288,net_read,B,1,uint64,0,1.84e+19,1.84e+19,6071785,1214357.0,47038.9113692058,1277868,1138543,net_write,B,1,uint64,0,1.84e+19,1.84e+19,943466,188693.2,12696.8659030487,202306,166156,money,,1,float32,0,3.4e+38,0,0.006258170678738,0.0012516341357476,7.45e-05,0.0012972529748535,0.0011030969122992,co2,g,1,float32,0,3.4e+38,0,8.04264444656033,1.60852888931207,0.0957502096424484,1.66715562255859,1.41763731146918
384,1_200_0.01_0.01_3_16_10_8192,1,200,0.01,0.01,3,16,10,8192,evaluateNN_3.0,1,,,True,2025-05-03T22:32:08.313,2025-05-03T22:32:08.313,runtime,s,1,float32,0,3.4e+38,-1,1751.78396606445,350.356793212891,26.2511882179668,383.029602050781,305.148559570313,energy,J,1,float32,0,3.4e+38,-1,98638.125,19727.625,1691.24896375896,21825.21875,16802.1953125,power,W,1,float32,0,3.4e+38,-1,280.887866973877,56.1775733947754,0.665141918760176,56.9375915527344,54.9626426696777,cpu_energy,J,1,float32,0,3.4e+38,-1,98638.125,19727.625,1691.2490234375,21825.21875,16802.1953125,cpu_power,W,1,float32,0,3.4e+38,-1,280.887878417969,56.1775741577148,0.665141940116882,56.9375915527344,54.9626426696777,cpu_util,%,1,float32,0,100,-1,188.557754516602,37.7115516662598,2.34680128097534,40.5471343994141,33.5315933227539,dram_mem,B,1,uint64,0,1.84e+19,1.84e+19,80103210796,16020642159.2,49843634.839042,16087097028,15938142296,disk_write,B,1,uint64,0,1.84e+19,1.84e+19,41812480,8362496.0,1883672.89703579,11328512,5961216,disk_read,B,1,uint64,0,1.84e+19,1.84e+19,2929152,585830.4,621614.002383344,1698816,14848,net_read,B,1,uint64,0,1.84e+19,1.84e+19,7464615,1492923.0,123199.428295751,1634938,1289423,net_write,B,1,uint64,0,1.84e+19,1.84e+19,1520760,304152.0,69793.0060048999,436507,238197,money,,1,float32,0,3.4e+38,0,0.0089075706770833,0.0017815141354166,0.000152729177255,0.0019709385043402,0.0015173315822482,co2,g,1,float32,0,3.4e+38,0,11.4475023958333,2.28950047916667,0.196278838071804,2.53293788715278,1.94998811154514
386,1_200_0.01_0_2_4_20_8192,1,200,0.01,0.0,2,4,20,8192,evaluateNN_3.0,1,,,True,2025-05-03T01:02:54.154,2025-05-03T01:02:54.154,runtime,s,1,float32,0,3.4e+38,-1,3006.38165283203,601.276330566406,3.44983568724547,607.306640625,596.64501953125,energy,J,1,float32,0,3.4e+38,-1,179603.98046875,35920.79609375,215.56265529575,36294.31640625,35619.67578125,power,W,1,float32,0,3.4e+38,-1,298.477867126465,59.695573425293,0.0453280160807123,59.7783660888672,59.6547088623047,cpu_energy,J,1,float32,0,3.4e+38,-1,179603.96875,35920.79296875,215.562652587891,36294.31640625,35619.67578125,cpu_power,W,1,float32,0,3.4e+38,-1,298.477844238281,59.6955680847168,0.0453280173242092,59.7783660888672,59.6547088623047,cpu_util,%,1,float32,0,100,-1,233.613433837891,46.7226867675781,0.0725986659526825,46.8307075500488,46.6238784790039,dram_mem,B,1,uint64,0,1.84e+19,1.84e+19,81033482321,16206696464.2,34538693.1538397,16241240346,16145274509,disk_write,B,1,uint64,0,1.84e+19,1.84e+19,69910016,13982003.2,1337632.84500918,16349184,12430848,disk_read,B,1,uint64,0,1.84e+19,1.84e+19,5191168,1038233.6,948632.925733785,2870272,249344,net_read,B,1,uint64,0,1.84e+19,1.84e+19,12571517,2514303.4,42344.4801342513,2593195,2474531,net_write,B,1,uint64,0,1.84e+19,1.84e+19,2395553,479110.6,26173.0364505153,524795,447889,money,,1,float32,0,3.4e+38,0,0.0162192372362196,0.0032438474472439,1.95e-05,0.0032775784065755,0.0032166546101345,co2,g,1,float32,0,3.4e+38,0,20.8440397332899,4.16880794665799,0.0250172437173789,4.21215705403646,4.13386126150174
387,1_200_0.01_0_2_4_10_8192,1,200,0.01,0.0,2,4,10,8192,evaluateNN_3.0,1,,,True,2025-05-03T00:30:53.222,2025-05-03T00:30:53.222,runtime,s,1,float32,0,3.4e+38,-1,1896.03207397461,379.206414794922,1.13035216583817,380.6689453125,377.822204589844,energy,J,1,float32,0,3.4e+38,-1,107842.640625,21568.528125,92.3050752279732,21697.05078125,21440.3828125,power,W,1,float32,0,3.4e+38,-1,284.015773773193,56.8031547546387,0.0805451443605466,56.9373550415039,56.6913032531738,cpu_energy,J,1,float32,0,3.4e+38,-1,107842.640625,21568.52734375,92.3050765991211,21697.05078125,21440.3828125,cpu_power,W,1,float32,0,3.4e+38,-1,284.015777587891,56.8031539916992,0.0805451422929764,56.9373550415039,56.6913032531738,cpu_util,%,1,float32,0,100,-1,187.580215454102,37.5160446166992,0.0837599113583565,37.6484336853027,37.4029006958008,dram_mem,B,1,uint64,0,1.84e+19,1.84e+19,80750650558,16150130111.6,79308078.8932191,16236415228,16003998917,disk_write,B,1,uint64,0,1.84e+19,1.84e+19,48860160,9772032.0,2403555.25879078,13869568,7375360,disk_read,B,1,uint64,0,1.84e+19,1.84e+19,2834432,566886.4,390349.337250417,1144320,30208,net_read,B,1,uint64,0,1.84e+19,1.84e+19,8662911,1732582.2,84367.7490784245,1835327,1578611,net_write,B,1,uint64,0,1.84e+19,1.84e+19,1950494,390098.8,54161.5514895945,464628,303186,money,,1,float32,0,3.4e+38,0,0.0097387895742187,0.0019477579148437,8.34e-06,0.0019593642247178,0.0019361856812066,co2,g,1,float32,0,3.4e+38,0,12.5157375703125,2.5031475140625,0.0107125167861798,2.51806328233507,2.48827553862847
393,1_200_0.1_0_3_8_20_8192,1,200,0.1,0.0,3,8,20,8192,evaluateNN_3.0,1,,,True,2025-05-05T00:46:23.288,2025-05-05T00:46:23.288,runtime,s,1,float32,0,3.4e+38,-1,2658.70397949219,531.740795898438,9.81506545123046,545.156616210938,515.2490234375,energy,J,1,float32,0,3.4e+38,-1,157318.048828125,31463.609765625,694.646841725299,32384.77734375,30266.685546875,power,W,1,float32,0,3.4e+38,-1,295.554668426514,59.1109336853027,0.234490866613763,59.3324966430664,58.6704444885254,cpu_energy,J,1,float32,0,3.4e+38,-1,157318.046875,31463.609375,694.646850585938,32384.77734375,30266.685546875,cpu_power,W,1,float32,0,3.4e+38,-1,295.554656982422,59.1109313964844,0.234490871429443,59.3324966430664,58.6704444885254,cpu_util,%,1,float32,0,100,-1,238.117782592773,47.6235580444336,0.510163486003876,48.1670989990234,46.6700210571289,dram_mem,B,1,uint64,0,1.84e+19,1.84e+19,81733099730,16346619946.0,112116611.81033,16437239845,16129118524,disk_write,B,1,uint64,0,1.84e+19,1.84e+19,69848576,13969715.2,1989295.69588017,16397824,11728384,disk_read,B,1,uint64,0,1.84e+19,1.84e+19,4513280,902656.0,728933.161086255,2282496,360960,net_read,B,1,uint64,0,1.84e+19,1.84e+19,13040883,2608176.6,80857.4547351078,2677996,2449754,net_write,B,1,uint64,0,1.84e+19,1.84e+19,3147397,629479.4,73409.1650261737,767001,555651,money,,1,float32,0,3.4e+38,0,0.0142066937983398,0.0028413387596679,6.27e-05,0.0029245253095703,0.0027332498531358,co2,g,1,float32,0,3.4e+38,0,18.2576335556641,3.65152671113281,0.0806176251313417,3.75843332617188,3.51261700596788
394,1_100_0.01_0.1_3_8_20_8192,1,100,0.01,0.1,3,8,20,8192,evaluateNN_3.0,1,,,True,2025-05-01T00:51:01.083,2025-05-01T00:51:01.083,runtime,s,1,float32,0,3.4e+38,-1,2656.14895629883,531.229791259766,14.3954964567569,546.520751953125,507.240264892578,energy,J,1,float32,0,3.4e+38,-1,156795.90234375,31359.18046875,949.466549466706,32398.93359375,29820.39453125,power,W,1,float32,0,3.4e+38,-1,294.829814910889,58.9659629821777,0.202349056023935,59.2289199829102,58.716609954834,cpu_energy,J,1,float32,0,3.4e+38,-1,156795.90625,31359.181640625,949.466552734375,32398.93359375,29820.39453125,cpu_power,W,1,float32,0,3.4e+38,-1,294.829803466797,58.9659614562988,0.202349051833153,59.2289199829102,58.716609954834,cpu_util,%,1,float32,0,100,-1,237.585266113281,47.5170516967773,0.580145239830017,48.1388702392578,46.6575660705566,dram_mem,B,1,uint64,0,1.84e+19,1.84e+19,80506655516,16101331103.2,50886062.8243051,16191265560,16040970982,disk_write,B,1,uint64,0,1.84e+19,1.84e+19,66230784,13246156.8,3362280.98603971,19844096,10635776,disk_read,B,1,uint64,0,1.84e+19,1.84e+19,5107200,1021440.0,762520.828200778,2456576,337408,net_read,B,1,uint64,0,1.84e+19,1.84e+19,11378392,2275678.4,117753.524384793,2440476,2124928,net_write,B,1,uint64,0,1.84e+19,1.84e+19,2217699,443539.8,81796.700768185,602657,378802,money,,1,float32,0,3.4e+38,0,0.014159541069987,0.0028319082139974,8.57e-05,0.0029258036975911,0.0026929472950303,co2,g,1,float32,0,3.4e+38,0,18.1970355553385,3.63940711106771,0.110190867879775,3.76007623763021,3.46082245421007
395,1_200_0.1_0.1_2_8_10_8192,1,200,0.1,0.1,2,8,10,8192,evaluateNN_3.0,1,,,True,2025-05-05T22:40:25.279,2025-05-05T22:40:25.279,runtime,s,1,float32,0,3.4e+38,-1,1531.23709106445,306.247418212891,2.88045489343063,309.483703613281,301.747802734375,energy,J,1,float32,0,3.4e+38,-1,83611.115234375,16722.223046875,201.871717012809,16920.814453125,16445.240234375,power,W,1,float32,0,3.4e+38,-1,272.613887786865,54.5227775573731,0.187930447782529,54.742073059082,54.2006340026856,cpu_energy,J,1,float32,0,3.4e+38,-1,83611.109375,16722.22265625,201.871719360352,16920.814453125,16445.240234375,cpu_power,W,1,float32,0,3.4e+38,-1,272.613891601563,54.5227775573731,0.187930449843407,54.742073059082,54.2006340026856,cpu_util,%,1,float32,0,100,-1,166.665603637695,33.333122253418,0.435038655996323,33.8048362731934,32.6480369567871,dram_mem,B,1,uint64,0,1.84e+19,1.84e+19,81627608580,16325521716.0,42655477.4765417,16374254810,16268055746,disk_write,B,1,uint64,0,1.84e+19,1.84e+19,44980736,8996147.2,1993197.1165404,12623360,6923776,disk_read,B,1,uint64,0,1.84e+19,1.84e+19,2382336,476467.2,292353.811272848,953856,75264,net_read,B,1,uint64,0,1.84e+19,1.84e+19,7603373,1520674.6,126582.168061066,1752926,1372743,net_write,B,1,uint64,0,1.84e+19,1.84e+19,1673432,334686.4,82952.434945817,492815,265889,money,,1,float32,0,3.4e+38,0,0.0075505482118598,0.0015101096423719,1.82e-05,0.0015280435496419,0.0014850965556098,co2,g,1,float32,0,3.4e+38,0,9.70353442914497,1.94070688582899,0.0234283342688753,1.9637545218099,1.90856149164497
396,1_100_0.01_0_3_4_5_8192,1,100,0.01,0.0,3,4,5,8192,evaluateNN_3.0,1,,,True,2025-04-29T18:31:11.560,2025-04-29T18:31:11.560,runtime,s,1,float32,0,3.4e+38,-1,1532.11758422852,306.423516845703,1.59378630318621,309.286956787109,304.826904296875,energy,J,1,float32,0,3.4e+38,-1,85201.3359375,17040.2671875,85.9932190053657,17193.3359375,16946.37109375,power,W,1,float32,0,3.4e+38,-1,277.694686889648,55.5389373779297,0.051003421350046,55.6199340820313,55.4760932922363,cpu_energy,J,1,float32,0,3.4e+38,-1,85201.3359375,17040.267578125,85.9932174682617,17193.3359375,16946.37109375,cpu_power,W,1,float32,0,3.4e+38,-1,277.694702148438,55.5389404296875,0.05100342258811,55.6199340820313,55.4760932922363,cpu_util,%,1,float32,0,100,-1,157.550338745117,31.510066986084,0.152106672525406,31.7068195343018,31.2662372589111,dram_mem,B,1,uint64,0,1.84e+19,1.84e+19,82691675135,16538335027.0,178616009.172575,16675092793,16187852292,disk_write,B,1,uint64,0,1.84e+19,1.84e+19,34159616,6831923.2,1449085.79094965,9316864,5323776,disk_read,B,1,uint64,0,1.84e+19,1.84e+19,1661952,332390.4,208991.200267954,581632,26624,net_read,B,1,uint64,0,1.84e+19,1.84e+19,7619283,1523856.6,63264.2737936665,1613402,1430757,net_write,B,1,uint64,0,1.84e+19,1.84e+19,1702296,340459.2,16910.7173520227,371406,325670,money,,1,float32,0,3.4e+38,0,0.0076941539759114,0.0015388307951822,7.77e-06,0.0015526537536892,0.0015303514562717,co2,g,1,float32,0,3.4e+38,0,9.88808837630208,1.97761767526042,0.0099799908056782,1.99538215407986,1.96672051193576
397,1_200_0.01_0.01_3_4_5_8192,1,200,0.01,0.01,3,4,5,8192,evaluateNN_3.0,1,,,True,2025-05-03T18:27:21.746,2025-05-03T18:27:21.746,runtime,s,1,float32,0,3.4e+38,-1,1542.52935791016,308.505871582031,0.935530461424193,310.283813476563,307.735198974609,energy,J,1,float32,0,3.4e+38,-1,85889.6484375,17177.9296875,56.6094287338233,17281.552734375,17129.6171875,power,W,1,float32,0,3.4e+38,-1,278.031150817871,55.6062301635742,0.0303611719040641,55.6493835449219,55.5647697448731,cpu_energy,J,1,float32,0,3.4e+38,-1,85889.6484375,17177.9296875,56.6094284057617,17281.552734375,17129.6171875,cpu_power,W,1,float32,0,3.4e+38,-1,278.031127929688,55.6062240600586,0.0303611718118191,55.6493835449219,55.5647697448731,cpu_util,%,1,float32,0,100,-1,157.430740356445,31.4861488342285,0.0920881628990173,31.5964431762695,31.3637828826904,dram_mem,B,1,uint64,0,1.84e+19,1.84e+19,80960840339,16192168067.8,102478621.776165,16314982294,16005671594,disk_write,B,1,uint64,0,1.84e+19,1.84e+19,34591744,6918348.8,1192688.48165049,8671744,5751808,disk_read,B,1,uint64,0,1.84e+19,1.84e+19,2054144,410828.8,296171.99282471,983552,177152,net_read,B,1,uint64,0,1.84e+19,1.84e+19,7106380,1421276.0,138796.524364265,1590426,1247387,net_write,B,1,uint64,0,1.84e+19,1.84e+19,1456842,291368.4,57598.3293910509,358617,215965,money,,1,float32,0,3.4e+38,0,0.0077563124186197,0.0015512624837239,5.11e-06,0.0015606202205403,0.0015468995965711,co2,g,1,float32,0,3.4e+38,0,9.96797086588542,1.99359417317708,0.0065698387013864,2.00562020345052,1.98798723914931
399,1_100_0.1_0.01_3_8_10_8192,1,100,0.1,0.01,3,8,10,8192,evaluateNN_3.0,1,,,True,2025-05-02T03:45:16.744,2025-05-02T03:45:16.744,runtime,s,1,float32,0,3.4e+38,-1,1743.15835571289,348.631671142578,12.2952096736726,364.100555419922,328.952117919922,energy,J,1,float32,0,3.4e+38,-1,97579.251953125,19515.850390625,800.881731658457,20496.53515625,18209.40234375,power,W,1,float32,0,3.4e+38,-1,279.457420349121,55.8914840698242,0.323033894816997,56.1981582641602,55.3064765930176,cpu_energy,J,1,float32,0,3.4e+38,-1,97579.25,19515.849609375,800.881774902344,20496.53515625,18209.40234375,cpu_power,W,1,float32,0,3.4e+38,-1,279.457427978516,55.891487121582,0.323033899068832,56.1981582641602,55.3064765930176,cpu_util,%,1,float32,0,100,-1,187.183517456055,37.4367027282715,1.00128054618835,38.6232261657715,35.8484840393066,dram_mem,B,1,uint64,0,1.84e+19,1.84e+19,80280624449,16056124889.8,60863519.8177468,16129799721,15949691971,disk_write,B,1,uint64,0,1.84e+19,1.84e+19,67756544,13551308.8,5305790.51715261,20833280,7936000,disk_read,B,1,uint64,0,1.84e+19,1.84e+19,7728128,1545625.6,1559847.38560484,3818496,38912,net_read,B,1,uint64,0,1.84e+19,1.84e+19,7375099,1475019.8,51534.3455547851,1548226,1390066,net_write,B,1,uint64,0,1.84e+19,1.84e+19,1482235,296447.0,59209.742097057,407100,244151,money,,1,float32,0,3.4e+38,0,0.0088119485583224,0.0017623897116645,7.23e-05,0.0018509509942491,0.0016444101949869,co2,g,1,float32,0,3.4e+38,0,11.3246142961155,2.26492285922309,0.0929467743019175,2.37873677452257,2.11330230533854
400,1_100_0.01_0.1_2_4_10_8192,1,100,0.01,0.1,2,4,10,8192,evaluateNN_3.0,1,,,True,2025-04-30T17:40:55.570,2025-04-30T17:40:55.570,runtime,s,1,float32,0,3.4e+38,-1,1897.58840942383,379.517681884766,0.934241629813379,380.934417724609,378.37939453125,energy,J,1,float32,0,3.4e+38,-1,108211.283203125,21642.256640625,71.9723591157367,21760.572265625,21560.546875,power,W,1,float32,0,3.4e+38,-1,284.783855438232,56.9567710876465,0.110160833697329,57.0780448913574,56.7657775878906,cpu_energy,J,1,float32,0,3.4e+38,-1,108211.28125,21642.255859375,71.9723587036133,21760.572265625,21560.546875,cpu_power,W,1,float32,0,3.4e+38,-1,284.783874511719,56.9567756652832,0.110160835087299,57.0780448913574,56.7657775878906,cpu_util,%,1,float32,0,100,-1,187.762908935547,37.5525817871094,0.104217857122421,37.7397880554199,37.4304466247559,dram_mem,B,1,uint64,0,1.84e+19,1.84e+19,80348871156,16069774231.2,45141038.5263684,16118887068,16002212885,disk_write,B,1,uint64,0,1.84e+19,1.84e+19,66910720,13382144.0,6095185.56484549,22228992,8021504,disk_read,B,1,uint64,0,1.84e+19,1.84e+19,4070912,814182.4,604265.462795153,1759744,31232,net_read,B,1,uint64,0,1.84e+19,1.84e+19,10602410,2120482.0,629005.608305363,3365426,1702198,net_write,B,1,uint64,0,1.84e+19,1.84e+19,1700081,340016.2,66657.0885634829,470245,287424,money,,1,float32,0,3.4e+38,0,0.0097720800470377,0.0019544160094075,6.5e-06,0.001965100567654,0.0019470371636284,co2,g,1,float32,0,3.4e+38,0,12.5585205895182,2.51170411790365,0.0083527921218207,2.52543530349392,2.50222124565972
402,1_100_0.1_0.01_1_16_20_8192,1,100,0.1,0.01,1,16,20,8192,evaluateNN_3.0,1,,,True,2025-05-01T20:10:56.884,2025-05-01T20:10:56.884,runtime,s,1,float32,0,3.4e+38,-1,1845.34783935547,369.069567871094,8.70764717639105,380.475830078125,356.176879882813,energy,J,1,float32,0,3.4e+38,-1,104828.58203125,20965.71640625,557.614189306738,21668.6484375,20104.5078125,power,W,1,float32,0,3.4e+38,-1,283.59313583374,56.7186271667481,0.267675397962068,57.1108283996582,56.3529205322266,cpu_energy,J,1,float32,0,3.4e+38,-1,104828.5859375,20965.716796875,557.614196777344,21668.6484375,20104.5078125,cpu_power,W,1,float32,0,3.4e+38,-1,283.593139648438,56.7186279296875,0.267675399780273,57.1108283996582,56.3529205322266,cpu_util,%,1,float32,0,100,-1,196.204299926758,39.2408599853516,0.668186724185944,40.1492156982422,38.176815032959,dram_mem,B,1,uint64,0,1.84e+19,1.84e+19,80014895170,16002979034.0,34704937.024021,16049209881,15963158981,disk_write,B,1,uint64,0,1.84e+19,1.84e+19,43949568,8789913.6,905077.123826605,10385920,7743488,disk_read,B,1,uint64,0,1.84e+19,1.84e+19,2612736,522547.2,319304.743339901,1014784,17408,net_read,B,1,uint64,0,1.84e+19,1.84e+19,9049500,1809900.0,58862.2673807253,1905319,1733671,net_write,B,1,uint64,0,1.84e+19,1.84e+19,2026023,405204.6,16408.226931634,426162,380862,money,,1,float32,0,3.4e+38,0,0.0094666033384331,0.0018933206676866,5.04e-05,0.0019567993352864,0.0018155487471788,co2,g,1,float32,0,3.4e+38,0,12.1659393257378,2.43318786514757,0.0647142245256544,2.51476703255208,2.33323982335069
403,1_200_0.01_0.01_2_16_5_8192,1,200,0.01,0.01,2,16,5,8192,evaluateNN_3.0,1,,,True,2025-05-03T17:01:20.200,2025-05-03T17:01:20.200,runtime,s,1,float32,0,3.4e+38,-1,1156.22755432129,231.245510864258,11.300120162934,240.885543823242,210.320709228516,energy,J,1,float32,0,3.4e+38,-1,59722.3623046875,11944.4724609375,717.333460451892,12576.927734375,10620.091796875,power,W,1,float32,0,3.4e+38,-1,257.711029052734,51.5422058105469,0.620312153319884,52.1554756164551,50.4085731506348,cpu_energy,J,1,float32,0,3.4e+38,-1,59722.36328125,11944.47265625,717.33349609375,12576.927734375,10620.091796875,cpu_power,W,1,float32,0,3.4e+38,-1,257.710998535156,51.5421981811523,0.62031215429306,52.1554756164551,50.4085731506348,cpu_util,%,1,float32,0,100,-1,113.18709564209,22.6374187469482,2.31455063819885,24.7045459747314,18.4231128692627,dram_mem,B,1,uint64,0,1.84e+19,1.84e+19,80372791188,16074558237.6,73774142.7603428,16190168444,15977980400,disk_write,B,1,uint64,0,1.84e+19,1.84e+19,28020736,5604147.2,886876.557202049,7126016,4589568,disk_read,B,1,uint64,0,1.84e+19,1.84e+19,3047424,609484.8,717679.924371415,1539072,10240,net_read,B,1,uint64,0,1.84e+19,1.84e+19,4884766,976953.2,52439.6768998437,1041470,901518,net_write,B,1,uint64,0,1.84e+19,1.84e+19,904094,180818.8,19492.6490698417,212973,163732,money,,1,float32,0,3.4e+38,0,0.0053932611070149,0.001078652221403,6.48e-05,0.0011357664462348,0.0009590532897677,co2,g,1,float32,0,3.4e+38,0,6.93111193636068,1.38622238727214,0.0832505332713336,1.45962233539497,1.23252065353733
404,1_200_0.01_0.1_2_16_20_8192,1,200,0.01,0.1,2,16,20,8192,evaluateNN_3.0,1,,,True,2025-05-04T07:32:08.421,2025-05-04T07:32:08.421,runtime,s,1,float32,0,3.4e+38,-1,2403.96310424805,480.792620849609,12.8646880164652,494.284454345703,460.446044921875,energy,J,1,float32,0,3.4e+38,-1,140903.08984375,28180.61796875,790.375682557315,29004.06640625,26885.638671875,power,W,1,float32,0,3.4e+38,-1,292.76944732666,58.553889465332,0.13852325131227,58.6991386413574,58.3260955810547,cpu_energy,J,1,float32,0,3.4e+38,-1,140903.09375,28180.619140625,790.375671386719,29004.06640625,26885.638671875,cpu_power,W,1,float32,0,3.4e+38,-1,292.769470214844,58.5538940429688,0.138523250818253,58.6991386413574,58.3260955810547,cpu_util,%,1,float32,0,100,-1,229.450759887695,45.8901519775391,0.509305894374847,46.4343452453613,45.0428581237793,dram_mem,B,1,uint64,0,1.84e+19,1.84e+19,80889518409,16177903681.8,39297275.2940554,16230568494,16130838018,disk_write,B,1,uint64,0,1.84e+19,1.84e+19,55461376,11092275.2,1470895.59259526,12702720,8432128,disk_read,B,1,uint64,0,1.84e+19,1.84e+19,3926528,785305.6,521359.762649018,1593344,100864,net_read,B,1,uint64,0,1.84e+19,1.84e+19,11834113,2366822.6,73381.5689682362,2468703,2259766,net_write,B,1,uint64,0,1.84e+19,1.84e+19,2785254,557050.8,50800.718063429,657196,517690,money,,1,float32,0,3.4e+38,0,0.0127243318078342,0.0025448663615668,7.14e-05,0.0026192283301866,0.0024279225367296,co2,g,1,float32,0,3.4e+38,0,16.3525863713108,3.27051727426215,0.0917274889367906,3.36608304014757,3.12022773253038
406,1_200_0.1_0_3_8_10_8192,1,200,0.1,0.0,3,8,10,8192,evaluateNN_3.0,1,,,True,2025-05-05T00:17:47.244,2025-05-05T00:17:47.244,runtime,s,1,float32,0,3.4e+38,-1,1691.12005615234,338.224011230469,19.6657669742942,364.096343994141,307.664245605469,energy,J,1,float32,0,3.4e+38,-1,94282.966796875,18856.593359375,1269.2298382293,20438.3984375,16886.42578125,power,W,1,float32,0,3.4e+38,-1,278.219261169434,55.6438522338867,0.545327202314294,56.3852157592773,54.8198432922363,cpu_energy,J,1,float32,0,3.4e+38,-1,94282.96875,18856.59375,1269.22985839844,20438.3984375,16886.42578125,cpu_power,W,1,float32,0,3.4e+38,-1,278.219268798828,55.6438522338867,0.545327186584473,56.3852157592773,54.8198432922363,cpu_util,%,1,float32,0,100,-1,183.096740722656,36.6193466186523,1.7225604057312,38.6762275695801,33.8233032226563,dram_mem,B,1,uint64,0,1.84e+19,1.84e+19,80660565550,16132113110.0,57022398.1304702,16187320739,16037032249,disk_write,B,1,uint64,0,1.84e+19,1.84e+19,40720384,8144076.8,1092574.15085337,9858048,6944256,disk_read,B,1,uint64,0,1.84e+19,1.84e+19,4538880,907776.0,1055691.2095434,2897408,16896,net_read,B,1,uint64,0,1.84e+19,1.84e+19,8116947,1623389.4,95771.5180345389,1750526,1505681,net_write,B,1,uint64,0,1.84e+19,1.84e+19,1856566,371313.2,27238.2144451504,401371,328040,money,,1,float32,0,3.4e+38,0,0.0085142756960178,0.0017028551392035,0.0001146185056689,0.0018457009255642,0.0015249380615234,co2,g,1,float32,0,3.4e+38,0,10.9420620910373,2.18841241820747,0.14730117400339,2.37198968532986,1.95976352539063
408,1_200_0.1_0_2_8_20_8192,1,200,0.1,0.0,2,8,20,8192,evaluateNN_3.0,1,,,True,2025-05-04T19:46:09.496,2025-05-04T19:46:09.496,runtime,s,1,float32,0,3.4e+38,-1,2231.72778320313,446.345556640625,12.8152393166669,459.987426757813,427.436584472656,energy,J,1,float32,0,3.4e+38,-1,129630.333984375,25926.066796875,835.075882918941,26812.072265625,24723.205078125,power,W,1,float32,0,3.4e+38,-1,290.09366607666,58.018733215332,0.211672866838201,58.2494201660156,57.7534675598145,cpu_energy,J,1,float32,0,3.4e+38,-1,129630.3359375,25926.06640625,835.075866699219,26812.072265625,24723.205078125,cpu_power,W,1,float32,0,3.4e+38,-1,290.093688964844,58.0187377929688,0.211672872304916,58.2494201660156,57.7534675598145,cpu_util,%,1,float32,0,100,-1,219.514663696289,43.9029312133789,0.720969319343567,44.7114982604981,42.9743576049805,dram_mem,B,1,uint64,0,1.84e+19,1.84e+19,82343070331,16468614066.2,229296255.740105,16725470841,16089776954,disk_write,B,1,uint64,0,1.84e+19,1.84e+19,55892992,11178598.4,2462341.61038192,15412224,8681472,disk_read,B,1,uint64,0,1.84e+19,1.84e+19,4669440,933888.0,816244.331984976,2345984,165888,net_read,B,1,uint64,0,1.84e+19,1.84e+19,10236233,2047246.6,181088.940533209,2362593,1868543,net_write,B,1,uint64,0,1.84e+19,1.84e+19,2283569,456713.8,128986.106974976,696154,337691,money,,1,float32,0,3.4e+38,0,0.0117063393273112,0.0023412678654622,7.54e-05,0.0024212790815429,0.002232642769694,co2,g,1,float32,0,3.4e+38,0,15.0443204274089,3.00886408548177,0.0969151955232038,3.11168994238281,2.86926530045573
410,1_200_0.01_0.01_3_16_20_8192,1,200,0.01,0.01,3,16,20,8192,evaluateNN_3.0,1,,,True,2025-05-03T23:01:44.984,2025-05-03T23:01:44.984,runtime,s,1,float32,0,3.4e+38,-1,2982.06195068359,596.412390136719,11.0703150322238,611.092956542969,577.41357421875,energy,J,1,float32,0,3.4e+38,-1,177540.6328125,35508.1265625,687.460482766981,36457.23046875,34344.390625,power,W,1,float32,0,3.4e+38,-1,297.445159912109,59.4890319824219,0.066343777447091,59.5966415405273,59.4254913330078,cpu_energy,J,1,float32,0,3.4e+38,-1,177540.625,35508.125,687.46044921875,36457.23046875,34344.390625,cpu_power,W,1,float32,0,3.4e+38,-1,297.445159912109,59.4890327453613,0.0663437768816948,59.5966415405273,59.4254913330078,cpu_util,%,1,float32,0,100,-1,246.711791992188,49.3423576354981,0.321525663137436,49.8314819335938,48.8191757202148,dram_mem,B,1,uint64,0,1.84e+19,1.84e+19,80317709732,16063541946.4,48327540.8112038,16122613944,15993118452,disk_write,B,1,uint64,0,1.84e+19,1.84e+19,67342848,13468569.6,1798350.95738397,16727552,11924992,disk_read,B,1,uint64,0,1.84e+19,1.84e+19,5863936,1172787.2,693292.437453172,2081280,210432,net_read,B,1,uint64,0,1.84e+19,1.84e+19,13401971,2680394.2,200989.196668279,2937911,2413363,net_write,B,1,uint64,0,1.84e+19,1.84e+19,2771742,554348.4,95166.2697421728,691459,442820,money,,1,float32,0,3.4e+38,0,0.0160329054798177,0.0032065810959635,6.21e-05,0.0032922904514974,0.0031014892756076,co2,g,1,float32,0,3.4e+38,0,20.6045767747396,4.12091535494792,0.0797836082500122,4.23106413606771,3.98585733420139
413,1_200_0.01_0.01_1_16_20_8192,1,200,0.01,0.01,1,16,20,8192,evaluateNN_3.0,1,,,True,2025-05-03T13:20:13.101,2025-05-03T13:20:13.101,runtime,s,1,float32,0,3.4e+38,-1,1875.63681030273,375.127362060547,8.06347804441066,383.946807861328,360.733276367188,energy,J,1,float32,0,3.4e+38,-1,106570.00390625,21314.00078125,505.263302149688,21872.10546875,20425.919921875,power,W,1,float32,0,3.4e+38,-1,283.734851837158,56.7469703674316,0.135027582452792,56.9215507507324,56.5654067993164,cpu_energy,J,1,float32,0,3.4e+38,-1,106570.0,21314.0,505.263305664063,21872.10546875,20425.919921875,cpu_power,W,1,float32,0,3.4e+38,-1,283.734832763672,56.7469673156738,0.135027572512627,56.9215507507324,56.5654067993164,cpu_util,%,1,float32,0,100,-1,199.037963867188,39.8075942993164,0.628053784370422,40.5968856811523,38.7828750610352,dram_mem,B,1,uint64,0,1.84e+19,1.84e+19,80516346355,16103269271.0,57611832.5027106,16147151385,15994079965,disk_write,B,1,uint64,0,1.84e+19,1.84e+19,45413376,9082675.2,996699.425880922,10725888,7834112,disk_read,B,1,uint64,0,1.84e+19,1.84e+19,2535424,507084.8,358732.148718455,1119744,18944,net_read,B,1,uint64,0,1.84e+19,1.84e+19,7886001,1577200.2,48476.051453888,1630470,1503127,net_write,B,1,uint64,0,1.84e+19,1.84e+19,1455400,291080.0,22466.2054918048,317504,252855,money,,1,float32,0,3.4e+38,0,0.0096238634083116,0.0019247726816623,4.56e-05,0.0019751726355251,0.0018445740462782,co2,g,1,float32,0,3.4e+38,0,12.3680410088976,2.47360820177951,0.0586386132328164,2.53837935134549,2.37054148426649
414,1_100_0.01_0_2_4_20_8192,1,100,0.01,0.0,2,4,20,8192,evaluateNN_3.0,1,,,True,2025-04-29T14:49:36.317,2025-04-29T14:49:36.317,runtime,s,1,float32,0,3.4e+38,-1,3006.02124023438,601.204248046875,5.32535146258011,609.608825683594,593.601989746094,energy,J,1,float32,0,3.4e+38,-1,180787.7890625,36157.5578125,315.279429104958,36645.12890625,35721.8125,power,W,1,float32,0,3.4e+38,-1,300.464015960693,60.0928031921387,0.0354199095386276,60.1369323730469,60.0461845397949,cpu_energy,J,1,float32,0,3.4e+38,-1,180787.78125,36157.5546875,315.279418945313,36645.12890625,35721.8125,cpu_power,W,1,float32,0,3.4e+38,-1,300.464019775391,60.0928039550781,0.0354199074208736,60.1369323730469,60.0461845397949,cpu_util,%,1,float32,0,100,-1,236.338607788086,47.2677230834961,0.152919858694077,47.5276603698731,47.0677337646484,dram_mem,B,1,uint64,0,1.84e+19,1.84e+19,80218009934,16043601986.8,45478519.5309281,16099209304,15967352956,disk_write,B,1,uint64,0,1.84e+19,1.84e+19,77778432,15555686.4,3354439.19041604,19915264,11825664,disk_read,B,1,uint64,0,1.84e+19,1.84e+19,6586880,1317376.0,497869.916247206,2077184,568832,net_read,B,1,uint64,0,1.84e+19,1.84e+19,17346599,3469319.8,172168.382360293,3761521,3282612,net_write,B,1,uint64,0,1.84e+19,1.84e+19,3278323,655664.6,90239.6713083553,808737,541315,money,,1,float32,0,3.4e+38,0,0.0163261417289497,0.0032652283457899,2.85e-05,0.0033092587242838,0.0032258781232638,co2,g,1,float32,0,3.4e+38,0,20.981427297309,4.19628545946181,0.0365899293000144,4.25287079361979,4.14571479513889
415,1_200_0.1_0.01_2_16_5_8192,1,200,0.1,0.01,2,16,5,8192,evaluateNN_3.0,1,,,True,2025-05-05T10:02:35.705,2025-05-05T10:02:35.705,runtime,s,1,float32,0,3.4e+38,-1,1175.86546325684,235.173092651367,10.9039665410867,242.940460205078,214.039764404297,energy,J,1,float32,0,3.4e+38,-1,60911.728515625,12182.345703125,665.969977620323,12647.001953125,10889.17578125,power,W,1,float32,0,3.4e+38,-1,258.575660705566,51.7151321411133,0.463656715168188,52.072265625,50.8101654052734,cpu_energy,J,1,float32,0,3.4e+38,-1,60911.7265625,12182.345703125,665.970031738281,12647.001953125,10889.17578125,cpu_power,W,1,float32,0,3.4e+38,-1,258.575653076172,51.7151298522949,0.463656723499298,52.072265625,50.8101654052734,cpu_util,%,1,float32,0,100,-1,116.811294555664,23.3622589111328,2.32011818885803,24.8553218841553,18.8037033081055,dram_mem,B,1,uint64,0,1.84e+19,1.84e+19,80952510134,16190502026.8,113883361.202035,16281956334,15967659140,disk_write,B,1,uint64,0,1.84e+19,1.84e+19,48637440,9727488.0,3646913.241184,15282688,6073856,disk_read,B,1,uint64,0,1.84e+19,1.84e+19,4715008,943001.6,750249.475570786,2035200,10240,net_read,B,1,uint64,0,1.84e+19,1.84e+19,7135904,1427180.8,135124.150894501,1662746,1281608,net_write,B,1,uint64,0,1.84e+19,1.84e+19,1454234,290846.8,32731.046145212,354725,261141,money,,1,float32,0,3.4e+38,0,0.0055006674834526,0.0011001334966905,6.01e-05,0.0011420945374891,0.0009833530684678,co2,g,1,float32,0,3.4e+38,0,7.06914449273004,1.41382889854601,0.0772895157360475,1.46775483778212,1.26374934483507
416,1_200_0.01_0.1_3_4_20_8192,1,200,0.01,0.1,3,4,20,8192,evaluateNN_3.0,1,,,True,2025-05-04T09:16:48.826,2025-05-04T09:16:48.826,runtime,s,1,float32,0,3.4e+38,-1,3730.09362792969,746.018725585938,4.22289721825655,752.341186523438,740.855529785156,energy,J,1,float32,0,3.4e+38,-1,228420.8046875,45684.1609375,261.163049289537,46029.47265625,45392.33203125,power,W,1,float32,0,3.4e+38,-1,305.946575164795,61.189315032959,0.061565531624086,61.2829856872559,61.1240386962891,cpu_energy,J,1,float32,0,3.4e+38,-1,228420.796875,45684.16015625,261.163055419922,46029.47265625,45392.33203125,cpu_power,W,1,float32,0,3.4e+38,-1,305.946594238281,61.1893196105957,0.0615655370056629,61.2829856872559,61.1240386962891,cpu_util,%,1,float32,0,100,-1,246.808197021484,49.3616409301758,0.0526293478906155,49.4565887451172,49.3029479980469,dram_mem,B,1,uint64,0,1.84e+19,1.84e+19,81284324048,16256864809.6,42534496.8244205,16323888060,16207403779,disk_write,B,1,uint64,0,1.84e+19,1.84e+19,100071936,20014387.2,3303699.20202711,24444416,15803392,disk_read,B,1,uint64,0,1.84e+19,1.84e+19,6204928,1240985.6,649912.673014337,2165248,512512,net_read,B,1,uint64,0,1.84e+19,1.84e+19,19081657,3816331.4,63323.6609794475,3936522,3761246,net_write,B,1,uint64,0,1.84e+19,1.84e+19,4376246,875249.2,90472.5053160351,1053635,803747,money,,1,float32,0,3.4e+38,0,0.0206276676677517,0.0041255335335503,2.36e-05,0.0041567171001519,0.0040991797620442,co2,g,1,float32,0,3.4e+38,0,26.5095033884549,5.30190067769097,0.0303094227758802,5.34197602105035,5.26803231184896
417,1_200_0.01_0.01_1_8_5_8192,1,200,0.01,0.01,1,8,5,8192,evaluateNN_3.0,1,,,True,2025-05-03T11:30:21.878,2025-05-03T11:30:21.878,runtime,s,1,float32,0,3.4e+38,-1,1044.7735748291,208.95471496582,2.23066774955751,211.756011962891,205.295791625977,energy,J,1,float32,0,3.4e+38,-1,51730.7666015625,10346.1533203125,155.564898834799,10551.5,10110.6142578125,power,W,1,float32,0,3.4e+38,-1,247.185844421387,49.4371688842773,0.229627269222089,49.7672576904297,49.158504486084,cpu_energy,J,1,float32,0,3.4e+38,-1,51730.765625,10346.1533203125,155.564895629883,10551.5,10110.6142578125,cpu_power,W,1,float32,0,3.4e+38,-1,247.185852050781,49.4371719360352,0.229627266526222,49.7672576904297,49.158504486084,cpu_util,%,1,float32,0,100,-1,90.1802520751953,18.0360507965088,0.658562302589417,18.9328651428223,17.2579708099365,dram_mem,B,1,uint64,0,1.84e+19,1.84e+19,81112135027,16222427005.4,77601930.8957348,16366920234,16134145861,disk_write,B,1,uint64,0,1.84e+19,1.84e+19,28070912,5614182.4,565819.296222955,6329856,4707840,disk_read,B,1,uint64,0,1.84e+19,1.84e+19,1828864,365772.8,243918.347602143,689664,10752,net_read,B,1,uint64,0,1.84e+19,1.84e+19,4319173,863834.6,56173.1777402703,939952,787802,net_write,B,1,uint64,0,1.84e+19,1.84e+19,774607,154921.4,15867.7728695618,178580,132262,money,,1,float32,0,3.4e+38,0,0.0046715756172688,0.0009343151234537,1.4e-05,0.0009528590694444,0.0009130446375596,co2,g,1,float32,0,3.4e+38,0,6.00364285725912,1.20072857145182,0.0180541707592164,1.22456019444444,1.17339295469835
418,1_200_0.1_0_1_4_20_8192,1,200,0.1,0.0,1,4,20,8192,evaluateNN_3.0,1,,,True,2025-05-04T14:16:36.578,2025-05-04T14:16:36.578,runtime,s,1,float32,0,3.4e+38,-1,2229.78854370117,445.957708740234,3.05364400190696,450.620178222656,441.137847900391,energy,J,1,float32,0,3.4e+38,-1,129417.716796875,25883.543359375,190.808513942434,26122.53515625,25588.90234375,power,W,1,float32,0,3.4e+38,-1,289.862895965576,57.9725791931152,0.1429883389622,58.2562789916992,57.8701705932617,cpu_energy,J,1,float32,0,3.4e+38,-1,129417.71875,25883.54296875,190.808517456055,26122.53515625,25588.90234375,cpu_power,W,1,float32,0,3.4e+38,-1,289.862915039063,57.972583770752,0.142988339066505,58.2562789916992,57.8701705932617,cpu_util,%,1,float32,0,100,-1,216.238616943359,43.2477226257324,0.150374889373779,43.4598197937012,43.0769729614258,dram_mem,B,1,uint64,0,1.84e+19,1.84e+19,81006551632,16201310326.4,112930150.078473,16291938066,15978727795,disk_write,B,1,uint64,0,1.84e+19,1.84e+19,55582208,11116441.6,286204.501159293,11518976,10739712,disk_read,B,1,uint64,0,1.84e+19,1.84e+19,3431936,686387.2,520436.311762506,1574400,41472,net_read,B,1,uint64,0,1.84e+19,1.84e+19,10488157,2097631.4,143409.300993485,2243111,1832675,net_write,B,1,uint64,0,1.84e+19,1.84e+19,2304684,460936.8,62084.9306753257,521922,342710,money,,1,float32,0,3.4e+38,0,0.0116871388140734,0.0023374277628146,1.72e-05,0.0023590100498046,0.0023108200422092,co2,g,1,float32,0,3.4e+38,0,15.0196450215929,3.00392900431858,0.0221443880903191,3.03166533007813,2.96973427756076
420,1_100_0.1_0.1_1_4_5_8192,1,100,0.1,0.1,1,4,5,8192,evaluateNN_3.0,1,,,True,2025-05-02T06:39:29.061,2025-05-02T06:39:29.061,runtime,s,1,float32,0,3.4e+38,-1,1215.31713867188,243.063427734375,9.73494707641283,262.213317871094,235.042144775391,energy,J,1,float32,0,3.4e+38,-1,60914.37109375,12182.87421875,228.506925020854,12573.796875,11860.404296875,power,W,1,float32,0,3.4e+38,-1,250.433128356934,50.0866256713867,1.12979525439865,50.8144760131836,47.8478164672852,cpu_energy,J,1,float32,0,3.4e+38,-1,60914.375,12182.875,228.506927490234,12573.796875,11860.404296875,cpu_power,W,1,float32,0,3.4e+38,-1,250.433120727539,50.0866241455078,1.12979531288147,50.8144760131836,47.8478164672852,cpu_util,%,1,float32,0,100,-1,109.166374206543,21.8332748413086,0.694475054740906,22.5132217407227,20.6196956634522,dram_mem,B,1,uint64,0,1.84e+19,1.84e+19,79673775361,15934755072.2,317271681.560094,16119785133,15301535169,disk_write,B,1,uint64,0,1.84e+19,1.84e+19,143851008,28770201.6,43860286.6509456,116434944,5276672,disk_read,B,1,uint64,0,1.84e+19,1.84e+19,4548377088,909675417.6,1728320705.98353,4363383296,13312,net_read,B,1,uint64,0,1.84e+19,1.84e+19,5906330,1181266.0,59533.7227594579,1284557,1111453,net_write,B,1,uint64,0,1.84e+19,1.84e+19,1327081,265416.2,20319.1448579905,286911,237629,money,,1,float32,0,3.4e+38,0,0.0055009061229383,0.0011001812245876,2.06e-05,0.0011354837122395,0.0010710603991428,co2,g,1,float32,0,3.4e+38,0,7.06945117860243,1.41389023572049,0.0265194981315868,1.45925898177083,1.37646580978733
422,1_100_0.1_0.01_1_8_20_8192,1,100,0.1,0.01,1,8,20,8192,evaluateNN_3.0,1,,,True,2025-05-01T19:00:12.338,2025-05-01T19:00:12.338,runtime,s,1,float32,0,3.4e+38,-1,1824.40182495117,364.880364990234,9.64064832614615,380.914672851563,351.953765869141,energy,J,1,float32,0,3.4e+38,-1,102818.341796875,20563.668359375,645.803512292917,21639.15234375,19712.08984375,power,W,1,float32,0,3.4e+38,-1,281.4453125,56.2890625,0.304640995610392,56.7619895935059,55.9608993530273,cpu_energy,J,1,float32,0,3.4e+38,-1,102818.34375,20563.66796875,645.803527832031,21639.15234375,19712.08984375,cpu_power,W,1,float32,0,3.4e+38,-1,281.4453125,56.2890625,0.304641008377075,56.7619895935059,55.9608993530273,cpu_util,%,1,float32,0,100,-1,192.648696899414,38.5297393798828,0.77885514497757,39.7916221618652,37.5331420898438,dram_mem,B,1,uint64,0,1.84e+19,1.84e+19,80067028959,16013405791.8,39715238.2169408,16042449737,15934579350,disk_write,B,1,uint64,0,1.84e+19,1.84e+19,58056192,11611238.4,3710894.38709374,18844160,9005056,disk_read,B,1,uint64,0,1.84e+19,1.84e+19,5214720,1042944.0,760424.702824415,2288640,40960,net_read,B,1,uint64,0,1.84e+19,1.84e+19,9204596,1840919.2,77945.0010953878,1974942,1764673,net_write,B,1,uint64,0,1.84e+19,1.84e+19,2194051,438810.2,72853.0079637073,581803,387283,money,,1,float32,0,3.4e+38,0,0.0092850674772677,0.0018570134954535,5.83e-05,0.0019541356741536,0.0017801112245008,co2,g,1,float32,0,3.4e+38,0,11.9326397785373,2.38652795570747,0.0749490853988835,2.51134384700521,2.28769753797743
423,1_200_0.01_0_3_4_10_8192,1,200,0.01,0.0,3,4,10,8192,evaluateNN_3.0,1,,,True,2025-05-03T05:09:05.682,2025-05-03T05:09:05.682,runtime,s,1,float32,0,3.4e+38,-1,2289.97769165039,457.995538330078,2.01223466937036,460.134063720703,454.539794921875,energy,J,1,float32,0,3.4e+38,-1,134208.07421875,26841.61484375,142.845592987583,26951.791015625,26572.580078125,power,W,1,float32,0,3.4e+38,-1,292.72940826416,58.545881652832,0.105453031955934,58.6855812072754,58.3972549438477,cpu_energy,J,1,float32,0,3.4e+38,-1,134208.078125,26841.615234375,142.845596313477,26951.791015625,26572.580078125,cpu_power,W,1,float32,0,3.4e+38,-1,292.729400634766,58.5458793640137,0.105453036725521,58.6855812072754,58.3972549438477,cpu_util,%,1,float32,0,100,-1,207.025253295898,41.4050521850586,0.171736180782318,41.5924110412598,41.0839920043945,dram_mem,B,1,uint64,0,1.84e+19,1.84e+19,80641853868,16128370773.6,48812150.6371042,16204805823,16077627436,disk_write,B,1,uint64,0,1.84e+19,1.84e+19,50882048,10176409.6,601315.295492007,11271168,9432064,disk_read,B,1,uint64,0,1.84e+19,1.84e+19,3955200,791040.0,503527.362488276,1701888,240640,net_read,B,1,uint64,0,1.84e+19,1.84e+19,9864510,1972902.0,103796.247462035,2161957,1855267,net_write,B,1,uint64,0,1.84e+19,1.84e+19,1871139,374227.8,26511.4098863112,415762,335107,money,,1,float32,0,3.4e+38,0,0.0121197347023655,0.002423946940473,1.29e-05,0.0024338964608832,0.0023996516064995,co2,g,1,float32,0,3.4e+38,0,15.5755926134983,3.11511852269965,0.0165780246528368,3.12790507953559,3.08389554351128
424,1_100_0.01_0.1_2_8_5_8192,1,100,0.01,0.1,2,8,5,8192,evaluateNN_3.0,1,,,True,2025-04-30T19:02:48.722,2025-04-30T19:02:48.722,runtime,s,1,float32,0,3.4e+38,-1,1167.44938659668,233.489877319336,4.86075864926767,240.612747192383,228.239151000977,energy,J,1,float32,0,3.4e+38,-1,59262.072265625,11852.414453125,284.002716845694,12243.57421875,11534.0185546875,power,W,1,float32,0,3.4e+38,-1,253.429618835449,50.6859237670899,0.180944618000957,50.9518775939941,50.4448013305664,cpu_energy,J,1,float32,0,3.4e+38,-1,59262.07421875,11852.4150390625,284.002716064453,12243.57421875,11534.0185546875,cpu_power,W,1,float32,0,3.4e+38,-1,253.429626464844,50.6859245300293,0.180944621562958,50.9518775939941,50.4448013305664,cpu_util,%,1,float32,0,100,-1,107.467636108398,21.4935264587402,0.777242004871368,22.5585746765137,20.5821743011475,dram_mem,B,1,uint64,0,1.84e+19,1.84e+19,80429540610,16085908122.0,94189127.3354186,16177962567,15913664796,disk_write,B,1,uint64,0,1.84e+19,1.84e+19,32906240,6581248.0,1682392.29849688,9442816,4602368,disk_read,B,1,uint64,0,1.84e+19,1.84e+19,4213760,842752.0,596448.31229135,1711616,27648,net_read,B,1,uint64,0,1.84e+19,1.84e+19,5238821,1047764.2,44589.4386481822,1095594,992763,net_write,B,1,uint64,0,1.84e+19,1.84e+19,917501,183500.2,17487.5995310963,206569,160437,money,,1,float32,0,3.4e+38,0,0.0053516943593207,0.0010703388718641,2.56e-05,0.0011056627718099,0.0010415859533691,co2,g,1,float32,0,3.4e+38,0,6.87769272016059,1.37553854403212,0.0329600930828141,1.42093480794271,1.33858693115234
426,1_200_0.01_0.01_1_8_20_8192,1,200,0.01,0.01,1,8,20,8192,evaluateNN_3.0,1,,,True,2025-05-03T12:10:26.491,2025-05-03T12:10:26.491,runtime,s,1,float32,0,3.4e+38,-1,1794.23291015625,358.84658203125,4.12056444020418,364.315826416016,353.440673828125,energy,J,1,float32,0,3.4e+38,-1,99748.400390625,19949.680078125,241.385840568786,20257.98046875,19623.69921875,power,W,1,float32,0,3.4e+38,-1,277.613109588623,55.5226219177246,0.0530031056732848,55.5995674133301,55.4526863098145,cpu_energy,J,1,float32,0,3.4e+38,-1,99748.40625,19949.681640625,241.385848999023,20257.98046875,19623.69921875,cpu_power,W,1,float32,0,3.4e+38,-1,277.613098144531,55.5226211547852,0.0530031062662602,55.5995674133301,55.4526863098145,cpu_util,%,1,float32,0,100,-1,185.566513061523,37.1133041381836,0.232337847352028,37.3758239746094,36.7963371276856,dram_mem,B,1,uint64,0,1.84e+19,1.84e+19,80341831293,16068366258.6,54660112.2984193,16137521582,15999201188,disk_write,B,1,uint64,0,1.84e+19,1.84e+19,43843584,8768716.8,914457.49070854,9965568,7619584,disk_read,B,1,uint64,0,1.84e+19,1.84e+19,1434624,286924.8,223721.527109396,545792,15360,net_read,B,1,uint64,0,1.84e+19,1.84e+19,7464774,1492954.8,40645.5657724185,1567745,1443867,net_write,B,1,uint64,0,1.84e+19,1.84e+19,1385050,277010.0,11013.027521985,291909,257941,money,,1,float32,0,3.4e+38,0,0.0090078347130533,0.0018015669426106,2.18e-05,0.001829408180664,0.0017721290600043,co2,g,1,float32,0,3.4e+38,0,11.576356023112,2.3152712046224,0.0280141678304553,2.35105117773438,2.27743931488715
427,1_200_0.01_0.1_1_4_5_8192,1,200,0.01,0.1,1,4,5,8192,evaluateNN_3.0,1,,,True,2025-05-03T23:51:51.963,2025-05-03T23:51:51.963,runtime,s,1,float32,0,3.4e+38,-1,1173.3858795166,234.67717590332,7.25763982615539,248.952011108398,228.922622680664,energy,J,1,float32,0,3.4e+38,-1,59362.8173828125,11872.5634765625,152.584323812062,12124.8173828125,11649.1640625,power,W,1,float32,0,3.4e+38,-1,252.793338775635,50.558667755127,0.974125313751502,51.204029083252,48.6253547668457,cpu_energy,J,1,float32,0,3.4e+38,-1,59362.81640625,11872.5634765625,152.584320068359,12124.8173828125,11649.1640625,cpu_power,W,1,float32,0,3.4e+38,-1,252.793334960938,50.5586662292481,0.974125325679779,51.204029083252,48.6253547668457,cpu_util,%,1,float32,0,100,-1,110.445495605469,22.0890998840332,0.726727485656738,22.6448287963867,20.7200012207031,dram_mem,B,1,uint64,0,1.84e+19,1.84e+19,79443566193,15888713238.6,309681637.27685,16130606132,15280464756,disk_write,B,1,uint64,0,1.84e+19,1.84e+19,48339456,9667891.2,4035094.92137126,13957632,4234752,disk_read,B,1,uint64,0,1.84e+19,1.84e+19,4501247488,900249497.6,1789519614.86767,4479265792,24064,net_read,B,1,uint64,0,1.84e+19,1.84e+19,5870857,1174171.4,361154.326552846,1893956,964338,net_write,B,1,uint64,0,1.84e+19,1.84e+19,1253507,250701.4,108985.849464231,466413,170347,money,,1,float32,0,3.4e+38,0,0.0053607922030978,0.0010721584406195,1.38e-05,0.0010949383697645,0.0010519842324218,co2,g,1,float32,0,3.4e+38,0,6.8893847507053,1.37787695014106,0.0177082584690776,1.40715241737196,1.35195020703125
428,1_100_0.1_0.1_2_8_5_8192,1,100,0.1,0.1,2,8,5,8192,evaluateNN_3.0,1,,,True,2025-05-02T12:09:05.585,2025-05-02T12:09:05.585,runtime,s,1,float32,0,3.4e+38,-1,1151.64418029785,230.32883605957,6.22648758270761,235.695098876953,218.142166137695,energy,J,1,float32,0,3.4e+38,-1,58919.9384765625,11783.9876953125,387.626451399718,12145.705078125,11032.609375,power,W,1,float32,0,3.4e+38,-1,255.384590148926,51.0769180297852,0.330898612260055,51.4647598266602,50.4680709838867,cpu_energy,J,1,float32,0,3.4e+38,-1,58919.9375,11783.9873046875,387.62646484375,12145.705078125,11032.609375,cpu_power,W,1,float32,0,3.4e+38,-1,255.38459777832,51.0769195556641,0.330898612737656,51.4647598266602,50.4680709838867,cpu_util,%,1,float32,0,100,-1,111.44068145752,22.2881355285645,1.13370716571808,23.5,20.1704540252686,dram_mem,B,1,uint64,0,1.84e+19,1.84e+19,79880066250,15976013250.0,62128027.0822937,16062681105,15904667122,disk_write,B,1,uint64,0,1.84e+19,1.84e+19,26550784,5310156.8,849613.953958479,6277120,3769344,disk_read,B,1,uint64,0,1.84e+19,1.84e+19,2531840,506368.0,541653.605902518,1435648,11776,net_read,B,1,uint64,0,1.84e+19,1.84e+19,5523758,1104751.6,31544.6388002779,1159009,1063898,net_write,B,1,uint64,0,1.84e+19,1.84e+19,860713,172142.6,13756.7661694164,196351,153755,money,,1,float32,0,3.4e+38,0,0.0053207977774251,0.001064159555485,3.5e-05,0.001096824644694,0.0009963059188368,co2,g,1,float32,0,3.4e+38,0,6.83798619319662,1.36759723863932,0.0449862031652228,1.40957655045573,1.28039561024306
429,1_100_0.01_0.01_1_8_10_8192,1,100,0.01,0.01,1,8,10,8192,evaluateNN_3.0,1,,,True,2025-04-30T01:30:47.320,2025-04-30T01:30:47.320,runtime,s,1,float32,0,3.4e+38,-1,1327.42443847656,265.484887695313,4.44178051933375,269.898254394531,259.081329345703,energy,J,1,float32,0,3.4e+38,-1,70087.0947265625,14017.4189453125,309.927631861245,14348.3125,13635.099609375,power,W,1,float32,0,3.4e+38,-1,263.574893951416,52.7149787902832,0.34259838453453,53.1089324951172,52.1490364074707,cpu_energy,J,1,float32,0,3.4e+38,-1,70087.09375,14017.4189453125,309.927642822266,14348.3125,13635.099609375,cpu_power,W,1,float32,0,3.4e+38,-1,263.574890136719,52.7149772644043,0.342598378658295,53.1089324951172,52.1490364074707,cpu_util,%,1,float32,0,100,-1,142.3291015625,28.4658203125,0.824993133544922,29.2900352478027,27.427375793457,dram_mem,B,1,uint64,0,1.84e+19,1.84e+19,82721087095,16544217419.0,177962959.25663,16735759972,16268125328,disk_write,B,1,uint64,0,1.84e+19,1.84e+19,29082112,5816422.4,881277.292754012,6792192,4428288,disk_read,B,1,uint64,0,1.84e+19,1.84e+19,1217024,243404.8,166877.318605495,500224,24576,net_read,B,1,uint64,0,1.84e+19,1.84e+19,6376486,1275297.2,39441.0208660983,1321378,1221911,net_write,B,1,uint64,0,1.84e+19,1.84e+19,1387722,277544.4,12287.0274452367,297876,260923,money,,1,float32,0,3.4e+38,0,0.006329254026557,0.0012658508053114,2.8e-05,0.0012957323315972,0.0012313252452799,co2,g,1,float32,0,3.4e+38,0,8.13399671576606,1.62679934315321,0.0359688234976745,1.66520137847222,1.58242906022135
431,1_100_0.1_0_2_4_20_8192,1,100,0.1,0.0,2,4,20,8192,evaluateNN_3.0,1,,,True,2025-05-01T07:55:00.069,2025-05-01T07:55:00.069,runtime,s,1,float32,0,3.4e+38,-1,2984.37451171875,596.87490234375,3.87382016247963,602.368713378906,592.470336914063,energy,J,1,float32,0,3.4e+38,-1,178815.24609375,35763.04921875,255.098081646581,36074.8828125,35420.2421875,power,W,1,float32,0,3.4e+38,-1,299.315818786621,59.8631637573242,0.0794578441812639,59.946720123291,59.7326202392578,cpu_energy,J,1,float32,0,3.4e+38,-1,178815.25,35763.05078125,255.098083496094,36074.8828125,35420.2421875,cpu_power,W,1,float32,0,3.4e+38,-1,299.315795898438,59.8631591796875,0.0794578418135643,59.946720123291,59.7326202392578,cpu_util,%,1,float32,0,100,-1,235.491668701172,47.0983352661133,0.125191360712051,47.3021583557129,46.9158248901367,dram_mem,B,1,uint64,0,1.84e+19,1.84e+19,80780642707,16156128541.4,41512778.8921084,16199329347,16084564619,disk_write,B,1,uint64,0,1.84e+19,1.84e+19,73200640,14640128.0,2822658.08960561,20166144,12395520,disk_read,B,1,uint64,0,1.84e+19,1.84e+19,5719040,1143808.0,866431.02236612,2671616,131072,net_read,B,1,uint64,0,1.84e+19,1.84e+19,12685556,2537111.2,65946.2701944545,2644988,2465423,net_write,B,1,uint64,0,1.84e+19,1.84e+19,2450269,490053.8,62232.308552391,613382,449819,money,,1,float32,0,3.4e+38,0,0.0161480101402995,0.0032296020280599,2.3e-05,0.0032577623339843,0.0031986446486545,co2,g,1,float32,0,3.4e+38,0,20.7525027272135,4.15050054544271,0.0296055495866503,4.18669056640625,4.11071588498264
435,1_100_0.01_0_1_4_5_8192,1,100,0.01,0.0,1,4,5,8192,evaluateNN_3.0,1,,,True,2025-04-29T10:10:20.791,2025-04-29T10:10:20.791,runtime,s,1,float32,0,3.4e+38,-1,1244.88073730469,248.976147460938,13.3891019453519,268.868438720703,231.244262695313,energy,J,1,float32,0,3.4e+38,-1,69998.453125,13999.690625,2093.1465714913,17499.43359375,12147.107421875,power,W,1,float32,0,3.4e+38,-1,279.522361755371,55.9044723510742,5.76420388597216,64.978515625,50.3702697753906,cpu_energy,J,1,float32,0,3.4e+38,-1,69998.453125,13999.6904296875,2093.146484375,17499.43359375,12147.107421875,cpu_power,W,1,float32,0,3.4e+38,-1,279.522369384766,55.9044723510742,5.76420402526856,64.978515625,50.3702697753906,cpu_util,%,1,float32,0,100,-1,132.804275512695,26.5608558654785,4.39941167831421,33.7033348083496,21.7003898620605,dram_mem,B,1,uint64,0,1.84e+19,1.84e+19,80912764313,16182552862.6,502828861.859608,16496281277,15182627744,disk_write,B,1,uint64,0,1.84e+19,1.84e+19,75848704,15169740.8,6447956.49032189,24202752,7629824,disk_read,B,1,uint64,0,1.84e+19,1.84e+19,4425972736,885194547.2,1763576047.94562,4412333056,19968,net_read,B,1,uint64,0,1.84e+19,1.84e+19,7204506,1440901.2,172855.0696328,1744602,1292683,net_write,B,1,uint64,0,1.84e+19,1.84e+19,1226573,245314.6,24563.2139476902,284683,214586,money,,1,float32,0,3.4e+38,0,0.0063212491974826,0.0012642498394965,0.0001890227639977,0.0015802960725911,0.0010969512841254,co2,g,1,float32,0,3.4e+38,0,8.12370936545139,1.62474187309028,0.242921288213629,2.03090648763021,1.40973930023872
436,1_100_0.1_0.01_1_8_10_8192,1,100,0.1,0.01,1,8,10,8192,evaluateNN_3.0,1,,,True,2025-05-01T18:37:55.452,2025-05-01T18:37:55.452,runtime,s,1,float32,0,3.4e+38,-1,1311.99531555176,262.399063110352,4.70785446200121,266.724151611328,253.391616821289,energy,J,1,float32,0,3.4e+38,-1,69364.0390625,13872.8078125,280.742372485226,14145.5986328125,13336.240234375,power,W,1,float32,0,3.4e+38,-1,263.980724334717,52.7961448669434,0.153811159577994,52.97314453125,52.5482368469238,cpu_energy,J,1,float32,0,3.4e+38,-1,69364.0390625,13872.8076171875,280.742370605469,14145.5986328125,13336.240234375,cpu_power,W,1,float32,0,3.4e+38,-1,263.980712890625,52.796142578125,0.153811156749725,52.97314453125,52.5482368469238,cpu_util,%,1,float32,0,100,-1,137.601669311523,27.5203342437744,0.644626915454865,28.1738796234131,26.2905864715576,dram_mem,B,1,uint64,0,1.84e+19,1.84e+19,80432670630,16086534126.0,63611530.4955633,16189827641,15991923196,disk_write,B,1,uint64,0,1.84e+19,1.84e+19,42845184,8569036.8,5069497.60216132,18575360,4982784,disk_read,B,1,uint64,0,1.84e+19,1.84e+19,1929216,385843.2,262399.995004878,711680,75776,net_read,B,1,uint64,0,1.84e+19,1.84e+19,8073779,1614755.8,613579.465218125,2841655,1283955,net_write,B,1,uint64,0,1.84e+19,1.84e+19,1540477,308095.4,15484.6261640377,327364,289577,money,,1,float32,0,3.4e+38,0,0.0062639580831163,0.0012527916166232,2.54e-05,0.001277426143202,0.0012043365833875,co2,g,1,float32,0,3.4e+38,0,8.05008208897569,1.61001641779514,0.0325817120067576,1.64167530799696,1.54774476942274
441,1_100_0.01_0_3_16_20_8192,1,100,0.01,0.0,3,16,20,8192,evaluateNN_3.0,1,,,True,2025-04-29T23:02:02.747,2025-04-29T23:02:02.747,runtime,s,1,float32,0,3.4e+38,-1,2822.15539550781,564.431079101563,33.6253249193778,597.070129394531,512.496337890625,energy,J,1,float32,0,3.4e+38,-1,168236.416015625,33647.283203125,2143.885725422,35657.08984375,30309.115234375,power,W,1,float32,0,3.4e+38,-1,297.751605987549,59.5503211975098,0.274632425461259,59.8096809387207,59.0823097229004,cpu_energy,J,1,float32,0,3.4e+38,-1,168236.4375,33647.2890625,2143.8857421875,35657.08984375,30309.115234375,cpu_power,W,1,float32,0,3.4e+38,-1,297.751617431641,59.5503234863281,0.274632424116135,59.8096809387207,59.0823097229004,cpu_util,%,1,float32,0,100,-1,245.456878662109,49.0913772583008,1.04698300361633,50.0644187927246,47.3943557739258,dram_mem,B,1,uint64,0,1.84e+19,1.84e+19,81367208942,16273441788.4,140382742.772845,16509419533,16072590235,disk_write,B,1,uint64,0,1.84e+19,1.84e+19,64449024,12889804.8,2009081.96141804,16049152,10259968,disk_read,B,1,uint64,0,1.84e+19,1.84e+19,5164544,1032908.8,679858.316526142,1859072,229376,net_read,B,1,uint64,0,1.84e+19,1.84e+19,13719430,2743886.0,187029.360831929,2931726,2480386,net_write,B,1,uint64,0,1.84e+19,1.84e+19,3083389,616677.8,42664.446760271,677490,552935,money,,1,float32,0,3.4e+38,0,0.0151926830129666,0.0030385366025933,0.0001936047914818,0.0032200333078342,0.0027370814896375,co2,g,1,float32,0,3.4e+38,0,19.5247707253689,3.90495414507379,0.248809848911475,4.13820337131076,3.51754120692274
443,1_100_0.01_0_2_8_5_8192,1,100,0.01,0.0,2,8,5,8192,evaluateNN_3.0,1,,,True,2025-04-29T15:40:07.255,2025-04-29T15:40:07.255,runtime,s,1,float32,0,3.4e+38,-1,1175.77291870117,235.154583740234,4.71915545685816,243.391296386719,230.270126342773,energy,J,1,float32,0,3.4e+38,-1,60664.150390625,12132.830078125,293.674525999955,12640.9560546875,11853.7646484375,power,W,1,float32,0,3.4e+38,-1,257.577243804932,51.5154487609863,0.242346081726233,51.8577003479004,51.2773094177246,cpu_energy,J,1,float32,0,3.4e+38,-1,60664.15234375,12132.830078125,293.674530029297,12640.9560546875,11853.7646484375,cpu_power,W,1,float32,0,3.4e+38,-1,257.577239990234,51.5154495239258,0.242346078157425,51.8577003479004,51.2773094177246,cpu_util,%,1,float32,0,100,-1,117.558113098145,23.5116233825684,0.821165800094605,25.0114269256592,22.7538814544678,dram_mem,B,1,uint64,0,1.84e+19,1.84e+19,82252423153,16450484630.6,100616729.744066,16533355189,16255839613,disk_write,B,1,uint64,0,1.84e+19,1.84e+19,26235904,5247180.8,213085.66555862,5559296,5007360,disk_read,B,1,uint64,0,1.84e+19,1.84e+19,1283072,256614.4,249244.082156909,604160,11264,net_read,B,1,uint64,0,1.84e+19,1.84e+19,6602345,1320469.0,108339.58985154,1497517,1229634,net_write,B,1,uint64,0,1.84e+19,1.84e+19,1158200,231640.0,18481.9332430349,249707,197809,money,,1,float32,0,3.4e+38,0,0.0054783098033311,0.0010956619606662,2.65e-05,0.0011415485592719,0.0010704608020019,co2,g,1,float32,0,3.4e+38,0,7.04041167588976,1.40808233517795,0.0340825602674393,1.46705317768012,1.37569524169922
448,1_200_0.1_0_1_8_5_8192,1,200,0.1,0.0,1,8,5,8192,evaluateNN_3.0,1,,,True,2025-05-04T14:54:11.272,2025-05-04T14:54:11.272,runtime,s,1,float32,0,3.4e+38,-1,1061.49993896484,212.299987792969,5.24085200563388,218.419708251953,203.578659057617,energy,J,1,float32,0,3.4e+38,-1,53064.4833984375,10612.8966796875,324.583535136312,11015.21875,10082.26171875,power,W,1,float32,0,3.4e+38,-1,249.525657653809,49.9051315307617,0.309286882339167,50.3509330749512,49.4548301696777,cpu_energy,J,1,float32,0,3.4e+38,-1,53064.484375,10612.896484375,324.583557128906,11015.21875,10082.26171875,cpu_power,W,1,float32,0,3.4e+38,-1,249.525665283203,49.9051322937012,0.309286892414093,50.3509330749512,49.4548301696777,cpu_util,%,1,float32,0,100,-1,93.7861633300781,18.7572326660156,1.34075129032135,20.1004581451416,16.4390239715576,dram_mem,B,1,uint64,0,1.84e+19,1.84e+19,82240305164,16448061032.8,227444855.16274,16595263757,15996637343,disk_write,B,1,uint64,0,1.84e+19,1.84e+19,38370304,7674060.8,3255726.53470026,12583424,3884032,disk_read,B,1,uint64,0,1.84e+19,1.84e+19,3775488,755097.6,756808.494064806,2186752,13824,net_read,B,1,uint64,0,1.84e+19,1.84e+19,5030731,1006146.2,155410.869530287,1308020,885854,net_write,B,1,uint64,0,1.84e+19,1.84e+19,1254392,250878.4,116005.674519137,474609,169709,money,,1,float32,0,3.4e+38,0,0.0047920176535644,0.0009584035307128,2.93e-05,0.0009947354487847,0.0009104842457682,co2,g,1,float32,0,3.4e+38,0,6.15842810107422,1.23168562021484,0.0376697224944309,1.27837733159722,1.17010248502604
451,1_200_0.01_0_3_8_5_8192,1,200,0.01,0.0,3,8,5,8192,evaluateNN_3.0,1,,,True,2025-05-03T06:51:16.753,2025-05-03T06:51:16.753,runtime,s,1,float32,0,3.4e+38,-1,1242.52117919922,248.504235839844,8.74337095239637,263.856262207031,239.157775878906,energy,J,1,float32,0,3.4e+38,-1,64703.3017578125,12940.6603515625,557.633218380144,13909.806640625,12324.703125,power,W,1,float32,0,3.4e+38,-1,259.881973266602,51.9763946533203,0.428086971272323,52.6593322753906,51.4251823425293,cpu_energy,J,1,float32,0,3.4e+38,-1,64703.3046875,12940.6611328125,557.633239746094,13909.806640625,12324.703125,cpu_power,W,1,float32,0,3.4e+38,-1,259.881988525391,51.9763984680176,0.428086966276169,52.6593322753906,51.4251823425293,cpu_util,%,1,float32,0,100,-1,128.701187133789,25.7402381896973,1.51486921310425,28.4200000762939,24.1871376037598,dram_mem,B,1,uint64,0,1.84e+19,1.84e+19,80699290908,16139858181.6,61103597.5858067,16238424505,16054315008,disk_write,B,1,uint64,0,1.84e+19,1.84e+19,338205184,67641036.8,118579867.464224,304771584,5747200,disk_read,B,1,uint64,0,1.84e+19,1.84e+19,176832000,35366400.0,67199757.5358674,169731584,478720,net_read,B,1,uint64,0,1.84e+19,1.84e+19,10903820,2180764.0,2203301.50028787,6582967,950055,net_write,B,1,uint64,0,1.84e+19,1.84e+19,1308320,261664.0,80309.7316842735,399411,183634,money,,1,float32,0,3.4e+38,0,0.005843067611518,0.0011686135223036,5.04e-05,0.001256132816352,0.0011129891627604,co2,g,1,float32,0,3.4e+38,0,7.50917763178168,1.50183552635634,0.06471643295534,1.61431033734809,1.43035026822917
452,1_200_0.1_0.01_2_8_20_8192,1,200,0.1,0.01,2,8,20,8192,evaluateNN_3.0,1,,,True,2025-05-05T09:25:03.764,2025-05-05T09:25:03.764,runtime,s,1,float32,0,3.4e+38,-1,2227.01211547852,445.402423095703,5.54802510257868,451.781188964844,437.783752441406,energy,J,1,float32,0,3.4e+38,-1,129130.48828125,25826.09765625,376.422004027351,26256.91796875,25259.421875,power,W,1,float32,0,3.4e+38,-1,289.62971496582,57.9259429931641,0.150362982481468,58.1046371459961,57.647403717041,cpu_energy,J,1,float32,0,3.4e+38,-1,129130.5,25826.099609375,376.421997070313,26256.91796875,25259.421875,cpu_power,W,1,float32,0,3.4e+38,-1,289.629730224609,57.9259452819824,0.150362983345985,58.1046371459961,57.647403717041,cpu_util,%,1,float32,0,100,-1,219.024597167969,43.8049201965332,0.3295718729496,44.1975708007813,43.257625579834,dram_mem,B,1,uint64,0,1.84e+19,1.84e+19,81132028274,16226405654.8,52063556.675049,16269819460,16144615344,disk_write,B,1,uint64,0,1.84e+19,1.84e+19,59069440,11813888.0,2302278.17190955,16095744,10003968,disk_read,B,1,uint64,0,1.84e+19,1.84e+19,5429248,1085849.6,1367920.06524264,3721216,25088,net_read,B,1,uint64,0,1.84e+19,1.84e+19,12727296,2545459.2,140503.471096482,2790522,2373830,net_write,B,1,uint64,0,1.84e+19,1.84e+19,2642320,528464.0,99170.5409000072,718312,432678,money,,1,float32,0,3.4e+38,0,0.0116612004833984,0.0023322400966796,3.4e-05,0.0023711455643446,0.002281066125434,co2,g,1,float32,0,3.4e+38,0,14.9863105566406,2.99726211132813,0.0436858648007297,3.04726120203993,2.93149623871528
455,1_100_0.1_0_2_8_10_8192,1,100,0.1,0.0,2,8,10,8192,evaluateNN_3.0,1,,,True,2025-05-01T09:04:55.174,2025-05-01T09:04:55.174,runtime,s,1,float32,0,3.4e+38,-1,1487.09832763672,297.419665527344,12.4852030917438,317.001251220703,277.771331787109,energy,J,1,float32,0,3.4e+38,-1,80737.26953125,16147.45390625,809.534493177028,17402.77734375,14863.5927734375,power,W,1,float32,0,3.4e+38,-1,271.075248718262,54.2150497436523,0.45852673916807,54.8507499694824,53.449821472168,cpu_energy,J,1,float32,0,3.4e+38,-1,80737.265625,16147.453125,809.534484863281,17402.77734375,14863.5927734375,cpu_power,W,1,float32,0,3.4e+38,-1,271.075256347656,54.2150497436523,0.458526730537415,54.8507499694824,53.449821472168,cpu_util,%,1,float32,0,100,-1,161.607116699219,32.3214225769043,1.51702463626862,34.5191802978516,29.8096790313721,dram_mem,B,1,uint64,0,1.84e+19,1.84e+19,80366599983,16073319996.6,25837353.287027,16120049282,16040689250,disk_write,B,1,uint64,0,1.84e+19,1.84e+19,31627264,6325452.8,133407.040687364,6451712,6157824,disk_read,B,1,uint64,0,1.84e+19,1.84e+19,4537344,907468.8,912946.256743386,2508288,47104,net_read,B,1,uint64,0,1.84e+19,1.84e+19,7269658,1453931.6,71485.4970510802,1577141,1356439,net_write,B,1,uint64,0,1.84e+19,1.84e+19,1642116,328423.2,23954.8818022548,370308,299437,money,,1,float32,0,3.4e+38,0,0.0072910239790581,0.0014582047958116,7.31e-05,0.0015715674762369,0.0013422650029568,co2,g,1,float32,0,3.4e+38,0,9.37000866948785,1.87400173389757,0.093950975347045,2.01968899283854,1.72500251687283
457,1_200_0.01_0.1_3_16_5_8192,1,200,0.01,0.1,3,16,5,8192,evaluateNN_3.0,1,,,True,2025-05-04T11:51:41.052,2025-05-04T11:51:41.052,runtime,s,1,float32,0,3.4e+38,-1,1230.60575866699,246.121151733398,17.8697875416616,269.579895019531,217.329971313477,energy,J,1,float32,0,3.4e+38,-1,64566.6884765625,12913.3376953125,1121.80915656649,14378.298828125,11099.3193359375,power,W,1,float32,0,3.4e+38,-1,261.667785644531,52.3335571289063,0.790211732627828,53.2657318115234,50.9803199768066,cpu_energy,J,1,float32,0,3.4e+38,-1,64566.69140625,12913.337890625,1121.80908203125,14378.298828125,11099.3193359375,cpu_power,W,1,float32,0,3.4e+38,-1,261.667785644531,52.3335571289063,0.790211737155914,53.2657318115234,50.9803199768066,cpu_util,%,1,float32,0,100,-1,127.17586517334,25.435173034668,3.10600805282593,29.3653144836426,20.2821922302246,dram_mem,B,1,uint64,0,1.84e+19,1.84e+19,83031504250,16606300850.0,145122031.225549,16775294673,16348309061,disk_write,B,1,uint64,0,1.84e+19,1.84e+19,34821632,6964326.4,2160719.91419986,10320384,4563456,disk_read,B,1,uint64,0,1.84e+19,1.84e+19,3458560,691712.0,748064.835966509,2043904,11776,net_read,B,1,uint64,0,1.84e+19,1.84e+19,5211728,1042345.6,41613.9692295748,1079879,966356,net_write,B,1,uint64,0,1.84e+19,1.84e+19,1078254,215650.8,57054.3458761907,328420,175474,money,,1,float32,0,3.4e+38,0,0.0058307306732584,0.0011661461346516,0.000101305599111,0.0012984402636176,0.0010023301989203,co2,g,1,float32,0,3.4e+38,0,7.49332290152995,1.49866458030599,0.130192184892633,1.66868145844184,1.28813767182075
460,1_200_0.1_0.1_3_16_20_8192,1,200,0.1,0.1,3,16,20,8192,evaluateNN_3.0,1,,,True,2025-05-06T05:44:30.101,2025-05-06T05:44:30.101,runtime,s,1,float32,0,3.4e+38,-1,2903.26037597656,580.652075195313,16.152593134928,601.220703125,552.280883789063,energy,J,1,float32,0,3.4e+38,-1,173391.6796875,34678.3359375,1022.67494667246,35902.390625,32839.6796875,power,W,1,float32,0,3.4e+38,-1,298.321475982666,59.6642951965332,0.141808074779468,59.7881622314453,59.3977127075195,cpu_energy,J,1,float32,0,3.4e+38,-1,173391.6875,34678.3359375,1022.67492675781,35902.390625,32839.6796875,cpu_power,W,1,float32,0,3.4e+38,-1,298.321472167969,59.6642951965332,0.141808077692986,59.7881622314453,59.3977127075195,cpu_util,%,1,float32,0,100,-1,247.549270629883,49.5098533630371,0.51043313741684,49.9512443542481,48.5395278930664,dram_mem,B,1,uint64,0,1.84e+19,1.84e+19,81509462410,16301892482.0,51486140.5193662,16350360476,16204733771,disk_write,B,1,uint64,0,1.84e+19,1.84e+19,81500672,16300134.4,3744386.28923596,23099904,12786688,disk_read,B,1,uint64,0,1.84e+19,1.84e+19,8346112,1669222.4,1751296.20282414,4119552,49664,net_read,B,1,uint64,0,1.84e+19,1.84e+19,12809728,2561945.6,56778.8808082724,2659164,2507460,net_write,B,1,uint64,0,1.84e+19,1.84e+19,2348473,469694.6,65418.5232655094,599947,428681,money,,1,float32,0,3.4e+38,0,0.0156582319628906,0.0031316463925781,9.24e-05,0.0032421853311631,0.0029656055184461,co2,g,1,float32,0,3.4e+38,0,20.1230677148438,4.02461354296875,0.11868710908882,4.16667188975695,3.81122727039931
471,1_100_0.01_0.01_2_4_5_8192,1,100,0.01,0.01,2,4,5,8192,evaluateNN_3.0,1,,,True,2025-04-30T03:34:52.090,2025-04-30T03:34:52.090,runtime,s,1,float32,0,3.4e+38,-1,1359.92211914063,271.984423828125,1.35551830148958,274.372039794922,270.193664550781,energy,J,1,float32,0,3.4e+38,-1,72146.056640625,14429.211328125,42.908521374999,14492.23828125,14359.9375,power,W,1,float32,0,3.4e+38,-1,264.830955505371,52.9661911010742,0.127793753212676,53.1092376708984,52.7356834411621,cpu_energy,J,1,float32,0,3.4e+38,-1,72146.0546875,14429.2109375,42.9085235595703,14492.23828125,14359.9375,cpu_power,W,1,float32,0,3.4e+38,-1,264.830963134766,52.966194152832,0.12779375910759,53.1092376708984,52.7356834411621,cpu_util,%,1,float32,0,100,-1,134.091415405273,26.8182830810547,0.0803446918725967,26.973991394043,26.7435894012451,dram_mem,B,1,uint64,0,1.84e+19,1.84e+19,81910118374,16382023674.8,106241127.43902,16521614366,16240120683,disk_write,B,1,uint64,0,1.84e+19,1.84e+19,31568896,6313779.2,777828.175668226,7788032,5513216,disk_read,B,1,uint64,0,1.84e+19,1.84e+19,2114560,422912.0,345417.679908832,849408,12288,net_read,B,1,uint64,0,1.84e+19,1.84e+19,5566193,1113238.6,18517.9476681408,1136486,1089149,net_write,B,1,uint64,0,1.84e+19,1.84e+19,1035849,207169.8,14785.7717336634,226232,191107,money,,1,float32,0,3.4e+38,0,0.0065151897260742,0.0013030379452148,3.87e-06,0.0013087296292317,0.0012967821336805,co2,g,1,float32,0,3.4e+38,0,8.37295068457031,1.67459013691406,0.0049797722862429,1.68190476497396,1.66655052430556
476,1_200_0.1_0.01_3_16_10_8192,1,200,0.1,0.01,3,16,10,8192,evaluateNN_3.0,1,,,True,2025-05-05T15:33:53.982,2025-05-05T15:33:53.982,runtime,s,1,float32,0,3.4e+38,-1,1756.4616394043,351.292327880859,24.762812672067,380.757019042969,313.45166015625,energy,J,1,float32,0,3.4e+38,-1,99197.447265625,19839.489453125,1598.19864655438,21792.548828125,17418.34765625,power,W,1,float32,0,3.4e+38,-1,281.872024536133,56.3744049072266,0.601394901392213,57.1794052124023,55.4959564208984,cpu_energy,J,1,float32,0,3.4e+38,-1,99197.453125,19839.490234375,1598.19860839844,21792.548828125,17418.34765625,cpu_power,W,1,float32,0,3.4e+38,-1,281.872039794922,56.3744087219238,0.601394891738892,57.1794052124023,55.4959564208984,cpu_util,%,1,float32,0,100,-1,189.324249267578,37.8648490905762,2.12590551376343,40.3452873229981,34.5438041687012,dram_mem,B,1,uint64,0,1.84e+19,1.84e+19,81208540925,16241708185.0,93129266.1510366,16360835234,16121631978,disk_write,B,1,uint64,0,1.84e+19,1.84e+19,319795200,63959040.0,111248066.407418,286428672,5987328,disk_read,B,1,uint64,0,1.84e+19,1.84e+19,246899712,49379942.4,98028051.6588662,245434880,14336,net_read,B,1,uint64,0,1.84e+19,1.84e+19,12770886,2554177.2,1364123.93206107,5257726,1567672,net_write,B,1,uint64,0,1.84e+19,1.84e+19,2077494,415498.8,75078.8241847194,535745,332111,money,,1,float32,0,3.4e+38,0,0.0089580805850151,0.001791616117003,0.0001443262166652,0.0019679882288954,0.0015729735619574,co2,g,1,float32,0,3.4e+38,0,11.512414852105,2.30248297042101,0.185479831814006,2.52914636121962,2.0214960141059
478,1_200_0.1_0.1_3_8_5_8192,1,200,0.1,0.1,3,8,5,8192,evaluateNN_3.0,1,,,True,2025-05-06T03:18:51.566,2025-05-06T03:18:51.566,runtime,s,1,float32,0,3.4e+38,-1,1250.37033081055,250.074066162109,8.31413493482328,266.203491210938,243.978073120117,energy,J,1,float32,0,3.4e+38,-1,65359.7333984375,13071.9466796875,530.759885322558,14096.19140625,12695.123046875,power,W,1,float32,0,3.4e+38,-1,260.953227996826,52.1906455993652,0.363438103514913,52.8529968261719,51.8127632141113,cpu_energy,J,1,float32,0,3.4e+38,-1,65359.73046875,13071.9462890625,530.759887695313,14096.19140625,12695.123046875,cpu_power,W,1,float32,0,3.4e+38,-1,260.953247070313,52.1906509399414,0.363438099622726,52.8529968261719,51.8127632141113,cpu_util,%,1,float32,0,100,-1,129.982940673828,25.9965877532959,1.31339955329895,28.5723857879639,24.9673461914063,dram_mem,B,1,uint64,0,1.84e+19,1.84e+19,81176364399,16235272879.8,31348807.2637112,16282353343,16199200849,disk_write,B,1,uint64,0,1.84e+19,1.84e+19,28528128,5705625.6,1124224.57099382,7800832,4661760,disk_read,B,1,uint64,0,1.84e+19,1.84e+19,1658368,331673.6,315406.528496542,870912,11264,net_read,B,1,uint64,0,1.84e+19,1.84e+19,5445291,1089058.2,79738.3105925878,1221806,986128,net_write,B,1,uint64,0,1.84e+19,1.84e+19,926916,185383.2,18137.0871134259,205422,158882,money,,1,float32,0,3.4e+38,0,0.0059023470355089,0.0011804694071017,4.79e-05,0.0012729643961588,0.0011464401395941,co2,g,1,float32,0,3.4e+38,0,7.58536017051866,1.51707203410373,0.0615976333577125,1.63594132486979,1.47333955805122
479,1_200_0.1_0_2_8_10_8192,1,200,0.1,0.0,2,8,10,8192,evaluateNN_3.0,1,,,True,2025-05-04T19:20:57.695,2025-05-04T19:20:57.695,runtime,s,1,float32,0,3.4e+38,-1,1486.91540527344,297.383081054688,5.76974345963037,305.908843994141,292.025787353516,energy,J,1,float32,0,3.4e+38,-1,80877.3115234375,16175.4623046875,354.270498183491,16663.287109375,15820.7587890625,power,W,1,float32,0,3.4e+38,-1,271.648593902588,54.3297187805176,0.160106216177017,54.5922966003418,54.128173828125,cpu_energy,J,1,float32,0,3.4e+38,-1,80877.3125,16175.462890625,354.2705078125,16663.287109375,15820.7587890625,cpu_power,W,1,float32,0,3.4e+38,-1,271.648590087891,54.329719543457,0.160106226801872,54.5922966003418,54.128173828125,cpu_util,%,1,float32,0,100,-1,162.319946289063,32.4639892578125,0.550195872783661,33.1781730651856,31.9591827392578,dram_mem,B,1,uint64,0,1.84e+19,1.84e+19,80840790950,16168158190.0,129503326.122541,16257865096,15910592632,disk_write,B,1,uint64,0,1.84e+19,1.84e+19,35111424,7022284.8,786337.100940913,8195584,5741056,disk_read,B,1,uint64,0,1.84e+19,1.84e+19,2394624,478924.8,294356.561386629,941568,97792,net_read,B,1,uint64,0,1.84e+19,1.84e+19,7219663,1443932.6,38260.6207299359,1504839,1396251,net_write,B,1,uint64,0,1.84e+19,1.84e+19,1637245,327449.0,19015.2059257848,348839,296905,money,,1,float32,0,3.4e+38,0,0.0073036705489637,0.0014607341097927,3.2e-05,0.0015047873997938,0.0014287024117567,co2,g,1,float32,0,3.4e+38,0,9.38626132069227,1.87725226413845,0.0411150594836285,1.93386704286024,1.83608695057509
480,1_100_0.01_0.1_1_8_10_8192,1,100,0.01,0.1,1,8,10,8192,evaluateNN_3.0,1,,,True,2025-04-30T15:12:00.298,2025-04-30T15:12:00.298,runtime,s,1,float32,0,3.4e+38,-1,1338.10494995117,267.620989990234,6.49896159301268,276.272064208984,258.560546875,energy,J,1,float32,0,3.4e+38,-1,70188.369140625,14037.673828125,367.942089999667,14497.775390625,13486.8984375,power,W,1,float32,0,3.4e+38,-1,261.861621856689,52.3723243713379,0.163595239594557,52.5328483581543,52.0916252136231,cpu_energy,J,1,float32,0,3.4e+38,-1,70188.3671875,14037.673828125,367.942108154297,14497.775390625,13486.8984375,cpu_power,W,1,float32,0,3.4e+38,-1,261.861633300781,52.3723258972168,0.163595229387283,52.5328483581543,52.0916252136231,cpu_util,%,1,float32,0,100,-1,135.424514770508,27.084903717041,0.863932907581329,28.0327262878418,25.7703838348389,dram_mem,B,1,uint64,0,1.84e+19,1.84e+19,80130397276,16026079455.2,70369933.4603516,16091127508,15902667363,disk_write,B,1,uint64,0,1.84e+19,1.84e+19,31517184,6303436.8,573437.3119937,7157248,5425152,disk_read,B,1,uint64,0,1.84e+19,1.84e+19,1325568,265113.6,246914.705967547,628224,11264,net_read,B,1,uint64,0,1.84e+19,1.84e+19,7549358,1509871.6,129672.962925353,1723003,1357790,net_write,B,1,uint64,0,1.84e+19,1.84e+19,1373851,274770.2,18965.5759037262,298708,253779,money,,1,float32,0,3.4e+38,0,0.0063383996687825,0.0012676799337565,3.32e-05,0.00130922966097,0.0012179418561197,co2,g,1,float32,0,3.4e+38,0,8.14575017415365,1.62915003483073,0.0427017236671836,1.68254737727865,1.56522949088542
481,1_200_0.01_0.01_3_8_10_8192,1,200,0.01,0.01,3,8,10,8192,evaluateNN_3.0,1,,,True,2025-05-03T20:58:27.246,2025-05-03T20:58:27.246,runtime,s,1,float32,0,3.4e+38,-1,1642.88186645508,328.576373291016,9.43588562095762,339.331512451172,315.744445800781,energy,J,1,float32,0,3.4e+38,-1,91394.19140625,18278.83828125,588.373770062385,18952.939453125,17492.193359375,power,W,1,float32,0,3.4e+38,-1,277.73327255249,55.546654510498,0.189199835070007,55.7732009887695,55.3344802856445,cpu_energy,J,1,float32,0,3.4e+38,-1,91394.1875,18278.837890625,588.373779296875,18952.939453125,17492.193359375,cpu_power,W,1,float32,0,3.4e+38,-1,277.733245849609,55.5466499328613,0.189199835062027,55.7732009887695,55.3344802856445,cpu_util,%,1,float32,0,100,-1,178.604446411133,35.720890045166,1.00477874279022,36.7498550415039,34.2141952514648,dram_mem,B,1,uint64,0,1.84e+19,1.84e+19,80519998202,16103999640.4,45682838.4191123,16189411328,16054176977,disk_write,B,1,uint64,0,1.84e+19,1.84e+19,44582400,8916480.0,2325318.78434592,13016576,6221312,disk_read,B,1,uint64,0,1.84e+19,1.84e+19,3249664,649932.8,460612.069055252,1322496,61952,net_read,B,1,uint64,0,1.84e+19,1.84e+19,7177488,1435497.6,43567.2151168743,1486089,1354886,net_write,B,1,uint64,0,1.84e+19,1.84e+19,1475084,295016.8,62624.4674720672,410556,219834,money,,1,float32,0,3.4e+38,0,0.0082534032294921,0.0016506806458984,5.31e-05,0.0017115557267252,0.0015796422392035,co2,g,1,float32,0,3.4e+38,0,10.6068036582031,2.12136073164062,0.0682840447589068,2.19959391764323,2.03006621820747
484,1_100_0.01_0.01_2_8_10_8192,1,100,0.01,0.01,2,8,10,8192,evaluateNN_3.0,1,,,True,2025-04-30T05:39:34.346,2025-04-30T05:39:34.346,runtime,s,1,float32,0,3.4e+38,-1,1569.40563964844,313.881127929688,7.09177252344265,324.150207519531,302.984222412109,energy,J,1,float32,0,3.4e+38,-1,85027.8193359375,17005.5638671875,469.408474795696,17579.521484375,16270.7666015625,power,W,1,float32,0,3.4e+38,-1,270.541915893555,54.1083831787109,0.367029937792265,54.7643165588379,53.6525459289551,cpu_energy,J,1,float32,0,3.4e+38,-1,85027.8203125,17005.564453125,469.408477783203,17579.521484375,16270.7666015625,cpu_power,W,1,float32,0,3.4e+38,-1,270.541931152344,54.1083869934082,0.367029935121536,54.7643165588379,53.6525459289551,cpu_util,%,1,float32,0,100,-1,165.914306640625,33.182861328125,0.667610287666321,33.914722442627,32.0519752502441,dram_mem,B,1,uint64,0,1.84e+19,1.84e+19,80586665504,16117333100.8,27946986.9513653,16168210718,16083105628,disk_write,B,1,uint64,0,1.84e+19,1.84e+19,43096064,8619212.8,3712795.59240109,16042496,6598656,disk_read,B,1,uint64,0,1.84e+19,1.84e+19,2198528,439705.6,437821.184215474,1175040,19456,net_read,B,1,uint64,0,1.84e+19,1.84e+19,6900261,1380052.2,125010.567326766,1556805,1232689,net_write,B,1,uint64,0,1.84e+19,1.84e+19,1471681,294336.2,67761.6742485013,402872,213066,money,,1,float32,0,3.4e+38,0,0.0076784844628092,0.0015356968925618,4.24e-05,0.0015875284540473,0.0014693406172688,co2,g,1,float32,0,3.4e+38,0,9.86795081070964,1.97359016214193,0.0544774613249006,2.04020113226997,1.88831285725911
485,1_200_0.01_0_2_8_5_8192,1,200,0.01,0.0,2,8,5,8192,evaluateNN_3.0,1,,,True,2025-05-03T01:53:25.470,2025-05-03T01:53:25.470,runtime,s,1,float32,0,3.4e+38,-1,1173.09773254395,234.619546508789,6.44396550741157,243.424468994141,225.847152709961,energy,J,1,float32,0,3.4e+38,-1,59424.35546875,11884.87109375,431.220089519451,12464.333984375,11298.11328125,power,W,1,float32,0,3.4e+38,-1,252.816719055176,50.5633438110352,0.446096722737828,51.1242065429688,49.9719696044922,cpu_energy,J,1,float32,0,3.4e+38,-1,59424.35546875,11884.87109375,431.220092773438,12464.333984375,11298.11328125,cpu_power,W,1,float32,0,3.4e+38,-1,252.816711425781,50.5633430480957,0.446096748113632,51.1242065429688,49.9719696044922,cpu_util,%,1,float32,0,100,-1,108.753784179688,21.7507572174072,1.3739447593689,23.5420379638672,20.0453758239746,dram_mem,B,1,uint64,0,1.84e+19,1.84e+19,80556586865,16111317373.0,43973608.6401172,16186860007,16058573828,disk_write,B,1,uint64,0,1.84e+19,1.84e+19,31478272,6295654.4,2068990.2996677,9448448,4418048,disk_read,B,1,uint64,0,1.84e+19,1.84e+19,3586560,717312.0,663444.297432121,1785344,11776,net_read,B,1,uint64,0,1.84e+19,1.84e+19,4931813,986362.6,114403.634233533,1203287,874646,net_write,B,1,uint64,0,1.84e+19,1.84e+19,1049744,209948.8,67615.6014523276,340906,145471,money,,1,float32,0,3.4e+38,0,0.0053663494341362,0.0010732698868272,3.89e-05,0.0011255986050889,0.0010202823965928,co2,g,1,float32,0,3.4e+38,0,6.8965265874566,1.37930531749132,0.0500454870558964,1.44655520518663,1.31120881358507
488,1_100_0.01_0.1_2_16_5_8192,1,100,0.01,0.1,2,16,5,8192,evaluateNN_3.0,1,,,True,2025-04-30T20:26:37.613,2025-04-30T20:26:37.613,runtime,s,1,float32,0,3.4e+38,-1,1158.27493286133,231.654986572266,15.7485594143327,244.253662109375,200.828491210938,energy,J,1,float32,0,3.4e+38,-1,59896.2802734375,11979.2560546875,1010.19056943352,12732.787109375,9987.1826171875,power,W,1,float32,0,3.4e+38,-1,257.82247543335,51.5644950866699,0.982610702660892,52.5183067321777,49.6714477539063,cpu_energy,J,1,float32,0,3.4e+38,-1,59896.28125,11979.255859375,1010.19055175781,12732.787109375,9987.1826171875,cpu_power,W,1,float32,0,3.4e+38,-1,257.822479248047,51.5644950866699,0.982610702514648,52.5183067321777,49.6714477539063,cpu_util,%,1,float32,0,100,-1,113.313873291016,22.6627750396729,3.20968890190125,25.0451240539551,16.3767337799072,dram_mem,B,1,uint64,0,1.84e+19,1.84e+19,79940097639,15988019527.8,83046648.1392831,16107319918,15859157714,disk_write,B,1,uint64,0,1.84e+19,1.84e+19,24919040,4983808.0,311041.074566045,5520384,4664832,disk_read,B,1,uint64,0,1.84e+19,1.84e+19,1744896,348979.2,319238.565193117,792576,12288,net_read,B,1,uint64,0,1.84e+19,1.84e+19,4862035,972407.0,61049.9029614298,1036452,867215,net_write,B,1,uint64,0,1.84e+19,1.84e+19,865215,173043.0,21760.2541896918,194545,146029,money,,1,float32,0,3.4e+38,0,0.005408966865804,0.0010817933731608,9.12e-05,0.0011498414136827,0.0009018980746799,co2,g,1,float32,0,3.4e+38,0,6.95129608284505,1.39025921656901,0.11723822775259,1.47771068174913,1.15906802707248
492,1_100_0.1_0_1_8_5_8192,1,100,0.1,0.0,1,8,5,8192,evaluateNN_3.0,1,,,True,2025-05-01T04:40:41.785,2025-05-01T04:40:41.785,runtime,s,1,float32,0,3.4e+38,-1,1060.85583496094,212.171166992188,4.02859088181626,217.170989990234,207.409652709961,energy,J,1,float32,0,3.4e+38,-1,52459.5595703125,10491.9119140625,232.598002761243,10769.6611328125,10224.26953125,power,W,1,float32,0,3.4e+38,-1,246.867553710938,49.3735107421875,0.157325879035834,49.6285362243652,49.2128105163574,cpu_energy,J,1,float32,0,3.4e+38,-1,52459.55859375,10491.912109375,232.598007202148,10769.6611328125,10224.26953125,cpu_power,W,1,float32,0,3.4e+38,-1,246.867568969727,49.3735122680664,0.157325878739357,49.6285362243652,49.2128105163574,cpu_util,%,1,float32,0,100,-1,92.4815673828125,18.4963130950928,0.737001061439514,19.5342464447022,17.5607643127441,dram_mem,B,1,uint64,0,1.84e+19,1.84e+19,80741398310,16148279662.0,62118334.4409633,16261144027,16079599030,disk_write,B,1,uint64,0,1.84e+19,1.84e+19,24717312,4943462.4,621246.495566325,5584896,3771904,disk_read,B,1,uint64,0,1.84e+19,1.84e+19,2536960,507392.0,493344.772756741,1465856,79872,net_read,B,1,uint64,0,1.84e+19,1.84e+19,5188191,1037638.2,15254.3379063137,1058954,1012506,net_write,B,1,uint64,0,1.84e+19,1.84e+19,1187339,237467.8,10850.322933443,252533,227755,money,,1,float32,0,3.4e+38,0,0.0047373896711968,0.0009474779342393,2.1e-05,0.0009725602317437,0.0009233083401692,co2,g,1,float32,0,3.4e+38,0,6.08822333013238,1.21764466602648,0.0269942904315686,1.24987900591363,1.18658328059896
493,1_200_0.1_0.01_3_4_10_8192,1,200,0.1,0.01,3,4,10,8192,evaluateNN_3.0,1,,,True,2025-05-05T11:55:26.624,2025-05-05T11:55:26.624,runtime,s,1,float32,0,3.4e+38,-1,2303.33447265625,460.66689453125,2.37197415359163,464.421234130859,457.394592285156,energy,J,1,float32,0,3.4e+38,-1,135537.3359375,27107.4671875,181.760877631211,27362.146484375,26888.517578125,power,W,1,float32,0,3.4e+38,-1,293.90111541748,58.7802230834961,0.167207079637324,58.9653549194336,58.4661407470703,cpu_energy,J,1,float32,0,3.4e+38,-1,135537.34375,27107.46875,181.760879516602,27362.146484375,26888.517578125,cpu_power,W,1,float32,0,3.4e+38,-1,293.901123046875,58.7802238464356,0.167207077145576,58.9653549194336,58.4661407470703,cpu_util,%,1,float32,0,100,-1,207.907806396484,41.5815620422363,0.202101692557335,41.873176574707,41.3225593566895,dram_mem,B,1,uint64,0,1.84e+19,1.84e+19,81440166612,16288033322.4,62957099.9980808,16412256658,16242268324,disk_write,B,1,uint64,0,1.84e+19,1.84e+19,68701184,13740236.8,1663542.30672819,16808448,12284416,disk_read,B,1,uint64,0,1.84e+19,1.84e+19,6306816,1261363.2,847569.297076387,2427392,71168,net_read,B,1,uint64,0,1.84e+19,1.84e+19,13702068,2740413.6,81343.2305569431,2894243,2665473,net_write,B,1,uint64,0,1.84e+19,1.84e+19,2664032,532806.4,73485.2239259023,676340,469329,money,,1,float32,0,3.4e+38,0,0.0122397744203559,0.0024479548840711,1.64e-05,0.0024709538394639,0.0024281825179579,co2,g,1,float32,0,3.4e+38,0,15.7298608207465,3.14597216414931,0.0210943596317556,3.17552911143663,3.12056184559462
494,1_100_0.1_0.1_1_16_10_8192,1,100,0.1,0.1,1,16,10,8192,evaluateNN_3.0,1,,,True,2025-05-02T09:32:24.784,2025-05-02T09:32:24.784,runtime,s,1,float32,0,3.4e+38,-1,1285.94737243652,257.189474487305,10.9435306481782,268.406707763672,242.512115478516,energy,J,1,float32,0,3.4e+38,-1,67867.5673828125,13573.5134765625,728.980868313348,14257.66015625,12550.478515625,power,W,1,float32,0,3.4e+38,-1,263.349876403809,52.6699752807617,0.651992904505772,53.4645385742188,51.6715469360352,cpu_energy,J,1,float32,0,3.4e+38,-1,67867.5625,13573.5126953125,728.980895996094,14257.66015625,12550.478515625,cpu_power,W,1,float32,0,3.4e+38,-1,263.349853515625,52.6699714660645,0.651992857456207,53.4645385742188,51.6715469360352,cpu_util,%,1,float32,0,100,-1,135.273422241211,27.0546836853027,1.88592505455017,28.9548168182373,24.3278694152832,dram_mem,B,1,uint64,0,1.84e+19,1.84e+19,80554122643,16110824528.6,88618138.6066595,16242621250,15974245762,disk_write,B,1,uint64,0,1.84e+19,1.84e+19,31146496,6229299.2,1117856.6996889,7932928,5117440,disk_read,B,1,uint64,0,1.84e+19,1.84e+19,1525248,305049.6,394412.233754279,1007616,11776,net_read,B,1,uint64,0,1.84e+19,1.84e+19,6877383,1375476.6,96614.6639358643,1499605,1260781,net_write,B,1,uint64,0,1.84e+19,1.84e+19,1384990,276998.0,21585.818279602,315235,251090,money,,1,float32,0,3.4e+38,0,0.0061288183767089,0.0012257636753418,6.58e-05,0.0012875459213324,0.0011333779348415,co2,g,1,float32,0,3.4e+38,0,7.87640823681641,1.57528164736328,0.0846022796614768,1.6546806703559,1.45655275661892
495,1_100_0.01_0.1_3_4_20_8192,1,100,0.01,0.1,3,4,20,8192,evaluateNN_3.0,1,,,True,2025-04-30T22:58:17.777,2025-04-30T22:58:17.777,runtime,s,1,float32,0,3.4e+38,-1,3760.38421630859,752.076843261719,6.28882254954288,762.319580078125,743.69677734375,energy,J,1,float32,0,3.4e+38,-1,230291.39453125,46058.27890625,418.858965355747,46765.9921875,45488.46875,power,W,1,float32,0,3.4e+38,-1,306.010536193848,61.2021072387695,0.0751256847736301,61.2961654663086,61.102481842041,cpu_energy,J,1,float32,0,3.4e+38,-1,230291.40625,46058.28125,418.858978271484,46765.9921875,45488.46875,cpu_power,W,1,float32,0,3.4e+38,-1,306.010528564453,61.2021064758301,0.0751256868243218,61.2961654663086,61.102481842041,cpu_util,%,1,float32,0,100,-1,247.130004882813,49.4260025024414,0.0788768082857132,49.537036895752,49.3022804260254,dram_mem,B,1,uint64,0,1.84e+19,1.84e+19,80702483215,16140496643.0,58279038.9582196,16206725940,16041479135,disk_write,B,1,uint64,0,1.84e+19,1.84e+19,95652864,19130572.8,4527969.77279409,25644032,14358016,disk_read,B,1,uint64,0,1.84e+19,1.84e+19,16617472,3323494.4,3986190.20188338,11029504,221184,net_read,B,1,uint64,0,1.84e+19,1.84e+19,16913318,3382663.6,311710.280389082,3978541,3122324,net_write,B,1,uint64,0,1.84e+19,1.84e+19,3407783,681556.6,102368.491538364,821891,569947,money,,1,float32,0,3.4e+38,0,0.0207965923228082,0.0041593184645616,3.78e-05,0.0042232289055989,0.0041078614418402,co2,g,1,float32,0,3.4e+38,0,26.7265957319879,5.34531914639757,0.0486109099237866,5.42745320442708,5.27918951215278
500,1_100_0.1_0.01_2_8_5_8192,1,100,0.1,0.01,2,8,5,8192,evaluateNN_3.0,1,,,True,2025-05-01T22:26:57.352,2025-05-01T22:26:57.352,runtime,s,1,float32,0,3.4e+38,-1,1153.4460144043,230.689202880859,6.144209924141,236.603897094727,221.111022949219,energy,J,1,float32,0,3.4e+38,-1,59267.4609375,11853.4921875,434.058251545646,12297.904296875,11182.44140625,power,W,1,float32,0,3.4e+38,-1,256.501823425293,51.3003646850586,0.555071364398471,52.0606575012207,50.465705871582,cpu_energy,J,1,float32,0,3.4e+38,-1,59267.46484375,11853.4931640625,434.058258056641,12297.904296875,11182.44140625,cpu_power,W,1,float32,0,3.4e+38,-1,256.501831054688,51.3003654479981,0.555071353912354,52.0606575012207,50.465705871582,cpu_util,%,1,float32,0,100,-1,112.549087524414,22.5098171234131,1.22650063037872,23.7592449188232,20.4946193695068,dram_mem,B,1,uint64,0,1.84e+19,1.84e+19,80108497897,16021699579.4,100344347.575175,16164101464,15895145549,disk_write,B,1,uint64,0,1.84e+19,1.84e+19,28277760,5655552.0,1791325.993475,8805376,3823616,disk_read,B,1,uint64,0,1.84e+19,1.84e+19,763904,152780.8,234059.745814098,619520,10752,net_read,B,1,uint64,0,1.84e+19,1.84e+19,5684653,1136930.6,73298.315387463,1255088,1028883,net_write,B,1,uint64,0,1.84e+19,1.84e+19,1248680,249736.0,22522.1984539698,271809,210052,money,,1,float32,0,3.4e+38,0,0.0053521809863281,0.0010704361972656,3.92e-05,0.0011105690796983,0.0010098365836588,co2,g,1,float32,0,3.4e+38,0,6.87831810546875,1.37566362109375,0.0503748715266031,1.42724011534288,1.29778444986979
501,1_100_0.01_0.1_1_4_10_8192,1,100,0.01,0.1,1,4,10,8192,evaluateNN_3.0,1,,,True,2025-04-30T13:50:19.966,2025-04-30T13:50:19.966,runtime,s,1,float32,0,3.4e+38,-1,1508.29870605469,301.659741210938,2.12196987435794,303.636260986328,297.704650878906,energy,J,1,float32,0,3.4e+38,-1,82111.7978515625,16422.3595703125,135.869430984313,16576.24609375,16178.3857421875,power,W,1,float32,0,3.4e+38,-1,271.81657409668,54.3633148193359,0.104387670134043,54.5610008239746,54.2810821533203,cpu_energy,J,1,float32,0,3.4e+38,-1,82111.796875,16422.359375,135.869430541992,16576.24609375,16178.3857421875,cpu_power,W,1,float32,0,3.4e+38,-1,271.816589355469,54.3633193969727,0.104387670755386,54.5610008239746,54.2810821533203,cpu_util,%,1,float32,0,100,-1,162.01448059082,32.4028968811035,0.165590599179268,32.5747489929199,32.1254196166992,dram_mem,B,1,uint64,0,1.84e+19,1.84e+19,80086558777,16017311755.4,56260243.0142807,16062466350,15908068194,disk_write,B,1,uint64,0,1.84e+19,1.84e+19,40430592,8086118.4,3099297.87506536,13978112,5814272,disk_read,B,1,uint64,0,1.84e+19,1.84e+19,3667968,733593.6,493632.728701653,1400320,17920,net_read,B,1,uint64,0,1.84e+19,1.84e+19,9336944,1867388.8,73524.1006946702,1956796,1744198,net_write,B,1,uint64,0,1.84e+19,1.84e+19,1654978,330995.6,70506.0944389916,468758,271490,money,,1,float32,0,3.4e+38,0,0.0074151515226508,0.0014830303045301,1.23e-05,0.0014969271125217,0.0014609981124403,co2,g,1,float32,0,3.4e+38,0,9.52953031732856,1.90590606346571,0.0157684022959017,1.92376544943576,1.87759154530165
502,1_200_0.01_0.1_2_16_10_8192,1,200,0.01,0.1,2,16,10,8192,evaluateNN_3.0,1,,,True,2025-05-04T07:05:47.251,2025-05-04T07:05:47.251,runtime,s,1,float32,0,3.4e+38,-1,1556.27581787109,311.255163574219,26.8503639411344,333.336639404297,258.862060546875,energy,J,1,float32,0,3.4e+38,-1,84525.2451171875,16905.0490234375,1708.79543102672,18278.80078125,13568.1005859375,power,W,1,float32,0,3.4e+38,-1,270.83154296875,54.16630859375,0.916797999290336,54.7520866394043,52.3578720092773,cpu_energy,J,1,float32,0,3.4e+38,-1,84525.25,16905.05078125,1708.79541015625,18278.80078125,13568.1005859375,cpu_power,W,1,float32,0,3.4e+38,-1,270.83154296875,54.1663093566895,0.916797995567322,54.7520866394043,52.3578720092773,cpu_util,%,1,float32,0,100,-1,164.210250854492,32.8420486450195,3.22736525535584,35.0907440185547,26.4803848266602,dram_mem,B,1,uint64,0,1.84e+19,1.84e+19,80818059031,16163611806.2,81280905.5123446,16237913686,16011421433,disk_write,B,1,uint64,0,1.84e+19,1.84e+19,32868352,6573670.4,703284.318228581,7535616,5593088,disk_read,B,1,uint64,0,1.84e+19,1.84e+19,2664448,532889.6,609852.774939526,1686528,26112,net_read,B,1,uint64,0,1.84e+19,1.84e+19,7585563,1517112.6,127282.919723897,1658217,1311207,net_write,B,1,uint64,0,1.84e+19,1.84e+19,1674831,334966.2,24930.7452387609,367343,291542,money,,1,float32,0,3.4e+38,0,0.0076330992187771,0.0015266198437554,0.0001543137207296,0.0016506772594401,0.0012252748612467,co2,g,1,float32,0,3.4e+38,0,9.8096242805447,1.96192485610894,0.198315203078602,2.12135637955729,1.57465345133464
503,1_100_0.01_0.1_1_4_5_8192,1,100,0.01,0.1,1,4,5,8192,evaluateNN_3.0,1,,,True,2025-04-30T13:30:24.055,2025-04-30T13:30:24.055,runtime,s,1,float32,0,3.4e+38,-1,1171.03746032715,234.20749206543,7.70821811982495,249.253616333008,228.280639648438,energy,J,1,float32,0,3.4e+38,-1,59232.6640625,11846.5328125,168.53350891331,12132.94921875,11656.263671875,power,W,1,float32,0,3.4e+38,-1,252.678653717041,50.5357307434082,0.989882107692454,51.1315269470215,48.5618591308594,cpu_energy,J,1,float32,0,3.4e+38,-1,59232.6640625,11846.533203125,168.533508300781,12132.94921875,11656.263671875,cpu_power,W,1,float32,0,3.4e+38,-1,252.678649902344,50.5357284545898,0.989882111549377,51.1315269470215,48.5618591308594,cpu_util,%,1,float32,0,100,-1,109.307060241699,21.8614120483398,0.763359785079956,22.7602558135986,20.5390453338623,dram_mem,B,1,uint64,0,1.84e+19,1.84e+19,79232624336,15846524867.2,331748334.322628,16079267341,15190993540,disk_write,B,1,uint64,0,1.84e+19,1.84e+19,27551232,5510246.4,926538.230659826,6836736,4142080,disk_read,B,1,uint64,0,1.84e+19,1.84e+19,4402173440,880434688.0,1760604164.37347,4401643008,13312,net_read,B,1,uint64,0,1.84e+19,1.84e+19,6938498,1387699.6,75478.2583784231,1461758,1275759,net_write,B,1,uint64,0,1.84e+19,1.84e+19,976882,195376.4,20816.3222073449,221667,165126,money,,1,float32,0,3.4e+38,0,0.0053490386351996,0.0010698077270399,1.52e-05,0.0010956727197265,0.0010526253665907,co2,g,1,float32,0,3.4e+38,0,6.87427973480903,1.37485594696181,0.0195592500066614,1.40809616210938,1.35277415614149
506,1_200_0.01_0.1_1_8_5_8192,1,200,0.01,0.1,1,8,5,8192,evaluateNN_3.0,1,,,True,2025-05-04T01:14:55.787,2025-05-04T01:14:55.787,runtime,s,1,float32,0,3.4e+38,-1,1082.76040649414,216.552081298828,4.03547789716467,222.718841552734,210.541076660156,energy,J,1,float32,0,3.4e+38,-1,53318.224609375,10663.644921875,249.925234445224,11048.048828125,10284.7421875,power,W,1,float32,0,3.4e+38,-1,245.85506439209,49.171012878418,0.245690690028779,49.5449714660645,48.7811393737793,cpu_energy,J,1,float32,0,3.4e+38,-1,53318.2265625,10663.6455078125,249.925231933594,11048.048828125,10284.7421875,cpu_power,W,1,float32,0,3.4e+38,-1,245.855072021484,49.171012878418,0.245690688490868,49.5449714660645,48.7811393737793,cpu_util,%,1,float32,0,100,-1,90.8014907836914,18.1602973937988,0.76873654127121,19.0625,16.8344326019287,dram_mem,B,1,uint64,0,1.84e+19,1.84e+19,83185976645,16637195329.0,222904217.439404,16866215582,16215034752,disk_write,B,1,uint64,0,1.84e+19,1.84e+19,21650432,4330086.4,449158.594377354,4957184,3705344,disk_read,B,1,uint64,0,1.84e+19,1.84e+19,314368,62873.6,66850.3402941227,174592,9216,net_read,B,1,uint64,0,1.84e+19,1.84e+19,4637555,927511.0,26292.6429785976,962168,894693,net_write,B,1,uint64,0,1.84e+19,1.84e+19,894781,178956.2,19725.2650719832,212570,159813,money,,1,float32,0,3.4e+38,0,0.0048149318945855,0.0009629863789171,2.26e-05,0.0009977001872287,0.0009287693569878,co2,g,1,float32,0,3.4e+38,0,6.18787617827691,1.23757523565538,0.0290052119308929,1.28218744455295,1.19360146831597
507,1_200_0.01_0.01_2_4_5_8192,1,200,0.01,0.01,2,4,5,8192,evaluateNN_3.0,1,,,True,2025-05-03T13:51:53.646,2025-05-03T13:51:53.646,runtime,s,1,float32,0,3.4e+38,-1,1351.65963745117,270.331927490234,1.20405771938304,272.273101806641,268.617919921875,energy,J,1,float32,0,3.4e+38,-1,72609.513671875,14521.902734375,59.0305456539721,14631.505859375,14465.150390625,power,W,1,float32,0,3.4e+38,-1,268.218334197998,53.6436668395996,0.121423622944809,53.8464851379395,53.4710578918457,cpu_energy,J,1,float32,0,3.4e+38,-1,72609.5078125,14521.9013671875,59.0305442810059,14631.505859375,14465.150390625,cpu_power,W,1,float32,0,3.4e+38,-1,268.218322753906,53.6436653137207,0.121423624455929,53.8464851379395,53.4710578918457,cpu_util,%,1,float32,0,100,-1,137.629745483398,27.5259494781494,0.202421918511391,27.9167881011963,27.3509254455566,dram_mem,B,1,uint64,0,1.84e+19,1.84e+19,80689413254,16137882650.8,108887122.597596,16298258158,15970195335,disk_write,B,1,uint64,0,1.84e+19,1.84e+19,39492608,7898521.6,2282439.66322579,11777536,6053888,disk_read,B,1,uint64,0,1.84e+19,1.84e+19,4024320,804864.0,346054.281577905,1306624,467968,net_read,B,1,uint64,0,1.84e+19,1.84e+19,5926947,1185389.4,94037.3844927644,1298533,1073520,net_write,B,1,uint64,0,1.84e+19,1.84e+19,1306211,261242.2,61665.672951489,368231,193917,money,,1,float32,0,3.4e+38,0,0.0065570424707573,0.0013114084941514,5.33e-06,0.0013213062652452,0.00130628344222,co2,g,1,float32,0,3.4e+38,0,8.42673744780816,1.68534748956163,0.0068508227706193,1.69806754112413,1.67876106477865
510,1_200_0.1_0.01_3_8_20_8192,1,200,0.1,0.01,3,8,20,8192,evaluateNN_3.0,1,,,True,2025-05-05T14:28:30.616,2025-05-05T14:28:30.616,runtime,s,1,float32,0,3.4e+38,-1,2640.86206054688,528.172412109375,17.1699492898288,547.776000976563,505.141906738281,energy,J,1,float32,0,3.4e+38,-1,156570.234375,31314.046875,1099.44581936322,32571.193359375,29832.296875,power,W,1,float32,0,3.4e+38,-1,296.10090637207,59.2201812744141,0.165674238066724,59.4162368774414,58.9785881042481,cpu_energy,J,1,float32,0,3.4e+38,-1,156570.25,31314.05078125,1099.44580078125,32571.193359375,29832.296875,cpu_power,W,1,float32,0,3.4e+38,-1,296.100921630859,59.2201843261719,0.165674239397049,59.4162368774414,58.9785881042481,cpu_util,%,1,float32,0,100,-1,237.483489990234,47.496696472168,0.626867234706879,48.196720123291,46.6366882324219,dram_mem,B,1,uint64,0,1.84e+19,1.84e+19,80988640257,16197728051.4,47062569.4015674,16234785131,16106756495,disk_write,B,1,uint64,0,1.84e+19,1.84e+19,69504512,13900902.4,2970644.10930112,18293248,10519552,disk_read,B,1,uint64,0,1.84e+19,1.84e+19,5407232,1081446.4,644576.840041154,2116096,339968,net_read,B,1,uint64,0,1.84e+19,1.84e+19,15703306,3140661.2,184763.703940357,3476400,2922484,net_write,B,1,uint64,0,1.84e+19,1.84e+19,2826400,565280.0,76661.642643502,712618,490363,money,,1,float32,0,3.4e+38,0,0.0141391619986979,0.0028278323997395,9.93e-05,0.0029413597114257,0.0026940221427951,co2,g,1,float32,0,3.4e+38,0,18.1708455338542,3.63416910677083,0.127596795369432,3.78006794042969,3.46220378732639
511,1_100_0.1_0.1_1_8_20_8192,1,100,0.1,0.1,1,8,20,8192,evaluateNN_3.0,1,,,True,2025-05-02T08:44:10.265,2025-05-02T08:44:10.265,runtime,s,1,float32,0,3.4e+38,-1,1808.85345458984,361.770690917969,7.48419932159733,372.933837890625,353.222930908203,energy,J,1,float32,0,3.4e+38,-1,101563.509765625,20312.701953125,490.013169149194,21090.97265625,19767.48828125,power,W,1,float32,0,3.4e+38,-1,280.387790679932,56.0775581359863,0.227226782830404,56.5068511962891,55.8773994445801,cpu_energy,J,1,float32,0,3.4e+38,-1,101563.515625,20312.703125,490.01318359375,21090.97265625,19767.48828125,cpu_power,W,1,float32,0,3.4e+38,-1,280.387786865234,56.0775566101074,0.227226778864861,56.5068511962891,55.8773994445801,cpu_util,%,1,float32,0,100,-1,191.683258056641,38.3366508483887,0.626367390155792,39.3796806335449,37.6760559082031,dram_mem,B,1,uint64,0,1.84e+19,1.84e+19,80525422136,16105084427.2,36335309.7905299,16158374655,16044793229,disk_write,B,1,uint64,0,1.84e+19,1.84e+19,48686592,9737318.4,2887349.85732631,14929920,7525888,disk_read,B,1,uint64,0,1.84e+19,1.84e+19,6986240,1397248.0,1289039.45161287,3122176,16896,net_read,B,1,uint64,0,1.84e+19,1.84e+19,9192238,1838447.6,194370.267763977,2133153,1560330,net_write,B,1,uint64,0,1.84e+19,1.84e+19,1969360,393872.0,126847.485372001,620943,232046,money,,1,float32,0,3.4e+38,0,0.0091717491735568,0.0018343498347113,4.43e-05,0.0019046320029296,0.0017851140111762,co2,g,1,float32,0,3.4e+38,0,11.7870095500217,2.35740191000434,0.056868750575148,2.44772454882812,2.2941268344184
512,1_200_0.1_0.01_2_4_10_8192,1,200,0.1,0.01,2,4,10,8192,evaluateNN_3.0,1,,,True,2025-05-05T07:17:37.527,2025-05-05T07:17:37.527,runtime,s,1,float32,0,3.4e+38,-1,1882.69927978516,376.539855957031,2.18492076630891,378.753540039063,373.500732421875,energy,J,1,float32,0,3.4e+38,-1,106944.025390625,21388.805078125,139.159599584413,21558.412109375,21223.43359375,power,W,1,float32,0,3.4e+38,-1,283.672866821289,56.7345733642578,0.0782292686854194,56.8620986938477,56.6287040710449,cpu_energy,J,1,float32,0,3.4e+38,-1,106944.03125,21388.806640625,139.159606933594,21558.412109375,21223.43359375,cpu_power,W,1,float32,0,3.4e+38,-1,283.672882080078,56.7345771789551,0.078229270875454,56.8620986938477,56.6287040710449,cpu_util,%,1,float32,0,100,-1,188.169677734375,37.6339340209961,0.179856777191162,37.8871040344238,37.4577102661133,dram_mem,B,1,uint64,0,1.84e+19,1.84e+19,80852516018,16170503203.6,67278308.649257,16275853967,16065711620,disk_write,B,1,uint64,0,1.84e+19,1.84e+19,46136320,9227264.0,1465117.92973098,11426304,7625216,disk_read,B,1,uint64,0,1.84e+19,1.84e+19,1473536,294707.2,258832.605283338,678400,17920,net_read,B,1,uint64,0,1.84e+19,1.84e+19,9105870,1821174.0,34056.6300211868,1870600,1768665,net_write,B,1,uint64,0,1.84e+19,1.84e+19,2080404,416080.8,15214.1298324945,432839,392307,money,,1,float32,0,3.4e+38,0,0.0096576396262478,0.0019315279252495,1.26e-05,0.0019468443824327,0.00191659396148,co2,g,1,float32,0,3.4e+38,0,12.4114482800564,2.48228965601129,0.0161502446406577,2.50197349424913,2.4630973765191
513,1_200_0.01_0.01_2_16_20_8192,1,200,0.01,0.01,2,16,20,8192,evaluateNN_3.0,1,,,True,2025-05-03T17:47:20.761,2025-05-03T17:47:20.761,runtime,s,1,float32,0,3.4e+38,-1,2376.08285522461,475.216571044922,11.6008297231013,486.735412597656,453.009002685547,energy,J,1,float32,0,3.4e+38,-1,139582.158203125,27916.431640625,746.185330435528,28656.30859375,26483.8984375,power,W,1,float32,0,3.4e+38,-1,293.430732727051,58.6861465454102,0.138803683528964,58.8268699645996,58.4225044250488,cpu_energy,J,1,float32,0,3.4e+38,-1,139582.15625,27916.431640625,746.185363769531,28656.30859375,26483.8984375,cpu_power,W,1,float32,0,3.4e+38,-1,293.430725097656,58.6861457824707,0.13880367577076,58.8268699645996,58.4225044250488,cpu_util,%,1,float32,0,100,-1,227.854522705078,45.5709037780762,0.522788405418396,46.1309432983398,44.604850769043,dram_mem,B,1,uint64,0,1.84e+19,1.84e+19,80348203084,16069640616.8,36751307.7411843,16107148355,16006188036,disk_write,B,1,uint64,0,1.84e+19,1.84e+19,67926528,13585305.6,4133339.56938733,20714496,10278912,disk_read,B,1,uint64,0,1.84e+19,1.84e+19,4057600,811520.0,712232.745347755,1850368,25600,net_read,B,1,uint64,0,1.84e+19,1.84e+19,10658007,2131601.4,124286.358077787,2354934,1988639,net_write,B,1,uint64,0,1.84e+19,1.84e+19,2217047,443409.4,61733.7681811179,526558,367023,money,,1,float32,0,3.4e+38,0,0.0126050443421767,0.0025210088684353,6.74e-05,0.00258782386773,0.0023916431616753,co2,g,1,float32,0,3.4e+38,0,16.1992849159071,3.23985698318142,0.0865989530711009,3.3257238140191,3.07360354644097
514,1_100_0.1_0_3_8_20_8192,1,100,0.1,0.0,3,8,20,8192,evaluateNN_3.0,1,,,True,2025-05-01T14:32:34.081,2025-05-01T14:32:34.081,runtime,s,1,float32,0,3.4e+38,-1,2541.42712402344,508.285424804688,13.7741124295485,533.240600585938,492.163360595703,energy,J,1,float32,0,3.4e+38,-1,149719.392578125,29943.878515625,902.477351758318,31558.505859375,28828.533203125,power,W,1,float32,0,3.4e+38,-1,294.24486541748,58.8489730834961,0.19950687781675,59.1133689880371,58.5027084350586,cpu_energy,J,1,float32,0,3.4e+38,-1,149719.40625,29943.880859375,902.477416992188,31558.505859375,28828.533203125,cpu_power,W,1,float32,0,3.4e+38,-1,294.244873046875,58.8489761352539,0.199506878852844,59.1133689880371,58.5027084350586,cpu_util,%,1,float32,0,100,-1,233.375427246094,46.6750869750977,0.590099513530731,47.7140197753906,45.8872489929199,dram_mem,B,1,uint64,0,1.84e+19,1.84e+19,79925726555,15985145311.0,47125950.9699815,16063671952,15932176126,disk_write,B,1,uint64,0,1.84e+19,1.84e+19,61693440,12338688.0,3420182.80998382,19052032,9700864,disk_read,B,1,uint64,0,1.84e+19,1.84e+19,4719104,943820.8,806191.083439255,2421248,52736,net_read,B,1,uint64,0,1.84e+19,1.84e+19,12591937,2518387.4,121193.944425619,2731796,2400464,net_write,B,1,uint64,0,1.84e+19,1.84e+19,2947635,589527.0,72017.1773398541,724893,521960,money,,1,float32,0,3.4e+38,0,0.0135204929242079,0.0027040985848415,8.15e-05,0.0028499084041341,0.0026033767067599,co2,g,1,float32,0,3.4e+38,0,17.3757672830946,3.47515345661892,0.104737510434618,3.66253993001302,3.34571143674045
519,1_100_0.01_0.1_1_16_20_8192,1,100,0.01,0.1,1,16,20,8192,evaluateNN_3.0,1,,,True,2025-04-30T16:45:42.749,2025-04-30T16:45:42.749,runtime,s,1,float32,0,3.4e+38,-1,1916.18017578125,383.23603515625,2.12327537698416,386.642059326172,380.342346191406,energy,J,1,float32,0,3.4e+38,-1,109196.70703125,21839.34140625,158.197701341251,22091.828125,21645.494140625,power,W,1,float32,0,3.4e+38,-1,284.577056884766,56.9154113769531,0.116134751028759,57.0793838500977,56.7514533996582,cpu_energy,J,1,float32,0,3.4e+38,-1,109196.703125,21839.33984375,158.197692871094,22091.828125,21645.494140625,cpu_power,W,1,float32,0,3.4e+38,-1,284.577056884766,56.915412902832,0.116134747862816,57.0793838500977,56.7514533996582,cpu_util,%,1,float32,0,100,-1,201.324081420898,40.2648162841797,0.312436789274216,40.7587623596191,39.9044303894043,dram_mem,B,1,uint64,0,1.84e+19,1.84e+19,79979299435,15995859887.0,38285874.6930906,16036858917,15936106154,disk_write,B,1,uint64,0,1.84e+19,1.84e+19,46656512,9331302.4,2289304.80245105,13725184,7219712,disk_read,B,1,uint64,0,1.84e+19,1.84e+19,3815424,763084.8,863615.252906154,2325504,31232,net_read,B,1,uint64,0,1.84e+19,1.84e+19,9529754,1905950.8,69455.079587889,1995448,1788604,net_write,B,1,uint64,0,1.84e+19,1.84e+19,1703520,340704.0,56251.8486593996,434409,279317,money,,1,float32,0,3.4e+38,0,0.0098610692932942,0.0019722138586588,1.43e-05,0.0019950148120659,0.0019547083736436,co2,g,1,float32,0,3.4e+38,0,12.672884499349,2.53457689986979,0.0183597221167708,2.56387938628472,2.51207984776476
520,1_200_0.01_0_2_8_20_8192,1,200,0.01,0.0,2,8,20,8192,evaluateNN_3.0,1,,,True,2025-05-03T02:38:21.425,2025-05-03T02:38:21.425,runtime,s,1,float32,0,3.4e+38,-1,2255.46215820313,451.092431640625,17.3542143236948,479.02099609375,425.146331787109,energy,J,1,float32,0,3.4e+38,-1,130950.150390625,26190.030078125,1119.41558329654,28010.77734375,24533.826171875,power,W,1,float32,0,3.4e+38,-1,289.927513122559,57.9855026245117,0.263288166835823,58.4372329711914,57.6217803955078,cpu_energy,J,1,float32,0,3.4e+38,-1,130950.15625,26190.03125,1119.41552734375,28010.77734375,24533.826171875,cpu_power,W,1,float32,0,3.4e+38,-1,289.927490234375,57.9854965209961,0.263288170099258,58.4372329711914,57.6217803955078,cpu_util,%,1,float32,0,100,-1,220.019577026367,44.0039138793945,0.942161917686462,45.5229148864746,42.6325531005859,dram_mem,B,1,uint64,0,1.84e+19,1.84e+19,80749735727,16149947145.4,45078063.2843792,16221478451,16086143167,disk_write,B,1,uint64,0,1.84e+19,1.84e+19,59399680,11879936.0,2342366.57147732,14791680,8782336,disk_read,B,1,uint64,0,1.84e+19,1.84e+19,3457024,691404.8,439318.985692355,1281024,192000,net_read,B,1,uint64,0,1.84e+19,1.84e+19,9830882,1966176.4,147650.54898049,2139379,1782847,net_write,B,1,uint64,0,1.84e+19,1.84e+19,2075756,415151.2,93026.3128032064,575441,319131,money,,1,float32,0,3.4e+38,0,0.0118255260811089,0.0023651052162217,0.0001010894461471,0.0025295288095703,0.0022155408023546,co2,g,1,float32,0,3.4e+38,0,15.1974924536675,3.03949849073351,0.129914397417026,3.25080632617188,2.84728682628038
521,1_100_0.1_0.01_1_8_5_8192,1,100,0.1,0.01,1,8,5,8192,evaluateNN_3.0,1,,,True,2025-05-01T18:19:48.269,2025-05-01T18:19:48.269,runtime,s,1,float32,0,3.4e+38,-1,1062.28002929688,212.456005859375,2.99618840175943,215.914703369141,207.700759887695,energy,J,1,float32,0,3.4e+38,-1,53098.875,10619.775,189.454190344741,10832.3212890625,10322.80859375,power,W,1,float32,0,3.4e+38,-1,249.60648727417,49.921297454834,0.191009622940424,50.1198616027832,49.6376800537109,cpu_energy,J,1,float32,0,3.4e+38,-1,53098.875,10619.775390625,189.454177856445,10832.3212890625,10322.80859375,cpu_power,W,1,float32,0,3.4e+38,-1,249.606491088867,49.9212989807129,0.191009625792503,50.1198616027832,49.6376800537109,cpu_util,%,1,float32,0,100,-1,92.690673828125,18.5381355285645,0.695468544960022,19.2589874267578,17.469856262207,dram_mem,B,1,uint64,0,1.84e+19,1.84e+19,80012110482,16002422096.4,85757039.923625,16098550552,15888322617,disk_write,B,1,uint64,0,1.84e+19,1.84e+19,30890496,6178099.2,2030384.10651368,8913408,4297216,disk_read,B,1,uint64,0,1.84e+19,1.84e+19,924160,184832.0,213089.700668991,534528,8704,net_read,B,1,uint64,0,1.84e+19,1.84e+19,5437980,1087596.0,52738.1829228122,1124506,983150,net_write,B,1,uint64,0,1.84e+19,1.84e+19,1450049,290009.8,81870.2093789921,451376,232177,money,,1,float32,0,3.4e+38,0,0.00479512340625,0.00095902468125,1.71e-05,0.000978218791965,0.0009322069649522,co2,g,1,float32,0,3.4e+38,0,6.1624194375,1.2324838875,0.0219872113127869,1.25715106515842,1.19801928624132
522,1_200_0.01_0_2_16_20_8192,1,200,0.01,0.0,2,16,20,8192,evaluateNN_3.0,1,,,True,2025-05-03T04:02:08.412,2025-05-03T04:02:08.412,runtime,s,1,float32,0,3.4e+38,-1,2423.71170043945,484.742340087891,14.1208559950524,498.185821533203,457.983764648438,energy,J,1,float32,0,3.4e+38,-1,142034.9609375,28406.9921875,883.137860142509,29237.9921875,26734.96484375,power,W,1,float32,0,3.4e+38,-1,292.741207122803,58.5482414245605,0.113951168178541,58.6340141296387,58.3332481384277,cpu_energy,J,1,float32,0,3.4e+38,-1,142034.96875,28406.994140625,883.137878417969,29237.9921875,26734.96484375,cpu_power,W,1,float32,0,3.4e+38,-1,292.7412109375,58.5482406616211,0.113951168954372,58.6340141296387,58.3332481384277,cpu_util,%,1,float32,0,100,-1,229.925567626953,45.9851150512695,0.570190668106079,46.3652420043945,44.8657989501953,dram_mem,B,1,uint64,0,1.84e+19,1.84e+19,80602107843,16120421568.6,57389471.2193053,16191958540,16041748488,disk_write,B,1,uint64,0,1.84e+19,1.84e+19,74017280,14803456.0,5684959.44858515,25258496,10660864,disk_read,B,1,uint64,0,1.84e+19,1.84e+19,8875520,1775104.0,1712866.47423365,4324352,271872,net_read,B,1,uint64,0,1.84e+19,1.84e+19,9907293,1981458.6,75249.7230416166,2054617,1846543,net_write,B,1,uint64,0,1.84e+19,1.84e+19,1833854,366770.8,21760.7976912612,400652,343165,money,,1,float32,0,3.4e+38,0,0.0128265460557726,0.0025653092111545,7.98e-05,0.0026403531278211,0.002414315852973,co2,g,1,float32,0,3.4e+38,0,16.4839462999132,3.29678925998264,0.102493054990983,3.39323142664931,3.10274119769965
524,1_200_0.01_0.01_1_4_20_8192,1,200,0.01,0.01,1,4,20,8192,evaluateNN_3.0,1,,,True,2025-05-03T10:52:49.730,2025-05-03T10:52:49.730,runtime,s,1,float32,0,3.4e+38,-1,2227.23153686523,445.446307373047,4.39760866141954,450.363128662109,437.666137695313,energy,J,1,float32,0,3.4e+38,-1,129154.154296875,25830.830859375,268.329024142271,26132.984375,25379.0546875,power,W,1,float32,0,3.4e+38,-1,289.616966247559,57.9233932495117,0.0975578171741614,58.0671348571777,57.7649688720703,cpu_energy,J,1,float32,0,3.4e+38,-1,129154.15625,25830.83203125,268.329010009766,26132.984375,25379.0546875,cpu_power,W,1,float32,0,3.4e+38,-1,289.616973876953,57.9233932495117,0.0975578129291534,58.0671348571777,57.7649688720703,cpu_util,%,1,float32,0,100,-1,216.283477783203,43.2566947937012,0.227456450462341,43.5046463012695,42.8870162963867,dram_mem,B,1,uint64,0,1.84e+19,1.84e+19,80722524676,16144504935.2,36511258.5060345,16204546673,16096147073,disk_write,B,1,uint64,0,1.84e+19,1.84e+19,62206976,12441395.2,3305721.16394244,18948608,10236416,disk_read,B,1,uint64,0,1.84e+19,1.84e+19,5010432,1002086.4,1032158.80073593,2961920,45568,net_read,B,1,uint64,0,1.84e+19,1.84e+19,9383738,1876747.6,90110.046903994,2053174,1808160,net_write,B,1,uint64,0,1.84e+19,1.84e+19,1891070,378214.0,69583.6224639103,514121,319221,money,,1,float32,0,3.4e+38,0,0.0116633376560872,0.0023326675312174,2.42e-05,0.002359953672309,0.0022918696330295,co2,g,1,float32,0,3.4e+38,0,14.9890571292318,2.99781142584635,0.0311410739685112,3.03287801996528,2.94538029123264
525,1_200_0.01_0_3_16_20_8192,1,200,0.01,0.0,3,16,20,8192,evaluateNN_3.0,1,,,True,2025-05-03T09:17:07.309,2025-05-03T09:17:07.309,runtime,s,1,float32,0,3.4e+38,-1,2948.24822998047,589.649645996094,10.8353151002671,600.765258789063,570.836975097656,energy,J,1,float32,0,3.4e+38,-1,176302.3359375,35260.4671875,696.425006835973,36065.46875,34055.6875,power,W,1,float32,0,3.4e+38,-1,298.791744232178,59.7583488464355,0.128953148666913,59.9910049438477,59.6185111999512,cpu_energy,J,1,float32,0,3.4e+38,-1,176302.34375,35260.46875,696.425048828125,36065.46875,34055.6875,cpu_power,W,1,float32,0,3.4e+38,-1,298.791717529297,59.7583427429199,0.128953158855438,59.9910049438477,59.6185111999512,cpu_util,%,1,float32,0,100,-1,248.642364501953,49.7284736633301,0.281452834606171,50.109302520752,49.2781448364258,dram_mem,B,1,uint64,0,1.84e+19,1.84e+19,80710092507,16142018501.4,28964204.0143826,16193164316,16115028104,disk_write,B,1,uint64,0,1.84e+19,1.84e+19,85828608,17165721.6,5269448.73435458,27532288,13587456,disk_read,B,1,uint64,0,1.84e+19,1.84e+19,7579648,1515929.6,1643881.30787422,4705280,36352,net_read,B,1,uint64,0,1.84e+19,1.84e+19,12506602,2501320.4,55749.6451238929,2555744,2396970,net_write,B,1,uint64,0,1.84e+19,1.84e+19,2505665,501133.0,72160.1607869606,640350,431564,money,,1,float32,0,3.4e+38,0,0.0159210803925781,0.0031842160785156,6.29e-05,0.0032569121918402,0.0030754177795138,co2,g,1,float32,0,3.4e+38,0,20.4608655429688,4.09217310859375,0.0808239910711303,4.18559801215278,3.95235173263889
527,1_100_0.01_0_1_16_5_8192,1,100,0.01,0.0,1,16,5,8192,evaluateNN_3.0,1,,,True,2025-04-29T12:45:06.284,2025-04-29T12:45:06.284,runtime,s,1,float32,0,3.4e+38,-1,1011.59407043457,202.318814086914,7.58508846489223,212.645965576172,190.641586303711,energy,J,1,float32,0,3.4e+38,-1,50201.5458984375,10040.3091796875,506.320098457764,10643.4921875,9252.1513671875,power,W,1,float32,0,3.4e+38,-1,247.695335388184,49.5390670776367,0.70477891487936,50.5264167785645,48.4684562683106,cpu_energy,J,1,float32,0,3.4e+38,-1,50201.546875,10040.3095703125,506.320098876953,10643.4921875,9252.1513671875,cpu_power,W,1,float32,0,3.4e+38,-1,247.695343017578,49.5390701293945,0.704778909683228,50.5264167785645,48.4684562683106,cpu_util,%,1,float32,0,100,-1,83.9690704345703,16.7938137054443,1.98206567764282,19.4485988616943,13.925518989563,dram_mem,B,1,uint64,0,1.84e+19,1.84e+19,82787970204,16557594040.8,189170431.006021,16760529360,16276852899,disk_write,B,1,uint64,0,1.84e+19,1.84e+19,41671168,8334233.6,5145139.04078176,17963520,4310016,disk_read,B,1,uint64,0,1.84e+19,1.84e+19,2131968,426393.6,385617.571397155,1025024,10752,net_read,B,1,uint64,0,1.84e+19,1.84e+19,6264704,1252940.8,83746.0493955387,1392922,1146812,net_write,B,1,uint64,0,1.84e+19,1.84e+19,1232764,246552.8,87658.2978214841,414067,167735,money,,1,float32,0,3.4e+38,0,0.0045334784921061,0.0009066956984212,4.57e-05,0.0009611664750434,0.0008355206692979,co2,g,1,float32,0,3.4e+38,0,5.82616829899089,1.16523365979818,0.0587612603154593,1.23523639887153,1.07376356700304
529,1_200_0.01_0_1_16_5_8192,1,200,0.01,0.0,1,16,5,8192,evaluateNN_3.0,1,,,True,2025-05-02T22:57:15.132,2025-05-02T22:57:15.132,runtime,s,1,float32,0,3.4e+38,-1,1042.35600280762,208.471200561523,8.42905158362143,215.118988037109,192.293167114258,energy,J,1,float32,0,3.4e+38,-1,52173.390625,10434.678125,554.929357269761,10970.10546875,9380.740234375,power,W,1,float32,0,3.4e+38,-1,249.750801086426,49.9501602172852,0.718937647666965,50.9326934814453,48.6921653747559,cpu_energy,J,1,float32,0,3.4e+38,-1,52173.390625,10434.677734375,554.929321289063,10970.10546875,9380.740234375,cpu_power,W,1,float32,0,3.4e+38,-1,249.75080871582,49.9501609802246,0.718937635421753,50.9326934814453,48.6921653747559,cpu_util,%,1,float32,0,100,-1,89.4357833862305,17.8871574401855,2.06279230117798,19.52903175354,13.9056701660156,dram_mem,B,1,uint64,0,1.84e+19,1.84e+19,80034561678,16006912335.6,60429195.0424025,16062591957,15901414093,disk_write,B,1,uint64,0,1.84e+19,1.84e+19,32129024,6425804.8,1745516.37722783,8281600,4195328,disk_read,B,1,uint64,0,1.84e+19,1.84e+19,5006848,1001369.6,653437.452030292,1930240,152064,net_read,B,1,uint64,0,1.84e+19,1.84e+19,4555952,911190.4,102425.979947668,1072518,775569,net_write,B,1,uint64,0,1.84e+19,1.84e+19,970690,194138.0,63892.1182337853,319905,149672,money,,1,float32,0,3.4e+38,0,0.0047115470256076,0.0009423094051215,5.01e-05,0.0009906614688585,0.0008471329583875,co2,g,1,float32,0,3.4e+38,0,6.05501183420139,1.21100236684028,0.0644026348520294,1.27314168467882,1.08868701942274
531,1_200_0.1_0.1_2_8_5_8192,1,200,0.1,0.1,2,8,5,8192,evaluateNN_3.0,1,,,True,2025-05-05T22:20:42.439,2025-05-05T22:20:42.439,runtime,s,1,float32,0,3.4e+38,-1,1157.95323181152,231.590646362305,5.29613390756934,238.200531005859,223.256195068359,energy,J,1,float32,0,3.4e+38,-1,59435.263671875,11887.052734375,341.652149675133,12319.580078125,11350.69921875,power,W,1,float32,0,3.4e+38,-1,256.16459274292,51.232918548584,0.304690700278837,51.6149024963379,50.7420692443848,cpu_energy,J,1,float32,0,3.4e+38,-1,59435.265625,11887.052734375,341.652160644531,12319.580078125,11350.69921875,cpu_power,W,1,float32,0,3.4e+38,-1,256.164581298828,51.2329177856445,0.304690688848496,51.6149024963379,50.7420692443848,cpu_util,%,1,float32,0,100,-1,113.685012817383,22.737003326416,0.927619457244873,23.7199993133545,21.1671123504639,dram_mem,B,1,uint64,0,1.84e+19,1.84e+19,81237203762,16247440752.4,112720567.259632,16391267669,16052622131,disk_write,B,1,uint64,0,1.84e+19,1.84e+19,25978368,5195673.6,407336.774527221,5564928,4418560,disk_read,B,1,uint64,0,1.84e+19,1.84e+19,1160704,232140.8,333285.274258795,886272,11264,net_read,B,1,uint64,0,1.84e+19,1.84e+19,5719341,1143868.2,25918.9580299826,1171869,1106488,net_write,B,1,uint64,0,1.84e+19,1.84e+19,1153069,230613.8,12311.6315636881,249366,212859,money,,1,float32,0,3.4e+38,0,0.0053673345054796,0.0010734669010959,3.09e-05,0.0011125265231662,0.0010250311988932,co2,g,1,float32,0,3.4e+38,0,6.89779254503038,1.37955850900608,0.0396506300372974,1.42975571017795,1.31731170377604
532,1_200_0.1_0_3_4_5_8192,1,200,0.1,0.0,3,4,5,8192,evaluateNN_3.0,1,,,True,2025-05-04T21:48:46.054,2025-05-04T21:48:46.054,runtime,s,1,float32,0,3.4e+38,-1,1539.42202758789,307.884405517578,2.21463396379017,312.230834960938,306.155670166016,energy,J,1,float32,0,3.4e+38,-1,85376.853515625,17075.370703125,105.873075857502,17283.4765625,16996.658203125,power,W,1,float32,0,3.4e+38,-1,276.839206695557,55.3678413391113,0.0621914550834549,55.4489135742188,55.2578735351563,cpu_energy,J,1,float32,0,3.4e+38,-1,85376.859375,17075.37109375,105.873077392578,17283.4765625,16996.658203125,cpu_power,W,1,float32,0,3.4e+38,-1,276.839202880859,55.3678398132324,0.0621914602816105,55.4489135742188,55.2578735351563,cpu_util,%,1,float32,0,100,-1,157.227523803711,31.4455051422119,0.101135611534119,31.5737056732178,31.2987022399902,dram_mem,B,1,uint64,0,1.84e+19,1.84e+19,82426665830,16485333166.0,182941503.993461,16684960754,16156382997,disk_write,B,1,uint64,0,1.84e+19,1.84e+19,41309696,8261939.2,2632980.40972935,11614208,5937664,disk_read,B,1,uint64,0,1.84e+19,1.84e+19,4841984,968396.8,850440.88366221,2061824,13824,net_read,B,1,uint64,0,1.84e+19,1.84e+19,7633517,1526703.4,62849.6239403228,1646904,1473050,net_write,B,1,uint64,0,1.84e+19,1.84e+19,1895539,379107.8,69667.0352961858,514650,318374,money,,1,float32,0,3.4e+38,0,0.0077100041883138,0.0015420008376627,9.56e-06,0.0015607939529079,0.001534892661621,co2,g,1,float32,0,3.4e+38,0,9.90845816634115,1.98169163326823,0.0122871586370178,2.00584347439236,1.97255661035156
533,1_200_0.01_0.1_2_4_20_8192,1,200,0.01,0.1,2,4,20,8192,evaluateNN_3.0,1,,,True,2025-05-04T04:31:37.201,2025-05-04T04:31:37.201,runtime,s,1,float32,0,3.4e+38,-1,2958.03002929688,591.606005859375,4.02586679328868,595.758117675781,584.934387207031,energy,J,1,float32,0,3.4e+38,-1,177316.3671875,35463.2734375,283.457734287998,35815.46484375,35014.28125,power,W,1,float32,0,3.4e+38,-1,299.51000213623,59.9020004272461,0.0919416982358381,60.0799713134766,59.8229064941406,cpu_energy,J,1,float32,0,3.4e+38,-1,177316.375,35463.2734375,283.457733154297,35815.46484375,35014.28125,cpu_power,W,1,float32,0,3.4e+38,-1,299.510009765625,59.9020004272461,0.0919416919350624,60.0799713134766,59.8229064941406,cpu_util,%,1,float32,0,100,-1,235.737731933594,47.1475448608398,0.133820369839668,47.3314895629883,46.976619720459,dram_mem,B,1,uint64,0,1.84e+19,1.84e+19,82291182475,16458236495.0,79282695.3501129,16556142537,16321376297,disk_write,B,1,uint64,0,1.84e+19,1.84e+19,74271744,14854348.8,1624675.07615946,17421312,12854272,disk_read,B,1,uint64,0,1.84e+19,1.84e+19,5177856,1035571.2,473252.166148408,1807360,438272,net_read,B,1,uint64,0,1.84e+19,1.84e+19,14503574,2900714.8,84276.8725224186,3030692,2789438,net_write,B,1,uint64,0,1.84e+19,1.84e+19,3404979,680995.8,81526.3328683438,841204,611717,money,,1,float32,0,3.4e+38,0,0.0160126530479601,0.003202530609592,2.56e-05,0.0032343354501953,0.0031619841206597,co2,g,1,float32,0,3.4e+38,0,20.5785495030382,4.11570990060764,0.0328968448293126,4.15658366992188,4.06360186284722
540,1_100_0.1_0.1_3_16_10_8192,1,100,0.1,0.1,3,16,10,8192,evaluateNN_3.0,1,,,True,2025-05-02T19:01:14.913,2025-05-02T19:01:14.913,runtime,s,1,float32,0,3.4e+38,-1,1770.65585327148,354.131170654297,29.2919672140825,379.639739990234,299.636138916016,energy,J,1,float32,0,3.4e+38,-1,100423.078125,20084.615625,1880.66295635604,21645.12890625,16591.990234375,power,W,1,float32,0,3.4e+38,-1,282.897232055664,56.5794464111328,0.695300777331795,57.2996559143066,55.3066482543945,cpu_energy,J,1,float32,0,3.4e+38,-1,100423.078125,20084.615234375,1880.66284179688,21645.12890625,16591.990234375,cpu_power,W,1,float32,0,3.4e+38,-1,282.897216796875,56.5794448852539,0.695300757884979,57.2996559143066,55.3066482543945,cpu_util,%,1,float32,0,100,-1,189.623184204102,37.9246368408203,2.69715285301209,40.0280838012695,32.7644538879395,dram_mem,B,1,uint64,0,1.84e+19,1.84e+19,80172895399,16034579079.8,56033210.632911,16124410926,15964243049,disk_write,B,1,uint64,0,1.84e+19,1.84e+19,55886848,11177369.6,5251769.63752622,21480448,6748160,disk_read,B,1,uint64,0,1.84e+19,1.84e+19,6768640,1353728.0,940662.753091032,2918400,337920,net_read,B,1,uint64,0,1.84e+19,1.84e+19,9255255,1851051.0,629360.401526502,3104535,1461413,net_write,B,1,uint64,0,1.84e+19,1.84e+19,1420495,284099.0,22043.8825346172,320827,258106,money,,1,float32,0,3.4e+38,0,0.009068761860677,0.0018137523721354,0.0001698343130864,0.0019546753909505,0.0014983488958875,co2,g,1,float32,0,3.4e+38,0,11.6546561223958,2.33093122447917,0.218261384212654,2.51203746028646,1.92559264442274
541,1_200_0.1_0.1_1_16_5_8192,1,200,0.1,0.1,1,16,5,8192,evaluateNN_3.0,1,,,True,2025-05-05T19:25:27.224,2025-05-05T19:25:27.224,runtime,s,1,float32,0,3.4e+38,-1,1065.55487060547,213.110974121094,5.76965293766764,220.208251953125,205.916809082031,energy,J,1,float32,0,3.4e+38,-1,52987.673828125,10597.534765625,420.725215176706,11187.462890625,10085.73828125,power,W,1,float32,0,3.4e+38,-1,248.194000244141,49.6388000488281,0.680812025024982,50.8667640686035,48.9319381713867,cpu_energy,J,1,float32,0,3.4e+38,-1,52987.67578125,10597.53515625,420.725219726563,11187.462890625,10085.73828125,cpu_power,W,1,float32,0,3.4e+38,-1,248.194000244141,49.638801574707,0.680812060832977,50.8667640686035,48.9319381713867,cpu_util,%,1,float32,0,100,-1,86.4419403076172,17.288387298584,1.51016807556152,19.0657653808594,15.2381649017334,dram_mem,B,1,uint64,0,1.84e+19,1.84e+19,81830588155,16366117631.0,84887120.7080034,16493532145,16250549002,disk_write,B,1,uint64,0,1.84e+19,1.84e+19,24730112,4946022.4,774408.921442825,5559296,3417088,disk_read,B,1,uint64,0,1.84e+19,1.84e+19,1882624,376524.8,320964.399953889,842752,8192,net_read,B,1,uint64,0,1.84e+19,1.84e+19,5357388,1071477.6,28417.5046378108,1114157,1035268,net_write,B,1,uint64,0,1.84e+19,1.84e+19,1101239,220247.8,5247.32310421228,230011,214218,money,,1,float32,0,3.4e+38,0,0.0047850813226454,0.000957016264529,3.8e-05,0.001010290051595,0.0009107981986762,co2,g,1,float32,0,3.4e+38,0,6.14951392371962,1.22990278474392,0.0488274985835633,1.29836722102865,1.1705059594184
546,1_100_0.1_0.01_3_16_10_8192,1,100,0.1,0.01,3,16,10,8192,evaluateNN_3.0,1,,,True,2025-05-02T05:20:16.268,2025-05-02T05:20:16.268,runtime,s,1,float32,0,3.4e+38,-1,1811.90771484375,362.38154296875,9.82135171322366,379.291717529297,349.781219482422,energy,J,1,float32,0,3.4e+38,-1,102334.107421875,20466.821484375,628.885217542571,21532.115234375,19663.69140625,power,W,1,float32,0,3.4e+38,-1,281.974510192871,56.3949020385742,0.214925124682848,56.6927909851074,56.1428451538086,cpu_energy,J,1,float32,0,3.4e+38,-1,102334.109375,20466.822265625,628.88525390625,21532.115234375,19663.69140625,cpu_power,W,1,float32,0,3.4e+38,-1,281.974517822266,56.394905090332,0.214925110340118,56.6927909851074,56.1428451538086,cpu_util,%,1,float32,0,100,-1,193.49658203125,38.6993179321289,0.828027248382568,40.0593147277832,37.6273498535156,dram_mem,B,1,uint64,0,1.84e+19,1.84e+19,80495459766,16099091953.2,58623488.2024976,16165551568,16019822038,disk_write,B,1,uint64,0,1.84e+19,1.84e+19,41953280,8390656.0,911252.876400838,9954816,7639552,disk_read,B,1,uint64,0,1.84e+19,1.84e+19,2919424,583884.8,657353.894845204,1833472,16896,net_read,B,1,uint64,0,1.84e+19,1.84e+19,7521746,1504349.2,20680.639945611,1537296,1473038,net_write,B,1,uint64,0,1.84e+19,1.84e+19,1372001,274400.2,8883.81220873112,286318,263627,money,,1,float32,0,3.4e+38,0,0.0092413384230143,0.0018482676846028,5.68e-05,0.0019444696285264,0.0017757405767144,co2,g,1,float32,0,3.4e+38,0,11.8764416891276,2.37528833782552,0.0729856233025796,2.49892159581163,2.28208063042535
547,1_100_0.1_0_2_8_20_8192,1,100,0.1,0.0,2,8,20,8192,evaluateNN_3.0,1,,,True,2025-05-01T09:30:07.175,2025-05-01T09:30:07.175,runtime,s,1,float32,0,3.4e+38,-1,2287.65844726563,457.531689453125,5.78447960888306,464.875305175781,450.705047607422,energy,J,1,float32,0,3.4e+38,-1,132765.32421875,26553.06484375,400.13589849081,27049.369140625,26092.9453125,power,W,1,float32,0,3.4e+38,-1,289.910087585449,57.9820175170898,0.157650950664737,58.1630592346191,57.7418670654297,cpu_energy,J,1,float32,0,3.4e+38,-1,132765.3125,26553.0625,400.135925292969,27049.369140625,26092.9453125,cpu_power,W,1,float32,0,3.4e+38,-1,289.910095214844,57.9820175170898,0.157650947570801,58.1630592346191,57.7418670654297,cpu_util,%,1,float32,0,100,-1,221.965774536133,44.3931541442871,0.322210192680359,44.7660942077637,43.975715637207,dram_mem,B,1,uint64,0,1.84e+19,1.84e+19,80276502173,16055300434.6,34331651.0906508,16109176511,16006769456,disk_write,B,1,uint64,0,1.84e+19,1.84e+19,59969536,11993907.2,3180848.93693381,17029632,8373760,disk_read,B,1,uint64,0,1.84e+19,1.84e+19,3278848,655769.6,478498.929233327,1394688,26112,net_read,B,1,uint64,0,1.84e+19,1.84e+19,10272452,2054490.4,145703.531085008,2275181,1852088,net_write,B,1,uint64,0,1.84e+19,1.84e+19,2180693,436138.6,85742.7727860489,562000,355225,money,,1,float32,0,3.4e+38,0,0.0119894463620877,0.0023978892724175,3.61e-05,0.0024427083076714,0.002356337922526,co2,g,1,float32,0,3.4e+38,0,15.4081534607205,3.0816306921441,0.0464379939970722,3.13922956304253,3.02823126432292
548,1_100_0.01_0_3_16_5_8192,1,100,0.01,0.0,3,16,5,8192,evaluateNN_3.0,1,,,True,2025-04-29T22:11:07.400,2025-04-29T22:11:07.400,runtime,s,1,float32,0,3.4e+38,-1,1206.78341674805,241.356683349609,15.2378653414072,255.973724365234,215.04850769043,energy,J,1,float32,0,3.4e+38,-1,63069.515625,12613.903125,977.650301773079,13590.9453125,10927.8193359375,power,W,1,float32,0,3.4e+38,-1,260.682807922363,52.1365615844727,0.811524242672997,53.0427284240723,50.7221031188965,cpu_energy,J,1,float32,0,3.4e+38,-1,63069.51953125,12613.904296875,977.650329589844,13590.9453125,10927.8193359375,cpu_power,W,1,float32,0,3.4e+38,-1,260.682800292969,52.1365585327148,0.811524271965027,53.0427284240723,50.7221031188965,cpu_util,%,1,float32,0,100,-1,123.935653686523,24.787130355835,2.74651718139648,27.5875492095947,20.0023040771484,dram_mem,B,1,uint64,0,1.84e+19,1.84e+19,81850422657,16370084531.4,75556744.834094,16417742272,16219890555,disk_write,B,1,uint64,0,1.84e+19,1.84e+19,24301568,4860313.6,749766.296830579,5964288,3963904,disk_read,B,1,uint64,0,1.84e+19,1.84e+19,1016832,203366.4,218095.028823309,583680,10240,net_read,B,1,uint64,0,1.84e+19,1.84e+19,5402565,1080513.0,53758.8011287454,1172806,1004135,net_write,B,1,uint64,0,1.84e+19,1.84e+19,1087008,217401.6,26019.0561596688,264880,195243,money,,1,float32,0,3.4e+38,0,0.0056955276471354,0.001139105529427,8.83e-05,0.0012273378669704,0.0009868427961425,co2,g,1,float32,0,3.4e+38,0,7.31956767447917,1.46391353489583,0.113461748911331,1.57730470876736,1.26823414404297
549,1_200_0.1_0.1_1_4_5_8192,1,200,0.1,0.1,1,4,5,8192,evaluateNN_3.0,1,,,True,2025-05-05T16:50:45.750,2025-05-05T16:50:45.750,runtime,s,1,float32,0,3.4e+38,-1,1178.3311920166,235.66623840332,7.78906663541698,251.044235229492,229.853698730469,energy,J,1,float32,0,3.4e+38,-1,59918.041015625,11983.608203125,195.754944679101,12347.458984375,11775.654296875,power,W,1,float32,0,3.4e+38,-1,253.962364196777,50.7924728393555,0.838730815524846,51.2815666198731,49.1167335510254,cpu_energy,J,1,float32,0,3.4e+38,-1,59918.0390625,11983.607421875,195.754943847656,12347.458984375,11775.654296875,cpu_power,W,1,float32,0,3.4e+38,-1,253.962371826172,50.7924728393555,0.838730812072754,51.2815666198731,49.1167335510254,cpu_util,%,1,float32,0,100,-1,108.443778991699,21.6887550354004,0.610352396965027,22.2370223999023,20.5189723968506,dram_mem,B,1,uint64,0,1.84e+19,1.84e+19,80428713310,16085742662.0,318976995.013355,16284392065,15452529595,disk_write,B,1,uint64,0,1.84e+19,1.84e+19,35179520,7035904.0,2187881.93218848,10786816,4424704,disk_read,B,1,uint64,0,1.84e+19,1.84e+19,4447750144,889550028.8,1777567459.3373,4444684800,40448,net_read,B,1,uint64,0,1.84e+19,1.84e+19,6395443,1279088.6,96472.8160065829,1453193,1177540,net_write,B,1,uint64,0,1.84e+19,1.84e+19,1368828,273765.6,76449.2292926489,421479,219544,money,,1,float32,0,3.4e+38,0,0.0054109319817165,0.0010821863963433,1.77e-05,0.0011150441432834,0.0010634070033094,co2,g,1,float32,0,3.4e+38,0,6.95382153786892,1.39076430757378,0.0227184488574801,1.43299121213108,1.36663010145399
552,1_200_0.1_0.01_3_16_20_8192,1,200,0.1,0.01,3,16,20,8192,evaluateNN_3.0,1,,,True,2025-05-05T16:03:35.363,2025-05-05T16:03:35.363,runtime,s,1,float32,0,3.4e+38,-1,2805.48306274414,561.096612548828,41.1568805753462,603.596374511719,482.403839111328,energy,J,1,float32,0,3.4e+38,-1,167496.296875,33499.259375,2650.07769784777,36203.74609375,28421.19140625,power,W,1,float32,0,3.4e+38,-1,298.101055145264,59.6202110290527,0.389104788934155,59.9327354431152,58.8529510498047,cpu_energy,J,1,float32,0,3.4e+38,-1,167496.28125,33499.2578125,2650.07763671875,36203.74609375,28421.19140625,cpu_power,W,1,float32,0,3.4e+38,-1,298.10107421875,59.6202163696289,0.389104783535004,59.9327354431152,58.8529510498047,cpu_util,%,1,float32,0,100,-1,243.966796875,48.7933578491211,1.45879757404327,50.2284278869629,45.9793357849121,dram_mem,B,1,uint64,0,1.84e+19,1.84e+19,81544997597,16308999519.4,58148996.9641171,16366398921,16199660932,disk_write,B,1,uint64,0,1.84e+19,1.84e+19,69884416,13976883.2,2085561.83778879,17319936,11596288,disk_read,B,1,uint64,0,1.84e+19,1.84e+19,8762880,1752576.0,778479.86198334,3064832,623104,net_read,B,1,uint64,0,1.84e+19,1.84e+19,14670866,2934173.2,251391.172523142,3188395,2454046,net_write,B,1,uint64,0,1.84e+19,1.84e+19,2873331,574666.2,53293.3885220296,621910,470941,money,,1,float32,0,3.4e+38,0,0.0151258461427951,0.003025169228559,0.0002393167387695,0.0032693994041883,0.0025665914794921,co2,g,1,float32,0,3.4e+38,0,19.4388757873264,3.88777515746528,0.30755623948911,4.20164586610243,3.29843715820313
557,1_100_0.1_0_3_4_5_8192,1,100,0.1,0.0,3,4,5,8192,evaluateNN_3.0,1,,,True,2025-05-01T11:33:43.866,2025-05-01T11:33:43.866,runtime,s,1,float32,0,3.4e+38,-1,1546.83688354492,309.367376708984,1.10657788993278,310.598602294922,307.937774658203,energy,J,1,float32,0,3.4e+38,-1,85825.060546875,17165.012109375,48.5027253067559,17223.86328125,17092.669921875,power,W,1,float32,0,3.4e+38,-1,277.043685913086,55.4087371826172,0.0509954058118804,55.4857177734375,55.3623008728027,cpu_energy,J,1,float32,0,3.4e+38,-1,85825.0625,17165.01171875,48.5027275085449,17223.86328125,17092.669921875,cpu_power,W,1,float32,0,3.4e+38,-1,277.043701171875,55.4087409973145,0.0509954057633877,55.4857177734375,55.3623008728027,cpu_util,%,1,float32,0,100,-1,157.582458496094,31.5164909362793,0.0957946553826332,31.6525630950928,31.4051609039307,dram_mem,B,1,uint64,0,1.84e+19,1.84e+19,80375557205,16075111441.0,74756042.4421114,16180171335,15951767368,disk_write,B,1,uint64,0,1.84e+19,1.84e+19,33313792,6662758.4,1003202.89651129,8345600,5220352,disk_read,B,1,uint64,0,1.84e+19,1.84e+19,1440768,288153.6,237747.882243018,683008,27648,net_read,B,1,uint64,0,1.84e+19,1.84e+19,7495549,1499109.8,46359.650742429,1556231,1445982,net_write,B,1,uint64,0,1.84e+19,1.84e+19,1668216,333643.2,5911.29323921593,342794,326801,money,,1,float32,0,3.4e+38,0,0.0077504797732747,0.0015500959546549,4.38e-06,0.0015554105424262,0.0015435630532226,co2,g,1,float32,0,3.4e+38,0,9.96047508235677,1.99209501647135,0.0056290107314341,1.9989250219184,1.98369930371094
558,1_200_0.1_0_2_4_10_8192,1,200,0.1,0.0,2,4,10,8192,evaluateNN_3.0,1,,,True,2025-05-04T17:38:40.577,2025-05-04T17:38:40.577,runtime,s,1,float32,0,3.4e+38,-1,1909.83935546875,381.96787109375,2.54110401246138,386.285430908203,379.303009033203,energy,J,1,float32,0,3.4e+38,-1,108124.728515625,21624.945703125,172.756197962117,21910.734375,21408.5625,power,W,1,float32,0,3.4e+38,-1,282.749633789063,56.5499267578125,0.0962598558628948,56.6405448913574,56.3639831542969,cpu_energy,J,1,float32,0,3.4e+38,-1,108124.7265625,21624.9453125,172.756210327148,21910.734375,21408.5625,cpu_power,W,1,float32,0,3.4e+38,-1,282.749633789063,56.5499267578125,0.0962598547339439,56.6405448913574,56.3639831542969,cpu_util,%,1,float32,0,100,-1,185.891464233398,37.1782913208008,0.118926018476486,37.3177108764648,37.0102348327637,dram_mem,B,1,uint64,0,1.84e+19,1.84e+19,82315619325,16463123865.0,168389631.212696,16614210702,16140940414,disk_write,B,1,uint64,0,1.84e+19,1.84e+19,53727232,10745446.4,4477829.48830353,18676224,7162368,disk_read,B,1,uint64,0,1.84e+19,1.84e+19,3470336,694067.2,588034.22676113,1608704,17920,net_read,B,1,uint64,0,1.84e+19,1.84e+19,9361321,1872264.2,113062.74447297,2095607,1787073,net_write,B,1,uint64,0,1.84e+19,1.84e+19,2223782,444756.4,62595.6808241591,567084,391202,money,,1,float32,0,3.4e+38,0,0.0097642636778971,0.0019528527355794,1.56e-05,0.0019786610403645,0.0019333121302083,co2,g,1,float32,0,3.4e+38,0,12.5484754371745,2.5096950874349,0.020049316530159,2.54286245052083,2.48458261458333
559,1_100_0.01_0.1_3_16_5_8192,1,100,0.01,0.1,3,16,5,8192,evaluateNN_3.0,1,,,True,2025-05-01T01:35:42.138,2025-05-01T01:35:42.138,runtime,s,1,float32,0,3.4e+38,-1,1271.36029052734,254.272058105469,13.4595099918976,268.860534667969,236.712432861328,energy,J,1,float32,0,3.4e+38,-1,67359.37890625,13471.87578125,849.89394906405,14463.552734375,12438.9853515625,power,W,1,float32,0,3.4e+38,-1,264.346244812012,52.8692489624023,0.593519008173846,53.734188079834,51.9979133605957,cpu_energy,J,1,float32,0,3.4e+38,-1,67359.3828125,13471.876953125,849.893920898438,14463.552734375,12438.9853515625,cpu_power,W,1,float32,0,3.4e+38,-1,264.346252441406,52.8692512512207,0.593519032001495,53.734188079834,51.9979133605957,cpu_util,%,1,float32,0,100,-1,133.729400634766,26.7458801269531,2.06205797195435,28.8505592346191,23.9571418762207,dram_mem,B,1,uint64,0,1.84e+19,1.84e+19,80074957566,16014991513.2,42353762.3612931,16090227677,15975860799,disk_write,B,1,uint64,0,1.84e+19,1.84e+19,28931584,5786316.8,492263.608173669,6530560,5176320,disk_read,B,1,uint64,0,1.84e+19,1.84e+19,1033728,206745.6,228791.804630848,574976,11776,net_read,B,1,uint64,0,1.84e+19,1.84e+19,5334112,1066822.4,34906.3193625452,1106110,1006506,net_write,B,1,uint64,0,1.84e+19,1.84e+19,982004,196400.8,9653.45549324179,208224,182574,money,,1,float32,0,3.4e+38,0,0.006082926134006,0.0012165852268012,7.68e-05,0.0013061391649848,0.0011233094827202,co2,g,1,float32,0,3.4e+38,0,7.81743014084201,1.5634860281684,0.0986349144219332,1.67857564789497,1.443613355523
560,1_200_0.1_0.01_3_4_5_8192,1,200,0.1,0.01,3,4,5,8192,evaluateNN_3.0,1,,,True,2025-05-05T11:29:20.841,2025-05-05T11:29:20.841,runtime,s,1,float32,0,3.4e+38,-1,1540.86407470703,308.172814941406,0.605877666947406,308.875274658203,307.215759277344,energy,J,1,float32,0,3.4e+38,-1,85667.755859375,17133.551171875,46.4680428963833,17193.796875,17081.771484375,power,W,1,float32,0,3.4e+38,-1,277.609817504883,55.5219635009766,0.0976037575070639,55.606559753418,55.3824844360352,cpu_energy,J,1,float32,0,3.4e+38,-1,85667.75,17133.55078125,46.4680404663086,17193.796875,17081.771484375,cpu_power,W,1,float32,0,3.4e+38,-1,277.609802246094,55.5219612121582,0.0976037532091141,55.606559753418,55.3824844360352,cpu_util,%,1,float32,0,100,-1,156.606002807617,31.3212013244629,0.108991086483002,31.5016136169434,31.1674213409424,dram_mem,B,1,uint64,0,1.84e+19,1.84e+19,81617379129,16323475825.8,80839159.1197944,16434662522,16212799871,disk_write,B,1,uint64,0,1.84e+19,1.84e+19,39656448,7931289.6,1468879.56175278,10522112,6088704,disk_read,B,1,uint64,0,1.84e+19,1.84e+19,1396736,279347.2,409983.385375749,1086976,14336,net_read,B,1,uint64,0,1.84e+19,1.84e+19,9014361,1802872.2,41707.683644144,1863399,1748461,net_write,B,1,uint64,0,1.84e+19,1.84e+19,1599317,319863.4,21753.3679470559,351738,291857,money,,1,float32,0,3.4e+38,0,0.0077362742860785,0.0015472548572157,4.2e-06,0.0015526953789062,0.0015425788637695,co2,g,1,float32,0,3.4e+38,0,9.94221899945747,1.98844379989149,0.005392874533919,1.9954356484375,1.98243447949219
561,1_100_0.1_0.1_1_8_10_8192,1,100,0.1,0.1,1,8,10,8192,evaluateNN_3.0,1,,,True,2025-05-02T08:21:35.971,2025-05-02T08:21:35.971,runtime,s,1,float32,0,3.4e+38,-1,1329.39965820313,265.879931640625,3.94026630618795,271.614593505859,261.092834472656,energy,J,1,float32,0,3.4e+38,-1,70063.8701171875,14012.7740234375,253.407939867789,14395.408203125,13704.1611328125,power,W,1,float32,0,3.4e+38,-1,263.123252868652,52.6246505737305,0.226468029648544,52.9324111938477,52.3494911193848,cpu_energy,J,1,float32,0,3.4e+38,-1,70063.8671875,14012.7734375,253.407943725586,14395.408203125,13704.1611328125,cpu_power,W,1,float32,0,3.4e+38,-1,263.123260498047,52.6246528625488,0.226468026638031,52.9324111938477,52.3494911193848,cpu_util,%,1,float32,0,100,-1,140.670974731445,28.1341953277588,0.655513167381287,29.1402931213379,27.3395442962647,dram_mem,B,1,uint64,0,1.84e+19,1.84e+19,80693241050,16138648210.0,60658460.2610909,16217779253,16061438067,disk_write,B,1,uint64,0,1.84e+19,1.84e+19,29207552,5841510.4,514784.914983957,6753792,5181440,disk_read,B,1,uint64,0,1.84e+19,1.84e+19,1899520,379904.0,315060.688320203,816640,12800,net_read,B,1,uint64,0,1.84e+19,1.84e+19,5778086,1155617.2,88152.540452105,1288986,1052050,net_write,B,1,uint64,0,1.84e+19,1.84e+19,1029061,205812.2,18544.6321225308,227989,183325,money,,1,float32,0,3.4e+38,0,0.0063271567153049,0.0012654313430609,2.29e-05,0.0012999853352322,0.0012375618845214,co2,g,1,float32,0,3.4e+38,0,8.13130137082248,1.6262602741645,0.0294093992435451,1.67066709646267,1.59044403369141
562,1_100_0.01_0_2_16_20_8192,1,100,0.01,0.0,2,16,20,8192,evaluateNN_3.0,1,,,True,2025-04-29T17:51:16.491,2025-04-29T17:51:16.491,runtime,s,1,float32,0,3.4e+38,-1,2370.12512207031,474.025024414063,7.81456721014482,487.279541015625,465.879486083984,energy,J,1,float32,0,3.4e+38,-1,139231.111328125,27846.222265625,529.846576060087,28678.609375,27246.54296875,power,W,1,float32,0,3.4e+38,-1,293.399478912354,58.6798957824707,0.21072673951179,58.9893112182617,58.3622093200684,cpu_energy,J,1,float32,0,3.4e+38,-1,139231.109375,27846.22265625,529.846557617188,28678.609375,27246.54296875,cpu_power,W,1,float32,0,3.4e+38,-1,293.399475097656,58.6798934936523,0.210726723074913,58.9893112182617,58.3622093200684,cpu_util,%,1,float32,0,100,-1,227.930801391602,45.5861587524414,0.451626062393189,46.2566452026367,44.9151725769043,dram_mem,B,1,uint64,0,1.84e+19,1.84e+19,82135735181,16427147036.2,134167215.321009,16580838810,16178661988,disk_write,B,1,uint64,0,1.84e+19,1.84e+19,61368320,12273664.0,3177209.07555446,16527872,8681984,disk_read,B,1,uint64,0,1.84e+19,1.84e+19,4213248,842649.6,812501.341892209,2276864,78848,net_read,B,1,uint64,0,1.84e+19,1.84e+19,12565060,2513012.0,132411.307885694,2685074,2304920,net_write,B,1,uint64,0,1.84e+19,1.84e+19,2740875,548175.0,66600.0358708612,658391,491297,money,,1,float32,0,3.4e+38,0,0.0125733428591037,0.0025146685718207,4.78e-05,0.0025898377521701,0.0024605141997612,co2,g,1,float32,0,3.4e+38,0,16.158543975803,3.23170879516059,0.0614916387438623,3.32831194357639,3.1621126812066
564,1_200_0.01_0_1_4_20_8192,1,200,0.01,0.0,1,4,20,8192,evaluateNN_3.0,1,,,True,2025-05-02T21:08:12.698,2025-05-02T21:08:12.698,runtime,s,1,float32,0,3.4e+38,-1,2233.89144897461,446.778289794922,1.62836871620284,448.623962402344,444.402374267578,energy,J,1,float32,0,3.4e+38,-1,129835.10546875,25967.02109375,102.796597085285,26087.203125,25799.93359375,power,W,1,float32,0,3.4e+38,-1,290.310520172119,58.0621040344238,0.0649738235966353,58.1640357971191,57.9901924133301,cpu_energy,J,1,float32,0,3.4e+38,-1,129835.109375,25967.021484375,102.796600341797,26087.203125,25799.93359375,cpu_power,W,1,float32,0,3.4e+38,-1,290.310516357422,58.0621032714844,0.0649738237261772,58.1640357971191,57.9901924133301,cpu_util,%,1,float32,0,100,-1,216.672561645508,43.3345108032227,0.113381944596767,43.4708862304688,43.1923942565918,dram_mem,B,1,uint64,0,1.84e+19,1.84e+19,80574176338,16114835267.6,40643986.76712,16145036794,16035098477,disk_write,B,1,uint64,0,1.84e+19,1.84e+19,57149952,11429990.4,1364542.89482062,12861952,9081344,disk_read,B,1,uint64,0,1.84e+19,1.84e+19,4069888,813977.6,784589.134116348,2290176,46592,net_read,B,1,uint64,0,1.84e+19,1.84e+19,9495226,1899045.2,67949.364734043,1986244,1803857,net_write,B,1,uint64,0,1.84e+19,1.84e+19,1808792,361758.4,16045.7139274013,384247,337512,money,,1,float32,0,3.4e+38,0,0.0117248313299696,0.0023449662659939,9.28e-06,0.0023558193710937,0.00232987733648,co2,g,1,float32,0,3.4e+38,0,15.0680852957899,3.01361705915799,0.0119301161839532,3.0275648515625,2.9942256265191
567,1_100_0.1_0.01_2_8_20_8192,1,100,0.1,0.01,2,8,20,8192,evaluateNN_3.0,1,,,True,2025-05-01T23:12:33.695,2025-05-01T23:12:33.695,runtime,s,1,float32,0,3.4e+38,-1,2291.27542114258,458.255084228516,23.4140153442467,487.222106933594,429.262878417969,energy,J,1,float32,0,3.4e+38,-1,133358.72265625,26671.74453125,1497.55354479779,28591.572265625,24871.537109375,power,W,1,float32,0,3.4e+38,-1,290.660797119141,58.1321594238281,0.311485169587953,58.611011505127,57.7949028015137,cpu_energy,J,1,float32,0,3.4e+38,-1,133358.71875,26671.744140625,1497.55346679688,28591.572265625,24871.537109375,cpu_power,W,1,float32,0,3.4e+38,-1,290.660797119141,58.1321601867676,0.311485201120377,58.611011505127,57.7949028015137,cpu_util,%,1,float32,0,100,-1,221.964614868164,44.3929214477539,1.16833138465881,45.7631874084473,42.8542900085449,dram_mem,B,1,uint64,0,1.84e+19,1.84e+19,80455082706,16091016541.2,87773004.0700583,16197248265,15930633649,disk_write,B,1,uint64,0,1.84e+19,1.84e+19,61949952,12389990.4,1527715.63130965,14872064,10675712,disk_read,B,1,uint64,0,1.84e+19,1.84e+19,1420288,284057.6,266040.32389215,641536,32256,net_read,B,1,uint64,0,1.84e+19,1.84e+19,11228697,2245739.4,140379.190911759,2476361,2083773,net_write,B,1,uint64,0,1.84e+19,1.84e+19,2514878,502975.6,49648.3125699152,591996,443941,money,,1,float32,0,3.4e+38,0,0.0120430335376519,0.0024086067075303,0.0001352374048371,0.002581977817654,0.0022460379761827,co2,g,1,float32,0,3.4e+38,0,15.4770206460503,3.09540412921007,0.173799408615699,3.31821080349392,2.88648005674913
568,1_200_0.01_0.1_3_16_20_8192,1,200,0.01,0.1,3,16,20,8192,evaluateNN_3.0,1,,,True,2025-05-04T12:42:35.343,2025-05-04T12:42:35.343,runtime,s,1,float32,0,3.4e+38,-1,2830.65014648438,566.130029296875,35.3976692928289,607.151245117188,527.493286132813,energy,J,1,float32,0,3.4e+38,-1,168268.400390625,33653.680078125,2240.67646840008,36254.9296875,31169.626953125,power,W,1,float32,0,3.4e+38,-1,296.891857147217,59.3783714294434,0.266695992800965,59.7258110046387,59.0331192016602,cpu_energy,J,1,float32,0,3.4e+38,-1,168268.40625,33653.6796875,2240.67651367188,36254.9296875,31169.626953125,cpu_power,W,1,float32,0,3.4e+38,-1,296.891845703125,59.3783683776856,0.266695976257324,59.7258110046387,59.0331192016602,cpu_util,%,1,float32,0,100,-1,242.6884765625,48.5376968383789,1.1551421880722,49.9311370849609,47.2879028320313,dram_mem,B,1,uint64,0,1.84e+19,1.84e+19,82922453838,16584490767.6,137450052.318187,16672030760,16310324529,disk_write,B,1,uint64,0,1.84e+19,1.84e+19,80017920,16003584.0,3372360.15846279,19997184,10341888,disk_read,B,1,uint64,0,1.84e+19,1.84e+19,6605312,1321062.4,825623.545313868,2324992,69120,net_read,B,1,uint64,0,1.84e+19,1.84e+19,13833711,2766742.2,248321.79383566,3082239,2480251,net_write,B,1,uint64,0,1.84e+19,1.84e+19,3318787,663757.4,108832.191705579,851451,550098,money,,1,float32,0,3.4e+38,0,0.0151955713797201,0.003039114275944,0.0002023455332991,0.0032740215670572,0.0028147904784613,co2,g,1,float32,0,3.4e+38,0,19.5284826897786,3.90569653795573,0.260042952360432,4.20758600651042,3.61740837250434
570,1_200_0.1_0.1_2_4_5_8192,1,200,0.1,0.1,2,4,5,8192,evaluateNN_3.0,1,,,True,2025-05-05T20:37:30.874,2025-05-05T20:37:30.874,runtime,s,1,float32,0,3.4e+38,-1,1334.31552124023,266.863104248047,1.71575245496715,270.092803955078,265.496246337891,energy,J,1,float32,0,3.4e+38,-1,71604.5361328125,14320.9072265625,85.2047319230968,14464.2041015625,14239.2265625,power,W,1,float32,0,3.4e+38,-1,267.896732330322,53.5793464660645,0.0818175715823699,53.6777000427246,53.4464683532715,cpu_energy,J,1,float32,0,3.4e+38,-1,71604.53125,14320.90625,85.2047348022461,14464.2041015625,14239.2265625,cpu_power,W,1,float32,0,3.4e+38,-1,267.896728515625,53.579345703125,0.0818175673484802,53.6777000427246,53.4464683532715,cpu_util,%,1,float32,0,100,-1,136.162750244141,27.2325496673584,0.0827800706028938,27.3408908843994,27.1404495239258,dram_mem,B,1,uint64,0,1.84e+19,1.84e+19,82065663498,16413132699.6,39227147.4290148,16482818592,16366686545,disk_write,B,1,uint64,0,1.84e+19,1.84e+19,29399552,5879910.4,607295.491587942,6730752,4939264,disk_read,B,1,uint64,0,1.84e+19,1.84e+19,2304512,460902.4,363470.873525569,866304,19968,net_read,B,1,uint64,0,1.84e+19,1.84e+19,6597519,1319503.8,51307.2108865801,1381229,1237302,net_write,B,1,uint64,0,1.84e+19,1.84e+19,1351974,270394.8,16556.0941456613,296799,244638,money,,1,float32,0,3.4e+38,0,0.0064662874157714,0.0012932574831543,7.69e-06,0.0013061979870605,0.0012858812654079,co2,g,1,float32,0,3.4e+38,0,8.31010422119141,1.66202084423828,0.0098884824992971,1.67865124267578,1.65254134939236
571,1_100_0.1_0.01_1_16_5_8192,1,100,0.1,0.01,1,16,5,8192,evaluateNN_3.0,1,,,True,2025-05-01T19:31:01.636,2025-05-01T19:31:01.636,runtime,s,1,float32,0,3.4e+38,-1,1057.68557739258,211.537115478516,2.4531474611027,214.944244384766,208.651229858398,energy,J,1,float32,0,3.4e+38,-1,53154.767578125,10630.953515625,160.400047653029,10852.0712890625,10433.375,power,W,1,float32,0,3.4e+38,-1,250.899410247803,50.1798820495606,0.186169756764687,50.4369659423828,49.9401702880859,cpu_energy,J,1,float32,0,3.4e+38,-1,53154.765625,10630.953125,160.400054931641,10852.0712890625,10433.375,cpu_power,W,1,float32,0,3.4e+38,-1,250.8994140625,50.1798820495606,0.186169758439064,50.4369659423828,49.9401702880859,cpu_util,%,1,float32,0,100,-1,93.9125900268555,18.7825183868408,0.638589203357697,19.7365741729736,18.2620868682861,dram_mem,B,1,uint64,0,1.84e+19,1.84e+19,79931689020,15986337804.0,41929956.8337064,16026465226,15910219102,disk_write,B,1,uint64,0,1.84e+19,1.84e+19,26535936,5307187.2,1442306.54818376,7762432,3779584,disk_read,B,1,uint64,0,1.84e+19,1.84e+19,2014208,402841.6,378766.152841354,1042432,10240,net_read,B,1,uint64,0,1.84e+19,1.84e+19,5250468,1050093.6,55215.7836079504,1137536,968666,net_write,B,1,uint64,0,1.84e+19,1.84e+19,1202365,240473.0,26503.2917276326,284240,210589,money,,1,float32,0,3.4e+38,0,0.004800170816569,0.0009600341633138,1.45e-05,0.0009800023266872,0.0009421917256944,co2,g,1,float32,0,3.4e+38,0,6.16890608170573,1.23378121634115,0.0186153166415099,1.25944316238064,1.21085113194444
573,1_100_0.01_0.1_3_4_10_8192,1,100,0.01,0.1,3,4,10,8192,evaluateNN_3.0,1,,,True,2025-04-30T22:19:41.927,2025-04-30T22:19:41.927,runtime,s,1,float32,0,3.4e+38,-1,2290.95098876953,458.190197753906,1.07400487584406,460.065368652344,456.922943115234,energy,J,1,float32,0,3.4e+38,-1,134274.427734375,26854.885546875,122.517231227415,27061.0078125,26730.40625,power,W,1,float32,0,3.4e+38,-1,292.765121459961,58.5530242919922,0.138457616371981,58.743522644043,58.3394432067871,cpu_energy,J,1,float32,0,3.4e+38,-1,134274.421875,26854.884765625,122.517227172852,27061.0078125,26730.40625,cpu_power,W,1,float32,0,3.4e+38,-1,292.76513671875,58.5530281066895,0.138457611203194,58.743522644043,58.3394432067871,cpu_util,%,1,float32,0,100,-1,207.079055786133,41.4158096313477,0.0942353680729866,41.5616874694824,41.272331237793,dram_mem,B,1,uint64,0,1.84e+19,1.84e+19,80538345696,16107669139.2,40951955.4443618,16158826273,16045955790,disk_write,B,1,uint64,0,1.84e+19,1.84e+19,57800192,11560038.4,1165929.53872755,13238784,10332160,disk_read,B,1,uint64,0,1.84e+19,1.84e+19,3741184,748236.8,642267.183512407,1517056,30208,net_read,B,1,uint64,0,1.84e+19,1.84e+19,9671590,1934318.0,38326.9156964137,2008043,1896178,net_write,B,1,uint64,0,1.84e+19,1.84e+19,1824235,364847.0,34518.4328902689,424717,319220,money,,1,float32,0,3.4e+38,0,0.012125726793457,0.0024251453586914,1.11e-05,0.002443759344401,0.0024139041866319,co2,g,1,float32,0,3.4e+38,0,15.5832933076172,3.11665866152344,0.0142188053352261,3.14058029557292,3.10221214756944
574,1_200_0.1_0_2_4_20_8192,1,200,0.1,0.0,2,4,20,8192,evaluateNN_3.0,1,,,True,2025-05-04T18:10:55.368,2025-05-04T18:10:55.368,runtime,s,1,float32,0,3.4e+38,-1,2986.4990234375,597.2998046875,5.20500846873441,601.616943359375,590.576782226563,energy,J,1,float32,0,3.4e+38,-1,179382.32421875,35876.46484375,328.525501885933,36182.24609375,35431.29296875,power,W,1,float32,0,3.4e+38,-1,300.061267852783,60.0122535705566,0.0529653450640208,60.1071281433106,59.9455909729004,cpu_energy,J,1,float32,0,3.4e+38,-1,179382.328125,35876.46484375,328.525482177734,36182.24609375,35431.29296875,cpu_power,W,1,float32,0,3.4e+38,-1,300.061279296875,60.0122566223145,0.0529653467237949,60.1071281433106,59.9455909729004,cpu_util,%,1,float32,0,100,-1,235.788909912109,47.1577835083008,0.113463051617146,47.3174095153809,47.0541343688965,dram_mem,B,1,uint64,0,1.84e+19,1.84e+19,81662086098,16332417219.6,84550686.8532704,16389755545,16164992300,disk_write,B,1,uint64,0,1.84e+19,1.84e+19,71097856,14219571.2,2454319.10280032,17949696,12177920,disk_read,B,1,uint64,0,1.84e+19,1.84e+19,3755520,751104.0,471257.772268214,1651200,384512,net_read,B,1,uint64,0,1.84e+19,1.84e+19,14708681,2941736.2,58094.3361659293,3033449,2858266,net_write,B,1,uint64,0,1.84e+19,1.84e+19,3540387,708077.4,63966.6512226488,831350,650847,money,,1,float32,0,3.4e+38,0,0.016199220445421,0.0032398440890842,2.97e-05,0.0032674578347439,0.0031996425955946,co2,g,1,float32,0,3.4e+38,0,20.8183152940538,4.16366305881076,0.0381272096355395,4.19915067165799,4.11199838953993
577,1_200_0.01_0.1_1_8_20_8192,1,200,0.01,0.1,1,8,20,8192,evaluateNN_3.0,1,,,True,2025-05-04T01:55:20.167,2025-05-04T01:55:20.167,runtime,s,1,float32,0,3.4e+38,-1,1860.48721313477,372.097442626953,15.5210056693728,393.146240234375,349.497955322266,energy,J,1,float32,0,3.4e+38,-1,105008.138671875,21001.627734375,1010.15886243771,22368.0546875,19548.4453125,power,W,1,float32,0,3.4e+38,-1,281.729904174805,56.3459808349609,0.361885209324297,56.8036880493164,55.8639373779297,cpu_energy,J,1,float32,0,3.4e+38,-1,105008.140625,21001.62890625,1010.15881347656,22368.0546875,19548.4453125,cpu_power,W,1,float32,0,3.4e+38,-1,281.729919433594,56.3459854125977,0.361885219812393,56.8036880493164,55.8639373779297,cpu_util,%,1,float32,0,100,-1,196.089691162109,39.2179374694824,1.20029246807098,40.8275947570801,37.5005722045898,dram_mem,B,1,uint64,0,1.84e+19,1.84e+19,82490553991,16498110798.2,108978829.300588,16611642249,16308940968,disk_write,B,1,uint64,0,1.84e+19,1.84e+19,50140160,10028032.0,2127719.03511794,13514752,7898624,disk_read,B,1,uint64,0,1.84e+19,1.84e+19,4895744,979148.8,605736.776852256,1840640,99840,net_read,B,1,uint64,0,1.84e+19,1.84e+19,8753370,1750674.0,85252.5138022334,1903003,1671775,net_write,B,1,uint64,0,1.84e+19,1.84e+19,2020043,404008.6,36503.046407663,441454,341162,money,,1,float32,0,3.4e+38,0,0.0094828183006184,0.0018965636601237,9.12e-05,0.0020199596052517,0.0017653332141927,co2,g,1,float32,0,3.4e+38,0,12.1867778714193,2.43735557428385,0.117234547979577,2.59593701345486,2.26870568098958
579,1_200_0.1_0_2_16_5_8192,1,200,0.1,0.0,2,16,5,8192,evaluateNN_3.0,1,,,True,2025-05-04T20:23:46.180,2025-05-04T20:23:46.180,runtime,s,1,float32,0,3.4e+38,-1,1158.40321350098,231.680642700195,12.4043125823845,247.587768554688,213.801849365234,energy,J,1,float32,0,3.4e+38,-1,59076.72265625,11815.34453125,791.236958659518,12815.9638671875,10645.0234375,power,W,1,float32,0,3.4e+38,-1,254.488964080811,50.8977928161621,0.70138361809057,51.6972503662109,49.7347717285156,cpu_energy,J,1,float32,0,3.4e+38,-1,59076.72265625,11815.3447265625,791.236938476563,12815.9638671875,10645.0234375,cpu_power,W,1,float32,0,3.4e+38,-1,254.488952636719,50.8977890014648,0.701383590698242,51.6972503662109,49.7347717285156,cpu_util,%,1,float32,0,100,-1,107.091400146484,21.4182796478272,2.30904364585876,24.4911632537842,18.0111637115479,dram_mem,B,1,uint64,0,1.84e+19,1.84e+19,82989564810,16597912962.0,145748183.73269,16731719474,16315386589,disk_write,B,1,uint64,0,1.84e+19,1.84e+19,27715584,5543116.8,1163516.4841487,6740480,3601408,disk_read,B,1,uint64,0,1.84e+19,1.84e+19,1649664,329932.8,293008.362740998,778752,10240,net_read,B,1,uint64,0,1.84e+19,1.84e+19,4755298,951059.6,71639.1722358655,1007888,810734,net_write,B,1,uint64,0,1.84e+19,1.84e+19,909480,181896.0,27170.7837133933,215580,133057,money,,1,float32,0,3.4e+38,0,0.0053349562598741,0.0010669912519748,7.15e-05,0.0011573527370062,0.0009613047554253,co2,g,1,float32,0,3.4e+38,0,6.85618186827257,1.37123637365451,0.0918274448133185,1.48736380658637,1.23541410894097
581,1_200_0.1_0.01_1_8_5_8192,1,200,0.1,0.01,1,8,5,8192,evaluateNN_3.0,1,,,True,2025-05-05T04:31:41.774,2025-05-05T04:31:41.774,runtime,s,1,float32,0,3.4e+38,-1,1056.12664794922,211.225329589844,3.2434360962294,215.515106201172,207.279724121094,energy,J,1,float32,0,3.4e+38,-1,52394.935546875,10478.987109375,188.933547108923,10746.9462890625,10262.96484375,power,W,1,float32,0,3.4e+38,-1,247.632789611816,49.5265579223633,0.146764342389896,49.7910423278809,49.3588218688965,cpu_energy,J,1,float32,0,3.4e+38,-1,52394.93359375,10478.986328125,188.933547973633,10746.9462890625,10262.96484375,cpu_power,W,1,float32,0,3.4e+38,-1,247.632797241211,49.5265579223633,0.14676433801651,49.7910423278809,49.3588218688965,cpu_util,%,1,float32,0,100,-1,91.8830337524414,18.3766059875488,0.890477001667023,19.4852523803711,16.9894752502441,dram_mem,B,1,uint64,0,1.84e+19,1.84e+19,80529500957,16105900191.4,80140688.7065364,16194288682,15963040792,disk_write,B,1,uint64,0,1.84e+19,1.84e+19,23869952,4773990.4,208405.107923582,4980736,4398080,disk_read,B,1,uint64,0,1.84e+19,1.84e+19,2631168,526233.6,708373.447423772,1856512,15360,net_read,B,1,uint64,0,1.84e+19,1.84e+19,4946017,989203.4,40975.5149551534,1029995,911013,net_write,B,1,uint64,0,1.84e+19,1.84e+19,1104840,220968.0,17744.5342007053,247719,192071,money,,1,float32,0,3.4e+38,0,0.004731553762858,0.0009463107525716,1.71e-05,0.0009705089551595,0.0009268027418619,co2,g,1,float32,0,3.4e+38,0,6.08072335319011,1.21614467063802,0.0219267877728079,1.24724282210286,1.19107408658854
582,1_100_0.1_0_1_8_20_8192,1,100,0.1,0.0,1,8,20,8192,evaluateNN_3.0,1,,,True,2025-05-01T05:20:38.892,2025-05-01T05:20:38.892,runtime,s,1,float32,0,3.4e+38,-1,1794.44027709961,358.888055419922,4.7925739116916,366.723052978516,353.776641845703,energy,J,1,float32,0,3.4e+38,-1,100532.69921875,20106.53984375,336.652685091978,20614.84375,19706.5,power,W,1,float32,0,3.4e+38,-1,279.811317443848,55.9622634887695,0.23424932345884,56.2878875732422,55.6477890014648,cpu_energy,J,1,float32,0,3.4e+38,-1,100532.703125,20106.541015625,336.652679443359,20614.84375,19706.5,cpu_power,W,1,float32,0,3.4e+38,-1,279.811309814453,55.9622611999512,0.234249323606491,56.2878875732422,55.6477890014648,cpu_util,%,1,float32,0,100,-1,190.615844726563,38.1231689453125,0.449198037385941,38.8201065063477,37.5594367980957,dram_mem,B,1,uint64,0,1.84e+19,1.84e+19,80597318348,16119463669.6,61012242.5128525,16238298411,16063536266,disk_write,B,1,uint64,0,1.84e+19,1.84e+19,39566336,7913267.2,739642.338052224,8997376,7164416,disk_read,B,1,uint64,0,1.84e+19,1.84e+19,2224128,444825.6,366797.085873702,961024,37376,net_read,B,1,uint64,0,1.84e+19,1.84e+19,8844712,1768942.4,47981.0743839694,1842113,1700085,net_write,B,1,uint64,0,1.84e+19,1.84e+19,1986665,397333.0,28582.6728071396,427952,350078,money,,1,float32,0,3.4e+38,0,0.0090786612544487,0.0018157322508897,3.04e-05,0.0018616349175347,0.0017796064305555,co2,g,1,float32,0,3.4e+38,0,11.6673782593316,2.33347565186632,0.039070414397619,2.39246714409722,2.28704880555556
583,1_100_0.1_0.01_1_16_10_8192,1,100,0.1,0.01,1,16,10,8192,evaluateNN_3.0,1,,,True,2025-05-01T19:49:04.204,2025-05-01T19:49:04.204,runtime,s,1,float32,0,3.4e+38,-1,1287.78581237793,257.557162475586,15.4873217798864,270.647033691406,227.460647583008,energy,J,1,float32,0,3.4e+38,-1,68064.9013671875,13612.9802734375,1026.67195534611,14435.123046875,11601.861328125,power,W,1,float32,0,3.4e+38,-1,263.564910888672,52.7129821777344,0.896682808875305,53.266716003418,50.9254150390625,cpu_energy,J,1,float32,0,3.4e+38,-1,68064.90625,13612.9814453125,1026.67199707031,14435.123046875,11601.861328125,cpu_power,W,1,float32,0,3.4e+38,-1,263.564910888672,52.7129821777344,0.896682798862457,53.266716003418,50.9254150390625,cpu_util,%,1,float32,0,100,-1,135.414001464844,27.082799911499,2.76966905593872,29.1761035919189,21.6257648468018,dram_mem,B,1,uint64,0,1.84e+19,1.84e+19,79853331490,15970666298.0,23957421.8942536,16006285625,15933743763,disk_write,B,1,uint64,0,1.84e+19,1.84e+19,43117056,8623411.2,3437295.22144412,14473728,4768256,disk_read,B,1,uint64,0,1.84e+19,1.84e+19,2939392,587878.4,798774.768994014,2106880,12800,net_read,B,1,uint64,0,1.84e+19,1.84e+19,6457532,1291506.4,128352.515039792,1540093,1170742,net_write,B,1,uint64,0,1.84e+19,1.84e+19,1610852,322170.4,81091.287691342,483052,263516,money,,1,float32,0,3.4e+38,0,0.0061466387317979,0.0012293277463595,9.27e-05,0.0013035718062608,0.0010477125327148,co2,g,1,float32,0,3.4e+38,0,7.89930994200304,1.57986198840061,0.119150984151001,1.67527622471788,1.34646046191406
584,1_200_0.1_0_2_8_5_8192,1,200,0.1,0.0,2,8,5,8192,evaluateNN_3.0,1,,,True,2025-05-04T19:01:06.862,2025-05-04T19:01:06.862,runtime,s,1,float32,0,3.4e+38,-1,1165.89710998535,233.17942199707,6.48835323821454,242.763473510742,223.148284912109,energy,J,1,float32,0,3.4e+38,-1,59165.685546875,11833.137109375,433.92831234985,12508.51953125,11190.43359375,power,W,1,float32,0,3.4e+38,-1,253.275127410889,50.6550254821777,0.474729667432432,51.4736595153809,50.043384552002,cpu_energy,J,1,float32,0,3.4e+38,-1,59165.68359375,11833.13671875,433.928314208984,12508.51953125,11190.43359375,cpu_power,W,1,float32,0,3.4e+38,-1,253.275115966797,50.6550216674805,0.474729657173157,51.4736595153809,50.043384552002,cpu_util,%,1,float32,0,100,-1,107.125900268555,21.4251804351807,1.27218794822693,23.3819637298584,19.5528907775879,dram_mem,B,1,uint64,0,1.84e+19,1.84e+19,82175277113,16435055422.6,109120891.192429,16547668162,16226287110,disk_write,B,1,uint64,0,1.84e+19,1.84e+19,30509568,6101913.6,1683938.41924764,9423872,4828160,disk_read,B,1,uint64,0,1.84e+19,1.84e+19,3328512,665702.4,577788.531456138,1723904,10240,net_read,B,1,uint64,0,1.84e+19,1.84e+19,5620391,1124078.2,32365.0645072739,1170507,1083870,net_write,B,1,uint64,0,1.84e+19,1.84e+19,1286782,257356.4,16506.2617766713,278027,237112,money,,1,float32,0,3.4e+38,0,0.0053429901031358,0.0010685980206271,3.92e-05,0.001129588805447,0.0010105583225911,co2,g,1,float32,0,3.4e+38,0,6.86650650596788,1.37330130119358,0.0503597913610465,1.45168318337674,1.29871198763021
588,1_200_0.01_0.01_1_8_10_8192,1,200,0.01,0.01,1,8,10,8192,evaluateNN_3.0,1,,,True,2025-05-03T11:48:11.538,2025-05-03T11:48:11.538,runtime,s,1,float32,0,3.4e+38,-1,1310.06771850586,262.013543701172,4.19927446148311,267.608123779297,256.112396240234,energy,J,1,float32,0,3.4e+38,-1,69018.6064453125,13803.7212890625,274.766803635521,14169.62109375,13396.9501953125,power,W,1,float32,0,3.4e+38,-1,262.979579925537,52.5959159851074,0.230476814890132,52.882625579834,52.1976318359375,cpu_energy,J,1,float32,0,3.4e+38,-1,69018.6015625,13803.720703125,274.766815185547,14169.62109375,13396.9501953125,cpu_power,W,1,float32,0,3.4e+38,-1,262.979583740234,52.5959167480469,0.230476811528206,52.882625579834,52.1976318359375,cpu_util,%,1,float32,0,100,-1,138.406646728516,27.6813297271729,0.734596490859985,28.6966533660889,26.4794578552246,dram_mem,B,1,uint64,0,1.84e+19,1.84e+19,80444418073,16088883614.6,32222417.5187558,16128030298,16042037089,disk_write,B,1,uint64,0,1.84e+19,1.84e+19,41564160,8312832.0,2767026.75840014,12624384,5306368,disk_read,B,1,uint64,0,1.84e+19,1.84e+19,3876864,775372.8,987975.429311964,2696704,16896,net_read,B,1,uint64,0,1.84e+19,1.84e+19,5558030,1111606.0,77947.1715176375,1262286,1043916,net_write,B,1,uint64,0,1.84e+19,1.84e+19,1203429,240685.8,67592.7539944926,374337,194445,money,,1,float32,0,3.4e+38,0,0.0062327635987141,0.0012465527197428,2.48e-05,0.0012795955048828,0.0012098190301378,co2,g,1,float32,0,3.4e+38,0,8.00999271468099,1.6019985429362,0.0318882140441447,1.64446324804688,1.5547904976671
589,1_200_0.1_0_1_16_20_8192,1,200,0.1,0.0,1,16,20,8192,evaluateNN_3.0,1,,,True,2025-05-04T16:45:23.128,2025-05-04T16:45:23.128,runtime,s,1,float32,0,3.4e+38,-1,1810.48211669922,362.096423339844,25.7670147615461,388.277587890625,325.476593017578,energy,J,1,float32,0,3.4e+38,-1,102356.109375,20471.221875,1620.09294449237,22078.63671875,18192.98828125,power,W,1,float32,0,3.4e+38,-1,282.166999816895,56.4333999633789,0.47626119453068,56.9274368286133,55.8229522705078,cpu_energy,J,1,float32,0,3.4e+38,-1,102356.109375,20471.22265625,1620.09301757813,22078.63671875,18192.98828125,cpu_power,W,1,float32,0,3.4e+38,-1,282.1669921875,56.4333992004395,0.47626119852066,56.9274368286133,55.8229522705078,cpu_util,%,1,float32,0,100,-1,193.353866577148,38.6707725524902,1.96221029758453,40.5579490661621,35.8798179626465,dram_mem,B,1,uint64,0,1.84e+19,1.84e+19,82442052548,16488410509.6,192336813.234855,16771230471,16192856410,disk_write,B,1,uint64,0,1.84e+19,1.84e+19,47880192,9576038.4,1775811.05715238,12679680,8133632,disk_read,B,1,uint64,0,1.84e+19,1.84e+19,3188736,637747.2,449525.456641735,1279488,236032,net_read,B,1,uint64,0,1.84e+19,1.84e+19,8919617,1783923.4,173854.898483304,1996546,1540042,net_write,B,1,uint64,0,1.84e+19,1.84e+19,2157445,431489.0,80748.711340801,576694,345725,money,,1,float32,0,3.4e+38,0,0.0092433253216145,0.0018486650643229,0.000146303393404,0.001993823554796,0.0016429279139539,co2,g,1,float32,0,3.4e+38,0,11.8789951380208,2.37579902760417,0.188020786724697,2.56234845030382,2.11139736219618
591,1_100_0.1_0.01_3_16_20_8192,1,100,0.1,0.01,3,16,20,8192,evaluateNN_3.0,1,,,True,2025-05-02T05:50:53.086,2025-05-02T05:50:53.086,runtime,s,1,float32,0,3.4e+38,-1,2891.07104492188,578.214208984375,28.7782947127516,606.72802734375,524.146728515625,energy,J,1,float32,0,3.4e+38,-1,172681.1640625,34536.2328125,1874.93609671149,36341.453125,30985.453125,power,W,1,float32,0,3.4e+38,-1,298.320953369141,59.6641906738281,0.31557100488745,59.8621635437012,59.0375671386719,cpu_energy,J,1,float32,0,3.4e+38,-1,172681.15625,34536.23046875,1874.93603515625,36341.453125,30985.453125,cpu_power,W,1,float32,0,3.4e+38,-1,298.320953369141,59.664192199707,0.315571010112762,59.8621635437012,59.0375671386719,cpu_util,%,1,float32,0,100,-1,246.928924560547,49.3857841491699,1.01401627063751,50.3332214355469,47.4420166015625,dram_mem,B,1,uint64,0,1.84e+19,1.84e+19,80718020808,16143604161.6,51941556.7963036,16206110532,16050613867,disk_write,B,1,uint64,0,1.84e+19,1.84e+19,79100416,15820083.2,5152495.46471635,25784320,11691008,disk_read,B,1,uint64,0,1.84e+19,1.84e+19,7289344,1457868.8,1196153.31329966,3145728,28672,net_read,B,1,uint64,0,1.84e+19,1.84e+19,13770818,2754163.6,328808.821519496,3032640,2108222,net_write,B,1,uint64,0,1.84e+19,1.84e+19,3103606,620721.2,125639.454372263,764372,386004,money,,1,float32,0,3.4e+38,0,0.0155940684546441,0.0031188136909288,0.0001693171458446,0.0032818351141493,0.0027981585585937,co2,g,1,float32,0,3.4e+38,0,20.0406084292535,4.00812168585069,0.217596750335017,4.21762753211806,3.5960339765625
593,1_200_0.01_0_1_4_10_8192,1,200,0.01,0.0,1,4,10,8192,evaluateNN_3.0,1,,,True,2025-05-02T20:42:13.867,2025-05-02T20:42:13.867,runtime,s,1,float32,0,3.4e+38,-1,1533.93942260742,306.787884521484,1.87503481500808,309.066802978516,303.767669677734,energy,J,1,float32,0,3.4e+38,-1,83237.08203125,16647.41640625,107.611252114851,16762.013671875,16484.216796875,power,W,1,float32,0,3.4e+38,-1,271.002170562744,54.2004341125488,0.0614729070446688,54.2682228088379,54.1067924499512,cpu_energy,J,1,float32,0,3.4e+38,-1,83237.0859375,16647.41796875,107.611251831055,16762.013671875,16484.216796875,cpu_power,W,1,float32,0,3.4e+38,-1,271.002166748047,54.2004318237305,0.0614729076623917,54.2682228088379,54.1067924499512,cpu_util,%,1,float32,0,100,-1,160.151901245117,32.0303802490234,0.229277893900871,32.2485389709473,31.7337703704834,dram_mem,B,1,uint64,0,1.84e+19,1.84e+19,80723785012,16144757002.4,103862509.60484,16304418670,15983451319,disk_write,B,1,uint64,0,1.84e+19,1.84e+19,41816064,8363212.8,2595114.78955351,11727872,6065152,disk_read,B,1,uint64,0,1.84e+19,1.84e+19,1945600,389120.0,248688.472186388,736256,27136,net_read,B,1,uint64,0,1.84e+19,1.84e+19,6655625,1331125.0,103939.725150685,1533516,1242626,net_write,B,1,uint64,0,1.84e+19,1.84e+19,1398953,279790.6,83830.9923491306,443762,217761,money,,1,float32,0,3.4e+38,0,0.0075167709356553,0.001503354187131,9.72e-06,0.0015137029568684,0.00148861635574,co2,g,1,float32,0,3.4e+38,0,9.66012579796007,1.93202515959201,0.012488883648218,1.94532480891927,1.91308493825955
594,1_200_0.1_0.01_1_8_20_8192,1,200,0.1,0.01,1,8,20,8192,evaluateNN_3.0,1,,,True,2025-05-05T05:12:09.602,2025-05-05T05:12:09.602,runtime,s,1,float32,0,3.4e+38,-1,1849.25866699219,369.851733398438,3.30404244436715,375.462707519531,366.538787841797,energy,J,1,float32,0,3.4e+38,-1,103818.97265625,20763.79453125,187.006522954911,21058.75,20540.93359375,power,W,1,float32,0,3.4e+38,-1,280.358577728272,56.0717155456543,0.0684733120955525,56.1665153503418,55.9741516113281,cpu_energy,J,1,float32,0,3.4e+38,-1,103818.96875,20763.79296875,187.006530761719,21058.75,20540.93359375,cpu_power,W,1,float32,0,3.4e+38,-1,280.358581542969,56.0717163085938,0.0684733092784882,56.1665153503418,55.9741516113281,cpu_util,%,1,float32,0,100,-1,193.252838134766,38.6505661010742,0.223544493317604,38.8737258911133,38.2828826904297,dram_mem,B,1,uint64,0,1.84e+19,1.84e+19,81149625006,16229925001.2,126281737.681142,16450972525,16059256136,disk_write,B,1,uint64,0,1.84e+19,1.84e+19,41204224,8240844.8,295457.380159237,8442368,7662080,disk_read,B,1,uint64,0,1.84e+19,1.84e+19,2891264,578252.8,409603.148787897,971776,45568,net_read,B,1,uint64,0,1.84e+19,1.84e+19,9005534,1801106.8,24701.5770298174,1832004,1776621,net_write,B,1,uint64,0,1.84e+19,1.84e+19,2051116,410223.2,17010.2324428563,431109,387282,money,,1,float32,0,3.4e+38,0,0.0093754300029296,0.0018750860005859,1.69e-05,0.0019017221180555,0.0018549604198133,co2,g,1,float32,0,3.4e+38,0,12.0487685488281,2.40975370976563,0.021703145914045,2.44398493055556,2.38388945985243
595,1_200_0.01_0_2_16_5_8192,1,200,0.01,0.0,2,16,5,8192,evaluateNN_3.0,1,,,True,2025-05-03T03:16:21.794,2025-05-03T03:16:21.794,runtime,s,1,float32,0,3.4e+38,-1,1150.12606811523,230.025213623047,17.7532475719622,244.551452636719,200.946197509766,energy,J,1,float32,0,3.4e+38,-1,59082.009765625,11816.401953125,1128.38348543032,12761.20703125,9966.0205078125,power,W,1,float32,0,3.4e+38,-1,256.101879119873,51.2203758239746,0.994259602128563,52.1041526794434,49.5431251525879,cpu_energy,J,1,float32,0,3.4e+38,-1,59082.0078125,11816.4013671875,1128.38342285156,12761.20703125,9966.0205078125,cpu_power,W,1,float32,0,3.4e+38,-1,256.101867675781,51.2203750610352,0.994259655475617,52.1041526794434,49.5431251525879,cpu_util,%,1,float32,0,100,-1,111.261627197266,22.2523250579834,3.49385142326355,25.0296783447266,16.3361377716064,dram_mem,B,1,uint64,0,1.84e+19,1.84e+19,80537497577,16107499515.4,63218435.7099236,16205984169,16011519832,disk_write,B,1,uint64,0,1.84e+19,1.84e+19,29136896,5827379.2,1373363.99381117,7656960,4435968,disk_read,B,1,uint64,0,1.84e+19,1.84e+19,1382400,276480.0,334950.540874321,913920,17408,net_read,B,1,uint64,0,1.84e+19,1.84e+19,4923879,984775.8,71912.1984572854,1064487,861995,net_write,B,1,uint64,0,1.84e+19,1.84e+19,966050,193210.0,22592.9832735741,215380,154511,money,,1,float32,0,3.4e+38,0,0.0053354337152235,0.0010670867430447,0.0001018992975314,0.0011524078905164,0.000899987018636,co2,g,1,float32,0,3.4e+38,0,6.85679546668837,1.37135909333767,0.13095517228133,1.48100897157118,1.15661204671224
598,1_200_0.01_0_3_16_5_8192,1,200,0.01,0.0,3,16,5,8192,evaluateNN_3.0,1,,,True,2025-05-03T08:24:06.999,2025-05-03T08:24:06.999,runtime,s,1,float32,0,3.4e+38,-1,1298.19488525391,259.638977050781,6.88735804127544,269.835845947266,248.190612792969,energy,J,1,float32,0,3.4e+38,-1,68680.8662109375,13736.1732421875,435.160685570555,14381.5390625,13012.751953125,power,W,1,float32,0,3.4e+38,-1,264.064998626709,52.8129997253418,0.293207532580031,53.2399787902832,52.3247299194336,cpu_energy,J,1,float32,0,3.4e+38,-1,68680.8671875,13736.173828125,435.160705566406,14381.5390625,13012.751953125,cpu_power,W,1,float32,0,3.4e+38,-1,264.065002441406,52.8129997253418,0.29320752620697,53.2399787902832,52.3247299194336,cpu_util,%,1,float32,0,100,-1,136.611923217773,27.3223838806152,1.14172005653381,29.0789680480957,25.4707984924316,dram_mem,B,1,uint64,0,1.84e+19,1.84e+19,80505882520,16101176504.0,80828328.2561529,16160467359,15941315019,disk_write,B,1,uint64,0,1.84e+19,1.84e+19,30085632,6017126.4,900011.326711303,6906880,4380672,disk_read,B,1,uint64,0,1.84e+19,1.84e+19,1366528,273305.6,216915.590404747,570880,67584,net_read,B,1,uint64,0,1.84e+19,1.84e+19,5352414,1070482.8,55595.9727512704,1153999,982796,net_write,B,1,uint64,0,1.84e+19,1.84e+19,976757,195351.4,6468.95591575642,207694,189482,money,,1,float32,0,3.4e+38,0,0.0062022637792155,0.0012404527558431,3.93e-05,0.0012987328747829,0.0011751237944335,co2,g,1,float32,0,3.4e+38,0,7.97079608414714,1.59415921682943,0.0505028151198272,1.66905750564236,1.51020215722656
600,1_200_0.1_0.1_1_16_20_8192,1,200,0.1,0.1,1,16,20,8192,evaluateNN_3.0,1,,,True,2025-05-05T20:06:14.741,2025-05-05T20:06:14.741,runtime,s,1,float32,0,3.4e+38,-1,1851.22418212891,370.244836425781,11.5306000654692,384.04736328125,351.150207519531,energy,J,1,float32,0,3.4e+38,-1,104917.255859375,20983.451171875,727.645103536779,21870.015625,19783.44921875,power,W,1,float32,0,3.4e+38,-1,282.968227386475,56.5936454772949,0.208392574686237,56.8501167297363,56.2444953918457,cpu_energy,J,1,float32,0,3.4e+38,-1,104917.2578125,20983.451171875,727.645080566406,21870.015625,19783.44921875,cpu_power,W,1,float32,0,3.4e+38,-1,282.968200683594,56.5936393737793,0.208392575383186,56.8501167297363,56.2444953918457,cpu_util,%,1,float32,0,100,-1,197.137924194336,39.4275856018066,0.865724265575409,40.4373054504395,37.9283294677734,dram_mem,B,1,uint64,0,1.84e+19,1.84e+19,81601489882,16320297976.4,46245010.0541591,16379436957,16266994582,disk_write,B,1,uint64,0,1.84e+19,1.84e+19,41566720,8313344.0,1168898.62391296,10032640,6435328,disk_read,B,1,uint64,0,1.84e+19,1.84e+19,3524096,704819.2,792744.174819191,2217984,147968,net_read,B,1,uint64,0,1.84e+19,1.84e+19,9190273,1838054.6,109256.906494006,1946896,1682462,net_write,B,1,uint64,0,1.84e+19,1.84e+19,1907431,381486.2,12119.5319777622,394130,361820,money,,1,float32,0,3.4e+38,0,0.0094746110777452,0.001894922215549,6.57e-05,0.0019749839110243,0.0017865553725043,co2,g,1,float32,0,3.4e+38,0,12.1762304161241,2.43524608322483,0.0844472567382405,2.53813681336806,2.29597918988715
603,1_200_0.01_0.1_3_16_10_8192,1,200,0.01,0.1,3,16,10,8192,evaluateNN_3.0,1,,,True,2025-05-04T12:12:36.597,2025-05-04T12:12:36.597,runtime,s,1,float32,0,3.4e+38,-1,1773.84469604492,354.768939208984,16.0160400633131,377.686859130859,336.763793945313,energy,J,1,float32,0,3.4e+38,-1,99943.646484375,19988.729296875,1059.49212854807,21474.3046875,18786.0,power,W,1,float32,0,3.4e+38,-1,281.278625488281,56.2557250976563,0.445582472492644,56.799674987793,55.723316192627,cpu_energy,J,1,float32,0,3.4e+38,-1,99943.6484375,19988.73046875,1059.4921875,21474.3046875,18786.0,cpu_power,W,1,float32,0,3.4e+38,-1,281.278625488281,56.2557258605957,0.44558247923851,56.799674987793,55.723316192627,cpu_util,%,1,float32,0,100,-1,191.030548095703,38.2061080932617,1.40396749973297,40.1751976013184,36.5041389465332,dram_mem,B,1,uint64,0,1.84e+19,1.84e+19,80402681715,16080536343.0,41212333.6818422,16118205984,16001400965,disk_write,B,1,uint64,0,1.84e+19,1.84e+19,41746432,8349286.4,366172.921577552,8954880,7902720,disk_read,B,1,uint64,0,1.84e+19,1.84e+19,1436672,287334.4,337110.59815651,942080,42496,net_read,B,1,uint64,0,1.84e+19,1.84e+19,8531286,1706257.2,161676.122586361,1924182,1421181,net_write,B,1,uint64,0,1.84e+19,1.84e+19,1868010,373602.0,54462.0277514527,428770,271444,money,,1,float32,0,3.4e+38,0,0.0090254665200195,0.0018050933040039,9.57e-05,0.0019392490149739,0.0016964801666666,co2,g,1,float32,0,3.4e+38,0,11.5990154169922,2.31980308339844,0.122959947585384,2.49221236067708,2.18021966666667
604,1_100_0.01_0.1_2_16_20_8192,1,100,0.01,0.1,2,16,20,8192,evaluateNN_3.0,1,,,True,2025-04-30T21:12:54.310,2025-04-30T21:12:54.310,runtime,s,1,float32,0,3.4e+38,-1,2419.03857421875,483.80771484375,16.962983523115,498.146148681641,451.674102783203,energy,J,1,float32,0,3.4e+38,-1,141905.193359375,28381.038671875,1061.37789666116,29303.57421875,26363.21484375,power,W,1,float32,0,3.4e+38,-1,292.963661193848,58.5927322387695,0.154388024951133,58.7499618530273,58.3144645690918,cpu_energy,J,1,float32,0,3.4e+38,-1,141905.203125,28381.041015625,1061.3779296875,29303.57421875,26363.21484375,cpu_power,W,1,float32,0,3.4e+38,-1,292.963684082031,58.5927352905273,0.154388025403023,58.7499618530273,58.3144645690918,cpu_util,%,1,float32,0,100,-1,229.417831420898,45.8835678100586,0.728922247886658,46.5466003417969,44.4973526000977,dram_mem,B,1,uint64,0,1.84e+19,1.84e+19,80355041934,16071008386.8,23507435.8448041,16102522304,16039343382,disk_write,B,1,uint64,0,1.84e+19,1.84e+19,52628992,10525798.4,803471.888808961,11635200,9174528,disk_read,B,1,uint64,0,1.84e+19,1.84e+19,1860096,372019.2,365255.302453722,819200,40448,net_read,B,1,uint64,0,1.84e+19,1.84e+19,10269545,2053909.0,83264.1393326083,2149255,1932836,net_write,B,1,uint64,0,1.84e+19,1.84e+19,1870491,374098.2,20026.2462723297,393417,337377,money,,1,float32,0,3.4e+38,0,0.0128148273225369,0.0025629654645073,9.58e-05,0.0026462755495876,0.0023807447626953,co2,g,1,float32,0,3.4e+38,0,16.4688860515408,3.29377721030816,0.123178801451398,3.40084258572049,3.05959754492188
605,1_100_0.01_0.01_2_16_5_8192,1,100,0.01,0.01,2,16,5,8192,evaluateNN_3.0,1,,,True,2025-04-30T06:44:38.524,2025-04-30T06:44:38.524,runtime,s,1,float32,0,3.4e+38,-1,1123.15397644043,224.630795288086,11.5171980480483,240.224868774414,208.378952026367,energy,J,1,float32,0,3.4e+38,-1,57355.7568359375,11471.1513671875,720.189500672226,12449.25,10457.48046875,power,W,1,float32,0,3.4e+38,-1,254.758457183838,50.9516914367676,0.592669088113442,51.7216300964356,50.0997123718262,cpu_energy,J,1,float32,0,3.4e+38,-1,57355.7578125,11471.1513671875,720.189514160156,12449.25,10457.48046875,cpu_power,W,1,float32,0,3.4e+38,-1,254.75846862793,50.9516944885254,0.592669129371643,51.7216300964356,50.0997123718262,cpu_util,%,1,float32,0,100,-1,108.926628112793,21.7853260040283,2.34536290168762,24.997106552124,18.5219058990479,dram_mem,B,1,uint64,0,1.84e+19,1.84e+19,82330911424,16466182284.8,96339869.2466698,16560633669,16292020206,disk_write,B,1,uint64,0,1.84e+19,1.84e+19,32010752,6402150.4,3346272.8876739,12875776,3666944,disk_read,B,1,uint64,0,1.84e+19,1.84e+19,532992,106598.4,124005.681253078,346112,10240,net_read,B,1,uint64,0,1.84e+19,1.84e+19,4864661,972932.2,48106.9663537413,1064224,922827,net_write,B,1,uint64,0,1.84e+19,1.84e+19,1065480,213096.0,63848.7195392359,340082,173151,money,,1,float32,0,3.4e+38,0,0.0051795434853786,0.0010359086970757,6.5e-05,0.0011242364375,0.0009443685834418,co2,g,1,float32,0,3.4e+38,0,6.65645422390408,1.33129084478082,0.0835819926057933,1.444804625,1.21364870551215
607,1_100_0.01_0.1_2_4_5_8192,1,100,0.01,0.1,2,4,5,8192,evaluateNN_3.0,1,,,True,2025-04-30T17:18:03.832,2025-04-30T17:18:03.832,runtime,s,1,float32,0,3.4e+38,-1,1346.84170532227,269.368341064453,0.724131069873453,270.528839111328,268.405792236328,energy,J,1,float32,0,3.4e+38,-1,72442.82421875,14488.56484375,40.0678411799297,14527.0419921875,14417.1982421875,power,W,1,float32,0,3.4e+38,-1,268.569061279297,53.7138122558594,0.0701591003656407,53.781421661377,53.6237831115723,cpu_energy,J,1,float32,0,3.4e+38,-1,72442.828125,14488.5654296875,40.0678405761719,14527.0419921875,14417.1982421875,cpu_power,W,1,float32,0,3.4e+38,-1,268.569061279297,53.7138137817383,0.0701590999960899,53.781421661377,53.6237831115723,cpu_util,%,1,float32,0,100,-1,136.970733642578,27.3941459655762,0.0973197370767593,27.4900722503662,27.2538738250732,dram_mem,B,1,uint64,0,1.84e+19,1.84e+19,80419023218,16083804643.6,55296955.765532,16123151944,15974321152,disk_write,B,1,uint64,0,1.84e+19,1.84e+19,33888768,6777753.6,580643.613158226,7459840,6018048,disk_read,B,1,uint64,0,1.84e+19,1.84e+19,2388480,477696.0,350486.046348211,832512,12288,net_read,B,1,uint64,0,1.84e+19,1.84e+19,7186611,1437322.2,59374.4226090663,1514822,1352202,net_write,B,1,uint64,0,1.84e+19,1.84e+19,1395114,279022.8,10029.9609650287,289947,266089,money,,1,float32,0,3.4e+38,0,0.0065419894870876,0.0013083978974175,3.62e-06,0.0013118725976833,0.0013019530968153,co2,g,1,float32,0,3.4e+38,0,8.40739221072049,1.6814784421441,0.0046500955680485,1.68594392898221,1.67319595155165
608,1_200_0.01_0.1_2_4_5_8192,1,200,0.01,0.1,2,4,5,8192,evaluateNN_3.0,1,,,True,2025-05-04T03:36:45.048,2025-05-04T03:36:45.048,runtime,s,1,float32,0,3.4e+38,-1,1344.73425292969,268.946850585938,1.88428235965011,272.228668212891,267.146942138672,energy,J,1,float32,0,3.4e+38,-1,72048.2373046875,14409.6474609375,52.6733880743732,14484.3515625,14345.8056640625,power,W,1,float32,0,3.4e+38,-1,267.434993743897,53.4869987487793,0.257194719610124,53.8944931030273,53.1095657348633,cpu_energy,J,1,float32,0,3.4e+38,-1,72048.234375,14409.646484375,52.6733894348145,14484.3515625,14345.8056640625,cpu_power,W,1,float32,0,3.4e+38,-1,267.434997558594,53.4869995117188,0.257194727659225,53.8944931030273,53.1095657348633,cpu_util,%,1,float32,0,100,-1,136.675872802734,27.3351745605469,0.191949531435967,27.5496292114258,27.0270042419434,dram_mem,B,1,uint64,0,1.84e+19,1.84e+19,82698808756,16539761751.2,111329404.591313,16631928483,16328955276,disk_write,B,1,uint64,0,1.84e+19,1.84e+19,30666752,6133350.4,1866418.32480263,9799680,4759552,disk_read,B,1,uint64,0,1.84e+19,1.84e+19,1558528,311705.6,304591.102226969,845824,16384,net_read,B,1,uint64,0,1.84e+19,1.84e+19,6431159,1286231.8,30820.0401063983,1314772,1229292,net_write,B,1,uint64,0,1.84e+19,1.84e+19,1443077,288615.4,4592.05586202956,294383,280434,money,,1,float32,0,3.4e+38,0,0.0065063560965983,0.0013012712193196,4.76e-06,0.0013080174147135,0.0012955059503852,co2,g,1,float32,0,3.4e+38,0,8.36159820719401,1.6723196414388,0.0061130393159647,1.68098946744792,1.66491044623481
609,1_100_0.01_0_2_16_5_8192,1,100,0.01,0.0,2,16,5,8192,evaluateNN_3.0,1,,,True,2025-04-29T17:04:34.634,2025-04-29T17:04:34.634,runtime,s,1,float32,0,3.4e+38,-1,1156.46153259277,231.292306518555,16.066726959558,242.428558349609,199.75764465332,energy,J,1,float32,0,3.4e+38,-1,59681.6796875,11936.3359375,1031.10624743994,12645.4296875,9907.3037109375,power,W,1,float32,0,3.4e+38,-1,257.299579620361,51.4599159240723,0.969136512111621,52.0765190124512,49.5358963012695,cpu_energy,J,1,float32,0,3.4e+38,-1,59681.6796875,11936.3359375,1031.10632324219,12645.4296875,9907.3037109375,cpu_power,W,1,float32,0,3.4e+38,-1,257.299560546875,51.4599113464356,0.969136476516724,52.0765190124512,49.5358963012695,cpu_util,%,1,float32,0,100,-1,113.697540283203,22.7395076751709,3.30728054046631,24.7151679992676,16.1940307617188,dram_mem,B,1,uint64,0,1.84e+19,1.84e+19,80148675704,16029735140.8,70928692.8842978,16105269569,15898416480,disk_write,B,1,uint64,0,1.84e+19,1.84e+19,26058752,5211750.4,452997.786185142,5972480,4597248,disk_read,B,1,uint64,0,1.84e+19,1.84e+19,2535424,507084.8,582848.674504935,1577472,9728,net_read,B,1,uint64,0,1.84e+19,1.84e+19,6090407,1218081.4,86606.031431073,1266951,1045161,net_write,B,1,uint64,0,1.84e+19,1.84e+19,1190197,238039.4,26520.359270568,262624,189765,money,,1,float32,0,3.4e+38,0,0.0053895872406684,0.0010779174481336,9.31e-05,0.0011419525531684,0.0008946845656738,co2,g,1,float32,0,3.4e+38,0,6.92639049262153,1.38527809852431,0.119665608383446,1.46757236762153,1.14979763623047
611,1_100_0.1_0.1_1_8_5_8192,1,100,0.1,0.1,1,8,5,8192,evaluateNN_3.0,1,,,True,2025-05-02T08:03:40.003,2025-05-02T08:03:40.003,runtime,s,1,float32,0,3.4e+38,-1,1051.08622741699,210.217245483398,4.64224761747738,216.753433227539,203.118560791016,energy,J,1,float32,0,3.4e+38,-1,51955.130859375,10391.026171875,296.801246497141,10787.2841796875,9922.5625,power,W,1,float32,0,3.4e+38,-1,246.712146759033,49.3424293518066,0.34410106321293,49.7117042541504,48.7548408508301,cpu_energy,J,1,float32,0,3.4e+38,-1,51955.1328125,10391.0263671875,296.801239013672,10787.2841796875,9922.5625,cpu_power,W,1,float32,0,3.4e+38,-1,246.712142944336,49.3424301147461,0.344101071357727,49.7117042541504,48.7548408508301,cpu_util,%,1,float32,0,100,-1,90.5339889526367,18.1067981719971,1.07681977748871,19.7091751098633,16.5219497680664,dram_mem,B,1,uint64,0,1.84e+19,1.84e+19,80331684969,16066336993.8,97231864.6766223,16214619502,15966266962,disk_write,B,1,uint64,0,1.84e+19,1.84e+19,30994944,6198988.8,2326114.72611085,9744384,4048384,disk_read,B,1,uint64,0,1.84e+19,1.84e+19,4698624,939724.8,509581.601064403,1501696,9216,net_read,B,1,uint64,0,1.84e+19,1.84e+19,4550261,910052.2,73548.4167699074,1033564,803487,net_write,B,1,uint64,0,1.84e+19,1.84e+19,854553,170910.6,34154.7156720708,230880,127498,money,,1,float32,0,3.4e+38,0,0.0046918369562174,0.0009383673912434,2.68e-05,0.0009741516907823,0.0008960625190972,co2,g,1,float32,0,3.4e+38,0,6.02968157584636,1.20593631516927,0.0344454335518071,1.25192425840929,1.15156850347222
612,1_200_0.01_0_3_8_10_8192,1,200,0.01,0.0,3,8,10,8192,evaluateNN_3.0,1,,,True,2025-05-03T07:12:24.163,2025-05-03T07:12:24.163,runtime,s,1,float32,0,3.4e+38,-1,1675.29916381836,335.059832763672,9.61269563202555,344.09521484375,316.662567138672,energy,J,1,float32,0,3.4e+38,-1,93067.98828125,18613.59765625,642.460104614616,19258.4765625,17406.37109375,power,W,1,float32,0,3.4e+38,-1,277.335922241211,55.4671844482422,0.355645176302868,55.8702125549316,54.9028854370117,cpu_energy,J,1,float32,0,3.4e+38,-1,93067.984375,18613.59765625,642.460144042969,19258.4765625,17406.37109375,cpu_power,W,1,float32,0,3.4e+38,-1,277.335906982422,55.4671821594238,0.355645179748535,55.8702125549316,54.9028854370117,cpu_util,%,1,float32,0,100,-1,181.353698730469,36.2707405090332,1.03700065612793,37.1875724792481,34.266040802002,dram_mem,B,1,uint64,0,1.84e+19,1.84e+19,80632038705,16126407741.0,83266738.8410159,16190786617,15962022201,disk_write,B,1,uint64,0,1.84e+19,1.84e+19,45952000,9190400.0,1550427.4065524,11084800,6689792,disk_read,B,1,uint64,0,1.84e+19,1.84e+19,1874944,374988.8,336063.102706858,880128,13312,net_read,B,1,uint64,0,1.84e+19,1.84e+19,6905659,1381131.8,67202.3936936773,1450063,1280607,net_write,B,1,uint64,0,1.84e+19,1.84e+19,1308288,261657.6,19624.925891325,293999,236518,money,,1,float32,0,3.4e+38,0,0.0084045563861762,0.0016809112772352,5.8e-05,0.0017391474251302,0.0015718920118272,co2,g,1,float32,0,3.4e+38,0,10.8010570844184,2.16021141688368,0.0745610643633297,2.23505319661458,2.02010606749132
613,1_100_0.1_0.01_2_4_20_8192,1,100,0.1,0.01,2,4,20,8192,evaluateNN_3.0,1,,,True,2025-05-01T21:36:47.817,2025-05-01T21:36:47.817,runtime,s,1,float32,0,3.4e+38,-1,2984.62194824219,596.924389648438,6.72296349427922,603.525024414063,587.890319824219,energy,J,1,float32,0,3.4e+38,-1,179177.02734375,35835.40546875,453.265070460014,36296.578125,35219.71484375,power,W,1,float32,0,3.4e+38,-1,299.906734466553,59.9813468933105,0.0884473986538854,60.0916252136231,59.8709678649902,cpu_energy,J,1,float32,0,3.4e+38,-1,179177.03125,35835.40625,453.265075683594,36296.578125,35219.71484375,cpu_power,W,1,float32,0,3.4e+38,-1,299.90673828125,59.9813461303711,0.0884473994374275,60.0916252136231,59.8709678649902,cpu_util,%,1,float32,0,100,-1,235.716552734375,47.143310546875,0.158082887530327,47.3613243103027,46.9127349853516,dram_mem,B,1,uint64,0,1.84e+19,1.84e+19,80364470765,16072894153.0,35293585.4220706,16132698376,16026965432,disk_write,B,1,uint64,0,1.84e+19,1.84e+19,75521536,15104307.2,4020923.94974441,22352896,10975744,disk_read,B,1,uint64,0,1.84e+19,1.84e+19,7522816,1504563.2,952701.919460311,2982912,512512,net_read,B,1,uint64,0,1.84e+19,1.84e+19,13293572,2658714.4,149394.686251687,2925352,2503737,net_write,B,1,uint64,0,1.84e+19,1.84e+19,2756012,551202.4,84612.7023504155,661506,458443,money,,1,float32,0,3.4e+38,0,0.0161806809970703,0.003236136199414,4.09e-05,0.0032777826523437,0.003180535915473,co2,g,1,float32,0,3.4e+38,0,20.7944894511719,4.15889789023438,0.052603929566165,4.2124195390625,4.08744357269965
617,1_100_0.01_0_3_8_5_8192,1,100,0.01,0.0,3,8,5,8192,evaluateNN_3.0,1,,,True,2025-04-29T20:38:57.333,2025-04-29T20:38:57.333,runtime,s,1,float32,0,3.4e+38,-1,1227.1205291748,245.424105834961,10.3575131459524,257.770629882813,229.668182373047,energy,J,1,float32,0,3.4e+38,-1,63838.1806640625,12767.6361328125,661.713623539972,13561.5908203125,11741.3125,power,W,1,float32,0,3.4e+38,-1,259.65209197998,51.9304183959961,0.523510066825272,52.5480995178223,51.055305480957,cpu_energy,J,1,float32,0,3.4e+38,-1,63838.1796875,12767.6357421875,661.713623046875,13561.5908203125,11741.3125,cpu_power,W,1,float32,0,3.4e+38,-1,259.652099609375,51.930419921875,0.523510038852692,52.5480995178223,51.055305480957,cpu_util,%,1,float32,0,100,-1,125.447998046875,25.089599609375,1.62280225753784,26.9590740203857,22.4705619812012,dram_mem,B,1,uint64,0,1.84e+19,1.84e+19,80628282442,16125656488.4,65153926.1842799,16206545020,16059294629,disk_write,B,1,uint64,0,1.84e+19,1.84e+19,29240320,5848064.0,591485.482098082,6926848,5252096,disk_read,B,1,uint64,0,1.84e+19,1.84e+19,175104,35020.8,27704.0735084211,79360,10752,net_read,B,1,uint64,0,1.84e+19,1.84e+19,5434263,1086852.6,129295.650026751,1275215,919043,net_write,B,1,uint64,0,1.84e+19,1.84e+19,1099295,219859.0,48707.7860018293,278627,162621,money,,1,float32,0,3.4e+38,0,0.005764942370524,0.0011529884741048,5.98e-05,0.0012246869932454,0.0010603057482638,co2,g,1,float32,0,3.4e+38,0,7.4087755226237,1.48175510452474,0.0767955421986112,1.57389795686849,1.36264454513889
624,1_200_0.1_0.01_3_4_20_8192,1,200,0.1,0.01,3,4,20,8192,evaluateNN_3.0,1,,,True,2025-05-05T12:34:14.892,2025-05-05T12:34:14.892,runtime,s,1,float32,0,3.4e+38,-1,3808.95001220703,761.790002441406,8.8586402060716,778.464294433594,752.195495605469,energy,J,1,float32,0,3.4e+38,-1,233709.0546875,46741.8109375,575.058684009668,47822.125,46127.51171875,power,W,1,float32,0,3.4e+38,-1,306.585594177246,61.3171188354492,0.0632588851446617,61.3989181518555,61.2459564208984,cpu_energy,J,1,float32,0,3.4e+38,-1,233709.046875,46741.80859375,575.058654785156,47822.125,46127.51171875,cpu_power,W,1,float32,0,3.4e+38,-1,306.585601806641,61.3171195983887,0.0632588863372803,61.3989181518555,61.2459564208984,cpu_util,%,1,float32,0,100,-1,248.48876953125,49.69775390625,0.271051317453384,50.2175636291504,49.4496002197266,dram_mem,B,1,uint64,0,1.84e+19,1.84e+19,81225411271,16245082254.2,72357430.4680814,16315172457,16105285062,disk_write,B,1,uint64,0,1.84e+19,1.84e+19,112329216,22465843.2,4309095.52544839,29157888,15862272,disk_read,B,1,uint64,0,1.84e+19,1.84e+19,12352000,2470400.0,1180248.60266098,3677184,596480,net_read,B,1,uint64,0,1.84e+19,1.84e+19,22200143,4440028.6,151865.947894319,4708600,4270399,net_write,B,1,uint64,0,1.84e+19,1.84e+19,4056519,811303.8,75231.193284169,946360,745953,money,,1,float32,0,3.4e+38,0,0.0211052260219184,0.0042210452043836,5.19e-05,0.0043186035659722,0.0041655705721571,co2,g,1,float32,0,3.4e+38,0,27.1232341801215,5.42464683602431,0.0667387550497885,5.55002328472222,5.35335399891493
626,1_100_0.01_0.01_3_16_10_8192,1,100,0.01,0.01,3,16,10,8192,evaluateNN_3.0,1,,,True,2025-04-30T12:11:07.312,2025-04-30T12:11:07.312,runtime,s,1,float32,0,3.4e+38,-1,1763.2643737793,352.652874755859,20.8604412390217,374.353363037109,322.706848144531,energy,J,1,float32,0,3.4e+38,-1,99147.34375,19829.46875,1318.98856711302,21205.984375,17922.07421875,power,W,1,float32,0,3.4e+38,-1,280.656436920166,56.1312873840332,0.431462496851431,56.570240020752,55.4753570556641,cpu_energy,J,1,float32,0,3.4e+38,-1,99147.34375,19829.46875,1318.98852539063,21205.984375,17922.07421875,cpu_power,W,1,float32,0,3.4e+38,-1,280.656433105469,56.1312866210938,0.431462496519089,56.570240020752,55.4753570556641,cpu_util,%,1,float32,0,100,-1,189.663360595703,37.9326705932617,1.71816253662109,39.7539901733398,35.3944435119629,dram_mem,B,1,uint64,0,1.84e+19,1.84e+19,79829700415,15965940083.0,56026184.1685362,16058530906,15905065400,disk_write,B,1,uint64,0,1.84e+19,1.84e+19,43620864,8724172.8,1867290.59236343,12159488,6797824,disk_read,B,1,uint64,0,1.84e+19,1.84e+19,3041792,608358.4,598895.082094886,1678848,31232,net_read,B,1,uint64,0,1.84e+19,1.84e+19,10513753,2102750.6,130801.024865404,2250310,1933289,net_write,B,1,uint64,0,1.84e+19,1.84e+19,1684407,336881.4,33375.2669538387,382919,296210,money,,1,float32,0,3.4e+38,0,0.0089535559592013,0.0017907111918402,0.0001191119953245,0.0019150182000868,0.0016184628690321,co2,g,1,float32,0,3.4e+38,0,11.5066000607639,2.30132001215278,0.153075950927728,2.46107229774306,2.07995628016493
627,1_100_0.01_0.01_1_8_5_8192,1,100,0.01,0.01,1,8,5,8192,evaluateNN_3.0,1,,,True,2025-04-30T01:12:20.638,2025-04-30T01:12:20.638,runtime,s,1,float32,0,3.4e+38,-1,1081.74626159668,216.349252319336,1.31907887187177,218.252227783203,214.427276611328,energy,J,1,float32,0,3.4e+38,-1,53099.9619140625,10619.9923828125,70.5469958167916,10724.416015625,10520.8505859375,power,W,1,float32,0,3.4e+38,-1,245.031402587891,49.0062805175781,0.0227369549492181,49.0500030517578,48.9854698181152,cpu_energy,J,1,float32,0,3.4e+38,-1,53099.9609375,10619.9921875,70.5469970703125,10724.416015625,10520.8505859375,cpu_power,W,1,float32,0,3.4e+38,-1,245.031402587891,49.0062789916992,0.0227369554340839,49.0500030517578,48.9854698181152,cpu_util,%,1,float32,0,100,-1,91.071418762207,18.214282989502,0.375148206949234,18.7640914916992,17.7504634857178,dram_mem,B,1,uint64,0,1.84e+19,1.84e+19,82742794649,16548558929.8,228279396.969525,16741624035,16113997197,disk_write,B,1,uint64,0,1.84e+19,1.84e+19,24258048,4851609.6,706811.829440793,5926912,3703808,disk_read,B,1,uint64,0,1.84e+19,1.84e+19,2202112,440422.4,516965.505000711,1343488,9216,net_read,B,1,uint64,0,1.84e+19,1.84e+19,5307164,1061432.8,38435.3337198989,1128590,1023142,net_write,B,1,uint64,0,1.84e+19,1.84e+19,1231691,246338.2,11226.1609537722,260618,231494,money,,1,float32,0,3.4e+38,0,0.0047952215606282,0.0009590443121256,6.37e-06,0.0009684743462999,0.00095009125708,co2,g,1,float32,0,3.4e+38,0,6.16254557991536,1.23250911598307,0.0081873707922932,1.24462805870226,1.22100315966797
629,1_200_0.01_0.1_3_4_5_8192,1,200,0.01,0.1,3,4,5,8192,evaluateNN_3.0,1,,,True,2025-05-04T08:12:37.305,2025-05-04T08:12:37.305,runtime,s,1,float32,0,3.4e+38,-1,1541.11694335938,308.223388671875,1.91410140601341,311.810882568359,306.096862792969,energy,J,1,float32,0,3.4e+38,-1,85483.013671875,17096.602734375,125.649995761785,17334.94921875,16989.265625,power,W,1,float32,0,3.4e+38,-1,276.969753265381,55.3939506530762,0.113074408169535,55.5316619873047,55.1864891052246,cpu_energy,J,1,float32,0,3.4e+38,-1,85483.015625,17096.603515625,125.649993896484,17334.94921875,16989.265625,cpu_power,W,1,float32,0,3.4e+38,-1,276.969757080078,55.3939514160156,0.113074406981468,55.5316619873047,55.1864891052246,cpu_util,%,1,float32,0,100,-1,157.533813476563,31.506763458252,0.0748202651739121,31.6365661621094,31.4243488311768,dram_mem,B,1,uint64,0,1.84e+19,1.84e+19,83285546477,16657109295.4,156744364.515733,16894944080,16401299567,disk_write,B,1,uint64,0,1.84e+19,1.84e+19,37672960,7534592.0,489723.008442936,8305152,6985216,disk_read,B,1,uint64,0,1.84e+19,1.84e+19,1168384,233676.8,215459.333620431,515584,14336,net_read,B,1,uint64,0,1.84e+19,1.84e+19,7530623,1506124.6,14049.7776010868,1516400,1478442,net_write,B,1,uint64,0,1.84e+19,1.84e+19,1696530,339306.0,16201.1565142739,360828,316127,money,,1,float32,0,3.4e+38,0,0.0077195910402018,0.0015439182080403,1.13e-05,0.0015654422197265,0.0015342250707465,co2,g,1,float32,0,3.4e+38,0,9.9207786422526,1.98415572845052,0.0145823800636871,2.01181716210938,1.97169866059028
630,1_200_0.01_0.1_1_4_20_8192,1,200,0.01,0.1,1,4,20,8192,evaluateNN_3.0,1,,,True,2025-05-04T00:37:22.428,2025-05-04T00:37:22.428,runtime,s,1,float32,0,3.4e+38,-1,2228.39694213867,445.679388427734,3.50515814478026,449.228485107422,439.606597900391,energy,J,1,float32,0,3.4e+38,-1,129327.763671875,25865.552734375,215.677400862911,26088.08984375,25491.947265625,power,W,1,float32,0,3.4e+38,-1,289.857421875,57.971484375,0.0901595431088768,58.0610580444336,57.8169288635254,cpu_energy,J,1,float32,0,3.4e+38,-1,129327.765625,25865.552734375,215.677398681641,26088.08984375,25491.947265625,cpu_power,W,1,float32,0,3.4e+38,-1,289.857421875,57.9714851379395,0.0901595428586006,58.0610580444336,57.8169288635254,cpu_util,%,1,float32,0,100,-1,216.960876464844,43.3921737670898,0.182861104607582,43.621337890625,43.1682510375977,dram_mem,B,1,uint64,0,1.84e+19,1.84e+19,82118268531,16423653706.2,118526184.149638,16510674430,16188505026,disk_write,B,1,uint64,0,1.84e+19,1.84e+19,54194176,10838835.2,3478953.60467267,17746432,8685056,disk_read,B,1,uint64,0,1.84e+19,1.84e+19,4602880,920576.0,842900.796584746,2045440,45568,net_read,B,1,uint64,0,1.84e+19,1.84e+19,9365603,1873120.6,52947.1621169634,1975901,1834115,net_write,B,1,uint64,0,1.84e+19,1.84e+19,1866017,373203.4,75526.0046013292,521664,325517,money,,1,float32,0,3.4e+38,0,0.0116790155471463,0.0023358031094292,1.95e-05,0.002355899446723,0.0023020644600151,co2,g,1,float32,0,3.4e+38,0,15.009205461697,3.00184109233941,0.0250305605779233,3.02766776019965,2.95848210210504
632,1_100_0.01_0_1_8_5_8192,1,100,0.01,0.0,1,8,5,8192,evaluateNN_3.0,1,,,True,2025-04-29T11:34:24.030,2025-04-29T11:34:24.030,runtime,s,1,float32,0,3.4e+38,-1,1045.66357421875,209.13271484375,4.8176895346859,215.339950561523,203.129608154297,energy,J,1,float32,0,3.4e+38,-1,51661.458984375,10332.291796875,305.839749502194,10732.2158203125,9951.15625,power,W,1,float32,0,3.4e+38,-1,246.552577972412,49.3105155944824,0.333222253076826,49.7575950622559,48.879077911377,cpu_energy,J,1,float32,0,3.4e+38,-1,51661.45703125,10332.291015625,305.839752197266,10732.2158203125,9951.15625,cpu_power,W,1,float32,0,3.4e+38,-1,246.552581787109,49.3105163574219,0.333222240209579,49.7575950622559,48.879077911377,cpu_util,%,1,float32,0,100,-1,91.4095916748047,18.2819175720215,1.14735794067383,19.9225807189941,16.9742736816406,dram_mem,B,1,uint64,0,1.84e+19,1.84e+19,81638828951,16327765790.2,136565381.945972,16496302807,16185812696,disk_write,B,1,uint64,0,1.84e+19,1.84e+19,38797824,7759564.8,3917659.61859018,15399424,4515328,disk_read,B,1,uint64,0,1.84e+19,1.84e+19,1044992,208998.4,231572.885205155,633344,9216,net_read,B,1,uint64,0,1.84e+19,1.84e+19,6099429,1219885.8,32910.0241045187,1268181,1188850,net_write,B,1,uint64,0,1.84e+19,1.84e+19,938312,187662.4,9200.61540550413,199305,172883,money,,1,float32,0,3.4e+38,0,0.0046653167543945,0.0009330633508789,2.76e-05,0.0009691787119954,0.0008986446935763,co2,g,1,float32,0,3.4e+38,0,5.99559932324219,1.19911986464844,0.035494402039449,1.24553326936849,1.15488696701389
637,1_100_0.1_0.01_2_8_10_8192,1,100,0.1,0.01,2,8,10,8192,evaluateNN_3.0,1,,,True,2025-05-01T22:46:35.678,2025-05-01T22:46:35.678,runtime,s,1,float32,0,3.4e+38,-1,1533.11972045898,306.623944091797,5.33936391684479,314.513031005859,297.779449462891,energy,J,1,float32,0,3.4e+38,-1,83898.0322265625,16779.6064453125,349.418978136058,17299.01171875,16199.2822265625,power,W,1,float32,0,3.4e+38,-1,273.2624168396,54.6524833679199,0.188398754960027,54.9318008422852,54.3424949645996,cpu_energy,J,1,float32,0,3.4e+38,-1,83898.03125,16779.60546875,349.418975830078,17299.01171875,16199.2822265625,cpu_power,W,1,float32,0,3.4e+38,-1,273.262390136719,54.6524772644043,0.188398763537407,54.9318008422852,54.3424949645996,cpu_util,%,1,float32,0,100,-1,167.010299682617,33.4020614624023,0.598098337650299,34.3272171020508,32.4662208557129,dram_mem,B,1,uint64,0,1.84e+19,1.84e+19,79969990058,15993998011.6,41245993.1259786,16053782699,15931942070,disk_write,B,1,uint64,0,1.84e+19,1.84e+19,45796352,9159270.4,3487869.16266316,15003136,5634048,disk_read,B,1,uint64,0,1.84e+19,1.84e+19,3050496,610099.2,805010.395235838,2182656,17408,net_read,B,1,uint64,0,1.84e+19,1.84e+19,7819203,1563840.6,106553.116032522,1745461,1450439,net_write,B,1,uint64,0,1.84e+19,1.84e+19,1918025,383605.0,74914.480573518,524816,321604,money,,1,float32,0,3.4e+38,0,0.0075764584102376,0.0015152916820475,3.16e-05,0.0015621968638237,0.0014628851810709,co2,g,1,float32,0,3.4e+38,0,9.73683274007161,1.94736654801432,0.0405520136292347,2.0076464155816,1.88001669840495
639,1_100_0.1_0_2_16_5_8192,1,100,0.1,0.0,2,16,5,8192,evaluateNN_3.0,1,,,True,2025-05-01T10:08:39.739,2025-05-01T10:08:39.739,runtime,s,1,float32,0,3.4e+38,-1,1160.18588256836,232.037176513672,14.5575885388081,247.086868286133,206.981338500977,energy,J,1,float32,0,3.4e+38,-1,58866.7080078125,11773.3416015625,910.256260020819,12728.53125,10206.9140625,power,W,1,float32,0,3.4e+38,-1,253.100982666016,50.6201965332031,0.764332858827934,51.4117889404297,49.2646102905273,cpu_energy,J,1,float32,0,3.4e+38,-1,58866.70703125,11773.341796875,910.256225585938,12728.53125,10206.9140625,cpu_power,W,1,float32,0,3.4e+38,-1,253.100982666016,50.6201972961426,0.764332830905914,51.4117889404297,49.2646102905273,cpu_util,%,1,float32,0,100,-1,106.720672607422,21.3441352844238,2.99984478950501,24.374698638916,16.1596145629883,dram_mem,B,1,uint64,0,1.84e+19,1.84e+19,80343332485,16068666497.0,66233907.9655419,16171535497,15965163991,disk_write,B,1,uint64,0,1.84e+19,1.84e+19,29579264,5915852.8,1342505.49830597,8457728,4449280,disk_read,B,1,uint64,0,1.84e+19,1.84e+19,2506752,501350.4,640000.442367847,1583104,8192,net_read,B,1,uint64,0,1.84e+19,1.84e+19,5560096,1112019.2,80700.1498025871,1196953,995949,net_write,B,1,uint64,0,1.84e+19,1.84e+19,1226692,245338.4,38226.777005654,287386,175114,money,,1,float32,0,3.4e+38,0,0.0053159907703721,0.0010631981540744,8.22e-05,0.0011494570859375,0.0009217410449218,co2,g,1,float32,0,3.4e+38,0,6.83180850157335,1.36636170031467,0.105640295954638,1.477216765625,1.18456908203125
640,1_200_0.1_0_2_16_20_8192,1,200,0.1,0.0,2,16,20,8192,evaluateNN_3.0,1,,,True,2025-05-04T21:09:48.847,2025-05-04T21:09:48.847,runtime,s,1,float32,0,3.4e+38,-1,2312.29580688477,462.459161376953,36.1796649517291,485.685302734375,390.340728759766,energy,J,1,float32,0,3.4e+38,-1,135265.515625,27053.103125,2291.66795114172,28515.189453125,22487.427734375,power,W,1,float32,0,3.4e+38,-1,292.002784729004,58.4005569458008,0.445868572433274,58.7812652587891,57.5317993164063,cpu_energy,J,1,float32,0,3.4e+38,-1,135265.515625,27053.103515625,2291.66796875,28515.189453125,22487.427734375,cpu_power,W,1,float32,0,3.4e+38,-1,292.002777099609,58.4005546569824,0.445868581533432,58.7812652587891,57.5317993164063,cpu_util,%,1,float32,0,100,-1,223.846282958984,44.7692565917969,1.90655374526978,46.043327331543,40.9755096435547,dram_mem,B,1,uint64,0,1.84e+19,1.84e+19,80888413290,16177682658.0,103210093.097963,16318598241,15998308257,disk_write,B,1,uint64,0,1.84e+19,1.84e+19,52315136,10463027.2,631493.136973127,11069440,9419264,disk_read,B,1,uint64,0,1.84e+19,1.84e+19,3987456,797491.2,815579.493872277,2345472,65536,net_read,B,1,uint64,0,1.84e+19,1.84e+19,11135274,2227054.8,150688.06200811,2361208,1936877,net_write,B,1,uint64,0,1.84e+19,1.84e+19,2497270,499454.0,28683.7061064291,528957,450102,money,,1,float32,0,3.4e+38,0,0.0122152275360243,0.0024430455072048,0.0002069503474767,0.0025750800253363,0.0020307396545681,co2,g,1,float32,0,3.4e+38,0,15.6983145633681,3.13966291267361,0.265960797218614,3.30934615375434,2.6097909187283
641,1_200_0.1_0_1_8_20_8192,1,200,0.1,0.0,1,8,20,8192,evaluateNN_3.0,1,,,True,2025-05-04T15:34:02.235,2025-05-04T15:34:02.235,runtime,s,1,float32,0,3.4e+38,-1,1821.65811157227,364.331622314453,5.24845378987623,369.657745361328,354.557556152344,energy,J,1,float32,0,3.4e+38,-1,102841.82421875,20568.36484375,328.018051261093,20934.8828125,19976.4921875,power,W,1,float32,0,3.4e+38,-1,281.984775543213,56.3969551086426,0.122890031891051,56.5742301940918,56.2396697998047,cpu_energy,J,1,float32,0,3.4e+38,-1,102841.8203125,20568.36328125,328.01806640625,20934.8828125,19976.4921875,cpu_power,W,1,float32,0,3.4e+38,-1,281.984771728516,56.3969535827637,0.122890032827854,56.5742301940918,56.2396697998047,cpu_util,%,1,float32,0,100,-1,193.407836914063,38.681568145752,0.479248642921448,39.2026977539063,37.8550605773926,dram_mem,B,1,uint64,0,1.84e+19,1.84e+19,82249067485,16449813497.0,207696024.308927,16623705858,16044952077,disk_write,B,1,uint64,0,1.84e+19,1.84e+19,49023488,9804697.6,1720353.62709992,12424192,8087040,disk_read,B,1,uint64,0,1.84e+19,1.84e+19,2953728,590745.6,374313.307925647,1092096,26112,net_read,B,1,uint64,0,1.84e+19,1.84e+19,8960416,1792083.2,79063.3449745203,1922939,1690192,net_write,B,1,uint64,0,1.84e+19,1.84e+19,2169705,433941.0,71404.511907862,568224,364544,money,,1,float32,0,3.4e+38,0,0.009287188070421,0.0018574376140842,2.96e-05,0.0018905362228732,0.0018039882250434,co2,g,1,float32,0,3.4e+38,0,11.9353650440538,2.38707300881076,0.038068317171357,2.42960945529514,2.31838289887153
642,1_200_0.1_0.01_3_16_5_8192,1,200,0.1,0.01,3,16,5,8192,evaluateNN_3.0,1,,,True,2025-05-05T15:12:56.435,2025-05-05T15:12:56.435,runtime,s,1,float32,0,3.4e+38,-1,1232.63043212891,246.526086425781,17.546345275029,268.027221679688,218.32438659668,energy,J,1,float32,0,3.4e+38,-1,65018.59765625,13003.71953125,1103.17140817227,14329.685546875,11204.46875,power,W,1,float32,0,3.4e+38,-1,263.017623901367,52.6035247802734,0.773380795656286,53.4151420593262,51.2287483215332,cpu_energy,J,1,float32,0,3.4e+38,-1,65018.59765625,13003.7197265625,1103.17138671875,14329.685546875,11204.46875,cpu_power,W,1,float32,0,3.4e+38,-1,263.017639160156,52.6035270690918,0.773380756378174,53.4151420593262,51.2287483215332,cpu_util,%,1,float32,0,100,-1,127.365097045898,25.4730186462402,3.10442686080933,29.2122669219971,20.2563629150391,dram_mem,B,1,uint64,0,1.84e+19,1.84e+19,81152438689,16230487737.8,151928996.349376,16447862689,15976128675,disk_write,B,1,uint64,0,1.84e+19,1.84e+19,27364864,5472972.8,630758.948073953,6382080,4590592,disk_read,B,1,uint64,0,1.84e+19,1.84e+19,1657344,331468.8,353411.255385224,879616,22016,net_read,B,1,uint64,0,1.84e+19,1.84e+19,6907234,1381446.8,132203.065505154,1596328,1225542,net_write,B,1,uint64,0,1.84e+19,1.84e+19,1283850,256770.0,28431.3605865073,298047,223237,money,,1,float32,0,3.4e+38,0,0.0058715405827908,0.0011743081165581,9.96e-05,0.0012940502142469,0.0010118257751736,co2,g,1,float32,0,3.4e+38,0,7.54576947243924,1.50915389448785,0.128029170648437,1.66303961707899,1.30034084548611
646,1_100_0.01_0.1_3_4_5_8192,1,100,0.01,0.1,3,4,5,8192,evaluateNN_3.0,1,,,True,2025-04-30T21:53:38.258,2025-04-30T21:53:38.258,runtime,s,1,float32,0,3.4e+38,-1,1538.7766418457,307.755328369141,1.75024926979696,310.931304931641,305.623962402344,energy,J,1,float32,0,3.4e+38,-1,85338.64453125,17067.72890625,114.464911211876,17279.2265625,16957.658203125,power,W,1,float32,0,3.4e+38,-1,276.932098388672,55.3864196777344,0.102371165886374,55.5179290771484,55.2602272033691,cpu_energy,J,1,float32,0,3.4e+38,-1,85338.640625,17067.728515625,114.464912414551,17279.2265625,16957.658203125,cpu_power,W,1,float32,0,3.4e+38,-1,276.932098388672,55.3864212036133,0.102371163666248,55.5179290771484,55.2602272033691,cpu_util,%,1,float32,0,100,-1,156.958618164063,31.3917236328125,0.0657621175050736,31.5041656494141,31.3110752105713,dram_mem,B,1,uint64,0,1.84e+19,1.84e+19,80227084777,16045416955.4,43284077.490819,16094865865,15970271376,disk_write,B,1,uint64,0,1.84e+19,1.84e+19,39097856,7819571.2,2810317.27712288,13381632,5932032,disk_read,B,1,uint64,0,1.84e+19,1.84e+19,4461056,892211.2,895485.488298364,2034176,29696,net_read,B,1,uint64,0,1.84e+19,1.84e+19,6637020,1327404.0,61955.5753487933,1446255,1269358,net_write,B,1,uint64,0,1.84e+19,1.84e+19,1374197,274839.4,63349.7075213454,398472,222550,money,,1,float32,0,3.4e+38,0,0.0077065537047526,0.0015413107409505,1.03e-05,0.0015604101542968,0.0015313707449544,co2,g,1,float32,0,3.4e+38,0,9.90402380143229,1.98080476028646,0.0132842888623115,2.00535023828125,1.9680304436849
647,1_200_0.01_0.01_2_8_5_8192,1,200,0.01,0.01,2,8,5,8192,evaluateNN_3.0,1,,,True,2025-05-03T15:36:48.933,2025-05-03T15:36:48.933,runtime,s,1,float32,0,3.4e+38,-1,1161.2515411377,232.250308227539,5.90982915734747,237.728622436523,222.484710693359,energy,J,1,float32,0,3.4e+38,-1,59892.5966796875,11978.5193359375,395.942322414401,12418.5849609375,11360.408203125,power,W,1,float32,0,3.4e+38,-1,257.424057006836,51.4848114013672,0.436796926969789,52.1714096069336,50.9835739135742,cpu_energy,J,1,float32,0,3.4e+38,-1,59892.6015625,11978.5205078125,395.942321777344,12418.5849609375,11360.408203125,cpu_power,W,1,float32,0,3.4e+38,-1,257.424072265625,51.4848136901856,0.436796933412552,52.1714096069336,50.9835739135742,cpu_util,%,1,float32,0,100,-1,114.016708374023,22.8033409118652,1.03172755241394,23.8594150543213,21.1924114227295,dram_mem,B,1,uint64,0,1.84e+19,1.84e+19,80406327230,16081265446.0,53057143.1197479,16130680740,15986772363,disk_write,B,1,uint64,0,1.84e+19,1.84e+19,24183808,4836761.6,442233.034225893,5462016,4175872,disk_read,B,1,uint64,0,1.84e+19,1.84e+19,793600,158720.0,133247.938520639,314880,10240,net_read,B,1,uint64,0,1.84e+19,1.84e+19,5382799,1076559.8,102395.239140108,1224412,953715,net_write,B,1,uint64,0,1.84e+19,1.84e+19,1089269,217853.8,32191.5468991473,260027,166540,money,,1,float32,0,3.4e+38,0,0.005408634216824,0.0010817268433648,3.58e-05,0.0011214672141113,0.001025907974121,co2,g,1,float32,0,3.4e+38,0,6.95086858132596,1.39017371626519,0.0459513061957602,1.44124577685547,1.31843848535156
