dataset	faults_per_record	capacity	error_rate	flip_probability	num_hidden_layers	num_of_neurons_in_hidden_layer	batch_size	epochs	start	stop	overall_duration	TP	FP	TN	FN
POW_A_10000.csv-POW_B_1_10000.csv	1	100	0.01	0.0	1	4	8192	5	2025-04-29_10:10:21	2025-04-29_10:14:35	254.183727264404	500	54	19999446	0
POW_A_10000.csv-POW_B_1_10000.csv	1	100	0.01	0.0	1	4	8192	5	2025-04-29_10:14:35	2025-04-29_10:18:33	237.63893032074	500	99	19999401	0
POW_A_10000.csv-POW_B_1_10000.csv	1	100	0.01	0.0	1	4	8192	5	2025-04-29_10:18:33	2025-04-29_10:23:02	269.31224489212	500	42	19999458	0
POW_A_10000.csv-POW_B_1_10000.csv	1	100	0.01	0.0	1	4	8192	10	2025-04-29_10:31:31	2025-04-29_10:36:40	308.824931383133	500	83	19999417	0
POW_A_10000.csv-POW_B_1_10000.csv	1	100	0.01	0.0	1	4	8192	10	2025-04-29_10:36:40	2025-04-29_10:41:42	301.969142436981	500	60	19999440	0
POW_A_10000.csv-POW_B_1_10000.csv	1	100	0.01	0.0	1	4	8192	10	2025-04-29_10:41:42	2025-04-29_10:46:39	296.580065011978	500	2	19999498	0
POW_A_10000.csv-POW_B_1_10000.csv	1	100	0.01	0.0	1	4	8192	20	2025-04-29_10:57:02	2025-04-29_11:04:24	441.616404056549	500	98	19999402	0
POW_A_10000.csv-POW_B_1_10000.csv	1	100	0.01	0.0	1	4	8192	20	2025-04-29_11:04:24	2025-04-29_11:11:49	445.694545984268	500	139	19999361	0
POW_A_10000.csv-POW_B_1_10000.csv	1	100	0.01	0.0	1	4	8192	20	2025-04-29_11:11:49	2025-04-29_11:19:14	444.887398958206	500	48	19999452	0
POW_A_10000.csv-POW_B_1_10000.csv	1	100	0.01	0.0	1	8	8192	5	2025-04-29_11:34:24	2025-04-29_11:37:57	212.784141778946	500	7	19999493	0
POW_A_10000.csv-POW_B_1_10000.csv	1	100	0.01	0.0	1	8	8192	5	2025-04-29_11:37:57	2025-04-29_11:41:22	204.628215789795	500	6	19999494	0
POW_A_10000.csv-POW_B_1_10000.csv	1	100	0.01	0.0	1	8	8192	5	2025-04-29_11:41:22	2025-04-29_11:44:52	210.217892885208	500	3	19999497	0
POW_A_10000.csv-POW_B_1_10000.csv	1	100	0.01	0.0	1	8	8192	10	2025-04-29_11:52:15	2025-04-29_11:56:37	262.021650314331	500	10	19999490	0
POW_A_10000.csv-POW_B_1_10000.csv	1	100	0.01	0.0	1	8	8192	10	2025-04-29_11:56:37	2025-04-29_12:00:59	262.331923961639	500	3	19999497	0
POW_A_10000.csv-POW_B_1_10000.csv	1	100	0.01	0.0	1	8	8192	10	2025-04-29_12:01:00	2025-04-29_12:05:17	257.008421421051	500	1	19999499	0
POW_A_10000.csv-POW_B_1_10000.csv	1	100	0.01	0.0	1	8	8192	20	2025-04-29_12:14:10	2025-04-29_12:20:22	372.474936008453	500	1	19999499	0
POW_A_10000.csv-POW_B_1_10000.csv	1	100	0.01	0.0	1	8	8192	20	2025-04-29_12:20:22	2025-04-29_12:26:34	371.522220134735	500	17	19999483	0
POW_A_10000.csv-POW_B_1_10000.csv	1	100	0.01	0.0	1	8	8192	20	2025-04-29_12:26:34	2025-04-29_12:32:47	373.021221637726	500	2	19999498	0
POW_A_10000.csv-POW_B_1_10000.csv	1	100	0.01	0.0	1	16	8192	5	2025-04-29_12:45:07	2025-04-29_12:48:25	198.261761188507	500	27	19999473	0
POW_A_10000.csv-POW_B_1_10000.csv	1	100	0.01	0.0	1	16	8192	5	2025-04-29_12:48:25	2025-04-29_12:51:36	191.07349896431	500	20	19999480	0
POW_A_10000.csv-POW_B_1_10000.csv	1	100	0.01	0.0	1	16	8192	5	2025-04-29_12:51:36	2025-04-29_12:55:09	213.089388132095	500	7	19999493	0
POW_A_10000.csv-POW_B_1_10000.csv	1	100	0.01	0.0	1	16	8192	10	2025-04-29_13:02:23	2025-04-29_13:06:48	264.897678613663	500	14	19999486	0
POW_A_10000.csv-POW_B_1_10000.csv	1	100	0.01	0.0	1	16	8192	10	2025-04-29_13:06:48	2025-04-29_13:11:11	263.140813350678	500	1	19999499	0
POW_A_10000.csv-POW_B_1_10000.csv	1	100	0.01	0.0	1	16	8192	10	2025-04-29_13:11:11	2025-04-29_13:15:05	233.671367406845	500	1	19999499	0
POW_A_10000.csv-POW_B_1_10000.csv	1	100	0.01	0.0	1	16	8192	20	2025-04-29_13:24:19	2025-04-29_13:30:24	364.887629032135	500	0	19999500	0
POW_A_10000.csv-POW_B_1_10000.csv	1	100	0.01	0.0	1	16	8192	20	2025-04-29_13:30:24	2025-04-29_13:36:39	374.692026853561	500	1	19999499	0
POW_A_10000.csv-POW_B_1_10000.csv	1	100	0.01	0.0	1	16	8192	20	2025-04-29_13:36:39	2025-04-29_13:42:59	379.376925945282	500	324	19999176	0
POW_A_10000.csv-POW_B_1_10000.csv	1	100	0.01	0.0	2	4	8192	5	2025-04-29_13:55:18	2025-04-29_13:59:49	271.526173830032	500	15	19999485	0
POW_A_10000.csv-POW_B_1_10000.csv	1	100	0.01	0.0	2	4	8192	5	2025-04-29_13:59:49	2025-04-29_14:04:19	269.687897920609	500	2	19999498	0
POW_A_10000.csv-POW_B_1_10000.csv	1	100	0.01	0.0	2	4	8192	5	2025-04-29_14:04:19	2025-04-29_14:08:45	266.171458721161	500	99	19999401	0
POW_A_10000.csv-POW_B_1_10000.csv	1	100	0.01	0.0	2	4	8192	10	2025-04-29_14:18:01	2025-04-29_14:24:18	376.713683605194	500	188	19999312	0
POW_A_10000.csv-POW_B_1_10000.csv	1	100	0.01	0.0	2	4	8192	10	2025-04-29_14:24:18	2025-04-29_14:30:33	374.97868013382	500	36	19999464	0
POW_A_10000.csv-POW_B_1_10000.csv	1	100	0.01	0.0	2	4	8192	10	2025-04-29_14:30:33	2025-04-29_14:36:49	376.059012651444	500	76	19999424	0
POW_A_10000.csv-POW_B_1_10000.csv	1	100	0.01	0.0	2	4	8192	20	2025-04-29_14:49:37	2025-04-29_14:59:39	601.848662137985	500	79	19999421	0
POW_A_10000.csv-POW_B_1_10000.csv	1	100	0.01	0.0	2	4	8192	20	2025-04-29_14:59:39	2025-04-29_15:09:49	610.041231870651	500	1	19999499	0
POW_A_10000.csv-POW_B_1_10000.csv	1	100	0.01	0.0	2	4	8192	20	2025-04-29_15:09:49	2025-04-29_15:19:47	598.41750907898	500	99	19999401	0
POW_A_10000.csv-POW_B_1_10000.csv	1	100	0.01	0.0	2	8	8192	5	2025-04-29_15:40:08	2025-04-29_15:44:02	234.482338190079	500	11	19999489	0
POW_A_10000.csv-POW_B_1_10000.csv	1	100	0.01	0.0	2	8	8192	5	2025-04-29_15:44:02	2025-04-29_15:47:53	230.703283071518	500	265	19999235	0
POW_A_10000.csv-POW_B_1_10000.csv	1	100	0.01	0.0	2	8	8192	5	2025-04-29_15:47:53	2025-04-29_15:51:50	236.741188764572	500	10	19999490	0
POW_A_10000.csv-POW_B_1_10000.csv	1	100	0.01	0.0	2	8	8192	10	2025-04-29_16:00:08	2025-04-29_16:05:17	308.301927566528	500	202	19999298	0
POW_A_10000.csv-POW_B_1_10000.csv	1	100	0.01	0.0	2	8	8192	10	2025-04-29_16:05:17	2025-04-29_16:10:22	304.913778066635	500	1	19999499	0
POW_A_10000.csv-POW_B_1_10000.csv	1	100	0.01	0.0	2	8	8192	10	2025-04-29_16:10:22	2025-04-29_16:15:29	306.73735666275	500	24	19999476	0
POW_A_10000.csv-POW_B_1_10000.csv	1	100	0.01	0.0	2	8	8192	20	2025-04-29_16:25:54	2025-04-29_16:33:17	443.281998157501	500	4	19999496	0
POW_A_10000.csv-POW_B_1_10000.csv	1	100	0.01	0.0	2	8	8192	20	2025-04-29_16:33:17	2025-04-29_16:40:56	458.434672355652	500	43	19999457	0
POW_A_10000.csv-POW_B_1_10000.csv	1	100	0.01	0.0	2	8	8192	20	2025-04-29_16:40:56	2025-04-29_16:48:50	474.807670116425	500	1	19999499	0
POW_A_10000.csv-POW_B_1_10000.csv	1	100	0.01	0.0	2	16	8192	5	2025-04-29_17:04:35	2025-04-29_17:08:37	241.977890729904	500	720	19998780	0
POW_A_10000.csv-POW_B_1_10000.csv	1	100	0.01	0.0	2	16	8192	5	2025-04-29_17:08:37	2025-04-29_17:12:38	240.687693119049	500	47	19999453	0
POW_A_10000.csv-POW_B_1_10000.csv	1	100	0.01	0.0	2	16	8192	5	2025-04-29_17:12:38	2025-04-29_17:16:39	241.089691400528	500	5	19999495	0
POW_A_10000.csv-POW_B_1_10000.csv	1	100	0.01	0.0	2	16	8192	10	2025-04-29_17:24:16	2025-04-29_17:29:45	328.623602628708	500	43	19999457	0
POW_A_10000.csv-POW_B_1_10000.csv	1	100	0.01	0.0	2	16	8192	10	2025-04-29_17:29:45	2025-04-29_17:34:56	310.5765209198	500	350	19999150	0
POW_A_10000.csv-POW_B_1_10000.csv	1	100	0.01	0.0	2	16	8192	10	2025-04-29_17:34:56	2025-04-29_17:40:11	315.021002292633	500	103	19999397	0
POW_A_10000.csv-POW_B_1_10000.csv	1	100	0.01	0.0	2	16	8192	20	2025-04-29_17:51:17	2025-04-29_17:59:03	465.840723991394	500	7	19999493	0
POW_A_10000.csv-POW_B_1_10000.csv	1	100	0.01	0.0	2	16	8192	20	2025-04-29_17:59:03	2025-04-29_18:06:59	475.792622566223	500	1	19999499	0
POW_A_10000.csv-POW_B_1_10000.csv	1	100	0.01	0.0	2	16	8192	20	2025-04-29_18:06:59	2025-04-29_18:14:54	475.758126735687	500	12	19999488	0
POW_A_10000.csv-POW_B_1_10000.csv	1	100	0.01	0.0	3	4	8192	5	2025-04-29_18:31:12	2025-04-29_18:36:21	308.85991859436	500	0	19999500	0
POW_A_10000.csv-POW_B_1_10000.csv	1	100	0.01	0.0	3	4	8192	5	2025-04-29_18:36:21	2025-04-29_18:41:27	306.391790151596	500	0	19999500	0
POW_A_10000.csv-POW_B_1_10000.csv	1	100	0.01	0.0	3	4	8192	5	2025-04-29_18:41:27	2025-04-29_18:46:33	305.269178628922	500	43	19999457	0
POW_A_10000.csv-POW_B_1_10000.csv	1	100	0.01	0.0	3	4	8192	10	2025-04-29_18:57:09	2025-04-29_19:04:50	461.265729427338	500	9	19999491	0
POW_A_10000.csv-POW_B_1_10000.csv	1	100	0.01	0.0	3	4	8192	10	2025-04-29_19:04:50	2025-04-29_19:12:28	457.307815551758	500	372	19999128	0
POW_A_10000.csv-POW_B_1_10000.csv	1	100	0.01	0.0	3	4	8192	10	2025-04-29_19:12:28	2025-04-29_19:20:06	458.57036447525	500	71	19999429	0
POW_A_10000.csv-POW_B_1_10000.csv	1	100	0.01	0.0	3	4	8192	20	2025-04-29_19:35:46	2025-04-29_19:48:20	753.930835485458	500	8	19999492	0
POW_A_10000.csv-POW_B_1_10000.csv	1	100	0.01	0.0	3	4	8192	20	2025-04-29_19:48:20	2025-04-29_20:00:57	756.490283966065	500	2	19999498	0
POW_A_10000.csv-POW_B_1_10000.csv	1	100	0.01	0.0	3	4	8192	20	2025-04-29_20:00:57	2025-04-29_20:13:32	755.047710895538	500	33	19999467	0
POW_A_10000.csv-POW_B_1_10000.csv	1	100	0.01	0.0	3	8	8192	5	2025-04-29_20:38:58	2025-04-29_20:43:15	257.338602542877	500	2	19999498	0
POW_A_10000.csv-POW_B_1_10000.csv	1	100	0.01	0.0	3	8	8192	5	2025-04-29_20:43:15	2025-04-29_20:47:32	256.337168216705	500	274	19999226	0
POW_A_10000.csv-POW_B_1_10000.csv	1	100	0.01	0.0	3	8	8192	5	2025-04-29_20:47:32	2025-04-29_20:51:33	241.683274030685	500	29	19999471	0
POW_A_10000.csv-POW_B_1_10000.csv	1	100	0.01	0.0	3	8	8192	10	2025-04-29_20:59:50	2025-04-29_21:05:42	352.529390573502	500	1	19999499	0
POW_A_10000.csv-POW_B_1_10000.csv	1	100	0.01	0.0	3	8	8192	10	2025-04-29_21:05:42	2025-04-29_21:11:13	330.775254011154	500	389	19999111	0
POW_A_10000.csv-POW_B_1_10000.csv	1	100	0.01	0.0	3	8	8192	10	2025-04-29_21:11:13	2025-04-29_21:16:41	327.569168329239	500	22	19999478	0
POW_A_10000.csv-POW_B_1_10000.csv	1	100	0.01	0.0	3	8	8192	20	2025-04-29_21:27:56	2025-04-29_21:36:43	527.110549449921	500	20	19999480	0
POW_A_10000.csv-POW_B_1_10000.csv	1	100	0.01	0.0	3	8	8192	20	2025-04-29_21:36:43	2025-04-29_21:45:26	522.619091033936	500	94	19999406	0
POW_A_10000.csv-POW_B_1_10000.csv	1	100	0.01	0.0	3	8	8192	20	2025-04-29_21:45:26	2025-04-29_21:53:42	495.877721309662	500	8	19999492	0
POW_A_10000.csv-POW_B_1_10000.csv	1	100	0.01	0.0	3	16	8192	5	2025-04-29_22:11:08	2025-04-29_22:15:14	246.542180538178	500	259	19999241	0
POW_A_10000.csv-POW_B_1_10000.csv	1	100	0.01	0.0	3	16	8192	5	2025-04-29_22:15:14	2025-04-29_22:19:31	256.407720327377	500	280	19999220	0
POW_A_10000.csv-POW_B_1_10000.csv	1	100	0.01	0.0	3	16	8192	5	2025-04-29_22:19:31	2025-04-29_22:23:26	234.706042528152	500	2	19999498	0
POW_A_10000.csv-POW_B_1_10000.csv	1	100	0.01	0.0	3	16	8192	10	2025-04-29_22:31:40	2025-04-29_22:37:14	334.904619693756	500	1	19999499	0
POW_A_10000.csv-POW_B_1_10000.csv	1	100	0.01	0.0	3	16	8192	10	2025-04-29_22:37:15	2025-04-29_22:43:30	375.771148204803	500	881	19998619	0
POW_A_10000.csv-POW_B_1_10000.csv	1	100	0.01	0.0	3	16	8192	10	2025-04-29_22:43:30	2025-04-29_22:49:35	364.239600658417	500	1357	19998143	0
POW_A_10000.csv-POW_B_1_10000.csv	1	100	0.01	0.0	3	16	8192	20	2025-04-29_23:02:03	2025-04-29_23:12:00	596.627456188202	500	1	19999499	0
POW_A_10000.csv-POW_B_1_10000.csv	1	100	0.01	0.0	3	16	8192	20	2025-04-29_23:12:00	2025-04-29_23:21:44	584.366788387299	500	7	19999493	0
POW_A_10000.csv-POW_B_1_10000.csv	1	100	0.01	0.0	3	16	8192	20	2025-04-29_23:21:44	2025-04-29_23:30:17	512.938518047333	500	5	19999495	0
POW_A_10000.csv-POW_B_1_10000.csv	1	100	0.01	0.01	1	4	8192	5	2025-04-29_23:49:30	2025-04-29_23:53:38	247.584123134613	500	430	19999070	0
POW_A_10000.csv-POW_B_1_10000.csv	1	100	0.01	0.01	1	4	8192	5	2025-04-29_23:53:38	2025-04-29_23:57:29	231.582087755203	500	5	19999495	0
POW_A_10000.csv-POW_B_1_10000.csv	1	100	0.01	0.01	1	4	8192	5	2025-04-29_23:57:30	2025-04-30_00:01:20	230.199462652206	500	13	19999487	0
POW_A_10000.csv-POW_B_1_10000.csv	1	100	0.01	0.01	1	4	8192	10	2025-04-30_00:09:23	2025-04-30_00:14:27	304.25640630722	500	2	19999498	0
POW_A_10000.csv-POW_B_1_10000.csv	1	100	0.01	0.01	1	4	8192	10	2025-04-30_00:14:27	2025-04-30_00:19:28	301.185199260712	500	8	19999492	0
POW_A_10000.csv-POW_B_1_10000.csv	1	100	0.01	0.01	1	4	8192	10	2025-04-30_00:19:28	2025-04-30_00:24:32	303.629994392395	500	116	19999384	0
POW_A_10000.csv-POW_B_1_10000.csv	1	100	0.01	0.01	1	4	8192	20	2025-04-30_00:35:01	2025-04-30_00:42:29	448.641036272049	500	55	19999445	0
POW_A_10000.csv-POW_B_1_10000.csv	1	100	0.01	0.01	1	4	8192	20	2025-04-30_00:42:30	2025-04-30_00:49:45	435.333322286606	500	8	19999492	0
POW_A_10000.csv-POW_B_1_10000.csv	1	100	0.01	0.01	1	4	8192	20	2025-04-30_00:49:45	2025-04-30_00:57:08	442.70689702034	500	2	19999498	0
POW_A_10000.csv-POW_B_1_10000.csv	1	100	0.01	0.01	1	8	8192	5	2025-04-30_01:12:21	2025-04-30_01:15:58	216.822873830795	500	2	19999498	0
POW_A_10000.csv-POW_B_1_10000.csv	1	100	0.01	0.01	1	8	8192	5	2025-04-30_01:15:58	2025-04-30_01:19:33	214.857624053955	500	7	19999493	0
POW_A_10000.csv-POW_B_1_10000.csv	1	100	0.01	0.01	1	8	8192	5	2025-04-30_01:19:33	2025-04-30_01:23:09	216.083066701889	500	9	19999491	0
POW_A_10000.csv-POW_B_1_10000.csv	1	100	0.01	0.01	1	8	8192	10	2025-04-30_01:30:48	2025-04-30_01:35:09	260.861356496811	500	72	19999428	0
POW_A_10000.csv-POW_B_1_10000.csv	1	100	0.01	0.01	1	8	8192	10	2025-04-30_01:35:09	2025-04-30_01:39:39	270.331793308258	500	2	19999498	0
POW_A_10000.csv-POW_B_1_10000.csv	1	100	0.01	0.01	1	8	8192	10	2025-04-30_01:39:39	2025-04-30_01:43:59	259.522306680679	500	3	19999497	0
POW_A_10000.csv-POW_B_1_10000.csv	1	100	0.01	0.01	1	8	8192	20	2025-04-30_01:53:20	2025-04-30_01:59:36	375.972897768021	500	118	19999382	0
POW_A_10000.csv-POW_B_1_10000.csv	1	100	0.01	0.01	1	8	8192	20	2025-04-30_01:59:36	2025-04-30_02:05:56	379.396459579468	500	3	19999497	0
POW_A_10000.csv-POW_B_1_10000.csv	1	100	0.01	0.01	1	8	8192	20	2025-04-30_02:05:56	2025-04-30_02:11:59	362.997586250305	500	29	19999471	0
POW_A_10000.csv-POW_B_1_10000.csv	1	100	0.01	0.01	1	16	8192	5	2025-04-30_02:24:35	2025-04-30_02:27:44	188.878186941147	500	2	19999498	0
POW_A_10000.csv-POW_B_1_10000.csv	1	100	0.01	0.01	1	16	8192	5	2025-04-30_02:27:44	2025-04-30_02:31:07	202.872119903564	500	23	19999477	0
POW_A_10000.csv-POW_B_1_10000.csv	1	100	0.01	0.01	1	16	8192	5	2025-04-30_02:31:07	2025-04-30_02:34:25	197.552026748657	500	23	19999477	0
POW_A_10000.csv-POW_B_1_10000.csv	1	100	0.01	0.01	1	16	8192	10	2025-04-30_02:41:52	2025-04-30_02:46:18	265.496338844299	500	6	19999494	0
POW_A_10000.csv-POW_B_1_10000.csv	1	100	0.01	0.01	1	16	8192	10	2025-04-30_02:46:18	2025-04-30_02:50:17	239.37461233139	500	11	19999489	0
POW_A_10000.csv-POW_B_1_10000.csv	1	100	0.01	0.01	1	16	8192	10	2025-04-30_02:50:17	2025-04-30_02:54:40	263.14171910286	500	7	19999493	0
POW_A_10000.csv-POW_B_1_10000.csv	1	100	0.01	0.01	1	16	8192	20	2025-04-30_03:03:30	2025-04-30_03:09:34	363.389349937439	500	1	19999499	0
POW_A_10000.csv-POW_B_1_10000.csv	1	100	0.01	0.01	1	16	8192	20	2025-04-30_03:09:34	2025-04-30_03:15:50	376.685654401779	500	3	19999497	0
POW_A_10000.csv-POW_B_1_10000.csv	1	100	0.01	0.01	1	16	8192	20	2025-04-30_03:15:50	2025-04-30_03:22:18	387.846192598343	500	7	19999493	0
POW_A_10000.csv-POW_B_1_10000.csv	1	100	0.01	0.01	2	4	8192	5	2025-04-30_03:34:53	2025-04-30_03:39:26	273.93980050087	500	71	19999429	0
POW_A_10000.csv-POW_B_1_10000.csv	1	100	0.01	0.01	2	4	8192	5	2025-04-30_03:39:27	2025-04-30_03:43:59	272.546348333359	500	9	19999491	0
POW_A_10000.csv-POW_B_1_10000.csv	1	100	0.01	0.01	2	4	8192	5	2025-04-30_03:43:59	2025-04-30_03:48:31	272.050829648972	500	2	19999498	0
POW_A_10000.csv-POW_B_1_10000.csv	1	100	0.01	0.01	2	4	8192	10	2025-04-30_03:57:57	2025-04-30_04:04:14	376.470499515533	500	717	19998783	0
POW_A_10000.csv-POW_B_1_10000.csv	1	100	0.01	0.01	2	4	8192	10	2025-04-30_04:04:14	2025-04-30_04:10:33	379.353771686554	500	5	19999495	0
POW_A_10000.csv-POW_B_1_10000.csv	1	100	0.01	0.01	2	4	8192	10	2025-04-30_04:10:33	2025-04-30_04:16:52	378.709964036942	500	7	19999493	0
POW_A_10000.csv-POW_B_1_10000.csv	1	100	0.01	0.01	2	4	8192	20	2025-04-30_04:29:48	2025-04-30_04:39:38	590.592353343964	500	3	19999497	0
POW_A_10000.csv-POW_B_1_10000.csv	1	100	0.01	0.01	2	4	8192	20	2025-04-30_04:39:38	2025-04-30_04:49:44	605.340675830841	500	3	19999497	0
POW_A_10000.csv-POW_B_1_10000.csv	1	100	0.01	0.01	2	4	8192	20	2025-04-30_04:49:44	2025-04-30_04:59:43	599.126609802246	500	2	19999498	0
POW_A_10000.csv-POW_B_1_10000.csv	1	100	0.01	0.01	2	8	8192	5	2025-04-30_05:20:02	2025-04-30_05:23:52	230.322172641754	500	9	19999491	0
POW_A_10000.csv-POW_B_1_10000.csv	1	100	0.01	0.01	2	8	8192	5	2025-04-30_05:23:52	2025-04-30_05:27:49	237.488953351975	500	12	19999488	0
POW_A_10000.csv-POW_B_1_10000.csv	1	100	0.01	0.01	2	8	8192	5	2025-04-30_05:27:50	2025-04-30_05:31:34	224.948536157608	500	9	19999491	0
POW_A_10000.csv-POW_B_1_10000.csv	1	100	0.01	0.01	2	8	8192	10	2025-04-30_05:39:35	2025-04-30_05:44:58	323.713616847992	500	13	19999487	0
POW_A_10000.csv-POW_B_1_10000.csv	1	100	0.01	0.01	2	8	8192	10	2025-04-30_05:44:59	2025-04-30_05:50:02	303.413410663605	500	461	19999039	0
POW_A_10000.csv-POW_B_1_10000.csv	1	100	0.01	0.01	2	8	8192	10	2025-04-30_05:50:02	2025-04-30_05:55:13	310.933379650116	500	16	19999484	0
POW_A_10000.csv-POW_B_1_10000.csv	1	100	0.01	0.01	2	8	8192	20	2025-04-30_06:06:09	2025-04-30_06:13:43	454.036327600479	500	2	19999498	0
POW_A_10000.csv-POW_B_1_10000.csv	1	100	0.01	0.01	2	8	8192	20	2025-04-30_06:13:43	2025-04-30_06:21:11	448.086630821228	500	17	19999483	0
POW_A_10000.csv-POW_B_1_10000.csv	1	100	0.01	0.01	2	8	8192	20	2025-04-30_06:21:11	2025-04-30_06:28:50	458.596584320068	500	41	19999459	0
POW_A_10000.csv-POW_B_1_10000.csv	1	100	0.01	0.01	2	16	8192	5	2025-04-30_06:44:39	2025-04-30_06:48:25	226.039075613022	500	7	19999493	0
POW_A_10000.csv-POW_B_1_10000.csv	1	100	0.01	0.01	2	16	8192	5	2025-04-30_06:48:25	2025-04-30_06:52:01	215.75874376297	500	15	19999485	0
POW_A_10000.csv-POW_B_1_10000.csv	1	100	0.01	0.01	2	16	8192	5	2025-04-30_06:52:01	2025-04-30_06:56:02	240.667961359024	500	35	19999465	0
POW_A_10000.csv-POW_B_1_10000.csv	1	100	0.01	0.01	2	16	8192	10	2025-04-30_07:03:47	2025-04-30_07:08:53	305.993566274643	500	21	19999479	0
POW_A_10000.csv-POW_B_1_10000.csv	1	100	0.01	0.01	2	16	8192	10	2025-04-30_07:08:53	2025-04-30_07:14:19	325.536002159119	500	50	19999450	0
POW_A_10000.csv-POW_B_1_10000.csv	1	100	0.01	0.01	2	16	8192	10	2025-04-30_07:14:19	2025-04-30_07:19:41	322.587564945221	500	201	19999299	0
POW_A_10000.csv-POW_B_1_10000.csv	1	100	0.01	0.01	2	16	8192	20	2025-04-30_07:30:27	2025-04-30_07:38:33	485.877870559692	500	614	19998886	0
POW_A_10000.csv-POW_B_1_10000.csv	1	100	0.01	0.01	2	16	8192	20	2025-04-30_07:38:33	2025-04-30_07:45:15	401.88240814209	500	1	19999499	0
POW_A_10000.csv-POW_B_1_10000.csv	1	100	0.01	0.01	2	16	8192	20	2025-04-30_07:45:15	2025-04-30_07:53:15	479.445023775101	500	5	19999495	0
POW_A_10000.csv-POW_B_1_10000.csv	1	100	0.01	0.01	3	4	8192	5	2025-04-30_08:09:35	2025-04-30_08:14:43	307.391942024231	500	18	19999482	0
POW_A_10000.csv-POW_B_1_10000.csv	1	100	0.01	0.01	3	4	8192	5	2025-04-30_08:14:43	2025-04-30_08:19:48	305.722955703735	500	3	19999497	0
POW_A_10000.csv-POW_B_1_10000.csv	1	100	0.01	0.01	3	4	8192	5	2025-04-30_08:19:48	2025-04-30_08:24:55	306.768651485443	500	7	19999493	0
POW_A_10000.csv-POW_B_1_10000.csv	1	100	0.01	0.01	3	4	8192	10	2025-04-30_08:35:30	2025-04-30_08:43:09	459.799764156342	500	42	19999458	0
POW_A_10000.csv-POW_B_1_10000.csv	1	100	0.01	0.01	3	4	8192	10	2025-04-30_08:43:09	2025-04-30_08:50:44	454.494342803955	500	20	19999480	0
POW_A_10000.csv-POW_B_1_10000.csv	1	100	0.01	0.01	3	4	8192	10	2025-04-30_08:50:44	2025-04-30_08:58:17	453.245320558548	500	14	19999486	0
POW_A_10000.csv-POW_B_1_10000.csv	1	100	0.01	0.01	3	4	8192	20	2025-04-30_09:13:58	2025-04-30_09:26:32	754.195307970047	500	7	19999493	0
POW_A_10000.csv-POW_B_1_10000.csv	1	100	0.01	0.01	3	4	8192	20	2025-04-30_09:26:32	2025-04-30_09:39:00	747.595571994782	500	114	19999386	0
POW_A_10000.csv-POW_B_1_10000.csv	1	100	0.01	0.01	3	4	8192	20	2025-04-30_09:39:00	2025-04-30_09:51:30	750.403297662735	500	1	19999499	0
POW_A_10000.csv-POW_B_1_10000.csv	1	100	0.01	0.01	3	8	8192	5	2025-04-30_10:16:44	2025-04-30_10:21:05	260.971032142639	500	370	19999130	0
POW_A_10000.csv-POW_B_1_10000.csv	1	100	0.01	0.01	3	8	8192	5	2025-04-30_10:21:06	2025-04-30_10:25:23	257.930308818817	500	13	19999487	0
POW_A_10000.csv-POW_B_1_10000.csv	1	100	0.01	0.01	3	8	8192	5	2025-04-30_10:25:24	2025-04-30_10:29:19	235.948242664337	500	6	19999494	0
POW_A_10000.csv-POW_B_1_10000.csv	1	100	0.01	0.01	3	8	8192	10	2025-04-30_10:38:08	2025-04-30_10:44:05	357.138989686966	500	9	19999491	0
POW_A_10000.csv-POW_B_1_10000.csv	1	100	0.01	0.01	3	8	8192	10	2025-04-30_10:44:05	2025-04-30_10:49:16	311.602331399918	500	11	19999489	0
POW_A_10000.csv-POW_B_1_10000.csv	1	100	0.01	0.01	3	8	8192	10	2025-04-30_10:49:17	2025-04-30_10:55:12	355.601331233978	500	15	19999485	0
POW_A_10000.csv-POW_B_1_10000.csv	1	100	0.01	0.01	3	8	8192	20	2025-04-30_11:06:59	2025-04-30_11:15:10	490.842133760452	500	2	19999498	0
POW_A_10000.csv-POW_B_1_10000.csv	1	100	0.01	0.01	3	8	8192	20	2025-04-30_11:15:10	2025-04-30_11:23:55	524.656715154648	500	6	19999494	0
POW_A_10000.csv-POW_B_1_10000.csv	1	100	0.01	0.01	3	8	8192	20	2025-04-30_11:23:55	2025-04-30_11:31:57	482.214390277863	500	3	19999497	0
POW_A_10000.csv-POW_B_1_10000.csv	1	100	0.01	0.01	3	16	8192	5	2025-04-30_11:49:41	2025-04-30_11:53:59	257.988019704819	500	627	19998873	0
POW_A_10000.csv-POW_B_1_10000.csv	1	100	0.01	0.01	3	16	8192	5	2025-04-30_11:53:59	2025-04-30_11:58:17	258.300464391708	500	13	19999487	0
POW_A_10000.csv-POW_B_1_10000.csv	1	100	0.01	0.01	3	16	8192	5	2025-04-30_11:58:18	2025-04-30_12:02:36	258.679502248764	500	1	19999499	0
POW_A_10000.csv-POW_B_1_10000.csv	1	100	0.01	0.01	3	16	8192	10	2025-04-30_12:11:08	2025-04-30_12:17:18	370.37895321846	500	9	19999491	0
POW_A_10000.csv-POW_B_1_10000.csv	1	100	0.01	0.01	3	16	8192	10	2025-04-30_12:17:18	2025-04-30_12:22:52	333.46991109848	500	3	19999497	0
POW_A_10000.csv-POW_B_1_10000.csv	1	100	0.01	0.01	3	16	8192	10	2025-04-30_12:22:52	2025-04-30_12:29:07	374.792955875397	500	3	19999497	0
POW_A_10000.csv-POW_B_1_10000.csv	1	100	0.01	0.01	3	16	8192	20	2025-04-30_12:40:56	2025-04-30_12:50:37	580.946768522263	500	2	19999498	0
POW_A_10000.csv-POW_B_1_10000.csv	1	100	0.01	0.01	3	16	8192	20	2025-04-30_12:50:37	2025-04-30_13:00:42	604.950682401657	500	368	19999132	0
POW_A_10000.csv-POW_B_1_10000.csv	1	100	0.01	0.01	3	16	8192	20	2025-04-30_13:00:42	2025-04-30_13:10:18	576.321315765381	500	196	19999304	0
POW_A_10000.csv-POW_B_1_10000.csv	1	100	0.01	0.1	1	4	8192	5	2025-04-30_13:30:24	2025-04-30_13:34:33	248.817481517792	500	7468	19992032	0
POW_A_10000.csv-POW_B_1_10000.csv	1	100	0.01	0.1	1	4	8192	5	2025-04-30_13:34:33	2025-04-30_13:38:22	228.708574533463	500	372	19999128	0
POW_A_10000.csv-POW_B_1_10000.csv	1	100	0.01	0.1	1	4	8192	5	2025-04-30_13:38:22	2025-04-30_13:42:15	232.392431735992	500	616	19998884	0
POW_A_10000.csv-POW_B_1_10000.csv	1	100	0.01	0.1	1	4	8192	10	2025-04-30_13:50:20	2025-04-30_13:55:24	303.199848890305	500	221	19999279	0
POW_A_10000.csv-POW_B_1_10000.csv	1	100	0.01	0.1	1	4	8192	10	2025-04-30_13:55:24	2025-04-30_14:00:22	298.132881879807	500	291	19999209	0
POW_A_10000.csv-POW_B_1_10000.csv	1	100	0.01	0.1	1	4	8192	10	2025-04-30_14:00:22	2025-04-30_14:05:24	302.00418305397	500	427	19999073	0
POW_A_10000.csv-POW_B_1_10000.csv	1	100	0.01	0.1	1	4	8192	20	2025-04-30_14:15:54	2025-04-30_14:23:35	461.004904985428	500	96	19999404	0
POW_A_10000.csv-POW_B_1_10000.csv	1	100	0.01	0.1	1	4	8192	20	2025-04-30_14:23:35	2025-04-30_14:31:00	445.249528646469	500	286	19999214	0
POW_A_10000.csv-POW_B_1_10000.csv	1	100	0.01	0.1	1	4	8192	20	2025-04-30_14:31:00	2025-04-30_14:38:41	460.597231388092	500	127	19999373	0
POW_A_10000.csv-POW_B_1_10000.csv	1	100	0.01	0.1	1	8	8192	5	2025-04-30_14:53:56	2025-04-30_14:57:24	208.081134319305	500	682	19998818	0
POW_A_10000.csv-POW_B_1_10000.csv	1	100	0.01	0.1	1	8	8192	5	2025-04-30_14:57:24	2025-04-30_15:00:57	212.767710208893	500	405	19999095	0
POW_A_10000.csv-POW_B_1_10000.csv	1	100	0.01	0.1	1	8	8192	5	2025-04-30_15:00:57	2025-04-30_15:04:31	214.223034858704	500	1863	19997637	0
POW_A_10000.csv-POW_B_1_10000.csv	1	100	0.01	0.1	1	8	8192	10	2025-04-30_15:12:01	2025-04-30_15:16:37	275.818727970123	500	233	19999267	0
POW_A_10000.csv-POW_B_1_10000.csv	1	100	0.01	0.1	1	8	8192	10	2025-04-30_15:16:37	2025-04-30_15:21:03	266.598517179489	500	249	19999251	0
POW_A_10000.csv-POW_B_1_10000.csv	1	100	0.01	0.1	1	8	8192	10	2025-04-30_15:21:03	2025-04-30_15:25:22	258.996977567673	500	225	19999275	0
POW_A_10000.csv-POW_B_1_10000.csv	1	100	0.01	0.1	1	8	8192	20	2025-04-30_15:34:44	2025-04-30_15:40:44	360.510966062546	500	124	19999376	0
POW_A_10000.csv-POW_B_1_10000.csv	1	100	0.01	0.1	1	8	8192	20	2025-04-30_15:40:44	2025-04-30_15:46:46	361.825456380844	500	2135	19997365	0
POW_A_10000.csv-POW_B_1_10000.csv	1	100	0.01	0.1	1	8	8192	20	2025-04-30_15:46:46	2025-04-30_15:53:16	389.41685295105	500	166	19999334	0
POW_A_10000.csv-POW_B_1_10000.csv	1	100	0.01	0.1	1	16	8192	5	2025-04-30_16:05:55	2025-04-30_16:09:25	209.685969591141	500	391	19999109	0
POW_A_10000.csv-POW_B_1_10000.csv	1	100	0.01	0.1	1	16	8192	5	2025-04-30_16:09:25	2025-04-30_16:12:59	214.078987836838	500	583	19998917	0
POW_A_10000.csv-POW_B_1_10000.csv	1	100	0.01	0.1	1	16	8192	5	2025-04-30_16:12:59	2025-04-30_16:16:35	215.358705997467	500	598	19998902	0
POW_A_10000.csv-POW_B_1_10000.csv	1	100	0.01	0.1	1	16	8192	10	2025-04-30_16:23:37	2025-04-30_16:28:04	267.117136001587	500	1120	19998380	0
POW_A_10000.csv-POW_B_1_10000.csv	1	100	0.01	0.1	1	16	8192	10	2025-04-30_16:28:04	2025-04-30_16:32:30	266.589911937714	500	476	19999024	0
POW_A_10000.csv-POW_B_1_10000.csv	1	100	0.01	0.1	1	16	8192	10	2025-04-30_16:32:30	2025-04-30_16:36:25	235.025631427765	500	196	19999304	0
POW_A_10000.csv-POW_B_1_10000.csv	1	100	0.01	0.1	1	16	8192	20	2025-04-30_16:45:43	2025-04-30_16:52:05	381.88062286377	500	88	19999412	0
POW_A_10000.csv-POW_B_1_10000.csv	1	100	0.01	0.1	1	16	8192	20	2025-04-30_16:52:05	2025-04-30_16:58:28	382.975578546524	500	293	19999207	0
POW_A_10000.csv-POW_B_1_10000.csv	1	100	0.01	0.1	1	16	8192	20	2025-04-30_16:58:28	2025-04-30_17:04:55	387.082257032394	500	292	19999208	0
POW_A_10000.csv-POW_B_1_10000.csv	1	100	0.01	0.1	2	4	8192	5	2025-04-30_17:18:04	2025-04-30_17:22:33	268.969476699829	500	423	19999077	0
POW_A_10000.csv-POW_B_1_10000.csv	1	100	0.01	0.1	2	4	8192	5	2025-04-30_17:22:33	2025-04-30_17:27:03	269.279306173325	500	449	19999051	0
POW_A_10000.csv-POW_B_1_10000.csv	1	100	0.01	0.1	2	4	8192	5	2025-04-30_17:27:03	2025-04-30_17:31:32	268.845490694046	500	469	19999031	0
POW_A_10000.csv-POW_B_1_10000.csv	1	100	0.01	0.1	2	4	8192	10	2025-04-30_17:40:56	2025-04-30_17:47:15	378.78210234642	500	395	19999105	0
POW_A_10000.csv-POW_B_1_10000.csv	1	100	0.01	0.1	2	4	8192	10	2025-04-30_17:47:15	2025-04-30_17:53:34	379.252886772156	500	240	19999260	0
POW_A_10000.csv-POW_B_1_10000.csv	1	100	0.01	0.1	2	4	8192	10	2025-04-30_17:53:34	2025-04-30_17:59:53	378.818896055222	500	513	19998987	0
POW_A_10000.csv-POW_B_1_10000.csv	1	100	0.01	0.1	2	4	8192	20	2025-04-30_18:12:58	2025-04-30_18:22:45	586.481859683991	500	272	19999228	0
POW_A_10000.csv-POW_B_1_10000.csv	1	100	0.01	0.1	2	4	8192	20	2025-04-30_18:22:45	2025-04-30_18:32:29	583.786840200424	500	334	19999166	0
POW_A_10000.csv-POW_B_1_10000.csv	1	100	0.01	0.1	2	4	8192	20	2025-04-30_18:32:29	2025-04-30_18:42:31	602.344415426254	500	157	19999343	0
POW_A_10000.csv-POW_B_1_10000.csv	1	100	0.01	0.1	2	8	8192	5	2025-04-30_19:02:49	2025-04-30_19:06:37	228.353968381882	500	209	19999291	0
POW_A_10000.csv-POW_B_1_10000.csv	1	100	0.01	0.1	2	8	8192	5	2025-04-30_19:06:38	2025-04-30_19:10:39	241.042413949966	500	150	19999350	0
POW_A_10000.csv-POW_B_1_10000.csv	1	100	0.01	0.1	2	8	8192	5	2025-04-30_19:10:39	2025-04-30_19:14:31	232.72300195694	500	219	19999281	0
POW_A_10000.csv-POW_B_1_10000.csv	1	100	0.01	0.1	2	8	8192	10	2025-04-30_19:22:41	2025-04-30_19:27:47	305.346878528595	500	502	19998998	0
POW_A_10000.csv-POW_B_1_10000.csv	1	100	0.01	0.1	2	8	8192	10	2025-04-30_19:27:47	2025-04-30_19:32:48	300.924913406372	500	922	19998578	0
POW_A_10000.csv-POW_B_1_10000.csv	1	100	0.01	0.1	2	8	8192	10	2025-04-30_19:32:48	2025-04-30_19:37:53	304.807650327683	500	631	19998869	0
POW_A_10000.csv-POW_B_1_10000.csv	1	100	0.01	0.1	2	8	8192	20	2025-04-30_19:48:28	2025-04-30_19:56:05	456.324675559998	500	448	19999052	0
POW_A_10000.csv-POW_B_1_10000.csv	1	100	0.01	0.1	2	8	8192	20	2025-04-30_19:56:05	2025-04-30_20:03:25	439.951048851013	500	411	19999089	0
POW_A_10000.csv-POW_B_1_10000.csv	1	100	0.01	0.1	2	8	8192	20	2025-04-30_20:03:25	2025-04-30_20:11:25	479.923391580582	500	177	19999323	0
POW_A_10000.csv-POW_B_1_10000.csv	1	100	0.01	0.1	2	16	8192	5	2025-04-30_20:26:38	2025-04-30_20:30:34	235.761990070343	500	341	19999159	0
POW_A_10000.csv-POW_B_1_10000.csv	1	100	0.01	0.1	2	16	8192	5	2025-04-30_20:30:34	2025-04-30_20:34:30	236.028522491455	500	372	19999128	0
POW_A_10000.csv-POW_B_1_10000.csv	1	100	0.01	0.1	2	16	8192	5	2025-04-30_20:34:30	2025-04-30_20:38:35	244.691546916962	500	1095	19998405	0
POW_A_10000.csv-POW_B_1_10000.csv	1	100	0.01	0.1	2	16	8192	10	2025-04-30_20:46:21	2025-04-30_20:51:49	327.93120765686	499	37	19999463	1
POW_A_10000.csv-POW_B_1_10000.csv	1	100	0.01	0.1	2	16	8192	10	2025-04-30_20:51:49	2025-04-30_20:57:02	313.061635971069	500	79	19999421	0
POW_A_10000.csv-POW_B_1_10000.csv	1	100	0.01	0.1	2	16	8192	10	2025-04-30_20:57:02	2025-04-30_21:02:09	306.232384443283	500	587	19998913	0
POW_A_10000.csv-POW_B_1_10000.csv	1	100	0.01	0.1	2	16	8192	20	2025-04-30_21:12:55	2025-04-30_21:21:10	495.153861284256	500	467	19999033	0
POW_A_10000.csv-POW_B_1_10000.csv	1	100	0.01	0.1	2	16	8192	20	2025-04-30_21:21:10	2025-04-30_21:29:22	491.91420841217	500	105	19999395	0
POW_A_10000.csv-POW_B_1_10000.csv	1	100	0.01	0.1	2	16	8192	20	2025-04-30_21:29:22	2025-04-30_21:36:54	452.113713741303	500	131	19999369	0
POW_A_10000.csv-POW_B_1_10000.csv	1	100	0.01	0.1	3	4	8192	5	2025-04-30_21:53:39	2025-04-30_21:58:49	310.494396924973	500	598	19998902	0
POW_A_10000.csv-POW_B_1_10000.csv	1	100	0.01	0.1	3	4	8192	5	2025-04-30_21:58:49	2025-04-30_22:03:58	308.273422956467	500	908	19998592	0
POW_A_10000.csv-POW_B_1_10000.csv	1	100	0.01	0.1	3	4	8192	5	2025-04-30_22:03:58	2025-04-30_22:09:05	307.483703136444	500	2649	19996851	0
POW_A_10000.csv-POW_B_1_10000.csv	1	100	0.01	0.1	3	4	8192	10	2025-04-30_22:19:42	2025-04-30_22:27:20	457.359458208084	500	746	19998754	0
POW_A_10000.csv-POW_B_1_10000.csv	1	100	0.01	0.1	3	4	8192	10	2025-04-30_22:27:20	2025-04-30_22:34:57	457.353454351425	500	757	19998743	0
POW_A_10000.csv-POW_B_1_10000.csv	1	100	0.01	0.1	3	4	8192	10	2025-04-30_22:34:57	2025-04-30_22:42:35	458.041736364365	500	264	19999236	0
POW_A_10000.csv-POW_B_1_10000.csv	1	100	0.01	0.1	3	4	8192	20	2025-04-30_22:58:18	2025-04-30_23:11:00	761.891457796097	500	327	19999173	0
POW_A_10000.csv-POW_B_1_10000.csv	1	100	0.01	0.1	3	4	8192	20	2025-04-30_23:11:00	2025-04-30_23:23:32	752.198933601379	500	375	19999125	0
POW_A_10000.csv-POW_B_1_10000.csv	1	100	0.01	0.1	3	4	8192	20	2025-04-30_23:23:32	2025-04-30_23:36:07	755.003244161606	500	95	19999405	0
POW_A_10000.csv-POW_B_1_10000.csv	1	100	0.01	0.1	3	8	8192	5	2025-05-01_00:01:23	2025-05-01_00:05:23	239.66885638237	500	232	19999268	0
POW_A_10000.csv-POW_B_1_10000.csv	1	100	0.01	0.1	3	8	8192	5	2025-05-01_00:05:23	2025-05-01_00:09:36	252.79811835289	500	86	19999414	0
POW_A_10000.csv-POW_B_1_10000.csv	1	100	0.01	0.1	3	8	8192	5	2025-05-01_00:09:36	2025-05-01_00:13:43	246.829476594925	500	696	19998804	0
POW_A_10000.csv-POW_B_1_10000.csv	1	100	0.01	0.1	3	8	8192	10	2025-05-01_00:21:58	2025-05-01_00:27:49	350.809803009033	500	363	19999137	0
POW_A_10000.csv-POW_B_1_10000.csv	1	100	0.01	0.1	3	8	8192	10	2025-05-01_00:27:49	2025-05-01_00:33:27	337.875136852264	500	854	19998646	0
POW_A_10000.csv-POW_B_1_10000.csv	1	100	0.01	0.1	3	8	8192	10	2025-05-01_00:33:27	2025-05-01_00:39:06	338.644689798355	500	148	19999352	0
POW_A_10000.csv-POW_B_1_10000.csv	1	100	0.01	0.1	3	8	8192	20	2025-05-01_00:51:01	2025-05-01_00:59:44	522.451382398605	500	219	19999281	0
POW_A_10000.csv-POW_B_1_10000.csv	1	100	0.01	0.1	3	8	8192	20	2025-05-01_00:59:44	2025-05-01_01:08:47	542.608791828156	500	532	19998968	0
POW_A_10000.csv-POW_B_1_10000.csv	1	100	0.01	0.1	3	8	8192	20	2025-05-01_01:08:47	2025-05-01_01:17:14	507.679122209549	500	189	19999311	0
POW_A_10000.csv-POW_B_1_10000.csv	1	100	0.01	0.1	3	16	8192	5	2025-05-01_01:35:43	2025-05-01_01:40:11	268.423817157745	500	365	19999135	0
POW_A_10000.csv-POW_B_1_10000.csv	1	100	0.01	0.1	3	16	8192	5	2025-05-01_01:40:11	2025-05-01_01:44:08	237.141423940659	500	706	19998794	0
POW_A_10000.csv-POW_B_1_10000.csv	1	100	0.01	0.1	3	16	8192	5	2025-05-01_01:44:08	2025-05-01_01:48:09	240.534836292267	500	450	19999050	0
POW_A_10000.csv-POW_B_1_10000.csv	1	100	0.01	0.1	3	16	8192	10	2025-05-01_01:57:19	2025-05-01_02:03:18	359.04249382019	500	1146	19998354	0
POW_A_10000.csv-POW_B_1_10000.csv	1	100	0.01	0.1	3	16	8192	10	2025-05-01_02:03:18	2025-05-01_02:09:36	377.99764585495	500	311	19999189	0
POW_A_10000.csv-POW_B_1_10000.csv	1	100	0.01	0.1	3	16	8192	10	2025-05-01_02:09:36	2025-05-01_02:15:47	370.604430198669	500	246	19999254	0
POW_A_10000.csv-POW_B_1_10000.csv	1	100	0.01	0.1	3	16	8192	20	2025-05-01_02:28:08	2025-05-01_02:38:04	596.026609420776	500	634	19998866	0
POW_A_10000.csv-POW_B_1_10000.csv	1	100	0.01	0.1	3	16	8192	20	2025-05-01_02:38:04	2025-05-01_02:48:16	611.712722063065	500	372	19999128	0
POW_A_10000.csv-POW_B_1_10000.csv	1	100	0.01	0.1	3	16	8192	20	2025-05-01_02:48:16	2025-05-01_02:57:43	566.54510307312	500	273	19999227	0
POW_A_10000.csv-POW_B_1_10000.csv	1	100	0.1	0.0	1	4	8192	5	2025-05-01_03:17:34	2025-05-01_03:21:45	251.181578636169	500	14	19999486	0
POW_A_10000.csv-POW_B_1_10000.csv	1	100	0.1	0.0	1	4	8192	5	2025-05-01_03:21:45	2025-05-01_03:25:39	233.994584798813	500	7	19999493	0
POW_A_10000.csv-POW_B_1_10000.csv	1	100	0.1	0.0	1	4	8192	5	2025-05-01_03:25:40	2025-05-01_03:29:30	230.391721010208	500	59	19999441	0
POW_A_10000.csv-POW_B_1_10000.csv	1	100	0.1	0.0	1	4	8192	10	2025-05-01_03:37:38	2025-05-01_03:42:41	302.524599075317	500	273	19999227	0
POW_A_10000.csv-POW_B_1_10000.csv	1	100	0.1	0.0	1	4	8192	10	2025-05-01_03:42:41	2025-05-01_03:47:40	298.652700185776	500	16	19999484	0
POW_A_10000.csv-POW_B_1_10000.csv	1	100	0.1	0.0	1	4	8192	10	2025-05-01_03:47:40	2025-05-01_03:52:41	301.694410562515	500	8	19999492	0
POW_A_10000.csv-POW_B_1_10000.csv	1	100	0.1	0.0	1	4	8192	20	2025-05-01_04:03:04	2025-05-01_04:10:27	442.312306642532	500	2	19999498	0
POW_A_10000.csv-POW_B_1_10000.csv	1	100	0.1	0.0	1	4	8192	20	2025-05-01_04:10:27	2025-05-01_04:17:56	449.886124610901	500	7	19999493	0
POW_A_10000.csv-POW_B_1_10000.csv	1	100	0.1	0.0	1	4	8192	20	2025-05-01_04:17:57	2025-05-01_04:25:20	443.116630792618	500	17	19999483	0
POW_A_10000.csv-POW_B_1_10000.csv	1	100	0.1	0.0	1	8	8192	5	2025-05-01_04:40:42	2025-05-01_04:44:18	216.267219543457	500	4	19999496	0
POW_A_10000.csv-POW_B_1_10000.csv	1	100	0.1	0.0	1	8	8192	5	2025-05-01_04:44:19	2025-05-01_04:47:46	207.839354276657	500	14	19999486	0
POW_A_10000.csv-POW_B_1_10000.csv	1	100	0.1	0.0	1	8	8192	5	2025-05-01_04:47:46	2025-05-01_04:51:18	211.131845235825	500	28	19999472	0
POW_A_10000.csv-POW_B_1_10000.csv	1	100	0.1	0.0	1	8	8192	10	2025-05-01_04:58:48	2025-05-01_05:03:02	254.22970533371	500	196	19999304	0
POW_A_10000.csv-POW_B_1_10000.csv	1	100	0.1	0.0	1	8	8192	10	2025-05-01_05:03:02	2025-05-01_05:07:23	260.612567186356	500	0	19999500	0
POW_A_10000.csv-POW_B_1_10000.csv	1	100	0.1	0.0	1	8	8192	10	2025-05-01_05:07:23	2025-05-01_05:11:40	257.163880348206	500	3	19999497	0
POW_A_10000.csv-POW_B_1_10000.csv	1	100	0.1	0.0	1	8	8192	20	2025-05-01_05:20:39	2025-05-01_05:26:33	353.33856511116	500	385	19999115	0
POW_A_10000.csv-POW_B_1_10000.csv	1	100	0.1	0.0	1	8	8192	20	2025-05-01_05:26:33	2025-05-01_05:32:33	359.924484968185	500	651	19998849	0
POW_A_10000.csv-POW_B_1_10000.csv	1	100	0.1	0.0	1	8	8192	20	2025-05-01_05:32:33	2025-05-01_05:38:27	354.390694856644	500	1	19999499	0
POW_A_10000.csv-POW_B_1_10000.csv	1	100	0.1	0.0	1	16	8192	5	2025-05-01_05:50:59	2025-05-01_05:54:29	210.750782489777	500	17	19999483	0
POW_A_10000.csv-POW_B_1_10000.csv	1	100	0.1	0.0	1	16	8192	5	2025-05-01_05:54:29	2025-05-01_05:58:05	215.273096084595	500	314	19999186	0
POW_A_10000.csv-POW_B_1_10000.csv	1	100	0.1	0.0	1	16	8192	5	2025-05-01_05:58:05	2025-05-01_06:01:39	214.583678483963	500	7	19999493	0
POW_A_10000.csv-POW_B_1_10000.csv	1	100	0.1	0.0	1	16	8192	10	2025-05-01_06:08:28	2025-05-01_06:12:58	269.985893964767	500	19	19999481	0
POW_A_10000.csv-POW_B_1_10000.csv	1	100	0.1	0.0	1	16	8192	10	2025-05-01_06:12:58	2025-05-01_06:17:28	269.831326723099	500	18	19999482	0
POW_A_10000.csv-POW_B_1_10000.csv	1	100	0.1	0.0	1	16	8192	10	2025-05-01_06:17:28	2025-05-01_06:21:55	267.33643078804	500	0	19999500	0
POW_A_10000.csv-POW_B_1_10000.csv	1	100	0.1	0.0	1	16	8192	20	2025-05-01_06:31:11	2025-05-01_06:37:31	379.604651212692	500	22	19999478	0
POW_A_10000.csv-POW_B_1_10000.csv	1	100	0.1	0.0	1	16	8192	20	2025-05-01_06:37:31	2025-05-01_06:42:33	301.743135929108	500	172	19999328	0
POW_A_10000.csv-POW_B_1_10000.csv	1	100	0.1	0.0	1	16	8192	20	2025-05-01_06:42:33	2025-05-01_06:48:47	373.680854797363	500	22	19999478	0
POW_A_10000.csv-POW_B_1_10000.csv	1	100	0.1	0.0	2	4	8192	5	2025-05-01_07:00:30	2025-05-01_07:05:04	273.664306640625	500	1828	19997672	0
POW_A_10000.csv-POW_B_1_10000.csv	1	100	0.1	0.0	2	4	8192	5	2025-05-01_07:05:04	2025-05-01_07:09:34	269.819013834	500	416	19999084	0
POW_A_10000.csv-POW_B_1_10000.csv	1	100	0.1	0.0	2	4	8192	5	2025-05-01_07:09:34	2025-05-01_07:14:03	269.0995221138	500	28	19999472	0
POW_A_10000.csv-POW_B_1_10000.csv	1	100	0.1	0.0	2	4	8192	10	2025-05-01_07:23:21	2025-05-01_07:29:41	380.111992835999	500	0	19999500	0
POW_A_10000.csv-POW_B_1_10000.csv	1	100	0.1	0.0	2	4	8192	10	2025-05-01_07:29:41	2025-05-01_07:35:56	374.090352058411	500	10	19999490	0
POW_A_10000.csv-POW_B_1_10000.csv	1	100	0.1	0.0	2	4	8192	10	2025-05-01_07:35:56	2025-05-01_07:42:11	375.588095903397	500	2	19999498	0
POW_A_10000.csv-POW_B_1_10000.csv	1	100	0.1	0.0	2	4	8192	20	2025-05-01_07:55:00	2025-05-01_08:05:02	601.927209377289	500	0	19999500	0
POW_A_10000.csv-POW_B_1_10000.csv	1	100	0.1	0.0	2	4	8192	20	2025-05-01_08:05:02	2025-05-01_08:14:55	592.899857521057	500	640	19998860	0
POW_A_10000.csv-POW_B_1_10000.csv	1	100	0.1	0.0	2	4	8192	20	2025-05-01_08:14:55	2025-05-01_08:24:52	596.262063741684	500	27	19999473	0
POW_A_10000.csv-POW_B_1_10000.csv	1	100	0.1	0.0	2	8	8192	5	2025-05-01_08:45:10	2025-05-01_08:49:00	230.585002183914	500	1	19999499	0
POW_A_10000.csv-POW_B_1_10000.csv	1	100	0.1	0.0	2	8	8192	5	2025-05-01_08:49:00	2025-05-01_08:52:51	230.932643651962	500	3	19999497	0
POW_A_10000.csv-POW_B_1_10000.csv	1	100	0.1	0.0	2	8	8192	5	2025-05-01_08:52:51	2025-05-01_08:56:43	231.673167943954	500	33	19999467	0
POW_A_10000.csv-POW_B_1_10000.csv	1	100	0.1	0.0	2	8	8192	10	2025-05-01_09:04:56	2025-05-01_09:09:51	295.092897176743	500	86	19999414	0
POW_A_10000.csv-POW_B_1_10000.csv	1	100	0.1	0.0	2	8	8192	10	2025-05-01_09:09:51	2025-05-01_09:14:29	278.202503919601	500	1436	19998064	0
POW_A_10000.csv-POW_B_1_10000.csv	1	100	0.1	0.0	2	8	8192	10	2025-05-01_09:14:29	2025-05-01_09:19:46	317.437031507492	500	1	19999499	0
POW_A_10000.csv-POW_B_1_10000.csv	1	100	0.1	0.0	2	8	8192	20	2025-05-01_09:30:08	2025-05-01_09:37:38	450.889806509018	500	36	19999464	0
POW_A_10000.csv-POW_B_1_10000.csv	1	100	0.1	0.0	2	8	8192	20	2025-05-01_09:37:39	2025-05-01_09:45:17	458.362950801849	500	73	19999427	0
POW_A_10000.csv-POW_B_1_10000.csv	1	100	0.1	0.0	2	8	8192	20	2025-05-01_09:45:17	2025-05-01_09:53:00	463.266269207001	500	1	19999499	0
POW_A_10000.csv-POW_B_1_10000.csv	1	100	0.1	0.0	2	16	8192	5	2025-05-01_10:08:40	2025-05-01_10:12:25	224.415412664413	500	15	19999485	0
POW_A_10000.csv-POW_B_1_10000.csv	1	100	0.1	0.0	2	16	8192	5	2025-05-01_10:12:25	2025-05-01_10:16:27	242.75017619133	500	144	19999356	0
POW_A_10000.csv-POW_B_1_10000.csv	1	100	0.1	0.0	2	16	8192	5	2025-05-01_10:16:27	2025-05-01_10:20:35	247.52587389946	500	221	19999279	0
POW_A_10000.csv-POW_B_1_10000.csv	1	100	0.1	0.0	2	16	8192	10	2025-05-01_10:28:25	2025-05-01_10:33:50	325.168052434921	500	4	19999496	0
POW_A_10000.csv-POW_B_1_10000.csv	1	100	0.1	0.0	2	16	8192	10	2025-05-01_10:33:50	2025-05-01_10:39:05	314.285590410233	500	465	19999035	0
POW_A_10000.csv-POW_B_1_10000.csv	1	100	0.1	0.0	2	16	8192	10	2025-05-01_10:39:05	2025-05-01_10:43:38	272.947476148605	500	15	19999485	0
POW_A_10000.csv-POW_B_1_10000.csv	1	100	0.1	0.0	2	16	8192	20	2025-05-01_10:53:58	2025-05-01_11:02:12	494.515107393265	500	327	19999173	0
POW_A_10000.csv-POW_B_1_10000.csv	1	100	0.1	0.0	2	16	8192	20	2025-05-01_11:02:12	2025-05-01_11:09:30	437.76455783844	500	309	19999191	0
POW_A_10000.csv-POW_B_1_10000.csv	1	100	0.1	0.0	2	16	8192	20	2025-05-01_11:09:30	2025-05-01_11:17:27	476.856804847717	500	15	19999485	0
POW_A_10000.csv-POW_B_1_10000.csv	1	100	0.1	0.0	3	4	8192	5	2025-05-01_11:33:44	2025-05-01_11:38:54	310.166812896729	500	135	19999365	0
POW_A_10000.csv-POW_B_1_10000.csv	1	100	0.1	0.0	3	4	8192	5	2025-05-01_11:38:55	2025-05-01_11:44:05	310.178829669952	500	9	19999491	0
POW_A_10000.csv-POW_B_1_10000.csv	1	100	0.1	0.0	3	4	8192	5	2025-05-01_11:44:05	2025-05-01_11:49:13	308.620234489441	500	19	19999481	0
POW_A_10000.csv-POW_B_1_10000.csv	1	100	0.1	0.0	3	4	8192	10	2025-05-01_11:59:56	2025-05-01_12:07:39	462.544379234314	500	29	19999471	0
POW_A_10000.csv-POW_B_1_10000.csv	1	100	0.1	0.0	3	4	8192	10	2025-05-01_12:07:39	2025-05-01_12:15:22	463.577728033066	500	39	19999461	0
POW_A_10000.csv-POW_B_1_10000.csv	1	100	0.1	0.0	3	4	8192	10	2025-05-01_12:15:22	2025-05-01_12:23:03	461.0111784935	500	219	19999281	0
POW_A_10000.csv-POW_B_1_10000.csv	1	100	0.1	0.0	3	4	8192	20	2025-05-01_12:38:49	2025-05-01_12:51:20	751.46590924263	500	38	19999462	0
POW_A_10000.csv-POW_B_1_10000.csv	1	100	0.1	0.0	3	4	8192	20	2025-05-01_12:51:20	2025-05-01_13:04:08	767.965205907822	500	160	19999340	0
POW_A_10000.csv-POW_B_1_10000.csv	1	100	0.1	0.0	3	4	8192	20	2025-05-01_13:04:08	2025-05-01_13:17:02	773.371574163437	500	113	19999387	0
POW_A_10000.csv-POW_B_1_10000.csv	1	100	0.1	0.0	3	8	8192	5	2025-05-01_13:42:34	2025-05-01_13:46:36	242.337205648422	500	1012	19998488	0
POW_A_10000.csv-POW_B_1_10000.csv	1	100	0.1	0.0	3	8	8192	5	2025-05-01_13:46:36	2025-05-01_13:50:34	237.636927127838	500	116	19999384	0
POW_A_10000.csv-POW_B_1_10000.csv	1	100	0.1	0.0	3	8	8192	5	2025-05-01_13:50:34	2025-05-01_13:54:29	234.998706817627	500	388	19999112	0
POW_A_10000.csv-POW_B_1_10000.csv	1	100	0.1	0.0	3	8	8192	10	2025-05-01_14:03:19	2025-05-01_14:09:07	347.631557941437	500	320	19999180	0
POW_A_10000.csv-POW_B_1_10000.csv	1	100	0.1	0.0	3	8	8192	10	2025-05-01_14:09:07	2025-05-01_14:14:35	327.459485292435	500	52	19999448	0
POW_A_10000.csv-POW_B_1_10000.csv	1	100	0.1	0.0	3	8	8192	10	2025-05-01_14:14:35	2025-05-01_14:20:36	360.783692836762	500	191	19999309	0
POW_A_10000.csv-POW_B_1_10000.csv	1	100	0.1	0.0	3	8	8192	20	2025-05-01_14:32:34	2025-05-01_14:40:46	491.731094121933	500	6	19999494	0
POW_A_10000.csv-POW_B_1_10000.csv	1	100	0.1	0.0	3	8	8192	20	2025-05-01_14:40:46	2025-05-01_14:49:17	510.321251630783	500	160	19999340	0
POW_A_10000.csv-POW_B_1_10000.csv	1	100	0.1	0.0	3	8	8192	20	2025-05-01_14:49:17	2025-05-01_14:57:38	501.396400690079	500	26	19999474	0
POW_A_10000.csv-POW_B_1_10000.csv	1	100	0.1	0.0	3	16	8192	5	2025-05-01_15:15:21	2025-05-01_15:19:42	261.221913576126	500	7	19999493	0
POW_A_10000.csv-POW_B_1_10000.csv	1	100	0.1	0.0	3	16	8192	5	2025-05-01_15:19:42	2025-05-01_15:24:01	259.197521686554	500	27	19999473	0
POW_A_10000.csv-POW_B_1_10000.csv	1	100	0.1	0.0	3	16	8192	5	2025-05-01_15:24:01	2025-05-01_15:28:29	267.165756464005	500	0	19999500	0
POW_A_10000.csv-POW_B_1_10000.csv	1	100	0.1	0.0	3	16	8192	10	2025-05-01_15:36:46	2025-05-01_15:43:04	377.667754173279	500	1187	19998313	0
POW_A_10000.csv-POW_B_1_10000.csv	1	100	0.1	0.0	3	16	8192	10	2025-05-01_15:43:04	2025-05-01_15:49:28	384.268801689148	500	38	19999462	0
POW_A_10000.csv-POW_B_1_10000.csv	1	100	0.1	0.0	3	16	8192	10	2025-05-01_15:49:28	2025-05-01_15:55:30	361.449885368347	500	581	19998919	0
POW_A_10000.csv-POW_B_1_10000.csv	1	100	0.1	0.0	3	16	8192	20	2025-05-01_16:08:03	2025-05-01_16:18:08	604.803758382797	500	3671	19995829	0
POW_A_10000.csv-POW_B_1_10000.csv	1	100	0.1	0.0	3	16	8192	20	2025-05-01_16:18:08	2025-05-01_16:28:16	608.012763500214	500	66	19999434	0
POW_A_10000.csv-POW_B_1_10000.csv	1	100	0.1	0.0	3	16	8192	20	2025-05-01_16:28:16	2025-05-01_16:37:58	582.380237579346	500	59	19999441	0
POW_A_10000.csv-POW_B_1_10000.csv	1	100	0.1	0.01	1	4	8192	5	2025-05-01_16:56:16	2025-05-01_17:00:34	257.547375202179	500	170	19999330	0
POW_A_10000.csv-POW_B_1_10000.csv	1	100	0.1	0.01	1	4	8192	5	2025-05-01_17:00:34	2025-05-01_17:04:31	237.450714111328	500	200	19999300	0
POW_A_10000.csv-POW_B_1_10000.csv	1	100	0.1	0.01	1	4	8192	5	2025-05-01_17:04:31	2025-05-01_17:08:29	237.4964864254	500	318	19999182	0
POW_A_10000.csv-POW_B_1_10000.csv	1	100	0.1	0.01	1	4	8192	10	2025-05-01_17:16:48	2025-05-01_17:21:45	297.629768848419	500	1190	19998310	0
POW_A_10000.csv-POW_B_1_10000.csv	1	100	0.1	0.01	1	4	8192	10	2025-05-01_17:21:45	2025-05-01_17:26:45	299.872426509857	500	97	19999403	0
POW_A_10000.csv-POW_B_1_10000.csv	1	100	0.1	0.01	1	4	8192	10	2025-05-01_17:26:45	2025-05-01_17:31:46	300.572931289673	500	90	19999410	0
POW_A_10000.csv-POW_B_1_10000.csv	1	100	0.1	0.01	1	4	8192	20	2025-05-01_17:42:12	2025-05-01_17:49:30	438.129937171936	500	24	19999476	0
POW_A_10000.csv-POW_B_1_10000.csv	1	100	0.1	0.01	1	4	8192	20	2025-05-01_17:49:30	2025-05-01_17:56:52	441.691880941391	500	61	19999439	0
POW_A_10000.csv-POW_B_1_10000.csv	1	100	0.1	0.01	1	4	8192	20	2025-05-01_17:56:52	2025-05-01_18:04:24	452.447346925736	500	31	19999469	0
POW_A_10000.csv-POW_B_1_10000.csv	1	100	0.1	0.01	1	8	8192	5	2025-05-01_18:19:49	2025-05-01_18:23:19	210.193263530731	500	10	19999490	0
POW_A_10000.csv-POW_B_1_10000.csv	1	100	0.1	0.01	1	8	8192	5	2025-05-01_18:23:19	2025-05-01_18:26:52	213.430024147034	500	324	19999176	0
POW_A_10000.csv-POW_B_1_10000.csv	1	100	0.1	0.01	1	8	8192	5	2025-05-01_18:26:52	2025-05-01_18:30:21	208.13791680336	500	67	19999433	0
POW_A_10000.csv-POW_B_1_10000.csv	1	100	0.1	0.01	1	8	8192	10	2025-05-01_18:37:56	2025-05-01_18:42:20	264.520163297653	500	628	19998872	0
POW_A_10000.csv-POW_B_1_10000.csv	1	100	0.1	0.01	1	8	8192	10	2025-05-01_18:42:20	2025-05-01_18:46:48	267.154232501984	500	324	19999176	0
POW_A_10000.csv-POW_B_1_10000.csv	1	100	0.1	0.01	1	8	8192	10	2025-05-01_18:46:48	2025-05-01_18:51:02	253.830219507217	500	310	19999190	0
POW_A_10000.csv-POW_B_1_10000.csv	1	100	0.1	0.01	1	8	8192	20	2025-05-01_19:00:13	2025-05-01_19:06:15	362.687566995621	500	271	19999229	0
POW_A_10000.csv-POW_B_1_10000.csv	1	100	0.1	0.01	1	8	8192	20	2025-05-01_19:06:16	2025-05-01_19:12:08	352.386021614075	500	25	19999475	0
POW_A_10000.csv-POW_B_1_10000.csv	1	100	0.1	0.01	1	8	8192	20	2025-05-01_19:12:08	2025-05-01_19:18:17	368.918855667114	500	175	19999325	0
POW_A_10000.csv-POW_B_1_10000.csv	1	100	0.1	0.01	1	16	8192	5	2025-05-01_19:31:02	2025-05-01_19:34:33	210.621141672134	500	157	19999343	0
POW_A_10000.csv-POW_B_1_10000.csv	1	100	0.1	0.01	1	16	8192	5	2025-05-01_19:34:33	2025-05-01_19:38:02	209.710113763809	500	599	19998901	0
POW_A_10000.csv-POW_B_1_10000.csv	1	100	0.1	0.01	1	16	8192	5	2025-05-01_19:38:03	2025-05-01_19:41:37	214.17591881752	500	104	19999396	0
POW_A_10000.csv-POW_B_1_10000.csv	1	100	0.1	0.01	1	16	8192	10	2025-05-01_19:49:05	2025-05-01_19:52:52	227.02094745636	500	294	19999206	0
POW_A_10000.csv-POW_B_1_10000.csv	1	100	0.1	0.01	1	16	8192	10	2025-05-01_19:52:52	2025-05-01_19:57:18	265.789929151535	500	992	19998508	0
POW_A_10000.csv-POW_B_1_10000.csv	1	100	0.1	0.01	1	16	8192	10	2025-05-01_19:57:18	2025-05-01_20:01:49	271.086485147476	500	103	19999397	0
POW_A_10000.csv-POW_B_1_10000.csv	1	100	0.1	0.01	1	16	8192	20	2025-05-01_20:10:57	2025-05-01_20:17:10	372.908087253571	500	192	19999308	0
POW_A_10000.csv-POW_B_1_10000.csv	1	100	0.1	0.01	1	16	8192	20	2025-05-01_20:17:10	2025-05-01_20:23:24	373.610664129257	500	31	19999469	0
POW_A_10000.csv-POW_B_1_10000.csv	1	100	0.1	0.01	1	16	8192	20	2025-05-01_20:23:24	2025-05-01_20:29:21	356.616883516312	500	492	19999008	0
POW_A_10000.csv-POW_B_1_10000.csv	1	100	0.1	0.01	2	4	8192	5	2025-05-01_20:42:08	2025-05-01_20:46:39	271.583570241928	500	326	19999174	0
POW_A_10000.csv-POW_B_1_10000.csv	1	100	0.1	0.01	2	4	8192	5	2025-05-01_20:46:39	2025-05-01_20:51:09	269.808749437332	500	83	19999417	0
POW_A_10000.csv-POW_B_1_10000.csv	1	100	0.1	0.01	2	4	8192	5	2025-05-01_20:51:09	2025-05-01_20:55:39	269.668092250824	500	1424	19998076	0
POW_A_10000.csv-POW_B_1_10000.csv	1	100	0.1	0.01	2	4	8192	10	2025-05-01_21:05:01	2025-05-01_21:11:18	377.040814399719	500	75	19999425	0
POW_A_10000.csv-POW_B_1_10000.csv	1	100	0.1	0.01	2	4	8192	10	2025-05-01_21:11:18	2025-05-01_21:17:33	374.674439907074	500	292	19999208	0
POW_A_10000.csv-POW_B_1_10000.csv	1	100	0.1	0.01	2	4	8192	10	2025-05-01_21:17:33	2025-05-01_21:23:50	377.163823127747	500	387	19999113	0
POW_A_10000.csv-POW_B_1_10000.csv	1	100	0.1	0.01	2	4	8192	20	2025-05-01_21:36:48	2025-05-01_21:46:50	601.68113732338	500	8	19999492	0
POW_A_10000.csv-POW_B_1_10000.csv	1	100	0.1	0.01	2	4	8192	20	2025-05-01_21:46:50	2025-05-01_21:56:40	590.058927297592	500	25	19999475	0
POW_A_10000.csv-POW_B_1_10000.csv	1	100	0.1	0.01	2	4	8192	20	2025-05-01_21:56:40	2025-05-01_22:06:44	603.96394944191	500	25	19999475	0
POW_A_10000.csv-POW_B_1_10000.csv	1	100	0.1	0.01	2	8	8192	5	2025-05-01_22:26:58	2025-05-01_22:30:53	235.546284675598	500	806	19998694	0
POW_A_10000.csv-POW_B_1_10000.csv	1	100	0.1	0.01	2	8	8192	5	2025-05-01_22:30:53	2025-05-01_22:34:50	237.03303861618	500	73	19999427	0
POW_A_10000.csv-POW_B_1_10000.csv	1	100	0.1	0.01	2	8	8192	5	2025-05-01_22:34:50	2025-05-01_22:38:45	234.360180854797	500	563	19998937	0
POW_A_10000.csv-POW_B_1_10000.csv	1	100	0.1	0.01	2	8	8192	10	2025-05-01_22:46:36	2025-05-01_22:51:44	307.598745822907	500	362	19999138	0
POW_A_10000.csv-POW_B_1_10000.csv	1	100	0.1	0.01	2	8	8192	10	2025-05-01_22:51:44	2025-05-01_22:56:42	298.210445165634	500	409	19999091	0
POW_A_10000.csv-POW_B_1_10000.csv	1	100	0.1	0.01	2	8	8192	10	2025-05-01_22:56:42	2025-05-01_23:01:57	314.949559688568	500	312	19999188	0
POW_A_10000.csv-POW_B_1_10000.csv	1	100	0.1	0.01	2	8	8192	20	2025-05-01_23:12:34	2025-05-01_23:20:18	463.618206501007	500	11	19999489	0
POW_A_10000.csv-POW_B_1_10000.csv	1	100	0.1	0.01	2	8	8192	20	2025-05-01_23:20:18	2025-05-01_23:28:25	487.65304517746	500	159	19999341	0
POW_A_10000.csv-POW_B_1_10000.csv	1	100	0.1	0.01	2	8	8192	20	2025-05-01_23:28:26	2025-05-01_23:36:24	478.296766519547	500	102	19999398	0
POW_A_10000.csv-POW_B_1_10000.csv	1	100	0.1	0.01	2	16	8192	5	2025-05-01_23:51:10	2025-05-01_23:54:54	224.02964091301	500	677	19998823	0
POW_A_10000.csv-POW_B_1_10000.csv	1	100	0.1	0.01	2	16	8192	5	2025-05-01_23:54:54	2025-05-01_23:58:39	224.377647638321	500	125	19999375	0
POW_A_10000.csv-POW_B_1_10000.csv	1	100	0.1	0.01	2	16	8192	5	2025-05-01_23:58:39	2025-05-02_00:02:47	248.052396059036	500	93	19999407	0
POW_A_10000.csv-POW_B_1_10000.csv	1	100	0.1	0.01	2	16	8192	10	2025-05-02_00:11:24	2025-05-02_00:16:10	286.443127632141	500	1070	19998430	0
POW_A_10000.csv-POW_B_1_10000.csv	1	100	0.1	0.01	2	16	8192	10	2025-05-02_00:16:10	2025-05-02_00:21:05	294.446558713913	500	62	19999438	0
POW_A_10000.csv-POW_B_1_10000.csv	1	100	0.1	0.01	2	16	8192	10	2025-05-02_00:21:05	2025-05-02_00:25:57	292.484750747681	500	8	19999492	0
POW_A_10000.csv-POW_B_1_10000.csv	1	100	0.1	0.01	2	16	8192	20	2025-05-02_00:35:58	2025-05-02_00:44:12	493.724251747131	500	495	19999005	0
POW_A_10000.csv-POW_B_1_10000.csv	1	100	0.1	0.01	2	16	8192	20	2025-05-02_00:44:12	2025-05-02_00:52:19	486.624175786972	500	50	19999450	0
POW_A_10000.csv-POW_B_1_10000.csv	1	100	0.1	0.01	2	16	8192	20	2025-05-02_00:52:19	2025-05-02_01:00:23	484.714348554611	500	262	19999238	0
POW_A_10000.csv-POW_B_1_10000.csv	1	100	0.1	0.01	3	4	8192	5	2025-05-02_01:16:08	2025-05-02_01:21:19	311.685993432999	500	693	19998807	0
POW_A_10000.csv-POW_B_1_10000.csv	1	100	0.1	0.01	3	4	8192	5	2025-05-02_01:21:19	2025-05-02_01:26:29	309.232414484024	500	22	19999478	0
POW_A_10000.csv-POW_B_1_10000.csv	1	100	0.1	0.01	3	4	8192	5	2025-05-02_01:26:29	2025-05-02_01:31:35	306.361615419388	500	506	19998994	0
POW_A_10000.csv-POW_B_1_10000.csv	1	100	0.1	0.01	3	4	8192	10	2025-05-02_01:42:11	2025-05-02_01:49:48	457.04810500145	500	8	19999492	0
POW_A_10000.csv-POW_B_1_10000.csv	1	100	0.1	0.01	3	4	8192	10	2025-05-02_01:49:48	2025-05-02_01:57:25	456.833700895309	500	233	19999267	0
POW_A_10000.csv-POW_B_1_10000.csv	1	100	0.1	0.01	3	4	8192	10	2025-05-02_01:57:25	2025-05-02_02:05:02	457.149752140045	500	931	19998569	0
POW_A_10000.csv-POW_B_1_10000.csv	1	100	0.1	0.01	3	4	8192	20	2025-05-02_02:20:33	2025-05-02_02:33:09	756.005467414856	500	423	19999077	0
POW_A_10000.csv-POW_B_1_10000.csv	1	100	0.1	0.01	3	4	8192	20	2025-05-02_02:33:09	2025-05-02_02:45:52	762.219305276871	500	404	19999096	0
POW_A_10000.csv-POW_B_1_10000.csv	1	100	0.1	0.01	3	4	8192	20	2025-05-02_02:45:52	2025-05-02_02:58:38	766.55480504036	500	39	19999461	0
POW_A_10000.csv-POW_B_1_10000.csv	1	100	0.1	0.01	3	8	8192	5	2025-05-02_03:24:10	2025-05-02_03:28:13	242.815145730972	500	23	19999477	0
POW_A_10000.csv-POW_B_1_10000.csv	1	100	0.1	0.01	3	8	8192	5	2025-05-02_03:28:13	2025-05-02_03:32:15	242.212912321091	500	316	19999184	0
POW_A_10000.csv-POW_B_1_10000.csv	1	100	0.1	0.01	3	8	8192	5	2025-05-02_03:32:15	2025-05-02_03:36:27	252.157217979431	500	195	19999305	0
POW_A_10000.csv-POW_B_1_10000.csv	1	100	0.1	0.01	3	8	8192	10	2025-05-02_03:45:17	2025-05-02_03:51:02	345.077818393707	500	601	19998899	0
POW_A_10000.csv-POW_B_1_10000.csv	1	100	0.1	0.01	3	8	8192	10	2025-05-02_03:51:02	2025-05-02_03:57:07	364.532589435577	500	83	19999417	0
POW_A_10000.csv-POW_B_1_10000.csv	1	100	0.1	0.01	3	8	8192	10	2025-05-02_03:57:07	2025-05-02_04:02:36	329.392106294632	500	1352	19998148	0
POW_A_10000.csv-POW_B_1_10000.csv	1	100	0.1	0.01	3	8	8192	20	2025-05-02_04:14:45	2025-05-02_04:23:37	531.812913417816	500	26	19999474	0
POW_A_10000.csv-POW_B_1_10000.csv	1	100	0.1	0.01	3	8	8192	20	2025-05-02_04:23:37	2025-05-02_04:32:18	520.913968801498	500	663	19998837	0
POW_A_10000.csv-POW_B_1_10000.csv	1	100	0.1	0.01	3	8	8192	20	2025-05-02_04:32:18	2025-05-02_04:40:35	497.074356079102	500	92	19999408	0
POW_A_10000.csv-POW_B_1_10000.csv	1	100	0.1	0.01	3	16	8192	5	2025-05-02_04:58:16	2025-05-02_05:02:38	262.413571596146	500	104	19999396	0
POW_A_10000.csv-POW_B_1_10000.csv	1	100	0.1	0.01	3	16	8192	5	2025-05-02_05:02:38	2025-05-02_05:07:08	269.878677606583	500	855	19998645	0
POW_A_10000.csv-POW_B_1_10000.csv	1	100	0.1	0.01	3	16	8192	5	2025-05-02_05:07:08	2025-05-02_05:11:26	257.477204322815	500	105	19999395	0
POW_A_10000.csv-POW_B_1_10000.csv	1	100	0.1	0.01	3	16	8192	10	2025-05-02_05:20:17	2025-05-02_05:26:13	356.76411652565	500	841	19998659	0
POW_A_10000.csv-POW_B_1_10000.csv	1	100	0.1	0.01	3	16	8192	10	2025-05-02_05:26:14	2025-05-02_05:32:04	350.209883928299	500	294	19999206	0
POW_A_10000.csv-POW_B_1_10000.csv	1	100	0.1	0.01	3	16	8192	10	2025-05-02_05:32:04	2025-05-02_05:38:05	360.967269659042	500	3879	19995621	0
POW_A_10000.csv-POW_B_1_10000.csv	1	100	0.1	0.01	3	16	8192	20	2025-05-02_05:50:54	2025-05-02_05:59:37	523.70050406456	500	7	19999493	0
POW_A_10000.csv-POW_B_1_10000.csv	1	100	0.1	0.01	3	16	8192	20	2025-05-02_05:59:37	2025-05-02_06:09:44	607.157654047012	500	445	19999055	0
POW_A_10000.csv-POW_B_1_10000.csv	1	100	0.1	0.01	3	16	8192	20	2025-05-02_06:09:45	2025-05-02_06:19:41	596.376398086548	500	4308	19995192	0
POW_A_10000.csv-POW_B_1_10000.csv	1	100	0.1	0.1	1	4	8192	5	2025-05-02_06:39:29	2025-05-02_06:43:51	261.761709928513	500	736	19998764	0
POW_A_10000.csv-POW_B_1_10000.csv	1	100	0.1	0.1	1	4	8192	5	2025-05-02_06:43:51	2025-05-02_06:47:51	239.366492509842	500	759	19998741	0
POW_A_10000.csv-POW_B_1_10000.csv	1	100	0.1	0.1	1	4	8192	5	2025-05-02_06:47:51	2025-05-02_06:51:52	240.790133237839	500	852	19998648	0
POW_A_10000.csv-POW_B_1_10000.csv	1	100	0.1	0.1	1	4	8192	10	2025-05-02_07:00:10	2025-05-02_07:05:16	306.791542768478	500	560	19998940	0
POW_A_10000.csv-POW_B_1_10000.csv	1	100	0.1	0.1	1	4	8192	10	2025-05-02_07:05:17	2025-05-02_07:10:32	315.054871320725	500	579	19998921	0
POW_A_10000.csv-POW_B_1_10000.csv	1	100	0.1	0.1	1	4	8192	10	2025-05-02_07:10:32	2025-05-02_07:15:38	306.546871185303	500	548	19998952	0
POW_A_10000.csv-POW_B_1_10000.csv	1	100	0.1	0.1	1	4	8192	20	2025-05-02_07:26:13	2025-05-02_07:33:36	443.155555486679	500	450	19999050	0
POW_A_10000.csv-POW_B_1_10000.csv	1	100	0.1	0.1	1	4	8192	20	2025-05-02_07:33:36	2025-05-02_07:40:58	441.407689571381	500	485	19999015	0
POW_A_10000.csv-POW_B_1_10000.csv	1	100	0.1	0.1	1	4	8192	20	2025-05-02_07:40:58	2025-05-02_07:48:26	448.513267278671	500	392	19999108	0
POW_A_10000.csv-POW_B_1_10000.csv	1	100	0.1	0.1	1	8	8192	5	2025-05-02_08:03:40	2025-05-02_08:07:12	211.26572728157	500	689	19998811	0
POW_A_10000.csv-POW_B_1_10000.csv	1	100	0.1	0.1	1	8	8192	5	2025-05-02_08:07:12	2025-05-02_08:10:40	207.737851381302	500	1744	19997756	0
POW_A_10000.csv-POW_B_1_10000.csv	1	100	0.1	0.1	1	8	8192	5	2025-05-02_08:10:40	2025-05-02_08:14:17	217.192346572876	500	1287	19998213	0
POW_A_10000.csv-POW_B_1_10000.csv	1	100	0.1	0.1	1	8	8192	10	2025-05-02_08:21:36	2025-05-02_08:26:02	265.346027135849	500	550	19998950	0
POW_A_10000.csv-POW_B_1_10000.csv	1	100	0.1	0.1	1	8	8192	10	2025-05-02_08:26:02	2025-05-02_08:30:23	261.518573284149	500	779	19998721	0
POW_A_10000.csv-POW_B_1_10000.csv	1	100	0.1	0.1	1	8	8192	10	2025-05-02_08:30:23	2025-05-02_08:34:53	269.169987678528	500	412	19999088	0
POW_A_10000.csv-POW_B_1_10000.csv	1	100	0.1	0.1	1	8	8192	20	2025-05-02_08:44:11	2025-05-02_08:50:15	363.837395906448	500	319	19999181	0
POW_A_10000.csv-POW_B_1_10000.csv	1	100	0.1	0.1	1	8	8192	20	2025-05-02_08:50:15	2025-05-02_08:56:08	353.652512073517	500	367	19999133	0
POW_A_10000.csv-POW_B_1_10000.csv	1	100	0.1	0.1	1	8	8192	20	2025-05-02_08:56:08	2025-05-02_09:02:14	365.268309354782	500	312	19999188	0
POW_A_10000.csv-POW_B_1_10000.csv	1	100	0.1	0.1	1	16	8192	5	2025-05-02_09:14:44	2025-05-02_09:18:20	215.828863859177	500	762	19998738	0
POW_A_10000.csv-POW_B_1_10000.csv	1	100	0.1	0.1	1	16	8192	5	2025-05-02_09:18:20	2025-05-02_09:21:50	209.961189508438	500	1172	19998328	0
POW_A_10000.csv-POW_B_1_10000.csv	1	100	0.1	0.1	1	16	8192	5	2025-05-02_09:21:50	2025-05-02_09:24:58	187.203377485275	500	789	19998711	0
POW_A_10000.csv-POW_B_1_10000.csv	1	100	0.1	0.1	1	16	8192	10	2025-05-02_09:32:25	2025-05-02_09:36:27	242.080808162689	500	224	19999276	0
POW_A_10000.csv-POW_B_1_10000.csv	1	100	0.1	0.1	1	16	8192	10	2025-05-02_09:36:27	2025-05-02_09:40:33	246.058057546616	500	393	19999107	0
POW_A_10000.csv-POW_B_1_10000.csv	1	100	0.1	0.1	1	16	8192	10	2025-05-02_09:40:33	2025-05-02_09:44:56	262.797570705414	500	312	19999188	0
POW_A_10000.csv-POW_B_1_10000.csv	1	100	0.1	0.1	1	16	8192	20	2025-05-02_09:54:16	2025-05-02_10:00:09	353.08712387085	500	4674	19994826	0
POW_A_10000.csv-POW_B_1_10000.csv	1	100	0.1	0.1	1	16	8192	20	2025-05-02_10:00:09	2025-05-02_10:06:37	387.930442810059	500	304	19999196	0
POW_A_10000.csv-POW_B_1_10000.csv	1	100	0.1	0.1	1	16	8192	20	2025-05-02_10:06:37	2025-05-02_10:12:35	358.036841154099	500	427	19999073	0
POW_A_10000.csv-POW_B_1_10000.csv	1	100	0.1	0.1	2	4	8192	5	2025-05-02_10:25:00	2025-05-02_10:29:31	270.459376573563	500	2584	19996916	0
POW_A_10000.csv-POW_B_1_10000.csv	1	100	0.1	0.1	2	4	8192	5	2025-05-02_10:29:31	2025-05-02_10:33:56	265.56507730484	500	766	19998734	0
POW_A_10000.csv-POW_B_1_10000.csv	1	100	0.1	0.1	2	4	8192	5	2025-05-02_10:33:56	2025-05-02_10:38:23	266.862224340439	500	444	19999056	0
POW_A_10000.csv-POW_B_1_10000.csv	1	100	0.1	0.1	2	4	8192	10	2025-05-02_10:47:41	2025-05-02_10:53:56	374.675154924393	500	542	19998958	0
POW_A_10000.csv-POW_B_1_10000.csv	1	100	0.1	0.1	2	4	8192	10	2025-05-02_10:53:56	2025-05-02_11:00:12	376.058511734009	500	503	19998997	0
POW_A_10000.csv-POW_B_1_10000.csv	1	100	0.1	0.1	2	4	8192	10	2025-05-02_11:00:12	2025-05-02_11:06:35	383.195679664612	500	735	19998765	0
POW_A_10000.csv-POW_B_1_10000.csv	1	100	0.1	0.1	2	4	8192	20	2025-05-02_11:19:33	2025-05-02_11:29:30	597.079343557358	500	1055	19998445	0
POW_A_10000.csv-POW_B_1_10000.csv	1	100	0.1	0.1	2	4	8192	20	2025-05-02_11:29:30	2025-05-02_11:39:15	585.150063276291	500	418	19999082	0
POW_A_10000.csv-POW_B_1_10000.csv	1	100	0.1	0.1	2	4	8192	20	2025-05-02_11:39:16	2025-05-02_11:49:04	588.945589780808	500	242	19999258	0
POW_A_10000.csv-POW_B_1_10000.csv	1	100	0.1	0.1	2	8	8192	5	2025-05-02_12:09:06	2025-05-02_12:12:59	232.55983877182	500	528	19998972	0
POW_A_10000.csv-POW_B_1_10000.csv	1	100	0.1	0.1	2	8	8192	5	2025-05-02_12:12:59	2025-05-02_12:16:55	236.127851963043	500	474	19999026	0
POW_A_10000.csv-POW_B_1_10000.csv	1	100	0.1	0.1	2	8	8192	5	2025-05-02_12:16:55	2025-05-02_12:20:47	232.213201522827	500	1122	19998378	0
POW_A_10000.csv-POW_B_1_10000.csv	1	100	0.1	0.1	2	8	8192	10	2025-05-02_12:28:43	2025-05-02_12:33:52	308.989524364471	500	516	19998984	0
POW_A_10000.csv-POW_B_1_10000.csv	1	100	0.1	0.1	2	8	8192	10	2025-05-02_12:33:52	2025-05-02_12:38:48	296.395649671555	500	467	19999033	0
POW_A_10000.csv-POW_B_1_10000.csv	1	100	0.1	0.1	2	8	8192	10	2025-05-02_12:38:48	2025-05-02_12:44:01	312.967727661133	500	286	19999214	0
POW_A_10000.csv-POW_B_1_10000.csv	1	100	0.1	0.1	2	8	8192	20	2025-05-02_12:54:42	2025-05-02_13:01:56	434.321303367615	500	285	19999215	0
POW_A_10000.csv-POW_B_1_10000.csv	1	100	0.1	0.1	2	8	8192	20	2025-05-02_13:01:57	2025-05-02_13:09:35	458.416980028152	500	281	19999219	0
POW_A_10000.csv-POW_B_1_10000.csv	1	100	0.1	0.1	2	8	8192	20	2025-05-02_13:09:35	2025-05-02_13:17:18	463.004565238953	500	382	19999118	0
POW_A_10000.csv-POW_B_1_10000.csv	1	100	0.1	0.1	2	16	8192	5	2025-05-02_13:32:35	2025-05-02_13:36:29	233.835343599319	500	582	19998918	0
POW_A_10000.csv-POW_B_1_10000.csv	1	100	0.1	0.1	2	16	8192	5	2025-05-02_13:36:29	2025-05-02_13:40:12	223.313752651215	500	607	19998893	0
POW_A_10000.csv-POW_B_1_10000.csv	1	100	0.1	0.1	2	16	8192	5	2025-05-02_13:40:12	2025-05-02_13:44:21	249.143272399902	500	264	19999236	0
POW_A_10000.csv-POW_B_1_10000.csv	1	100	0.1	0.1	2	16	8192	10	2025-05-02_13:52:36	2025-05-02_13:57:22	285.589993715286	500	419	19999081	0
POW_A_10000.csv-POW_B_1_10000.csv	1	100	0.1	0.1	2	16	8192	10	2025-05-02_13:57:22	2025-05-02_14:02:39	317.263353347778	500	394	19999106	0
POW_A_10000.csv-POW_B_1_10000.csv	1	100	0.1	0.1	2	16	8192	10	2025-05-02_14:02:39	2025-05-02_14:07:23	284.115486860275	500	288	19999212	0
POW_A_10000.csv-POW_B_1_10000.csv	1	100	0.1	0.1	2	16	8192	20	2025-05-02_14:17:58	2025-05-02_14:26:07	489.2274787426	500	866	19998634	0
POW_A_10000.csv-POW_B_1_10000.csv	1	100	0.1	0.1	2	16	8192	20	2025-05-02_14:26:07	2025-05-02_14:33:45	457.936636924744	500	575	19998925	0
POW_A_10000.csv-POW_B_1_10000.csv	1	100	0.1	0.1	2	16	8192	20	2025-05-02_14:33:45	2025-05-02_14:41:41	475.838983058929	500	1976	19997524	0
POW_A_10000.csv-POW_B_1_10000.csv	1	100	0.1	0.1	3	4	8192	5	2025-05-02_14:58:05	2025-05-02_15:03:16	311.227705001831	500	1000	19998500	0
POW_A_10000.csv-POW_B_1_10000.csv	1	100	0.1	0.1	3	4	8192	5	2025-05-02_15:03:16	2025-05-02_15:08:27	311.245951414108	500	689	19998811	0
POW_A_10000.csv-POW_B_1_10000.csv	1	100	0.1	0.1	3	4	8192	5	2025-05-02_15:08:27	2025-05-02_15:13:39	311.298566102982	500	388	19999112	0
POW_A_10000.csv-POW_B_1_10000.csv	1	100	0.1	0.1	3	4	8192	10	2025-05-02_15:24:21	2025-05-02_15:31:55	453.209696531296	500	301	19999199	0
POW_A_10000.csv-POW_B_1_10000.csv	1	100	0.1	0.1	3	4	8192	10	2025-05-02_15:31:55	2025-05-02_15:39:35	459.884390830994	500	673	19998827	0
POW_A_10000.csv-POW_B_1_10000.csv	1	100	0.1	0.1	3	4	8192	10	2025-05-02_15:39:35	2025-05-02_15:47:11	456.198152065277	500	664	19998836	0
POW_A_10000.csv-POW_B_1_10000.csv	1	100	0.1	0.1	3	4	8192	20	2025-05-02_16:02:44	2025-05-02_16:15:38	774.660877227783	500	253	19999247	0
POW_A_10000.csv-POW_B_1_10000.csv	1	100	0.1	0.1	3	4	8192	20	2025-05-02_16:15:38	2025-05-02_16:28:22	763.674238443375	500	301	19999199	0
POW_A_10000.csv-POW_B_1_10000.csv	1	100	0.1	0.1	3	4	8192	20	2025-05-02_16:28:22	2025-05-02_16:41:05	762.732903957367	500	981	19998519	0
POW_A_10000.csv-POW_B_1_10000.csv	1	100	0.1	0.1	3	8	8192	5	2025-05-02_17:06:53	2025-05-02_17:11:08	254.665572166443	500	5733	19993767	0
POW_A_10000.csv-POW_B_1_10000.csv	1	100	0.1	0.1	3	8	8192	5	2025-05-02_17:11:08	2025-05-02_17:15:20	251.968287467957	500	2288	19997212	0
POW_A_10000.csv-POW_B_1_10000.csv	1	100	0.1	0.1	3	8	8192	5	2025-05-02_17:15:20	2025-05-02_17:19:15	235.72748041153	500	2127	19997373	0
POW_A_10000.csv-POW_B_1_10000.csv	1	100	0.1	0.1	3	8	8192	10	2025-05-02_17:28:07	2025-05-02_17:33:53	345.792676687241	500	360	19999140	0
POW_A_10000.csv-POW_B_1_10000.csv	1	100	0.1	0.1	3	8	8192	10	2025-05-02_17:33:53	2025-05-02_17:39:33	339.846690893173	500	377	19999123	0
POW_A_10000.csv-POW_B_1_10000.csv	1	100	0.1	0.1	3	8	8192	10	2025-05-02_17:39:33	2025-05-02_17:44:59	325.673429250717	500	1043	19998457	0
POW_A_10000.csv-POW_B_1_10000.csv	1	100	0.1	0.1	3	8	8192	20	2025-05-02_17:56:14	2025-05-02_18:04:40	506.035887479782	500	733	19998767	0
POW_A_10000.csv-POW_B_1_10000.csv	1	100	0.1	0.1	3	8	8192	20	2025-05-02_18:04:40	2025-05-02_18:13:25	524.508069038391	500	802	19998698	0
POW_A_10000.csv-POW_B_1_10000.csv	1	100	0.1	0.1	3	8	8192	20	2025-05-02_18:13:25	2025-05-02_18:22:23	538.061956882477	500	378	19999122	0
POW_A_10000.csv-POW_B_1_10000.csv	1	100	0.1	0.1	3	16	8192	5	2025-05-02_18:40:00	2025-05-02_18:44:10	249.49413394928	500	866	19998634	0
POW_A_10000.csv-POW_B_1_10000.csv	1	100	0.1	0.1	3	16	8192	5	2025-05-02_18:44:10	2025-05-02_18:47:57	227.158734798431	500	1672	19997828	0
POW_A_10000.csv-POW_B_1_10000.csv	1	100	0.1	0.1	3	16	8192	5	2025-05-02_18:47:57	2025-05-02_18:52:15	258.358694314957	500	604	19998896	0
POW_A_10000.csv-POW_B_1_10000.csv	1	100	0.1	0.1	3	16	8192	10	2025-05-02_19:01:15	2025-05-02_19:06:15	299.189992189407	500	1658	19997842	0
POW_A_10000.csv-POW_B_1_10000.csv	1	100	0.1	0.1	3	16	8192	10	2025-05-02_19:06:15	2025-05-02_19:12:35	380.071124315262	500	312	19999188	0
POW_A_10000.csv-POW_B_1_10000.csv	1	100	0.1	0.1	3	16	8192	10	2025-05-02_19:12:35	2025-05-02_19:18:50	375.507200956345	500	393	19999107	0
POW_A_10000.csv-POW_B_1_10000.csv	1	100	0.1	0.1	3	16	8192	20	2025-05-02_19:31:11	2025-05-02_19:41:20	608.921302318573	500	449	19999051	0
POW_A_10000.csv-POW_B_1_10000.csv	1	100	0.1	0.1	3	16	8192	20	2025-05-02_19:41:20	2025-05-02_19:51:31	611.422111272812	500	2889	19996611	0
POW_A_10000.csv-POW_B_1_10000.csv	1	100	0.1	0.1	3	16	8192	20	2025-05-02_19:51:31	2025-05-02_20:01:38	606.75757598877	500	4945	19994555	0
POW_A_10000.csv-POW_B_1_10000.csv	1	200	0.01	0.0	1	4	8192	5	2025-05-02_20:21:45	2025-05-02_20:26:01	256.387094736099	500	64	19999436	0
POW_A_10000.csv-POW_B_1_10000.csv	1	200	0.01	0.0	1	4	8192	5	2025-05-02_20:26:01	2025-05-02_20:30:00	238.548802852631	500	29	19999471	0
POW_A_10000.csv-POW_B_1_10000.csv	1	200	0.01	0.0	1	4	8192	5	2025-05-02_20:30:00	2025-05-02_20:33:59	239.318357944489	500	16	19999484	0
POW_A_10000.csv-POW_B_1_10000.csv	1	200	0.01	0.0	1	4	8192	10	2025-05-02_20:42:14	2025-05-02_20:47:19	305.163397789001	500	1	19999499	0
POW_A_10000.csv-POW_B_1_10000.csv	1	200	0.01	0.0	1	4	8192	10	2025-05-02_20:47:20	2025-05-02_20:52:28	308.193167448044	500	99	19999401	0
POW_A_10000.csv-POW_B_1_10000.csv	1	200	0.01	0.0	1	4	8192	10	2025-05-02_20:52:28	2025-05-02_20:57:36	308.180756092072	500	5	19999495	0
POW_A_10000.csv-POW_B_1_10000.csv	1	200	0.01	0.0	1	4	8192	20	2025-05-02_21:08:13	2025-05-02_21:15:40	446.43803024292	500	23	19999477	0
POW_A_10000.csv-POW_B_1_10000.csv	1	200	0.01	0.0	1	4	8192	20	2025-05-02_21:15:40	2025-05-02_21:23:09	449.05264377594	500	54	19999446	0
POW_A_10000.csv-POW_B_1_10000.csv	1	200	0.01	0.0	1	4	8192	20	2025-05-02_21:23:09	2025-05-02_21:30:35	446.002248764038	500	2	19999498	0
POW_A_10000.csv-POW_B_1_10000.csv	1	200	0.01	0.0	1	8	8192	5	2025-05-02_21:45:52	2025-05-02_21:49:28	216.414052009583	500	3	19999497	0
POW_A_10000.csv-POW_B_1_10000.csv	1	200	0.01	0.0	1	8	8192	5	2025-05-02_21:49:28	2025-05-02_21:52:58	209.288242340088	500	7	19999493	0
POW_A_10000.csv-POW_B_1_10000.csv	1	200	0.01	0.0	1	8	8192	5	2025-05-02_21:52:58	2025-05-02_21:56:31	213.366115808487	500	204	19999296	0
POW_A_10000.csv-POW_B_1_10000.csv	1	200	0.01	0.0	1	8	8192	10	2025-05-02_22:03:52	2025-05-02_22:08:12	259.68771648407	500	14	19999486	0
POW_A_10000.csv-POW_B_1_10000.csv	1	200	0.01	0.0	1	8	8192	10	2025-05-02_22:08:12	2025-05-02_22:12:32	259.59786605835	500	3	19999497	0
POW_A_10000.csv-POW_B_1_10000.csv	1	200	0.01	0.0	1	8	8192	10	2025-05-02_22:12:32	2025-05-02_22:17:06	274.214737415314	500	28	19999472	0
POW_A_10000.csv-POW_B_1_10000.csv	1	200	0.01	0.0	1	8	8192	20	2025-05-02_22:26:12	2025-05-02_22:32:26	373.252453565598	500	2	19999498	0
POW_A_10000.csv-POW_B_1_10000.csv	1	200	0.01	0.0	1	8	8192	20	2025-05-02_22:32:26	2025-05-02_22:38:27	361.085466146469	500	80	19999420	0
POW_A_10000.csv-POW_B_1_10000.csv	1	200	0.01	0.0	1	8	8192	20	2025-05-02_22:38:27	2025-05-02_22:44:33	366.46303319931	500	2	19999498	0
POW_A_10000.csv-POW_B_1_10000.csv	1	200	0.01	0.0	1	16	8192	5	2025-05-02_22:57:16	2025-05-02_23:00:46	210.456046819687	500	0	19999500	0
POW_A_10000.csv-POW_B_1_10000.csv	1	200	0.01	0.0	1	16	8192	5	2025-05-02_23:00:46	2025-05-02_23:03:59	192.724103212357	500	7	19999493	0
POW_A_10000.csv-POW_B_1_10000.csv	1	200	0.01	0.0	1	16	8192	5	2025-05-02_23:03:59	2025-05-02_23:07:34	215.476091861725	500	10	19999490	0
POW_A_10000.csv-POW_B_1_10000.csv	1	200	0.01	0.0	1	16	8192	10	2025-05-02_23:15:03	2025-05-02_23:19:21	258.076106071472	500	81	19999419	0
POW_A_10000.csv-POW_B_1_10000.csv	1	200	0.01	0.0	1	16	8192	10	2025-05-02_23:19:21	2025-05-02_23:23:44	263.291324615479	500	5	19999495	0
POW_A_10000.csv-POW_B_1_10000.csv	1	200	0.01	0.0	1	16	8192	10	2025-05-02_23:23:44	2025-05-02_23:28:11	266.754492521286	500	5	19999495	0
POW_A_10000.csv-POW_B_1_10000.csv	1	200	0.01	0.0	1	16	8192	20	2025-05-02_23:37:12	2025-05-02_23:43:25	372.581614971161	500	1	19999499	0
POW_A_10000.csv-POW_B_1_10000.csv	1	200	0.01	0.0	1	16	8192	20	2025-05-02_23:43:25	2025-05-02_23:49:42	377.147678375244	500	64	19999436	0
POW_A_10000.csv-POW_B_1_10000.csv	1	200	0.01	0.0	1	16	8192	20	2025-05-02_23:49:42	2025-05-02_23:55:42	359.958969831467	500	126	19999374	0
POW_A_10000.csv-POW_B_1_10000.csv	1	200	0.01	0.0	2	4	8192	5	2025-05-03_00:08:06	2025-05-03_00:12:37	271.477384567261	500	0	19999500	0
POW_A_10000.csv-POW_B_1_10000.csv	1	200	0.01	0.0	2	4	8192	5	2025-05-03_00:12:37	2025-05-03_00:17:05	267.851706981659	500	69	19999431	0
POW_A_10000.csv-POW_B_1_10000.csv	1	200	0.01	0.0	2	4	8192	5	2025-05-03_00:17:05	2025-05-03_00:21:34	268.780597686768	500	1599	19997901	0
POW_A_10000.csv-POW_B_1_10000.csv	1	200	0.01	0.0	2	4	8192	10	2025-05-03_00:30:54	2025-05-03_00:37:11	377.388482809067	500	3	19999497	0
POW_A_10000.csv-POW_B_1_10000.csv	1	200	0.01	0.0	2	4	8192	10	2025-05-03_00:37:11	2025-05-03_00:43:30	378.584407329559	500	97	19999403	0
POW_A_10000.csv-POW_B_1_10000.csv	1	200	0.01	0.0	2	4	8192	10	2025-05-03_00:43:30	2025-05-03_00:49:51	381.108310937881	500	92	19999408	0
POW_A_10000.csv-POW_B_1_10000.csv	1	200	0.01	0.0	2	4	8192	20	2025-05-03_01:02:55	2025-05-03_01:12:56	601.007039070129	500	0	19999500	0
POW_A_10000.csv-POW_B_1_10000.csv	1	200	0.01	0.0	2	4	8192	20	2025-05-03_01:12:56	2025-05-03_01:22:53	597.070517301559	500	119	19999381	0
POW_A_10000.csv-POW_B_1_10000.csv	1	200	0.01	0.0	2	4	8192	20	2025-05-03_01:22:53	2025-05-03_01:32:54	601.384399414063	500	3	19999497	0
POW_A_10000.csv-POW_B_1_10000.csv	1	200	0.01	0.0	2	8	8192	5	2025-05-03_01:53:26	2025-05-03_01:57:15	228.654428958893	500	3	19999497	0
POW_A_10000.csv-POW_B_1_10000.csv	1	200	0.01	0.0	2	8	8192	5	2025-05-03_01:57:15	2025-05-03_02:01:18	243.857154607773	500	0	19999500	0
POW_A_10000.csv-POW_B_1_10000.csv	1	200	0.01	0.0	2	8	8192	5	2025-05-03_02:01:19	2025-05-03_02:05:14	235.878129720688	500	7	19999493	0
POW_A_10000.csv-POW_B_1_10000.csv	1	200	0.01	0.0	2	8	8192	10	2025-05-03_02:13:24	2025-05-03_02:18:16	291.92985367775	500	7	19999493	0
POW_A_10000.csv-POW_B_1_10000.csv	1	200	0.01	0.0	2	8	8192	10	2025-05-03_02:18:16	2025-05-03_02:23:19	302.726085662842	500	2	19999498	0
POW_A_10000.csv-POW_B_1_10000.csv	1	200	0.01	0.0	2	8	8192	10	2025-05-03_02:23:19	2025-05-03_02:28:14	295.395895957947	500	139	19999361	0
POW_A_10000.csv-POW_B_1_10000.csv	1	200	0.01	0.0	2	8	8192	20	2025-05-03_02:38:22	2025-05-03_02:45:49	447.353129863739	500	8	19999492	0
POW_A_10000.csv-POW_B_1_10000.csv	1	200	0.01	0.0	2	8	8192	20	2025-05-03_02:45:49	2025-05-03_02:53:26	456.701828956604	500	21	19999479	0
POW_A_10000.csv-POW_B_1_10000.csv	1	200	0.01	0.0	2	8	8192	20	2025-05-03_02:53:26	2025-05-03_03:00:54	447.670612812042	500	171	19999329	0
POW_A_10000.csv-POW_B_1_10000.csv	1	200	0.01	0.0	2	16	8192	5	2025-05-03_03:16:22	2025-05-03_03:20:26	244.099762201309	500	12	19999488	0
POW_A_10000.csv-POW_B_1_10000.csv	1	200	0.01	0.0	2	16	8192	5	2025-05-03_03:20:26	2025-05-03_03:24:29	243.022956371307	500	6	19999494	0
POW_A_10000.csv-POW_B_1_10000.csv	1	200	0.01	0.0	2	16	8192	5	2025-05-03_03:24:30	2025-05-03_03:28:34	244.863442420959	500	39	19999461	0
POW_A_10000.csv-POW_B_1_10000.csv	1	200	0.01	0.0	2	16	8192	10	2025-05-03_03:35:57	2025-05-03_03:41:16	318.323342084885	500	157	19999343	0
POW_A_10000.csv-POW_B_1_10000.csv	1	200	0.01	0.0	2	16	8192	10	2025-05-03_03:41:16	2025-05-03_03:46:32	316.633010149002	500	402	19999098	0
POW_A_10000.csv-POW_B_1_10000.csv	1	200	0.01	0.0	2	16	8192	10	2025-05-03_03:46:32	2025-05-03_03:51:49	316.556188344955	500	1	19999499	0
POW_A_10000.csv-POW_B_1_10000.csv	1	200	0.01	0.0	2	16	8192	20	2025-05-03_04:02:09	2025-05-03_04:10:27	497.749808073044	500	4	19999496	0
POW_A_10000.csv-POW_B_1_10000.csv	1	200	0.01	0.0	2	16	8192	20	2025-05-03_04:10:27	2025-05-03_04:18:38	491.330865859985	500	0	19999500	0
POW_A_10000.csv-POW_B_1_10000.csv	1	200	0.01	0.0	2	16	8192	20	2025-05-03_04:18:38	2025-05-03_04:26:16	458.422842264175	500	80	19999420	0
POW_A_10000.csv-POW_B_1_10000.csv	1	200	0.01	0.0	3	4	8192	5	2025-05-03_04:42:57	2025-05-03_04:48:08	310.070962667465	500	59	19999441	0
POW_A_10000.csv-POW_B_1_10000.csv	1	200	0.01	0.0	3	4	8192	5	2025-05-03_04:48:08	2025-05-03_04:53:18	310.597397089005	500	2	19999498	0
POW_A_10000.csv-POW_B_1_10000.csv	1	200	0.01	0.0	3	4	8192	5	2025-05-03_04:53:18	2025-05-03_04:58:28	309.373551845551	500	7	19999493	0
POW_A_10000.csv-POW_B_1_10000.csv	1	200	0.01	0.0	3	4	8192	10	2025-05-03_05:09:06	2025-05-03_05:16:40	454.108794689178	500	2	19999498	0
POW_A_10000.csv-POW_B_1_10000.csv	1	200	0.01	0.0	3	4	8192	10	2025-05-03_05:16:40	2025-05-03_05:24:20	459.818732023239	500	93	19999407	0
POW_A_10000.csv-POW_B_1_10000.csv	1	200	0.01	0.0	3	4	8192	10	2025-05-03_05:24:20	2025-05-03_05:31:58	457.451795101166	500	2	19999498	0
POW_A_10000.csv-POW_B_1_10000.csv	1	200	0.01	0.0	3	4	8192	20	2025-05-03_05:47:41	2025-05-03_06:00:20	759.455523729324	500	1	19999499	0
POW_A_10000.csv-POW_B_1_10000.csv	1	200	0.01	0.0	3	4	8192	20	2025-05-03_06:00:21	2025-05-03_06:13:00	759.142287969589	500	24	19999476	0
POW_A_10000.csv-POW_B_1_10000.csv	1	200	0.01	0.0	3	4	8192	20	2025-05-03_06:13:00	2025-05-03_06:25:37	757.449570417404	500	26	19999474	0
POW_A_10000.csv-POW_B_1_10000.csv	1	200	0.01	0.0	3	8	8192	5	2025-05-03_06:51:17	2025-05-03_06:55:25	247.469358921051	500	1319	19998181	0
POW_A_10000.csv-POW_B_1_10000.csv	1	200	0.01	0.0	3	8	8192	5	2025-05-03_06:55:25	2025-05-03_06:59:26	241.530236959457	500	213	19999287	0
POW_A_10000.csv-POW_B_1_10000.csv	1	200	0.01	0.0	3	8	8192	5	2025-05-03_06:59:26	2025-05-03_07:03:26	239.597132444382	500	19	19999481	0
POW_A_10000.csv-POW_B_1_10000.csv	1	200	0.01	0.0	3	8	8192	10	2025-05-03_07:12:25	2025-05-03_07:18:03	338.095028400421	500	2	19999498	0
POW_A_10000.csv-POW_B_1_10000.csv	1	200	0.01	0.0	3	8	8192	10	2025-05-03_07:18:03	2025-05-03_07:23:20	317.091263532639	500	34	19999466	0
POW_A_10000.csv-POW_B_1_10000.csv	1	200	0.01	0.0	3	8	8192	10	2025-05-03_07:23:20	2025-05-03_07:28:56	335.945852518082	500	3772	19995728	0
POW_A_10000.csv-POW_B_1_10000.csv	1	200	0.01	0.0	3	8	8192	20	2025-05-03_07:40:45	2025-05-03_07:49:22	516.825391530991	500	86	19999414	0
POW_A_10000.csv-POW_B_1_10000.csv	1	200	0.01	0.0	3	8	8192	20	2025-05-03_07:49:22	2025-05-03_07:58:11	529.520648002625	500	20	19999480	0
POW_A_10000.csv-POW_B_1_10000.csv	1	200	0.01	0.0	3	8	8192	20	2025-05-03_07:58:11	2025-05-03_08:06:49	517.965209960938	500	0	19999500	0
POW_A_10000.csv-POW_B_1_10000.csv	1	200	0.01	0.0	3	16	8192	5	2025-05-03_08:24:07	2025-05-03_08:28:28	260.66400551796	500	14	19999486	0
POW_A_10000.csv-POW_B_1_10000.csv	1	200	0.01	0.0	3	16	8192	5	2025-05-03_08:28:28	2025-05-03_08:32:48	259.950473070145	500	128	19999372	0
POW_A_10000.csv-POW_B_1_10000.csv	1	200	0.01	0.0	3	16	8192	5	2025-05-03_08:32:48	2025-05-03_08:37:08	259.989429950714	500	273	19999227	0
POW_A_10000.csv-POW_B_1_10000.csv	1	200	0.01	0.0	3	16	8192	10	2025-05-03_08:46:11	2025-05-03_08:52:29	378.010148048401	500	131	19999369	0
POW_A_10000.csv-POW_B_1_10000.csv	1	200	0.01	0.0	3	16	8192	10	2025-05-03_08:52:29	2025-05-03_08:58:34	365.631106853485	500	10	19999490	0
POW_A_10000.csv-POW_B_1_10000.csv	1	200	0.01	0.0	3	16	8192	10	2025-05-03_08:58:34	2025-05-03_09:04:50	375.334614753723	500	0	19999500	0
POW_A_10000.csv-POW_B_1_10000.csv	1	200	0.01	0.0	3	16	8192	20	2025-05-03_09:17:08	2025-05-03_09:27:07	599.497098684311	500	2745	19996755	0
POW_A_10000.csv-POW_B_1_10000.csv	1	200	0.01	0.0	3	16	8192	20	2025-05-03_09:27:07	2025-05-03_09:36:56	588.242143154144	500	0	19999500	0
POW_A_10000.csv-POW_B_1_10000.csv	1	200	0.01	0.0	3	16	8192	20	2025-05-03_09:36:56	2025-05-03_09:46:45	589.348122358322	500	133	19999367	0
POW_A_10000.csv-POW_B_1_10000.csv	1	200	0.01	0.01	1	4	8192	5	2025-05-03_10:06:41	2025-05-03_10:10:59	257.886301279068	500	3	19999497	0
POW_A_10000.csv-POW_B_1_10000.csv	1	200	0.01	0.01	1	4	8192	5	2025-05-03_10:10:59	2025-05-03_10:14:56	237.034288644791	500	41	19999459	0
POW_A_10000.csv-POW_B_1_10000.csv	1	200	0.01	0.01	1	4	8192	5	2025-05-03_10:14:56	2025-05-03_10:18:53	236.826098680496	500	15	19999485	0
POW_A_10000.csv-POW_B_1_10000.csv	1	200	0.01	0.01	1	4	8192	10	2025-05-03_10:27:11	2025-05-03_10:32:18	306.608137607574	500	9	19999491	0
POW_A_10000.csv-POW_B_1_10000.csv	1	200	0.01	0.01	1	4	8192	10	2025-05-03_10:32:18	2025-05-03_10:37:19	301.48725771904	500	3	19999497	0
POW_A_10000.csv-POW_B_1_10000.csv	1	200	0.01	0.01	1	4	8192	10	2025-05-03_10:37:19	2025-05-03_10:42:24	305.108834505081	500	4	19999496	0
POW_A_10000.csv-POW_B_1_10000.csv	1	200	0.01	0.01	1	4	8192	20	2025-05-03_10:52:50	2025-05-03_11:00:17	446.377521038055	500	3	19999497	0
POW_A_10000.csv-POW_B_1_10000.csv	1	200	0.01	0.01	1	4	8192	20	2025-05-03_11:00:17	2025-05-03_11:07:45	448.744227647781	500	486	19999014	0
POW_A_10000.csv-POW_B_1_10000.csv	1	200	0.01	0.01	1	4	8192	20	2025-05-03_11:07:45	2025-05-03_11:15:04	438.104515552521	500	8	19999492	0
POW_A_10000.csv-POW_B_1_10000.csv	1	200	0.01	0.01	1	8	8192	5	2025-05-03_11:30:22	2025-05-03_11:33:50	207.530417203903	500	8	19999492	0
POW_A_10000.csv-POW_B_1_10000.csv	1	200	0.01	0.01	1	8	8192	5	2025-05-03_11:33:50	2025-05-03_11:37:16	205.728013277054	500	3	19999497	0
POW_A_10000.csv-POW_B_1_10000.csv	1	200	0.01	0.01	1	8	8192	5	2025-05-03_11:37:16	2025-05-03_11:40:47	211.006839990616	500	13	19999487	0
POW_A_10000.csv-POW_B_1_10000.csv	1	200	0.01	0.01	1	8	8192	10	2025-05-03_11:48:12	2025-05-03_11:52:28	255.678622245789	500	193	19999307	0
POW_A_10000.csv-POW_B_1_10000.csv	1	200	0.01	0.01	1	8	8192	10	2025-05-03_11:52:28	2025-05-03_11:56:47	259.709050416946	500	243	19999257	0
POW_A_10000.csv-POW_B_1_10000.csv	1	200	0.01	0.01	1	8	8192	10	2025-05-03_11:56:47	2025-05-03_12:01:09	261.741911172867	500	6	19999494	0
POW_A_10000.csv-POW_B_1_10000.csv	1	200	0.01	0.01	1	8	8192	20	2025-05-03_12:10:27	2025-05-03_12:16:31	363.873434782028	500	2	19999498	0
POW_A_10000.csv-POW_B_1_10000.csv	1	200	0.01	0.01	1	8	8192	20	2025-05-03_12:16:31	2025-05-03_12:22:30	359.123554468155	500	3	19999497	0
POW_A_10000.csv-POW_B_1_10000.csv	1	200	0.01	0.01	1	8	8192	20	2025-05-03_12:22:30	2025-05-03_12:28:24	353.878832578659	500	19	19999481	0
POW_A_10000.csv-POW_B_1_10000.csv	1	200	0.01	0.01	1	16	8192	5	2025-05-03_12:40:46	2025-05-03_12:44:16	210.352563381195	500	3	19999497	0
POW_A_10000.csv-POW_B_1_10000.csv	1	200	0.01	0.01	1	16	8192	5	2025-05-03_12:44:16	2025-05-03_12:47:47	210.611085176468	500	3	19999497	0
POW_A_10000.csv-POW_B_1_10000.csv	1	200	0.01	0.01	1	16	8192	5	2025-05-03_12:47:47	2025-05-03_12:51:17	209.805423736572	500	12	19999488	0
POW_A_10000.csv-POW_B_1_10000.csv	1	200	0.01	0.01	1	16	8192	10	2025-05-03_12:58:35	2025-05-03_13:03:03	268.708251476288	500	174	19999326	0
POW_A_10000.csv-POW_B_1_10000.csv	1	200	0.01	0.01	1	16	8192	10	2025-05-03_13:03:03	2025-05-03_13:07:35	271.82487487793	500	61	19999439	0
POW_A_10000.csv-POW_B_1_10000.csv	1	200	0.01	0.01	1	16	8192	10	2025-05-03_13:07:35	2025-05-03_13:11:53	257.575151205063	500	225	19999275	0
POW_A_10000.csv-POW_B_1_10000.csv	1	200	0.01	0.01	1	16	8192	20	2025-05-03_13:20:14	2025-05-03_13:26:26	372.099609851837	500	1086	19998414	0
POW_A_10000.csv-POW_B_1_10000.csv	1	200	0.01	0.01	1	16	8192	20	2025-05-03_13:26:26	2025-05-03_13:32:27	361.163860797882	500	2	19999498	0
POW_A_10000.csv-POW_B_1_10000.csv	1	200	0.01	0.01	1	16	8192	20	2025-05-03_13:32:27	2025-05-03_13:38:46	379.535684108734	500	12	19999488	0
POW_A_10000.csv-POW_B_1_10000.csv	1	200	0.01	0.01	2	4	8192	5	2025-05-03_13:51:54	2025-05-03_13:56:24	270.396742343903	500	3	19999497	0
POW_A_10000.csv-POW_B_1_10000.csv	1	200	0.01	0.01	2	4	8192	5	2025-05-03_13:56:25	2025-05-03_14:00:55	270.281742811203	500	11	19999489	0
POW_A_10000.csv-POW_B_1_10000.csv	1	200	0.01	0.01	2	4	8192	5	2025-05-03_14:00:55	2025-05-03_14:05:28	272.712535858154	500	13	19999487	0
POW_A_10000.csv-POW_B_1_10000.csv	1	200	0.01	0.01	2	4	8192	10	2025-05-03_14:14:51	2025-05-03_14:21:05	374.382313489914	500	28	19999472	0
POW_A_10000.csv-POW_B_1_10000.csv	1	200	0.01	0.01	2	4	8192	10	2025-05-03_14:21:05	2025-05-03_14:27:24	378.65461397171	500	2	19999498	0
POW_A_10000.csv-POW_B_1_10000.csv	1	200	0.01	0.01	2	4	8192	10	2025-05-03_14:27:24	2025-05-03_14:33:40	375.914215803146	500	6	19999494	0
POW_A_10000.csv-POW_B_1_10000.csv	1	200	0.01	0.01	2	4	8192	20	2025-05-03_14:46:40	2025-05-03_14:56:41	600.713464736939	500	12	19999488	0
POW_A_10000.csv-POW_B_1_10000.csv	1	200	0.01	0.01	2	4	8192	20	2025-05-03_14:56:41	2025-05-03_15:06:37	596.387796163559	500	22	19999478	0
POW_A_10000.csv-POW_B_1_10000.csv	1	200	0.01	0.01	2	4	8192	20	2025-05-03_15:06:37	2025-05-03_15:16:33	596.229885816574	500	10	19999490	0
POW_A_10000.csv-POW_B_1_10000.csv	1	200	0.01	0.01	2	8	8192	5	2025-05-03_15:36:49	2025-05-03_15:40:45	235.934583187103	500	89	19999411	0
POW_A_10000.csv-POW_B_1_10000.csv	1	200	0.01	0.01	2	8	8192	5	2025-05-03_15:40:45	2025-05-03_15:44:34	228.749544382095	500	3	19999497	0
POW_A_10000.csv-POW_B_1_10000.csv	1	200	0.01	0.01	2	8	8192	5	2025-05-03_15:44:34	2025-05-03_15:48:31	236.785232782364	500	17	19999483	0
POW_A_10000.csv-POW_B_1_10000.csv	1	200	0.01	0.01	2	8	8192	10	2025-05-03_15:56:35	2025-05-03_16:01:45	309.293211936951	500	12	19999488	0
POW_A_10000.csv-POW_B_1_10000.csv	1	200	0.01	0.01	2	8	8192	10	2025-05-03_16:01:45	2025-05-03_16:06:46	300.74665760994	500	9	19999491	0
POW_A_10000.csv-POW_B_1_10000.csv	1	200	0.01	0.01	2	8	8192	10	2025-05-03_16:06:46	2025-05-03_16:12:03	316.919446468353	500	151	19999349	0
POW_A_10000.csv-POW_B_1_10000.csv	1	200	0.01	0.01	2	8	8192	20	2025-05-03_16:22:52	2025-05-03_16:30:19	446.72155714035	500	3	19999497	0
POW_A_10000.csv-POW_B_1_10000.csv	1	200	0.01	0.01	2	8	8192	20	2025-05-03_16:30:19	2025-05-03_16:37:54	455.4217441082	500	276	19999224	0
POW_A_10000.csv-POW_B_1_10000.csv	1	200	0.01	0.01	2	8	8192	20	2025-05-03_16:37:54	2025-05-03_16:45:36	461.578315973282	500	8	19999492	0
POW_A_10000.csv-POW_B_1_10000.csv	1	200	0.01	0.01	2	16	8192	5	2025-05-03_17:01:21	2025-05-03_17:05:09	228.830470085144	500	30	19999470	0
POW_A_10000.csv-POW_B_1_10000.csv	1	200	0.01	0.01	2	16	8192	5	2025-05-03_17:05:10	2025-05-03_17:09:11	241.319049358368	500	12	19999488	0
POW_A_10000.csv-POW_B_1_10000.csv	1	200	0.01	0.01	2	16	8192	5	2025-05-03_17:09:11	2025-05-03_17:13:06	235.508524417877	500	3	19999497	0
POW_A_10000.csv-POW_B_1_10000.csv	1	200	0.01	0.01	2	16	8192	10	2025-05-03_17:21:02	2025-05-03_17:26:25	323.769447803497	500	241	19999259	0
POW_A_10000.csv-POW_B_1_10000.csv	1	200	0.01	0.01	2	16	8192	10	2025-05-03_17:26:26	2025-05-03_17:31:48	322.552905321121	500	2	19999498	0
POW_A_10000.csv-POW_B_1_10000.csv	1	200	0.01	0.01	2	16	8192	10	2025-05-03_17:31:48	2025-05-03_17:36:54	305.716438770294	500	33	19999467	0
POW_A_10000.csv-POW_B_1_10000.csv	1	200	0.01	0.01	2	16	8192	20	2025-05-03_17:47:21	2025-05-03_17:55:17	476.04389333725	500	7	19999493	0
POW_A_10000.csv-POW_B_1_10000.csv	1	200	0.01	0.01	2	16	8192	20	2025-05-03_17:55:17	2025-05-03_18:02:51	453.441486358643	500	119	19999381	0
POW_A_10000.csv-POW_B_1_10000.csv	1	200	0.01	0.01	2	16	8192	20	2025-05-03_18:02:51	2025-05-03_18:10:50	479.659338474274	500	43	19999457	0
POW_A_10000.csv-POW_B_1_10000.csv	1	200	0.01	0.01	3	4	8192	5	2025-05-03_18:27:22	2025-05-03_18:32:32	309.856634140015	500	273	19999227	0
POW_A_10000.csv-POW_B_1_10000.csv	1	200	0.01	0.01	3	4	8192	5	2025-05-03_18:32:32	2025-05-03_18:37:41	308.483136415482	499	419	19999081	1
POW_A_10000.csv-POW_B_1_10000.csv	1	200	0.01	0.01	3	4	8192	5	2025-05-03_18:37:41	2025-05-03_18:42:50	309.029250621796	500	140	19999360	0
POW_A_10000.csv-POW_B_1_10000.csv	1	200	0.01	0.01	3	4	8192	10	2025-05-03_18:53:30	2025-05-03_19:01:12	462.363142967224	500	35	19999465	0
POW_A_10000.csv-POW_B_1_10000.csv	1	200	0.01	0.01	3	4	8192	10	2025-05-03_19:01:12	2025-05-03_19:08:58	466.280993700027	500	87	19999413	0
POW_A_10000.csv-POW_B_1_10000.csv	1	200	0.01	0.01	3	4	8192	10	2025-05-03_19:08:58	2025-05-03_19:16:42	463.140053987503	500	200	19999300	0
POW_A_10000.csv-POW_B_1_10000.csv	1	200	0.01	0.01	3	4	8192	20	2025-05-03_19:32:35	2025-05-03_19:45:24	769.912358760834	500	16	19999484	0
POW_A_10000.csv-POW_B_1_10000.csv	1	200	0.01	0.01	3	4	8192	20	2025-05-03_19:45:25	2025-05-03_19:58:10	765.700699090958	500	3	19999497	0
POW_A_10000.csv-POW_B_1_10000.csv	1	200	0.01	0.01	3	4	8192	20	2025-05-03_19:58:10	2025-05-03_20:10:53	762.801718950272	500	3	19999497	0
POW_A_10000.csv-POW_B_1_10000.csv	1	200	0.01	0.01	3	8	8192	5	2025-05-03_20:36:40	2025-05-03_20:41:07	267.681223392487	500	3	19999497	0
POW_A_10000.csv-POW_B_1_10000.csv	1	200	0.01	0.01	3	8	8192	5	2025-05-03_20:41:08	2025-05-03_20:45:19	251.271402597427	500	156	19999344	0
POW_A_10000.csv-POW_B_1_10000.csv	1	200	0.01	0.01	3	8	8192	5	2025-05-03_20:45:19	2025-05-03_20:49:35	255.689831018448	500	4	19999496	0
POW_A_10000.csv-POW_B_1_10000.csv	1	200	0.01	0.01	3	8	8192	10	2025-05-03_20:58:28	2025-05-03_21:03:43	315.31424331665	500	19	19999481	0
POW_A_10000.csv-POW_B_1_10000.csv	1	200	0.01	0.01	3	8	8192	10	2025-05-03_21:03:43	2025-05-03_21:09:22	338.545720815659	500	3	19999497	0
POW_A_10000.csv-POW_B_1_10000.csv	1	200	0.01	0.01	3	8	8192	10	2025-05-03_21:09:22	2025-05-03_21:14:42	320.479466438293	500	17	19999483	0
POW_A_10000.csv-POW_B_1_10000.csv	1	200	0.01	0.01	3	8	8192	20	2025-05-03_21:26:15	2025-05-03_21:34:55	519.785766601563	500	33	19999467	0
POW_A_10000.csv-POW_B_1_10000.csv	1	200	0.01	0.01	3	8	8192	20	2025-05-03_21:34:55	2025-05-03_21:43:32	516.83620762825	500	8	19999492	0
POW_A_10000.csv-POW_B_1_10000.csv	1	200	0.01	0.01	3	8	8192	20	2025-05-03_21:43:32	2025-05-03_21:53:03	570.282918214798	500	107	19999393	0
POW_A_10000.csv-POW_B_1_10000.csv	1	200	0.01	0.01	3	16	8192	5	2025-05-03_22:10:12	2025-05-03_22:14:32	259.436744451523	500	28	19999472	0
POW_A_10000.csv-POW_B_1_10000.csv	1	200	0.01	0.01	3	16	8192	5	2025-05-03_22:14:32	2025-05-03_22:18:51	258.508583068848	500	9	19999491	0
POW_A_10000.csv-POW_B_1_10000.csv	1	200	0.01	0.01	3	16	8192	5	2025-05-03_22:18:51	2025-05-03_22:22:50	239.081038713455	500	0	19999500	0
POW_A_10000.csv-POW_B_1_10000.csv	1	200	0.01	0.01	3	16	8192	10	2025-05-03_22:32:09	2025-05-03_22:38:16	367.719183444977	500	21	19999479	0
POW_A_10000.csv-POW_B_1_10000.csv	1	200	0.01	0.01	3	16	8192	10	2025-05-03_22:38:17	2025-05-03_22:43:22	305.580387115479	500	76	19999424	0
POW_A_10000.csv-POW_B_1_10000.csv	1	200	0.01	0.01	3	16	8192	10	2025-05-03_22:43:22	2025-05-03_22:49:12	349.543038368225	500	1354	19998146	0
POW_A_10000.csv-POW_B_1_10000.csv	1	200	0.01	0.01	3	16	8192	20	2025-05-03_23:01:45	2025-05-03_23:11:47	601.271712779999	500	61	19999439	0
POW_A_10000.csv-POW_B_1_10000.csv	1	200	0.01	0.01	3	16	8192	20	2025-05-03_23:11:47	2025-05-03_23:21:58	611.522137641907	500	74	19999426	0
POW_A_10000.csv-POW_B_1_10000.csv	1	200	0.01	0.01	3	16	8192	20	2025-05-03_23:21:58	2025-05-03_23:31:57	598.287978410721	500	4	19999496	0
POW_A_10000.csv-POW_B_1_10000.csv	1	200	0.01	0.1	1	4	8192	5	2025-05-03_23:51:52	2025-05-03_23:56:01	248.514943122864	500	626	19998874	0
POW_A_10000.csv-POW_B_1_10000.csv	1	200	0.01	0.1	1	4	8192	5	2025-05-03_23:56:01	2025-05-03_23:59:53	231.980458259583	500	514	19998986	0
POW_A_10000.csv-POW_B_1_10000.csv	1	200	0.01	0.1	1	4	8192	5	2025-05-03_23:59:53	2025-05-04_00:03:46	233.458255767822	500	388	19999112	0
POW_A_10000.csv-POW_B_1_10000.csv	1	200	0.01	0.1	1	4	8192	10	2025-05-04_00:11:51	2025-05-04_00:16:52	301.699148654938	500	317	19999183	0
POW_A_10000.csv-POW_B_1_10000.csv	1	200	0.01	0.1	1	4	8192	10	2025-05-04_00:16:52	2025-05-04_00:21:49	296.699962377548	500	426	19999074	0
POW_A_10000.csv-POW_B_1_10000.csv	1	200	0.01	0.1	1	4	8192	10	2025-05-04_00:21:49	2025-05-04_00:26:53	303.735094547272	500	263	19999237	0
POW_A_10000.csv-POW_B_1_10000.csv	1	200	0.01	0.1	1	4	8192	20	2025-05-04_00:37:23	2025-05-04_00:44:50	446.896705389023	500	287	19999213	0
POW_A_10000.csv-POW_B_1_10000.csv	1	200	0.01	0.1	1	4	8192	20	2025-05-04_00:44:50	2025-05-04_00:52:14	444.44396686554	500	224	19999276	0
POW_A_10000.csv-POW_B_1_10000.csv	1	200	0.01	0.1	1	4	8192	20	2025-05-04_00:52:14	2025-05-04_00:59:44	449.670471191406	500	400	19999100	0
POW_A_10000.csv-POW_B_1_10000.csv	1	200	0.01	0.1	1	8	8192	5	2025-05-04_01:14:56	2025-05-04_01:18:38	222.282366037369	500	554	19998946	0
POW_A_10000.csv-POW_B_1_10000.csv	1	200	0.01	0.1	1	8	8192	5	2025-05-04_01:18:39	2025-05-04_01:22:14	215.032461166382	500	553	19998947	0
POW_A_10000.csv-POW_B_1_10000.csv	1	200	0.01	0.1	1	8	8192	5	2025-05-04_01:22:14	2025-05-04_01:25:51	216.933655738831	500	790	19998710	0
POW_A_10000.csv-POW_B_1_10000.csv	1	200	0.01	0.1	1	8	8192	10	2025-05-04_01:33:24	2025-05-04_01:37:42	258.238166809082	500	304	19999196	0
POW_A_10000.csv-POW_B_1_10000.csv	1	200	0.01	0.1	1	8	8192	10	2025-05-04_01:37:42	2025-05-04_01:41:55	252.445135593414	500	377	19999123	0
POW_A_10000.csv-POW_B_1_10000.csv	1	200	0.01	0.1	1	8	8192	10	2025-05-04_01:41:55	2025-05-04_01:46:14	258.770857572556	500	386	19999114	0
POW_A_10000.csv-POW_B_1_10000.csv	1	200	0.01	0.1	1	8	8192	20	2025-05-04_01:55:21	2025-05-04_02:01:22	361.63435125351	500	259	19999241	0
POW_A_10000.csv-POW_B_1_10000.csv	1	200	0.01	0.1	1	8	8192	20	2025-05-04_02:01:22	2025-05-04_02:07:56	393.580212116241	500	177	19999323	0
POW_A_10000.csv-POW_B_1_10000.csv	1	200	0.01	0.1	1	8	8192	20	2025-05-04_02:07:56	2025-05-04_02:14:21	384.771428585053	500	159	19999341	0
POW_A_10000.csv-POW_B_1_10000.csv	1	200	0.01	0.1	1	16	8192	5	2025-05-04_02:26:46	2025-05-04_02:30:04	198.468752861023	500	936	19998564	0
POW_A_10000.csv-POW_B_1_10000.csv	1	200	0.01	0.1	1	16	8192	5	2025-05-04_02:30:05	2025-05-04_02:33:33	208.800585746765	500	361	19999139	0
POW_A_10000.csv-POW_B_1_10000.csv	1	200	0.01	0.1	1	16	8192	5	2025-05-04_02:33:33	2025-05-04_02:37:07	213.247046709061	500	606	19998894	0
POW_A_10000.csv-POW_B_1_10000.csv	1	200	0.01	0.1	1	16	8192	10	2025-05-04_02:44:10	2025-05-04_02:48:00	230.553686380386	500	1308	19998192	0
POW_A_10000.csv-POW_B_1_10000.csv	1	200	0.01	0.1	1	16	8192	10	2025-05-04_02:48:00	2025-05-04_02:52:26	266.236820220947	500	485	19999015	0
POW_A_10000.csv-POW_B_1_10000.csv	1	200	0.01	0.1	1	16	8192	10	2025-05-04_02:52:27	2025-05-04_02:56:59	272.474525213242	500	267	19999233	0
POW_A_10000.csv-POW_B_1_10000.csv	1	200	0.01	0.1	1	16	8192	20	2025-05-04_03:06:18	2025-05-04_03:12:23	364.340362548828	500	386	19999114	0
POW_A_10000.csv-POW_B_1_10000.csv	1	200	0.01	0.1	1	16	8192	20	2025-05-04_03:12:23	2025-05-04_03:17:26	303.337297677994	500	722	19998778	0
POW_A_10000.csv-POW_B_1_10000.csv	1	200	0.01	0.1	1	16	8192	20	2025-05-04_03:17:26	2025-05-04_03:23:39	372.361107587814	500	241	19999259	0
POW_A_10000.csv-POW_B_1_10000.csv	1	200	0.01	0.1	2	4	8192	5	2025-05-04_03:36:45	2025-05-04_03:41:15	269.215804576874	500	1664	19997836	0
POW_A_10000.csv-POW_B_1_10000.csv	1	200	0.01	0.1	2	4	8192	5	2025-05-04_03:41:15	2025-05-04_03:45:44	268.911390304565	500	483	19999017	0
POW_A_10000.csv-POW_B_1_10000.csv	1	200	0.01	0.1	2	4	8192	5	2025-05-04_03:45:44	2025-05-04_03:50:16	272.671629190445	500	518	19998982	0
POW_A_10000.csv-POW_B_1_10000.csv	1	200	0.01	0.1	2	4	8192	10	2025-05-04_03:59:35	2025-05-04_04:05:58	383.131090402603	500	508	19998992	0
POW_A_10000.csv-POW_B_1_10000.csv	1	200	0.01	0.1	2	4	8192	10	2025-05-04_04:05:58	2025-05-04_04:12:20	381.459689617157	500	644	19998856	0
POW_A_10000.csv-POW_B_1_10000.csv	1	200	0.01	0.1	2	4	8192	10	2025-05-04_04:12:20	2025-05-04_04:18:36	376.514915943146	500	377	19999123	0
POW_A_10000.csv-POW_B_1_10000.csv	1	200	0.01	0.1	2	4	8192	20	2025-05-04_04:31:38	2025-05-04_04:41:29	591.251033782959	500	208	19999292	0
POW_A_10000.csv-POW_B_1_10000.csv	1	200	0.01	0.1	2	4	8192	20	2025-05-04_04:41:29	2025-05-04_04:51:14	585.367216825485	500	497	19999003	0
POW_A_10000.csv-POW_B_1_10000.csv	1	200	0.01	0.1	2	4	8192	20	2025-05-04_04:51:14	2025-05-04_05:01:11	596.124076128006	500	233	19999267	0
POW_A_10000.csv-POW_B_1_10000.csv	1	200	0.01	0.1	2	8	8192	5	2025-05-04_05:21:21	2025-05-04_05:25:09	228.265472412109	500	303	19999197	0
POW_A_10000.csv-POW_B_1_10000.csv	1	200	0.01	0.1	2	8	8192	5	2025-05-04_05:25:09	2025-05-04_05:28:53	223.62402677536	500	506	19998994	0
POW_A_10000.csv-POW_B_1_10000.csv	1	200	0.01	0.1	2	8	8192	5	2025-05-04_05:28:53	2025-05-04_05:32:45	232.45247387886	500	406	19999094	0
POW_A_10000.csv-POW_B_1_10000.csv	1	200	0.01	0.1	2	8	8192	10	2025-05-04_05:40:47	2025-05-04_05:45:58	310.578402757645	500	188	19999312	0
POW_A_10000.csv-POW_B_1_10000.csv	1	200	0.01	0.1	2	8	8192	10	2025-05-04_05:45:58	2025-05-04_05:50:44	286.198574066162	500	500	19999000	0
POW_A_10000.csv-POW_B_1_10000.csv	1	200	0.01	0.1	2	8	8192	10	2025-05-04_05:50:44	2025-05-04_05:55:52	308.077595949173	500	481	19999019	0
POW_A_10000.csv-POW_B_1_10000.csv	1	200	0.01	0.1	2	8	8192	20	2025-05-04_06:06:49	2025-05-04_06:14:31	462.896648406982	498	78	19999422	2
POW_A_10000.csv-POW_B_1_10000.csv	1	200	0.01	0.1	2	8	8192	20	2025-05-04_06:14:32	2025-05-04_06:22:06	454.890969276428	500	182	19999318	0
POW_A_10000.csv-POW_B_1_10000.csv	1	200	0.01	0.1	2	8	8192	20	2025-05-04_06:22:07	2025-05-04_06:29:42	455.53872179985	500	148	19999352	0
POW_A_10000.csv-POW_B_1_10000.csv	1	200	0.01	0.1	2	16	8192	5	2025-05-04_06:45:28	2025-05-04_06:49:23	234.341052055359	500	426	19999074	0
POW_A_10000.csv-POW_B_1_10000.csv	1	200	0.01	0.1	2	16	8192	5	2025-05-04_06:49:23	2025-05-04_06:53:25	242.224103450775	500	339	19999161	0
POW_A_10000.csv-POW_B_1_10000.csv	1	200	0.01	0.1	2	16	8192	5	2025-05-04_06:53:25	2025-05-04_06:57:26	240.746188879013	500	1228	19998272	0
POW_A_10000.csv-POW_B_1_10000.csv	1	200	0.01	0.1	2	16	8192	10	2025-05-04_07:05:48	2025-05-04_07:11:21	332.883172273636	500	648	19998852	0
POW_A_10000.csv-POW_B_1_10000.csv	1	200	0.01	0.1	2	16	8192	10	2025-05-04_07:11:21	2025-05-04_07:16:44	323.579582691193	500	376	19999124	0
POW_A_10000.csv-POW_B_1_10000.csv	1	200	0.01	0.1	2	16	8192	10	2025-05-04_07:16:44	2025-05-04_07:21:04	259.30211687088	500	418	19999082	0
POW_A_10000.csv-POW_B_1_10000.csv	1	200	0.01	0.1	2	16	8192	20	2025-05-04_07:32:09	2025-05-04_07:40:23	493.840322494507	500	328	19999172	0
POW_A_10000.csv-POW_B_1_10000.csv	1	200	0.01	0.1	2	16	8192	20	2025-05-04_07:40:23	2025-05-04_07:48:37	494.115651369095	500	1425	19998075	0
POW_A_10000.csv-POW_B_1_10000.csv	1	200	0.01	0.1	2	16	8192	20	2025-05-04_07:48:37	2025-05-04_07:56:40	483.065818548203	500	1384	19998116	0
POW_A_10000.csv-POW_B_1_10000.csv	1	200	0.01	0.1	3	4	8192	5	2025-05-04_08:12:38	2025-05-04_08:17:49	311.37241268158	500	439	19999061	0
POW_A_10000.csv-POW_B_1_10000.csv	1	200	0.01	0.1	3	4	8192	5	2025-05-04_08:17:49	2025-05-04_08:22:58	308.446328401566	500	229	19999271	0
POW_A_10000.csv-POW_B_1_10000.csv	1	200	0.01	0.1	3	4	8192	5	2025-05-04_08:22:58	2025-05-04_08:28:04	306.539298772812	500	558	19998942	0
POW_A_10000.csv-POW_B_1_10000.csv	1	200	0.01	0.1	3	4	8192	10	2025-05-04_08:38:44	2025-05-04_08:46:19	455.123453617096	500	365	19999135	0
POW_A_10000.csv-POW_B_1_10000.csv	1	200	0.01	0.1	3	4	8192	10	2025-05-04_08:46:19	2025-05-04_08:53:49	450.341250896454	500	285	19999215	0
POW_A_10000.csv-POW_B_1_10000.csv	1	200	0.01	0.1	3	4	8192	10	2025-05-04_08:53:49	2025-05-04_09:01:23	453.534861803055	500	511	19998989	0
POW_A_10000.csv-POW_B_1_10000.csv	1	200	0.01	0.1	3	4	8192	20	2025-05-04_09:16:49	2025-05-04_09:29:21	751.899389028549	500	252	19999248	0
POW_A_10000.csv-POW_B_1_10000.csv	1	200	0.01	0.1	3	4	8192	20	2025-05-04_09:29:21	2025-05-04_09:41:45	743.710642576218	500	399	19999101	0
POW_A_10000.csv-POW_B_1_10000.csv	1	200	0.01	0.1	3	4	8192	20	2025-05-04_09:41:45	2025-05-04_09:54:15	749.873065710068	500	774	19998726	0
POW_A_10000.csv-POW_B_1_10000.csv	1	200	0.01	0.1	3	8	8192	5	2025-05-04_10:19:24	2025-05-04_10:23:30	245.959088563919	500	2163	19997337	0
POW_A_10000.csv-POW_B_1_10000.csv	1	200	0.01	0.1	3	8	8192	5	2025-05-04_10:23:30	2025-05-04_10:27:36	246.096431493759	500	242	19999258	0
POW_A_10000.csv-POW_B_1_10000.csv	1	200	0.01	0.1	3	8	8192	5	2025-05-04_10:27:36	2025-05-04_10:31:49	252.78088760376	500	288	19999212	0
POW_A_10000.csv-POW_B_1_10000.csv	1	200	0.01	0.1	3	8	8192	10	2025-05-04_10:40:44	2025-05-04_10:45:58	313.518405914307	500	573	19998927	0
POW_A_10000.csv-POW_B_1_10000.csv	1	200	0.01	0.1	3	8	8192	10	2025-05-04_10:45:58	2025-05-04_10:51:32	334.461504459381	500	529	19998971	0
POW_A_10000.csv-POW_B_1_10000.csv	1	200	0.01	0.1	3	8	8192	10	2025-05-04_10:51:33	2025-05-04_10:57:03	330.107993125916	500	522	19998978	0
POW_A_10000.csv-POW_B_1_10000.csv	1	200	0.01	0.1	3	8	8192	20	2025-05-04_11:08:39	2025-05-04_11:16:54	495.380609750748	500	278	19999222	0
POW_A_10000.csv-POW_B_1_10000.csv	1	200	0.01	0.1	3	8	8192	20	2025-05-04_11:16:54	2025-05-04_11:25:40	525.771988630295	500	242	19999258	0
POW_A_10000.csv-POW_B_1_10000.csv	1	200	0.01	0.1	3	8	8192	20	2025-05-04_11:25:40	2025-05-04_11:34:24	524.409283876419	500	267	19999233	0
POW_A_10000.csv-POW_B_1_10000.csv	1	200	0.01	0.1	3	16	8192	5	2025-05-04_11:51:41	2025-05-04_11:55:50	248.050450325012	500	1008	19998492	0
POW_A_10000.csv-POW_B_1_10000.csv	1	200	0.01	0.1	3	16	8192	5	2025-05-04_11:55:50	2025-05-04_12:00:08	258.226839065552	500	299	19999201	0
POW_A_10000.csv-POW_B_1_10000.csv	1	200	0.01	0.1	3	16	8192	5	2025-05-04_12:00:08	2025-05-04_12:03:46	217.773157835007	500	212	19999288	0
POW_A_10000.csv-POW_B_1_10000.csv	1	200	0.01	0.1	3	16	8192	10	2025-05-04_12:12:37	2025-05-04_12:18:13	336.311070680618	500	477	19999023	0
POW_A_10000.csv-POW_B_1_10000.csv	1	200	0.01	0.1	3	16	8192	10	2025-05-04_12:18:13	2025-05-04_12:24:19	365.782368421555	500	210	19999290	0
POW_A_10000.csv-POW_B_1_10000.csv	1	200	0.01	0.1	3	16	8192	10	2025-05-04_12:24:19	2025-05-04_12:30:17	357.481388092041	500	201	19999299	0
POW_A_10000.csv-POW_B_1_10000.csv	1	200	0.01	0.1	3	16	8192	20	2025-05-04_12:42:36	2025-05-04_12:51:58	562.061875343323	500	3097	19996403	0
POW_A_10000.csv-POW_B_1_10000.csv	1	200	0.01	0.1	3	16	8192	20	2025-05-04_12:51:58	2025-05-04_13:02:05	607.58407998085	500	2527	19996973	0
POW_A_10000.csv-POW_B_1_10000.csv	1	200	0.01	0.1	3	16	8192	20	2025-05-04_13:02:06	2025-05-04_13:10:54	527.979677438736	500	3032	19996468	0
POW_A_10000.csv-POW_B_1_10000.csv	1	200	0.1	0.0	1	4	8192	5	2025-05-04_13:30:11	2025-05-04_13:34:31	259.418108463287	500	29	19999471	0
POW_A_10000.csv-POW_B_1_10000.csv	1	200	0.1	0.0	1	4	8192	5	2025-05-04_13:34:31	2025-05-04_13:38:28	236.911063432693	500	20	19999480	0
POW_A_10000.csv-POW_B_1_10000.csv	1	200	0.1	0.0	1	4	8192	5	2025-05-04_13:38:28	2025-05-04_13:42:25	237.424857854843	500	203	19999297	0
POW_A_10000.csv-POW_B_1_10000.csv	1	200	0.1	0.0	1	4	8192	10	2025-05-04_13:50:44	2025-05-04_13:55:49	304.730197668076	500	2	19999498	0
POW_A_10000.csv-POW_B_1_10000.csv	1	200	0.1	0.0	1	4	8192	10	2025-05-04_13:55:49	2025-05-04_14:00:58	308.871528863907	500	4	19999496	0
POW_A_10000.csv-POW_B_1_10000.csv	1	200	0.1	0.0	1	4	8192	10	2025-05-04_14:00:58	2025-05-04_14:06:00	302.127908706665	500	26	19999474	0
POW_A_10000.csv-POW_B_1_10000.csv	1	200	0.1	0.0	1	4	8192	20	2025-05-04_14:16:37	2025-05-04_14:24:07	450.165945529938	500	6	19999494	0
POW_A_10000.csv-POW_B_1_10000.csv	1	200	0.1	0.0	1	4	8192	20	2025-05-04_14:24:07	2025-05-04_14:31:34	446.52832531929	500	10	19999490	0
POW_A_10000.csv-POW_B_1_10000.csv	1	200	0.1	0.0	1	4	8192	20	2025-05-04_14:31:34	2025-05-04_14:39:01	447.306297302246	500	55	19999445	0
POW_A_10000.csv-POW_B_1_10000.csv	1	200	0.1	0.0	1	8	8192	5	2025-05-04_14:54:12	2025-05-04_14:57:35	203.149172067642	500	3	19999497	0
POW_A_10000.csv-POW_B_1_10000.csv	1	200	0.1	0.0	1	8	8192	5	2025-05-04_14:57:35	2025-05-04_15:01:14	218.855253458023	500	0	19999500	0
POW_A_10000.csv-POW_B_1_10000.csv	1	200	0.1	0.0	1	8	8192	5	2025-05-04_15:01:14	2025-05-04_15:04:46	211.855799674988	500	90	19999410	0
POW_A_10000.csv-POW_B_1_10000.csv	1	200	0.1	0.0	1	8	8192	10	2025-05-04_15:12:18	2025-05-04_15:16:42	263.551161766052	500	0	19999500	0
POW_A_10000.csv-POW_B_1_10000.csv	1	200	0.1	0.0	1	8	8192	10	2025-05-04_15:16:42	2025-05-04_15:20:52	250.022771120071	500	2832	19996668	0
POW_A_10000.csv-POW_B_1_10000.csv	1	200	0.1	0.0	1	8	8192	10	2025-05-04_15:20:52	2025-05-04_15:25:05	253.123614788055	500	16	19999484	0
POW_A_10000.csv-POW_B_1_10000.csv	1	200	0.1	0.0	1	8	8192	20	2025-05-04_15:34:03	2025-05-04_15:40:07	364.053359031677	500	0	19999500	0
POW_A_10000.csv-POW_B_1_10000.csv	1	200	0.1	0.0	1	8	8192	20	2025-05-04_15:40:07	2025-05-04_15:46:02	354.992442131043	500	34	19999466	0
POW_A_10000.csv-POW_B_1_10000.csv	1	200	0.1	0.0	1	8	8192	20	2025-05-04_15:46:02	2025-05-04_15:52:10	368.437404632568	500	6	19999494	0
POW_A_10000.csv-POW_B_1_10000.csv	1	200	0.1	0.0	1	16	8192	5	2025-05-04_16:04:49	2025-05-04_16:07:58	188.890243053436	500	141	19999359	0
POW_A_10000.csv-POW_B_1_10000.csv	1	200	0.1	0.0	1	16	8192	5	2025-05-04_16:07:58	2025-05-04_16:11:33	214.97803902626	500	9	19999491	0
POW_A_10000.csv-POW_B_1_10000.csv	1	200	0.1	0.0	1	16	8192	5	2025-05-04_16:11:33	2025-05-04_16:15:02	208.428832769394	500	3	19999497	0
POW_A_10000.csv-POW_B_1_10000.csv	1	200	0.1	0.0	1	16	8192	10	2025-05-04_16:22:12	2025-05-04_16:26:38	266.425754547119	500	5	19999495	0
POW_A_10000.csv-POW_B_1_10000.csv	1	200	0.1	0.0	1	16	8192	10	2025-05-04_16:26:38	2025-05-04_16:31:09	270.830982446671	500	0	19999500	0
POW_A_10000.csv-POW_B_1_10000.csv	1	200	0.1	0.0	1	16	8192	10	2025-05-04_16:31:09	2025-05-04_16:35:47	277.941329479218	500	8	19999492	0
POW_A_10000.csv-POW_B_1_10000.csv	1	200	0.1	0.0	1	16	8192	20	2025-05-04_16:45:24	2025-05-04_16:51:51	387.835834503174	500	204	19999296	0
POW_A_10000.csv-POW_B_1_10000.csv	1	200	0.1	0.0	1	16	8192	20	2025-05-04_16:51:51	2025-05-04_16:58:11	380.006147384644	500	0	19999500	0
POW_A_10000.csv-POW_B_1_10000.csv	1	200	0.1	0.0	1	16	8192	20	2025-05-04_16:58:12	2025-05-04_17:04:33	380.964126110077	500	20	19999480	0
POW_A_10000.csv-POW_B_1_10000.csv	1	200	0.1	0.0	2	4	8192	5	2025-05-04_17:15:59	2025-05-04_17:20:30	271.198859214783	500	21	19999479	0
POW_A_10000.csv-POW_B_1_10000.csv	1	200	0.1	0.0	2	4	8192	5	2025-05-04_17:20:30	2025-05-04_17:24:57	266.58759021759	500	180	19999320	0
POW_A_10000.csv-POW_B_1_10000.csv	1	200	0.1	0.0	2	4	8192	5	2025-05-04_17:24:57	2025-05-04_17:29:24	266.969722270966	500	10	19999490	0
POW_A_10000.csv-POW_B_1_10000.csv	1	200	0.1	0.0	2	4	8192	10	2025-05-04_17:38:41	2025-05-04_17:45:07	385.857938528061	500	2	19999498	0
POW_A_10000.csv-POW_B_1_10000.csv	1	200	0.1	0.0	2	4	8192	10	2025-05-04_17:45:07	2025-05-04_17:51:27	380.041638612747	500	271	19999229	0
POW_A_10000.csv-POW_B_1_10000.csv	1	200	0.1	0.0	2	4	8192	10	2025-05-04_17:51:27	2025-05-04_17:57:50	383.362966060638	500	3	19999497	0
POW_A_10000.csv-POW_B_1_10000.csv	1	200	0.1	0.0	2	4	8192	20	2025-05-04_18:10:56	2025-05-04_18:20:57	601.1845703125	500	3	19999497	0
POW_A_10000.csv-POW_B_1_10000.csv	1	200	0.1	0.0	2	4	8192	20	2025-05-04_18:20:57	2025-05-04_18:30:59	601.858291387558	500	8	19999492	0
POW_A_10000.csv-POW_B_1_10000.csv	1	200	0.1	0.0	2	4	8192	20	2025-05-04_18:30:59	2025-05-04_18:41:01	602.035705327988	500	0	19999500	0
POW_A_10000.csv-POW_B_1_10000.csv	1	200	0.1	0.0	2	8	8192	5	2025-05-04_19:01:07	2025-05-04_19:05:01	233.289984226227	500	123	19999377	0
POW_A_10000.csv-POW_B_1_10000.csv	1	200	0.1	0.0	2	8	8192	5	2025-05-04_19:05:01	2025-05-04_19:09:04	243.199729681015	500	8	19999492	0
POW_A_10000.csv-POW_B_1_10000.csv	1	200	0.1	0.0	2	8	8192	5	2025-05-04_19:09:04	2025-05-04_19:12:55	230.590365171433	500	23	19999477	0
POW_A_10000.csv-POW_B_1_10000.csv	1	200	0.1	0.0	2	8	8192	10	2025-05-04_19:20:58	2025-05-04_19:26:04	305.468261480331	500	3	19999497	0
POW_A_10000.csv-POW_B_1_10000.csv	1	200	0.1	0.0	2	8	8192	10	2025-05-04_19:26:04	2025-05-04_19:30:57	293.090644359589	500	363	19999137	0
POW_A_10000.csv-POW_B_1_10000.csv	1	200	0.1	0.0	2	8	8192	10	2025-05-04_19:30:57	2025-05-04_19:35:49	292.465471744537	500	23	19999477	0
POW_A_10000.csv-POW_B_1_10000.csv	1	200	0.1	0.0	2	8	8192	20	2025-05-04_19:46:10	2025-05-04_19:53:24	434.315870523453	500	21	19999479	0
POW_A_10000.csv-POW_B_1_10000.csv	1	200	0.1	0.0	2	8	8192	20	2025-05-04_19:53:24	2025-05-04_20:01:00	455.790791749954	500	45	19999455	0
POW_A_10000.csv-POW_B_1_10000.csv	1	200	0.1	0.0	2	8	8192	20	2025-05-04_20:01:00	2025-05-04_20:08:08	427.87902379036	500	97	19999403	0
POW_A_10000.csv-POW_B_1_10000.csv	1	200	0.1	0.0	2	16	8192	5	2025-05-04_20:23:47	2025-05-04_20:27:48	241.277073860168	500	125	19999375	0
POW_A_10000.csv-POW_B_1_10000.csv	1	200	0.1	0.0	2	16	8192	5	2025-05-04_20:27:48	2025-05-04_20:31:42	233.733021497726	500	494	19999006	0
POW_A_10000.csv-POW_B_1_10000.csv	1	200	0.1	0.0	2	16	8192	5	2025-05-04_20:31:42	2025-05-04_20:35:50	248.030515193939	500	898	19998602	0
POW_A_10000.csv-POW_B_1_10000.csv	1	200	0.1	0.0	2	16	8192	10	2025-05-04_20:43:30	2025-05-04_20:48:59	328.64582824707	500	29	19999471	0
POW_A_10000.csv-POW_B_1_10000.csv	1	200	0.1	0.0	2	16	8192	10	2025-05-04_20:48:59	2025-05-04_20:53:41	282.186450242996	500	3	19999497	0
POW_A_10000.csv-POW_B_1_10000.csv	1	200	0.1	0.0	2	16	8192	10	2025-05-04_20:53:41	2025-05-04_20:58:53	312.078263759613	500	58	19999442	0
POW_A_10000.csv-POW_B_1_10000.csv	1	200	0.1	0.0	2	16	8192	20	2025-05-04_21:09:49	2025-05-04_21:17:45	476.112277507782	500	11	19999489	0
POW_A_10000.csv-POW_B_1_10000.csv	1	200	0.1	0.0	2	16	8192	20	2025-05-04_21:17:45	2025-05-04_21:25:46	480.625891923904	500	424	19999076	0
POW_A_10000.csv-POW_B_1_10000.csv	1	200	0.1	0.0	2	16	8192	20	2025-05-04_21:25:46	2025-05-04_21:33:52	486.124300956726	500	2584	19996916	0
POW_A_10000.csv-POW_B_1_10000.csv	1	200	0.1	0.0	3	4	8192	5	2025-05-04_21:48:46	2025-05-04_21:53:58	311.794619083405	500	27	19999473	0
POW_A_10000.csv-POW_B_1_10000.csv	1	200	0.1	0.0	3	4	8192	5	2025-05-04_21:53:58	2025-05-04_21:59:06	307.6586830616	500	156	19999344	0
POW_A_10000.csv-POW_B_1_10000.csv	1	200	0.1	0.0	3	4	8192	5	2025-05-04_21:59:06	2025-05-04_22:04:13	306.598490715027	500	36	19999464	0
POW_A_10000.csv-POW_B_1_10000.csv	1	200	0.1	0.0	3	4	8192	10	2025-05-04_22:14:51	2025-05-04_22:22:21	450.622391223907	500	548	19998952	0
POW_A_10000.csv-POW_B_1_10000.csv	1	200	0.1	0.0	3	4	8192	10	2025-05-04_22:22:22	2025-05-04_22:29:53	451.908650636673	500	5	19999495	0
POW_A_10000.csv-POW_B_1_10000.csv	1	200	0.1	0.0	3	4	8192	10	2025-05-04_22:29:54	2025-05-04_22:37:29	455.921075344086	500	0	19999500	0
POW_A_10000.csv-POW_B_1_10000.csv	1	200	0.1	0.0	3	4	8192	20	2025-05-04_22:53:03	2025-05-04_23:05:44	761.039362668991	500	0	19999500	0
POW_A_10000.csv-POW_B_1_10000.csv	1	200	0.1	0.0	3	4	8192	20	2025-05-04_23:05:45	2025-05-04_23:18:15	750.696063995361	500	46	19999454	0
POW_A_10000.csv-POW_B_1_10000.csv	1	200	0.1	0.0	3	4	8192	20	2025-05-04_23:18:15	2025-05-04_23:30:47	752.089559555054	500	2	19999498	0
POW_A_10000.csv-POW_B_1_10000.csv	1	200	0.1	0.0	3	8	8192	5	2025-05-04_23:56:28	2025-05-05_00:00:45	256.606914281845	500	166	19999334	0
POW_A_10000.csv-POW_B_1_10000.csv	1	200	0.1	0.0	3	8	8192	5	2025-05-05_00:00:45	2025-05-05_00:04:42	237.291628360748	500	4	19999496	0
POW_A_10000.csv-POW_B_1_10000.csv	1	200	0.1	0.0	3	8	8192	5	2025-05-05_00:04:42	2025-05-05_00:09:05	263.080881595612	500	179	19999321	0
POW_A_10000.csv-POW_B_1_10000.csv	1	200	0.1	0.0	3	8	8192	10	2025-05-05_00:17:48	2025-05-05_00:23:51	363.649716377258	500	0	19999500	0
POW_A_10000.csv-POW_B_1_10000.csv	1	200	0.1	0.0	3	8	8192	10	2025-05-05_00:23:51	2025-05-05_00:29:22	330.579782962799	500	7	19999493	0
POW_A_10000.csv-POW_B_1_10000.csv	1	200	0.1	0.0	3	8	8192	10	2025-05-05_00:29:22	2025-05-05_00:34:30	308.100520610809	500	258	19999242	0
POW_A_10000.csv-POW_B_1_10000.csv	1	200	0.1	0.0	3	8	8192	20	2025-05-05_00:46:24	2025-05-05_00:54:59	514.805485486984	500	168	19999332	0
POW_A_10000.csv-POW_B_1_10000.csv	1	200	0.1	0.0	3	8	8192	20	2025-05-05_00:54:59	2025-05-05_01:03:48	529.448070049286	500	248	19999252	0
POW_A_10000.csv-POW_B_1_10000.csv	1	200	0.1	0.0	3	8	8192	20	2025-05-05_01:03:48	2025-05-05_01:12:42	533.437055587769	500	36	19999464	0
POW_A_10000.csv-POW_B_1_10000.csv	1	200	0.1	0.0	3	16	8192	5	2025-05-05_01:31:07	2025-05-05_01:34:49	221.169242858887	500	142	19999358	0
POW_A_10000.csv-POW_B_1_10000.csv	1	200	0.1	0.0	3	16	8192	5	2025-05-05_01:34:49	2025-05-05_01:39:09	260.241722822189	500	39	19999461	0
POW_A_10000.csv-POW_B_1_10000.csv	1	200	0.1	0.0	3	16	8192	5	2025-05-05_01:39:09	2025-05-05_01:43:26	256.628863334656	500	8	19999492	0
POW_A_10000.csv-POW_B_1_10000.csv	1	200	0.1	0.0	3	16	8192	10	2025-05-05_01:52:33	2025-05-05_01:58:15	342.306090831757	500	51	19999449	0
POW_A_10000.csv-POW_B_1_10000.csv	1	200	0.1	0.0	3	16	8192	10	2025-05-05_01:58:15	2025-05-05_02:04:08	352.632162094116	500	0	19999500	0
POW_A_10000.csv-POW_B_1_10000.csv	1	200	0.1	0.0	3	16	8192	10	2025-05-05_02:04:08	2025-05-05_02:10:25	377.385294914246	500	21	19999479	0
POW_A_10000.csv-POW_B_1_10000.csv	1	200	0.1	0.0	3	16	8192	20	2025-05-05_02:23:05	2025-05-05_02:32:26	560.805713176727	500	101	19999399	0
POW_A_10000.csv-POW_B_1_10000.csv	1	200	0.1	0.0	3	16	8192	20	2025-05-05_02:32:26	2025-05-05_02:40:58	512.022343635559	500	2	19999498	0
POW_A_10000.csv-POW_B_1_10000.csv	1	200	0.1	0.0	3	16	8192	20	2025-05-05_02:40:58	2025-05-05_02:51:03	604.160334825516	500	469	19999031	0
POW_A_10000.csv-POW_B_1_10000.csv	1	200	0.1	0.01	1	4	8192	5	2025-05-05_03:08:16	2025-05-05_03:12:26	249.919684886932	500	186	19999314	0
POW_A_10000.csv-POW_B_1_10000.csv	1	200	0.1	0.01	1	4	8192	5	2025-05-05_03:12:26	2025-05-05_03:16:19	232.789468288422	500	80	19999420	0
POW_A_10000.csv-POW_B_1_10000.csv	1	200	0.1	0.01	1	4	8192	5	2025-05-05_03:16:19	2025-05-05_03:20:10	231.320340394974	500	246	19999254	0
POW_A_10000.csv-POW_B_1_10000.csv	1	200	0.1	0.01	1	4	8192	10	2025-05-05_03:28:19	2025-05-05_03:33:23	304.103047847748	500	133	19999367	0
POW_A_10000.csv-POW_B_1_10000.csv	1	200	0.1	0.01	1	4	8192	10	2025-05-05_03:33:23	2025-05-05_03:38:25	302.177118778229	500	41	19999459	0
POW_A_10000.csv-POW_B_1_10000.csv	1	200	0.1	0.01	1	4	8192	10	2025-05-05_03:38:26	2025-05-05_03:43:28	302.151907920837	500	18	19999482	0
POW_A_10000.csv-POW_B_1_10000.csv	1	200	0.1	0.01	1	4	8192	20	2025-05-05_03:54:04	2025-05-05_04:01:35	450.881231784821	500	13	19999487	0
POW_A_10000.csv-POW_B_1_10000.csv	1	200	0.1	0.01	1	4	8192	20	2025-05-05_04:01:35	2025-05-05_04:09:04	448.393584728241	500	18	19999482	0
POW_A_10000.csv-POW_B_1_10000.csv	1	200	0.1	0.01	1	4	8192	20	2025-05-05_04:09:04	2025-05-05_04:16:25	441.771988868713	500	70	19999430	0
POW_A_10000.csv-POW_B_1_10000.csv	1	200	0.1	0.01	1	8	8192	5	2025-05-05_04:31:42	2025-05-05_04:35:09	206.840328931808	500	26	19999474	0
POW_A_10000.csv-POW_B_1_10000.csv	1	200	0.1	0.01	1	8	8192	5	2025-05-05_04:35:09	2025-05-05_04:38:42	212.658531427383	500	1	19999499	0
POW_A_10000.csv-POW_B_1_10000.csv	1	200	0.1	0.01	1	8	8192	5	2025-05-05_04:38:42	2025-05-05_04:42:10	208.050459861755	500	82	19999418	0
POW_A_10000.csv-POW_B_1_10000.csv	1	200	0.1	0.01	1	8	8192	10	2025-05-05_04:49:43	2025-05-05_04:54:08	264.834262132645	500	25	19999475	0
POW_A_10000.csv-POW_B_1_10000.csv	1	200	0.1	0.01	1	8	8192	10	2025-05-05_04:54:08	2025-05-05_04:58:39	270.394826889038	500	2	19999498	0
POW_A_10000.csv-POW_B_1_10000.csv	1	200	0.1	0.01	1	8	8192	10	2025-05-05_04:58:39	2025-05-05_05:03:05	266.862529993057	500	15	19999485	0
POW_A_10000.csv-POW_B_1_10000.csv	1	200	0.1	0.01	1	8	8192	20	2025-05-05_05:12:10	2025-05-05_05:18:25	375.027469158173	500	9	19999491	0
POW_A_10000.csv-POW_B_1_10000.csv	1	200	0.1	0.01	1	8	8192	20	2025-05-05_05:18:25	2025-05-05_05:24:32	366.968406438828	500	9	19999491	0
POW_A_10000.csv-POW_B_1_10000.csv	1	200	0.1	0.01	1	8	8192	20	2025-05-05_05:24:32	2025-05-05_05:30:39	367.032845020294	500	3	19999497	0
POW_A_10000.csv-POW_B_1_10000.csv	1	200	0.1	0.01	1	16	8192	5	2025-05-05_05:43:24	2025-05-05_05:47:07	222.877451181412	500	45	19999455	0
POW_A_10000.csv-POW_B_1_10000.csv	1	200	0.1	0.01	1	16	8192	5	2025-05-05_05:47:07	2025-05-05_05:50:43	216.33257818222	500	83	19999417	0
POW_A_10000.csv-POW_B_1_10000.csv	1	200	0.1	0.01	1	16	8192	5	2025-05-05_05:50:44	2025-05-05_05:54:19	215.895449399948	500	27	19999473	0
POW_A_10000.csv-POW_B_1_10000.csv	1	200	0.1	0.01	1	16	8192	10	2025-05-05_06:01:30	2025-05-05_06:05:20	230.446544885635	500	459	19999041	0
POW_A_10000.csv-POW_B_1_10000.csv	1	200	0.1	0.01	1	16	8192	10	2025-05-05_06:05:20	2025-05-05_06:09:41	260.72075510025	500	224	19999276	0
POW_A_10000.csv-POW_B_1_10000.csv	1	200	0.1	0.01	1	16	8192	10	2025-05-05_06:09:41	2025-05-05_06:13:59	257.66429567337	500	444	19999056	0
POW_A_10000.csv-POW_B_1_10000.csv	1	200	0.1	0.01	1	16	8192	20	2025-05-05_06:23:15	2025-05-05_06:29:21	365.885825157166	500	153	19999347	0
POW_A_10000.csv-POW_B_1_10000.csv	1	200	0.1	0.01	1	16	8192	20	2025-05-05_06:29:21	2025-05-05_06:35:46	385.238223314285	500	23	19999477	0
POW_A_10000.csv-POW_B_1_10000.csv	1	200	0.1	0.01	1	16	8192	20	2025-05-05_06:35:46	2025-05-05_06:41:38	351.794806480408	500	97	19999403	0
POW_A_10000.csv-POW_B_1_10000.csv	1	200	0.1	0.01	2	4	8192	5	2025-05-05_06:54:48	2025-05-05_06:59:17	269.469528913498	500	19	19999481	0
POW_A_10000.csv-POW_B_1_10000.csv	1	200	0.1	0.01	2	4	8192	5	2025-05-05_06:59:17	2025-05-05_07:03:47	269.529864549637	500	64	19999436	0
POW_A_10000.csv-POW_B_1_10000.csv	1	200	0.1	0.01	2	4	8192	5	2025-05-05_07:03:47	2025-05-05_07:08:16	269.305691957474	500	106	19999394	0
POW_A_10000.csv-POW_B_1_10000.csv	1	200	0.1	0.01	2	4	8192	10	2025-05-05_07:17:38	2025-05-05_07:23:55	377.42506980896	500	158	19999342	0
POW_A_10000.csv-POW_B_1_10000.csv	1	200	0.1	0.01	2	4	8192	10	2025-05-05_07:23:55	2025-05-05_07:30:15	379.148278474808	500	21	19999479	0
POW_A_10000.csv-POW_B_1_10000.csv	1	200	0.1	0.01	2	4	8192	10	2025-05-05_07:30:15	2025-05-05_07:36:29	374.713060855866	500	8	19999492	0
POW_A_10000.csv-POW_B_1_10000.csv	1	200	0.1	0.01	2	4	8192	20	2025-05-05_07:49:26	2025-05-05_07:59:28	602.080595254898	500	6	19999494	0
POW_A_10000.csv-POW_B_1_10000.csv	1	200	0.1	0.01	2	4	8192	20	2025-05-05_07:59:28	2025-05-05_08:09:31	603.501677036285	500	22	19999478	0
POW_A_10000.csv-POW_B_1_10000.csv	1	200	0.1	0.01	2	4	8192	20	2025-05-05_08:09:31	2025-05-05_08:19:31	599.646093606949	500	213	19999287	0
POW_A_10000.csv-POW_B_1_10000.csv	1	200	0.1	0.01	2	8	8192	5	2025-05-05_08:39:53	2025-05-05_08:43:35	221.65801692009	500	875	19998625	0
POW_A_10000.csv-POW_B_1_10000.csv	1	200	0.1	0.01	2	8	8192	5	2025-05-05_08:43:35	2025-05-05_08:47:34	238.853741407394	500	8	19999492	0
POW_A_10000.csv-POW_B_1_10000.csv	1	200	0.1	0.01	2	8	8192	5	2025-05-05_08:47:34	2025-05-05_08:51:17	223.317196846008	500	70	19999430	0
POW_A_10000.csv-POW_B_1_10000.csv	1	200	0.1	0.01	2	8	8192	10	2025-05-05_08:59:18	2025-05-05_09:04:22	304.336380004883	500	9	19999491	0
POW_A_10000.csv-POW_B_1_10000.csv	1	200	0.1	0.01	2	8	8192	10	2025-05-05_09:04:23	2025-05-05_09:09:12	289.890894651413	500	527	19998973	0
POW_A_10000.csv-POW_B_1_10000.csv	1	200	0.1	0.01	2	8	8192	10	2025-05-05_09:09:12	2025-05-05_09:14:35	322.51095700264	500	124	19999376	0
POW_A_10000.csv-POW_B_1_10000.csv	1	200	0.1	0.01	2	8	8192	20	2025-05-05_09:25:04	2025-05-05_09:32:22	437.338650941849	500	78	19999422	0
POW_A_10000.csv-POW_B_1_10000.csv	1	200	0.1	0.01	2	8	8192	20	2025-05-05_09:32:22	2025-05-05_09:39:54	452.214680910111	500	68	19999432	0
POW_A_10000.csv-POW_B_1_10000.csv	1	200	0.1	0.01	2	8	8192	20	2025-05-05_09:39:54	2025-05-05_09:47:19	445.503990888596	500	8	19999492	0
POW_A_10000.csv-POW_B_1_10000.csv	1	200	0.1	0.01	2	16	8192	5	2025-05-05_10:02:36	2025-05-05_10:06:10	213.606795549393	500	9	19999491	0
POW_A_10000.csv-POW_B_1_10000.csv	1	200	0.1	0.01	2	16	8192	5	2025-05-05_10:06:10	2025-05-05_10:10:13	243.370251893997	500	12	19999488	0
POW_A_10000.csv-POW_B_1_10000.csv	1	200	0.1	0.01	2	16	8192	5	2025-05-05_10:10:13	2025-05-05_10:14:16	242.957815408707	500	51	19999449	0
POW_A_10000.csv-POW_B_1_10000.csv	1	200	0.1	0.01	2	16	8192	10	2025-05-05_10:22:37	2025-05-05_10:27:57	319.952179908752	500	49	19999451	0
POW_A_10000.csv-POW_B_1_10000.csv	1	200	0.1	0.01	2	16	8192	10	2025-05-05_10:27:57	2025-05-05_10:32:59	302.378465414047	500	477	19999023	0
POW_A_10000.csv-POW_B_1_10000.csv	1	200	0.1	0.01	2	16	8192	10	2025-05-05_10:32:59	2025-05-05_10:37:53	293.699056863785	500	20	19999480	0
POW_A_10000.csv-POW_B_1_10000.csv	1	200	0.1	0.01	2	16	8192	20	2025-05-05_10:48:17	2025-05-05_10:56:03	466.219021320343	500	9	19999491	0
POW_A_10000.csv-POW_B_1_10000.csv	1	200	0.1	0.01	2	16	8192	20	2025-05-05_10:56:03	2025-05-05_11:04:31	507.355316638947	500	145	19999355	0
POW_A_10000.csv-POW_B_1_10000.csv	1	200	0.1	0.01	2	16	8192	20	2025-05-05_11:04:31	2025-05-05_11:12:35	484.070535898209	500	17	19999483	0
POW_A_10000.csv-POW_B_1_10000.csv	1	200	0.1	0.01	3	4	8192	5	2025-05-05_11:29:21	2025-05-05_11:34:30	308.437458515167	500	23	19999477	0
POW_A_10000.csv-POW_B_1_10000.csv	1	200	0.1	0.01	3	4	8192	5	2025-05-05_11:34:30	2025-05-05_11:39:38	308.539539575577	500	4	19999496	0
POW_A_10000.csv-POW_B_1_10000.csv	1	200	0.1	0.01	3	4	8192	5	2025-05-05_11:39:38	2025-05-05_11:44:48	309.205110788345	500	93	19999407	0
POW_A_10000.csv-POW_B_1_10000.csv	1	200	0.1	0.01	3	4	8192	10	2025-05-05_11:55:27	2025-05-05_12:03:06	458.912117242813	500	4	19999496	0
POW_A_10000.csv-POW_B_1_10000.csv	1	200	0.1	0.01	3	4	8192	10	2025-05-05_12:03:06	2025-05-05_12:10:51	464.85355257988	500	13	19999487	0
POW_A_10000.csv-POW_B_1_10000.csv	1	200	0.1	0.01	3	4	8192	10	2025-05-05_12:10:51	2025-05-05_12:18:33	462.314599752426	500	7	19999493	0
POW_A_10000.csv-POW_B_1_10000.csv	1	200	0.1	0.01	3	4	8192	20	2025-05-05_12:34:15	2025-05-05_12:46:52	757.149049758911	500	2	19999498	0
POW_A_10000.csv-POW_B_1_10000.csv	1	200	0.1	0.01	3	4	8192	20	2025-05-05_12:46:53	2025-05-05_12:59:25	752.592452049255	500	9	19999491	0
POW_A_10000.csv-POW_B_1_10000.csv	1	200	0.1	0.01	3	4	8192	20	2025-05-05_12:59:25	2025-05-05_13:12:07	761.276170253754	500	326	19999174	0
POW_A_10000.csv-POW_B_1_10000.csv	1	200	0.1	0.01	3	8	8192	5	2025-05-05_13:38:09	2025-05-05_13:42:36	267.003486871719	500	3522	19995978	0
POW_A_10000.csv-POW_B_1_10000.csv	1	200	0.1	0.01	3	8	8192	5	2025-05-05_13:42:36	2025-05-05_13:46:44	247.972902297974	500	2524	19996976	0
POW_A_10000.csv-POW_B_1_10000.csv	1	200	0.1	0.01	3	8	8192	5	2025-05-05_13:46:44	2025-05-05_13:50:56	251.494554042816	500	10	19999490	0
POW_A_10000.csv-POW_B_1_10000.csv	1	200	0.1	0.01	3	8	8192	10	2025-05-05_13:59:29	2025-05-05_14:05:06	337.19428896904	500	931	19998569	0
POW_A_10000.csv-POW_B_1_10000.csv	1	200	0.1	0.01	3	8	8192	10	2025-05-05_14:05:06	2025-05-05_14:10:44	337.798841953278	500	626	19998874	0
POW_A_10000.csv-POW_B_1_10000.csv	1	200	0.1	0.01	3	8	8192	10	2025-05-05_14:10:44	2025-05-05_14:16:32	348.000393152237	500	579	19998921	0
POW_A_10000.csv-POW_B_1_10000.csv	1	200	0.1	0.01	3	8	8192	20	2025-05-05_14:28:31	2025-05-05_14:37:38	547.333474636078	500	56	19999444	0
POW_A_10000.csv-POW_B_1_10000.csv	1	200	0.1	0.01	3	8	8192	20	2025-05-05_14:37:38	2025-05-05_14:46:04	505.536193132401	500	71	19999429	0
POW_A_10000.csv-POW_B_1_10000.csv	1	200	0.1	0.01	3	8	8192	20	2025-05-05_14:46:04	2025-05-05_14:54:57	532.554308652878	500	2	19999498	0
POW_A_10000.csv-POW_B_1_10000.csv	1	200	0.1	0.01	3	16	8192	5	2025-05-05_15:12:57	2025-05-05_15:17:05	248.633764743805	500	170	19999330	0
POW_A_10000.csv-POW_B_1_10000.csv	1	200	0.1	0.01	3	16	8192	5	2025-05-05_15:17:06	2025-05-05_15:21:26	260.583083629608	500	11	19999489	0
POW_A_10000.csv-POW_B_1_10000.csv	1	200	0.1	0.01	3	16	8192	5	2025-05-05_15:21:26	2025-05-05_15:25:05	218.764806270599	500	14	19999486	0
POW_A_10000.csv-POW_B_1_10000.csv	1	200	0.1	0.01	3	16	8192	10	2025-05-05_15:33:54	2025-05-05_15:39:51	356.542679309845	500	13	19999487	0
POW_A_10000.csv-POW_B_1_10000.csv	1	200	0.1	0.01	3	16	8192	10	2025-05-05_15:39:51	2025-05-05_15:46:12	381.187608957291	500	6	19999494	0
POW_A_10000.csv-POW_B_1_10000.csv	1	200	0.1	0.01	3	16	8192	10	2025-05-05_15:46:12	2025-05-05_15:51:46	333.973055839539	500	24	19999476	0
POW_A_10000.csv-POW_B_1_10000.csv	1	200	0.1	0.01	3	16	8192	20	2025-05-05_16:03:36	2025-05-05_16:13:08	572.576022148132	500	64	19999436	0
POW_A_10000.csv-POW_B_1_10000.csv	1	200	0.1	0.01	3	16	8192	20	2025-05-05_16:13:08	2025-05-05_16:22:38	569.526804924011	500	13	19999487	0
POW_A_10000.csv-POW_B_1_10000.csv	1	200	0.1	0.01	3	16	8192	20	2025-05-05_16:22:38	2025-05-05_16:32:42	604.017493247986	500	164	19999336	0
POW_A_10000.csv-POW_B_1_10000.csv	1	200	0.1	0.1	1	4	8192	5	2025-05-05_16:50:46	2025-05-05_16:54:57	250.603690862656	500	943	19998557	0
POW_A_10000.csv-POW_B_1_10000.csv	1	200	0.1	0.1	1	4	8192	5	2025-05-05_16:54:57	2025-05-05_16:58:50	233.513046741486	500	1027	19998473	0
POW_A_10000.csv-POW_B_1_10000.csv	1	200	0.1	0.1	1	4	8192	5	2025-05-05_16:58:50	2025-05-05_17:02:44	233.619669437408	500	1000	19998500	0
POW_A_10000.csv-POW_B_1_10000.csv	1	200	0.1	0.1	1	4	8192	10	2025-05-05_17:10:49	2025-05-05_17:15:55	305.349620819092	500	1082	19998418	0
POW_A_10000.csv-POW_B_1_10000.csv	1	200	0.1	0.1	1	4	8192	10	2025-05-05_17:15:55	2025-05-05_17:21:03	308.51581454277	500	539	19998961	0
POW_A_10000.csv-POW_B_1_10000.csv	1	200	0.1	0.1	1	4	8192	10	2025-05-05_17:21:03	2025-05-05_17:26:07	303.30085682869	500	723	19998777	0
POW_A_10000.csv-POW_B_1_10000.csv	1	200	0.1	0.1	1	4	8192	20	2025-05-05_17:36:35	2025-05-05_17:44:06	450.136627912521	500	742	19998758	0
POW_A_10000.csv-POW_B_1_10000.csv	1	200	0.1	0.1	1	4	8192	20	2025-05-05_17:44:06	2025-05-05_17:51:38	451.891212463379	500	523	19998977	0
POW_A_10000.csv-POW_B_1_10000.csv	1	200	0.1	0.1	1	4	8192	20	2025-05-05_17:51:38	2025-05-05_17:59:01	443.245620965958	500	1202	19998298	0
POW_A_10000.csv-POW_B_1_10000.csv	1	200	0.1	0.1	1	8	8192	5	2025-05-05_18:14:06	2025-05-05_18:17:33	206.748404741287	500	647	19998853	0
POW_A_10000.csv-POW_B_1_10000.csv	1	200	0.1	0.1	1	8	8192	5	2025-05-05_18:17:33	2025-05-05_18:20:58	205.311061382294	500	933	19998567	0
POW_A_10000.csv-POW_B_1_10000.csv	1	200	0.1	0.1	1	8	8192	5	2025-05-05_18:20:58	2025-05-05_18:24:31	212.896490573883	500	538	19998962	0
POW_A_10000.csv-POW_B_1_10000.csv	1	200	0.1	0.1	1	8	8192	10	2025-05-05_18:31:57	2025-05-05_18:36:25	268.138224601746	500	408	19999092	0
POW_A_10000.csv-POW_B_1_10000.csv	1	200	0.1	0.1	1	8	8192	10	2025-05-05_18:36:25	2025-05-05_18:41:00	274.450428724289	500	702	19998798	0
POW_A_10000.csv-POW_B_1_10000.csv	1	200	0.1	0.1	1	8	8192	10	2025-05-05_18:41:00	2025-05-05_18:45:16	256.067809581757	500	1111	19998389	0
POW_A_10000.csv-POW_B_1_10000.csv	1	200	0.1	0.1	1	8	8192	20	2025-05-05_18:54:19	2025-05-05_19:00:23	363.837289810181	500	749	19998751	0
POW_A_10000.csv-POW_B_1_10000.csv	1	200	0.1	0.1	1	8	8192	20	2025-05-05_19:00:23	2025-05-05_19:06:30	367.266560554504	500	989	19998511	0
POW_A_10000.csv-POW_B_1_10000.csv	1	200	0.1	0.1	1	8	8192	20	2025-05-05_19:06:30	2025-05-05_19:12:37	367.085677623749	500	531	19998969	0
POW_A_10000.csv-POW_B_1_10000.csv	1	200	0.1	0.1	1	16	8192	5	2025-05-05_19:25:28	2025-05-05_19:28:53	205.483416318893	500	455	19999045	0
POW_A_10000.csv-POW_B_1_10000.csv	1	200	0.1	0.1	1	16	8192	5	2025-05-05_19:28:53	2025-05-05_19:32:24	211.020052194595	500	545	19998955	0
POW_A_10000.csv-POW_B_1_10000.csv	1	200	0.1	0.1	1	16	8192	5	2025-05-05_19:32:24	2025-05-05_19:36:04	220.080576896667	500	1151	19998349	0
POW_A_10000.csv-POW_B_1_10000.csv	1	200	0.1	0.1	1	16	8192	10	2025-05-05_19:43:38	2025-05-05_19:48:07	268.897088766098	500	1583	19997917	0
POW_A_10000.csv-POW_B_1_10000.csv	1	200	0.1	0.1	1	16	8192	10	2025-05-05_19:48:07	2025-05-05_19:52:32	265.220828056335	500	461	19999039	0
POW_A_10000.csv-POW_B_1_10000.csv	1	200	0.1	0.1	1	16	8192	10	2025-05-05_19:52:32	2025-05-05_19:56:58	265.428382396698	500	595	19998905	0
POW_A_10000.csv-POW_B_1_10000.csv	1	200	0.1	0.1	1	16	8192	20	2025-05-05_20:06:15	2025-05-05_20:12:32	376.8146007061	500	323	19999177	0
POW_A_10000.csv-POW_B_1_10000.csv	1	200	0.1	0.1	1	16	8192	20	2025-05-05_20:12:32	2025-05-05_20:18:24	351.580960035324	500	355	19999145	0
POW_A_10000.csv-POW_B_1_10000.csv	1	200	0.1	0.1	1	16	8192	20	2025-05-05_20:18:24	2025-05-05_20:24:48	384.473305463791	500	562	19998938	0
POW_A_10000.csv-POW_B_1_10000.csv	1	200	0.1	0.1	2	4	8192	5	2025-05-05_20:37:31	2025-05-05_20:42:01	269.653277873993	500	659	19998841	0
POW_A_10000.csv-POW_B_1_10000.csv	1	200	0.1	0.1	2	4	8192	5	2025-05-05_20:42:01	2025-05-05_20:46:27	266.036078214645	500	441	19999059	0
POW_A_10000.csv-POW_B_1_10000.csv	1	200	0.1	0.1	2	4	8192	5	2025-05-05_20:46:27	2025-05-05_20:50:53	265.935453176498	500	1923	19997577	0
POW_A_10000.csv-POW_B_1_10000.csv	1	200	0.1	0.1	2	4	8192	10	2025-05-05_21:00:11	2025-05-05_21:06:28	377.700778245926	500	1793	19997707	0
POW_A_10000.csv-POW_B_1_10000.csv	1	200	0.1	0.1	2	4	8192	10	2025-05-05_21:06:28	2025-05-05_21:12:46	377.31987786293	500	998	19998502	0
POW_A_10000.csv-POW_B_1_10000.csv	1	200	0.1	0.1	2	4	8192	10	2025-05-05_21:12:46	2025-05-05_21:18:57	371.053542852402	500	778	19998722	0
POW_A_10000.csv-POW_B_1_10000.csv	1	200	0.1	0.1	2	4	8192	20	2025-05-05_21:31:44	2025-05-05_21:41:29	584.642785549164	500	789	19998711	0
POW_A_10000.csv-POW_B_1_10000.csv	1	200	0.1	0.1	2	4	8192	20	2025-05-05_21:41:29	2025-05-05_21:51:10	580.753376245499	500	960	19998540	0
POW_A_10000.csv-POW_B_1_10000.csv	1	200	0.1	0.1	2	4	8192	20	2025-05-05_21:51:10	2025-05-05_22:00:52	581.786596059799	500	465	19999035	0
POW_A_10000.csv-POW_B_1_10000.csv	1	200	0.1	0.1	2	8	8192	5	2025-05-05_22:20:43	2025-05-05_22:24:41	237.770419836044	500	1650	19997850	0
POW_A_10000.csv-POW_B_1_10000.csv	1	200	0.1	0.1	2	8	8192	5	2025-05-05_22:24:41	2025-05-05_22:28:37	236.744795084	500	1117	19998383	0
POW_A_10000.csv-POW_B_1_10000.csv	1	200	0.1	0.1	2	8	8192	5	2025-05-05_22:28:38	2025-05-05_22:32:28	230.900924921036	500	542	19998958	0
POW_A_10000.csv-POW_B_1_10000.csv	1	200	0.1	0.1	2	8	8192	10	2025-05-05_22:40:26	2025-05-05_22:45:29	303.767191886902	500	1177	19998323	0
POW_A_10000.csv-POW_B_1_10000.csv	1	200	0.1	0.1	2	8	8192	10	2025-05-05_22:45:30	2025-05-05_22:50:32	302.17832493782	500	995	19998505	0
POW_A_10000.csv-POW_B_1_10000.csv	1	200	0.1	0.1	2	8	8192	10	2025-05-05_22:50:32	2025-05-05_22:55:39	307.539811134338	500	1165	19998335	0
POW_A_10000.csv-POW_B_1_10000.csv	1	200	0.1	0.1	2	8	8192	20	2025-05-05_23:06:22	2025-05-05_23:13:38	436.341109275818	500	484	19999016	0
POW_A_10000.csv-POW_B_1_10000.csv	1	200	0.1	0.1	2	8	8192	20	2025-05-05_23:13:38	2025-05-05_23:20:47	429.062700271606	500	800	19998700	0
POW_A_10000.csv-POW_B_1_10000.csv	1	200	0.1	0.1	2	8	8192	20	2025-05-05_23:20:47	2025-05-05_23:28:01	433.201507329941	500	741	19998759	0
POW_A_10000.csv-POW_B_1_10000.csv	1	200	0.1	0.1	2	16	8192	5	2025-05-05_23:43:01	2025-05-05_23:46:49	227.146036624908	500	424	19999076	0
POW_A_10000.csv-POW_B_1_10000.csv	1	200	0.1	0.1	2	16	8192	5	2025-05-05_23:46:49	2025-05-05_23:50:51	241.912911176682	500	2746	19996754	0
POW_A_10000.csv-POW_B_1_10000.csv	1	200	0.1	0.1	2	16	8192	5	2025-05-05_23:50:51	2025-05-05_23:54:52	241.459604501724	500	8062	19991438	0
POW_A_10000.csv-POW_B_1_10000.csv	1	200	0.1	0.1	2	16	8192	10	2025-05-06_00:03:10	2025-05-06_00:08:35	324.582003593445	500	894	19998606	0
POW_A_10000.csv-POW_B_1_10000.csv	1	200	0.1	0.1	2	16	8192	10	2025-05-06_00:08:35	2025-05-06_00:13:49	313.85328412056	500	422	19999078	0
POW_A_10000.csv-POW_B_1_10000.csv	1	200	0.1	0.1	2	16	8192	10	2025-05-06_00:13:49	2025-05-06_00:19:14	324.770279169083	498	397	19999103	2
POW_A_10000.csv-POW_B_1_10000.csv	1	200	0.1	0.1	2	16	8192	20	2025-05-06_00:30:24	2025-05-06_00:38:30	485.957447052002	500	418	19999082	0
POW_A_10000.csv-POW_B_1_10000.csv	1	200	0.1	0.1	2	16	8192	20	2025-05-06_00:38:30	2025-05-06_00:46:14	464.215339183807	500	906	19998594	0
POW_A_10000.csv-POW_B_1_10000.csv	1	200	0.1	0.1	2	16	8192	20	2025-05-06_00:46:14	2025-05-06_00:54:37	502.728412628174	500	1294	19998206	0
POW_A_10000.csv-POW_B_1_10000.csv	1	200	0.1	0.1	3	4	8192	5	2025-05-06_01:11:06	2025-05-06_01:16:15	309.074679136276	500	751	19998749	0
POW_A_10000.csv-POW_B_1_10000.csv	1	200	0.1	0.1	3	4	8192	5	2025-05-06_01:16:15	2025-05-06_01:21:22	307.721007108688	500	2704	19996796	0
POW_A_10000.csv-POW_B_1_10000.csv	1	200	0.1	0.1	3	4	8192	5	2025-05-06_01:21:23	2025-05-06_01:26:32	309.800267457962	500	1205	19998295	0
POW_A_10000.csv-POW_B_1_10000.csv	1	200	0.1	0.1	3	4	8192	10	2025-05-06_01:37:12	2025-05-06_01:44:44	452.420214176178	500	988	19998512	0
POW_A_10000.csv-POW_B_1_10000.csv	1	200	0.1	0.1	3	4	8192	10	2025-05-06_01:44:44	2025-05-06_01:52:17	453.041007995605	500	1694	19997806	0
POW_A_10000.csv-POW_B_1_10000.csv	1	200	0.1	0.1	3	4	8192	10	2025-05-06_01:52:17	2025-05-06_01:59:49	451.922999620438	500	1399	19998101	0
POW_A_10000.csv-POW_B_1_10000.csv	1	200	0.1	0.1	3	4	8192	20	2025-05-06_02:15:24	2025-05-06_02:28:04	759.553151369095	500	862	19998638	0
POW_A_10000.csv-POW_B_1_10000.csv	1	200	0.1	0.1	3	4	8192	20	2025-05-06_02:28:04	2025-05-06_02:40:38	753.909626722336	500	967	19998533	0
POW_A_10000.csv-POW_B_1_10000.csv	1	200	0.1	0.1	3	4	8192	20	2025-05-06_02:40:38	2025-05-06_02:53:11	752.775860786438	500	480	19999020	0
POW_A_10000.csv-POW_B_1_10000.csv	1	200	0.1	0.1	3	8	8192	5	2025-05-06_03:18:52	2025-05-06_03:23:01	249.392374277115	500	791	19998709	0
POW_A_10000.csv-POW_B_1_10000.csv	1	200	0.1	0.1	3	8	8192	5	2025-05-06_03:23:01	2025-05-06_03:27:08	246.065419912338	500	3551	19995949	0
POW_A_10000.csv-POW_B_1_10000.csv	1	200	0.1	0.1	3	8	8192	5	2025-05-06_03:27:08	2025-05-06_03:31:12	244.417887687683	500	1092	19998408	0
POW_A_10000.csv-POW_B_1_10000.csv	1	200	0.1	0.1	3	8	8192	10	2025-05-06_03:40:07	2025-05-06_03:45:55	347.801943540573	500	891	19998609	0
POW_A_10000.csv-POW_B_1_10000.csv	1	200	0.1	0.1	3	8	8192	10	2025-05-06_03:45:55	2025-05-06_03:51:52	357.118124485016	500	1121	19998379	0
POW_A_10000.csv-POW_B_1_10000.csv	1	200	0.1	0.1	3	8	8192	10	2025-05-06_03:51:52	2025-05-06_03:57:33	340.841443777084	500	993	19998507	0
POW_A_10000.csv-POW_B_1_10000.csv	1	200	0.1	0.1	3	8	8192	20	2025-05-06_04:09:28	2025-05-06_04:17:59	510.556571245194	500	1156	19998344	0
POW_A_10000.csv-POW_B_1_10000.csv	1	200	0.1	0.1	3	8	8192	20	2025-05-06_04:17:59	2025-05-06_04:26:50	531.487482786179	500	2448	19997052	0
POW_A_10000.csv-POW_B_1_10000.csv	1	200	0.1	0.1	3	8	8192	20	2025-05-06_04:26:50	2025-05-06_04:35:40	529.741908550263	500	3492	19996008	0
POW_A_10000.csv-POW_B_1_10000.csv	1	200	0.1	0.1	3	16	8192	5	2025-05-06_04:53:35	2025-05-06_04:57:11	216.028830766678	500	816	19998684	0
POW_A_10000.csv-POW_B_1_10000.csv	1	200	0.1	0.1	3	16	8192	5	2025-05-06_04:57:12	2025-05-06_05:01:39	267.161978006363	500	1298	19998202	0
POW_A_10000.csv-POW_B_1_10000.csv	1	200	0.1	0.1	3	16	8192	5	2025-05-06_05:01:39	2025-05-06_05:06:09	270.483431339264	500	506	19998994	0
POW_A_10000.csv-POW_B_1_10000.csv	1	200	0.1	0.1	3	16	8192	10	2025-05-06_05:15:08	2025-05-06_05:20:54	345.614242553711	500	746	19998754	0
POW_A_10000.csv-POW_B_1_10000.csv	1	200	0.1	0.1	3	16	8192	10	2025-05-06_05:20:54	2025-05-06_05:27:12	378.343448638916	500	1264	19998236	0
POW_A_10000.csv-POW_B_1_10000.csv	1	200	0.1	0.1	3	16	8192	10	2025-05-06_05:27:12	2025-05-06_05:33:20	367.833003759384	500	1221	19998279	0
POW_A_10000.csv-POW_B_1_10000.csv	1	200	0.1	0.1	3	16	8192	20	2025-05-06_05:44:31	2025-05-06_05:54:31	600.784087896347	500	986	19998514	0
POW_A_10000.csv-POW_B_1_10000.csv	1	200	0.1	0.1	3	16	8192	20	2025-05-06_05:54:31	2025-05-06_06:03:44	552.711716890335	500	3414	19996086	0
POW_A_10000.csv-POW_B_1_10000.csv	1	200	0.1	0.1	3	16	8192	20	2025-05-06_06:03:44	2025-05-06_06:13:22	577.873032569885	500	467	19999033	0
POW_A_2000.csv-POW_B_1_2000.csv	1	100	0.1	0.0	1	16	8192	5	2026-04-02_10:02:20	2026-04-02_10:02:28	8.077711582183838	100	10	799890	0
POW_A_2000.csv-POW_B_1_2000.csv	1	100	0.1	0.0	1	16	8192	5	2026-04-02_10:02:28	2026-04-02_10:02:35	7.122728586196899	100	10	799890	0
POW_A_2000.csv-POW_B_1_2000.csv	1	100	0.1	0.0	1	16	8192	5	2026-04-02_10:02:35	2026-04-02_10:02:42	7.140389919281006	100	16	799884	0
POW_A_5000.csv-POW_B_1_5000.csv	1	100	0.1	0.0	1	16	8192	5	2026-04-02_10:03:00	2026-04-02_10:03:54	53.883676528930664	250	20	4999730	0
POW_A_5000.csv-POW_B_1_5000.csv	1	100	0.1	0.0	1	16	8192	5	2026-04-02_10:03:54	2026-04-02_10:04:45	50.64623284339905	250	40	4999710	0
POW_A_5000.csv-POW_B_1_5000.csv	1	100	0.1	0.0	1	16	8192	5	2026-04-02_10:04:45	2026-04-02_10:05:31	46.002103328704834	250	16	4999734	0
POW_A_20000.csv-POW_B_1_20000.csv	1	100	0.1	0.0	1	16	8192	5	2026-04-02_10:05:49	2026-04-02_10:19:04	794.7179200649261	1000	70	79998930	0
POW_A_20000.csv-POW_B_1_20000.csv	1	100	0.1	0.0	1	16	8192	5	2026-04-02_10:19:04	2026-04-02_10:33:28	864.1363694667816	1000	95	79998905	0
POW_A_20000.csv-POW_B_1_20000.csv	1	100	0.1	0.0	1	16	8192	5	2026-04-02_10:33:29	2026-04-02_10:47:00	811.4828743934631	1000	632	79998368	0
POW_A_2000.csv-POW_B_1_2000.csv	1	100	0.1	0.0	1	16	8192	10	2026-04-02_10:47:20	2026-04-02_10:47:30	10.051276683807373	100	6	799894	0
POW_A_2000.csv-POW_B_1_2000.csv	1	100	0.1	0.0	1	16	8192	10	2026-04-02_10:47:31	2026-04-02_10:47:38	7.883748769760132	100	6	799894	0
POW_A_2000.csv-POW_B_1_2000.csv	1	100	0.1	0.0	1	16	8192	10	2026-04-02_10:47:38	2026-04-02_10:47:48	9.690845966339111	100	10	799890	0
POW_A_5000.csv-POW_B_1_5000.csv	1	100	0.1	0.0	1	16	8192	10	2026-04-02_10:48:06	2026-04-02_10:49:05	58.29305863380432	250	14	4999736	0
POW_A_5000.csv-POW_B_1_5000.csv	1	100	0.1	0.0	1	16	8192	10	2026-04-02_10:49:05	2026-04-02_10:50:06	61.1190025806427	250	21	4999729	0
POW_A_5000.csv-POW_B_1_5000.csv	1	100	0.1	0.0	1	16	8192	10	2026-04-02_10:50:06	2026-04-02_10:51:06	60.59933280944824	250	10	4999740	0
POW_A_20000.csv-POW_B_1_20000.csv	1	100	0.1	0.0	1	16	8192	10	2026-04-02_10:51:24	2026-04-02_11:09:18	1073.8401041030884	1000	9	79998991	0
POW_A_20000.csv-POW_B_1_20000.csv	1	100	0.1	0.0	1	16	8192	10	2026-04-02_11:09:18	2026-04-02_11:24:32	913.9302408695221	1000	146	79998854	0
POW_A_20000.csv-POW_B_1_20000.csv	1	100	0.1	0.0	1	16	8192	10	2026-04-02_11:24:33	2026-04-02_11:39:34	900.947464466095	1000	44	79998956	0
POW_A_2000.csv-POW_B_1_2000.csv	1	100	0.1	0.0	1	16	8192	20	2026-04-02_11:39:53	2026-04-02_11:40:06	12.373378992080688	100	5	799895	0
POW_A_2000.csv-POW_B_1_2000.csv	1	100	0.1	0.0	1	16	8192	20	2026-04-02_11:40:06	2026-04-02_11:40:16	10.118791103363037	100	7	799893	0
POW_A_2000.csv-POW_B_1_2000.csv	1	100	0.1	0.0	1	16	8192	20	2026-04-02_11:40:16	2026-04-02_11:40:26	10.138842344284058	100	6	799894	0
POW_A_5000.csv-POW_B_1_5000.csv	1	100	0.1	0.0	1	16	8192	20	2026-04-02_11:40:44	2026-04-02_11:41:55	71.02071809768677	250	45	4999705	0
POW_A_5000.csv-POW_B_1_5000.csv	1	100	0.1	0.0	1	16	8192	20	2026-04-02_11:41:55	2026-04-02_11:43:11	76.03488850593567	250	4	4999746	0
POW_A_5000.csv-POW_B_1_5000.csv	1	100	0.1	0.0	1	16	8192	20	2026-04-02_11:43:11	2026-04-02_11:44:28	76.50110912322998	250	4	4999746	0
POW_A_20000.csv-POW_B_1_20000.csv	1	100	0.1	0.0	1	16	8192	20	2026-04-02_11:44:46	2026-04-02_12:03:44	1137.9642841815948	1000	11	79998989	0
POW_A_20000.csv-POW_B_1_20000.csv	1	100	0.1	0.0	1	16	8192	20	2026-04-02_12:03:44	2026-04-02_12:30:05	1580.93803191185	1000	8	79998992	0
POW_A_20000.csv-POW_B_1_20000.csv	1	100	0.1	0.0	1	16	8192	20	2026-04-02_12:30:05	2026-04-02_12:48:58	1132.6919283866882	1000	9	79998991	0
POW_A_2000.csv-POW_B_1_2000.csv	1	100	0.1	0.0	1	8	8192	5	2026-04-02_12:49:17	2026-04-02_12:49:27	9.589187383651733	100	112	799788	0
POW_A_2000.csv-POW_B_1_2000.csv	1	100	0.1	0.0	1	8	8192	5	2026-04-02_12:49:27	2026-04-02_12:49:34	7.510551452636719	100	7	799893	0
POW_A_2000.csv-POW_B_1_2000.csv	1	100	0.1	0.0	1	8	8192	5	2026-04-02_12:49:34	2026-04-02_12:49:42	7.403148412704468	100	439	799461	0
POW_A_5000.csv-POW_B_1_5000.csv	1	100	0.1	0.0	1	8	8192	5	2026-04-02_12:50:00	2026-04-02_12:50:55	55.38942003250122	250	31	4999719	0
POW_A_5000.csv-POW_B_1_5000.csv	1	100	0.1	0.0	1	8	8192	5	2026-04-02_12:50:55	2026-04-02_12:51:46	50.91954326629639	250	28	4999722	0
POW_A_5000.csv-POW_B_1_5000.csv	1	100	0.1	0.0	1	8	8192	5	2026-04-02_12:51:46	2026-04-02_12:52:35	48.65144109725952	250	94	4999656	0
POW_A_20000.csv-POW_B_1_20000.csv	1	100	0.1	0.0	1	8	8192	5	2026-04-02_12:52:53	2026-04-02_13:07:01	847.856516122818	1000	16	79998984	0
POW_A_20000.csv-POW_B_1_20000.csv	1	100	0.1	0.0	1	8	8192	5	2026-04-02_13:07:01	2026-04-02_13:21:57	896.4855942726135	1000	364	79998636	0
POW_A_20000.csv-POW_B_1_20000.csv	1	100	0.1	0.0	1	8	8192	5	2026-04-02_13:21:58	2026-04-02_13:36:00	842.0072638988495	1000	312	79998688	0
POW_A_2000.csv-POW_B_1_2000.csv	1	100	0.1	0.0	1	8	8192	10	2026-04-02_13:36:19	2026-04-02_13:36:30	10.570846319198608	100	8	799892	0
POW_A_2000.csv-POW_B_1_2000.csv	1	100	0.1	0.0	1	8	8192	10	2026-04-02_13:36:30	2026-04-02_13:36:38	8.429900646209717	100	10	799890	0
POW_A_2000.csv-POW_B_1_2000.csv	1	100	0.1	0.0	1	8	8192	10	2026-04-02_13:36:39	2026-04-02_13:36:47	8.848655223846436	100	9	799891	0
POW_A_5000.csv-POW_B_1_5000.csv	1	100	0.1	0.0	1	8	8192	10	2026-04-02_13:37:05	2026-04-02_13:38:12	66.4907820224762	250	10	4999740	0
POW_A_5000.csv-POW_B_1_5000.csv	1	100	0.1	0.0	1	8	8192	10	2026-04-02_13:38:12	2026-04-02_13:39:08	56.48216962814331	250	4	4999746	0
POW_A_5000.csv-POW_B_1_5000.csv	1	100	0.1	0.0	1	8	8192	10	2026-04-02_13:39:09	2026-04-02_13:40:04	55.036452293395996	250	20	4999730	0
POW_A_20000.csv-POW_B_1_20000.csv	1	100	0.1	0.0	1	8	8192	10	2026-04-02_13:40:22	2026-04-02_13:58:48	1106.7796289920807	1000	319	79998681	0
POW_A_20000.csv-POW_B_1_20000.csv	1	100	0.1	0.0	1	8	8192	10	2026-04-02_13:58:49	2026-04-02_14:16:05	1036.5616312026978	1000	90	79998910	0
POW_A_20000.csv-POW_B_1_20000.csv	1	100	0.1	0.0	1	8	8192	10	2026-04-02_14:16:05	2026-04-02_14:32:47	1001.5215167999268	1000	247	79998753	0
POW_A_2000.csv-POW_B_1_2000.csv	1	100	0.1	0.0	1	8	8192	20	2026-04-02_14:33:06	2026-04-02_14:33:18	11.998499631881714	100	10	799890	0
POW_A_2000.csv-POW_B_1_2000.csv	1	100	0.1	0.0	1	8	8192	20	2026-04-02_14:33:18	2026-04-02_14:33:32	13.609674215316772	100	9	799891	0
POW_A_2000.csv-POW_B_1_2000.csv	1	100	0.1	0.0	1	8	8192	20	2026-04-02_14:33:32	2026-04-02_14:33:44	12.685486316680908	100	9	799891	0
POW_A_5000.csv-POW_B_1_5000.csv	1	100	0.1	0.0	1	8	8192	20	2026-04-02_14:34:02	2026-04-02_14:35:32	89.13967537879944	250	7	4999743	0
POW_A_5000.csv-POW_B_1_5000.csv	1	100	0.1	0.0	1	8	8192	20	2026-04-02_14:35:32	2026-04-02_14:36:47	75.384104013443	250	18	4999732	0
POW_A_5000.csv-POW_B_1_5000.csv	1	100	0.1	0.0	1	8	8192	20	2026-04-02_14:36:47	2026-04-02_14:38:14	86.74831748008728	250	20	4999730	0
POW_A_20000.csv-POW_B_1_20000.csv	1	100	0.1	0.0	1	8	8192	20	2026-04-02_14:38:32	2026-04-02_15:00:21	1309.150945186615	1000	211	79998789	0
POW_A_20000.csv-POW_B_1_20000.csv	1	100	0.1	0.0	1	8	8192	20	2026-04-02_15:00:21	2026-04-02_15:22:57	1355.3385725021362	1000	19	79998981	0
POW_A_20000.csv-POW_B_1_20000.csv	1	100	0.1	0.0	1	8	8192	20	2026-04-02_15:22:57	2026-04-02_15:45:50	1372.9799766540527	1000	22	79998978	0
POW_A_2000.csv-POW_B_1_2000.csv	1	100	0.1	0.0	1	4	8192	5	2026-04-02_15:46:09	2026-04-02_15:46:20	10.494123935699463	100	35	799865	0
POW_A_2000.csv-POW_B_1_2000.csv	1	100	0.1	0.0	1	4	8192	5	2026-04-02_15:46:20	2026-04-02_15:46:28	8.104853630065918	100	29	799871	0
POW_A_2000.csv-POW_B_1_2000.csv	1	100	0.1	0.0	1	4	8192	5	2026-04-02_15:46:28	2026-04-02_15:46:37	8.552901029586792	100	24	799876	0
POW_A_5000.csv-POW_B_1_5000.csv	1	100	0.1	0.0	1	4	8192	5	2026-04-02_15:46:55	2026-04-02_15:47:52	57.823415994644165	250	89	4999661	0
POW_A_5000.csv-POW_B_1_5000.csv	1	100	0.1	0.0	1	4	8192	5	2026-04-02_15:47:53	2026-04-02_15:48:48	55.11548924446106	250	79	4999671	0
POW_A_5000.csv-POW_B_1_5000.csv	1	100	0.1	0.0	1	4	8192	5	2026-04-02_15:48:48	2026-04-02_15:49:41	53.67852020263672	250	34	4999716	0
POW_A_20000.csv-POW_B_1_20000.csv	1	100	0.1	0.0	1	4	8192	5	2026-04-02_15:49:59	2026-04-02_16:06:06	966.4794335365295	1000	100	79998900	0
POW_A_20000.csv-POW_B_1_20000.csv	1	100	0.1	0.0	1	4	8192	5	2026-04-02_16:06:06	2026-04-02_16:22:13	966.7387993335724	1000	365	79998635	0
POW_A_20000.csv-POW_B_1_20000.csv	1	100	0.1	0.0	1	4	8192	5	2026-04-02_16:22:13	2026-04-02_16:38:13	959.6937074661255	1000	182	79998818	0
POW_A_2000.csv-POW_B_1_2000.csv	1	100	0.1	0.0	1	4	8192	10	2026-04-02_16:38:32	2026-04-02_16:38:45	13.228652477264404	100	21	799879	0
POW_A_2000.csv-POW_B_1_2000.csv	1	100	0.1	0.0	1	4	8192	10	2026-04-02_16:38:45	2026-04-02_16:38:55	10.266677379608154	100	15	799885	0
POW_A_2000.csv-POW_B_1_2000.csv	1	100	0.1	0.0	1	4	8192	10	2026-04-02_16:38:56	2026-04-02_16:39:06	10.962420463562012	100	11	799889	0
POW_A_5000.csv-POW_B_1_5000.csv	1	100	0.1	0.0	1	4	8192	10	2026-04-02_16:39:25	2026-04-02_16:40:35	70.65457057952881	250	30	4999720	0
POW_A_5000.csv-POW_B_1_5000.csv	1	100	0.1	0.0	1	4	8192	10	2026-04-02_16:40:35	2026-04-02_16:41:44	68.6400945186615	250	148	4999602	0
POW_A_5000.csv-POW_B_1_5000.csv	1	100	0.1	0.0	1	4	8192	10	2026-04-02_16:41:44	2026-04-02_16:42:53	68.654137134552	250	59	4999691	0
POW_A_20000.csv-POW_B_1_20000.csv	1	100	0.1	0.0	1	4	8192	10	2026-04-02_16:43:11	2026-04-02_17:03:52	1241.1292841434479	1000	252	79998748	0
POW_A_20000.csv-POW_B_1_20000.csv	1	100	0.1	0.0	1	4	8192	10	2026-04-02_17:03:52	2026-04-02_17:24:30	1238.2475061416626	1000	52	79998948	0
POW_A_20000.csv-POW_B_1_20000.csv	1	100	0.1	0.0	1	4	8192	10	2026-04-02_17:24:30	2026-04-02_17:45:04	1233.7571811676025	1000	109	79998891	0
POW_A_2000.csv-POW_B_1_2000.csv	1	100	0.1	0.0	1	4	8192	20	2026-04-02_17:45:25	2026-04-02_17:45:42	16.749139308929443	100	5	799895	0
POW_A_2000.csv-POW_B_1_2000.csv	1	100	0.1	0.0	1	4	8192	20	2026-04-02_17:45:42	2026-04-02_17:45:57	15.742522239685059	100	8	799892	0
POW_A_2000.csv-POW_B_1_2000.csv	1	100	0.1	0.0	1	4	8192	20	2026-04-02_17:45:58	2026-04-02_17:46:12	14.756330251693726	100	6	799894	0
POW_A_5000.csv-POW_B_1_5000.csv	1	100	0.1	0.0	1	4	8192	20	2026-04-02_17:46:30	2026-04-02_17:48:17	106.98963117599487	250	4	4999746	0
POW_A_5000.csv-POW_B_1_5000.csv	1	100	0.1	0.0	1	4	8192	20	2026-04-02_17:48:17	2026-04-02_17:49:59	102.01503539085388	250	10	4999740	0
POW_A_5000.csv-POW_B_1_5000.csv	1	100	0.1	0.0	1	4	8192	20	2026-04-02_17:50:00	2026-04-02_17:51:40	100.7873375415802	250	7	4999743	0
POW_A_20000.csv-POW_B_1_20000.csv	1	100	0.1	0.0	1	4	8192	20	2026-04-02_17:51:58	2026-04-02_18:22:14	1815.5161876678467	1000	13	79998987	0
POW_A_20000.csv-POW_B_1_20000.csv	1	100	0.1	0.0	1	4	8192	20	2026-04-02_18:22:14	2026-04-02_18:51:24	1749.7710194587708	1000	475	79998525	0
POW_A_20000.csv-POW_B_1_20000.csv	1	100	0.1	0.0	1	4	8192	20	2026-04-02_18:51:24	2026-04-02_19:20:35	1750.5897369384766	1000	660	79998340	0
POW_A_2000.csv-POW_B_1_2000.csv	1	100	0.1	0.0	2	16	8192	5	2026-04-02_19:20:53	2026-04-02_19:21:03	9.652711868286133	100	7	799893	0
POW_A_2000.csv-POW_B_1_2000.csv	1	100	0.1	0.0	2	16	8192	5	2026-04-02_19:21:03	2026-04-02_19:21:11	7.55193829536438	100	19	799881	0
POW_A_2000.csv-POW_B_1_2000.csv	1	100	0.1	0.0	2	16	8192	5	2026-04-02_19:21:11	2026-04-02_19:21:19	8.797005891799927	100	16	799884	0
POW_A_5000.csv-POW_B_1_5000.csv	1	100	0.1	0.0	2	16	8192	5	2026-04-02_19:21:38	2026-04-02_19:22:36	57.978474378585815	250	223	4999527	0
POW_A_5000.csv-POW_B_1_5000.csv	1	100	0.1	0.0	2	16	8192	5	2026-04-02_19:22:36	2026-04-02_19:23:29	53.34816527366638	250	23	4999727	0
POW_A_5000.csv-POW_B_1_5000.csv	1	100	0.1	0.0	2	16	8192	5	2026-04-02_19:23:29	2026-04-02_19:24:17	48.18520998954773	250	23	4999727	0
POW_A_20000.csv-POW_B_1_20000.csv	1	100	0.1	0.0	2	16	8192	5	2026-04-02_19:24:35	2026-04-02_19:39:06	870.9581544399261	1000	233	79998767	0
POW_A_20000.csv-POW_B_1_20000.csv	1	100	0.1	0.0	2	16	8192	5	2026-04-02_19:39:06	2026-04-02_19:53:53	886.6437647342682	1000	26	79998974	0
POW_A_20000.csv-POW_B_1_20000.csv	1	100	0.1	0.0	2	16	8192	5	2026-04-02_19:53:54	2026-04-02_20:08:09	855.0779359340668	1000	136	79998864	0
POW_A_2000.csv-POW_B_1_2000.csv	1	100	0.1	0.0	2	16	8192	10	2026-04-02_20:08:29	2026-04-02_20:08:40	10.926971673965454	100	6	799894	0
POW_A_2000.csv-POW_B_1_2000.csv	1	100	0.1	0.0	2	16	8192	10	2026-04-02_20:08:40	2026-04-02_20:08:52	11.476890802383423	100	12	799888	0
POW_A_2000.csv-POW_B_1_2000.csv	1	100	0.1	0.0	2	16	8192	10	2026-04-02_20:08:52	2026-04-02_20:09:01	8.90226936340332	100	7	799893	0
POW_A_5000.csv-POW_B_1_5000.csv	1	100	0.1	0.0	2	16	8192	10	2026-04-02_20:09:19	2026-04-02_20:10:20	60.82422876358032	250	4	4999746	0
POW_A_5000.csv-POW_B_1_5000.csv	1	100	0.1	0.0	2	16	8192	10	2026-04-02_20:10:20	2026-04-02_20:11:32	71.9290087223053	250	17	4999733	0
POW_A_5000.csv-POW_B_1_5000.csv	1	100	0.1	0.0	2	16	8192	10	2026-04-02_20:11:32	2026-04-02_20:12:44	72.60678911209106	250	29	4999721	0
POW_A_20000.csv-POW_B_1_20000.csv	1	100	0.1	0.0	2	16	8192	10	2026-04-02_20:13:02	2026-04-02_20:32:34	1172.0917532444	1000	21	79998979	0
POW_A_20000.csv-POW_B_1_20000.csv	1	100	0.1	0.0	2	16	8192	10	2026-04-02_20:32:35	2026-04-02_20:50:09	1054.032080411911	1000	9	79998991	0
POW_A_20000.csv-POW_B_1_20000.csv	1	100	0.1	0.0	2	16	8192	10	2026-04-02_20:50:09	2026-04-02_21:09:32	1163.480289697647	1000	26	79998974	0
POW_A_2000.csv-POW_B_1_2000.csv	1	100	0.1	0.0	2	16	8192	20	2026-04-02_21:09:52	2026-04-02_21:10:05	13.579593420028687	100	6	799894	0
POW_A_2000.csv-POW_B_1_2000.csv	1	100	0.1	0.0	2	16	8192	20	2026-04-02_21:10:05	2026-04-02_21:10:17	11.389038801193237	100	6	799894	0
POW_A_2000.csv-POW_B_1_2000.csv	1	100	0.1	0.0	2	16	8192	20	2026-04-02_21:10:17	2026-04-02_21:10:28	11.419677019119263	100	6	799894	0
POW_A_5000.csv-POW_B_1_5000.csv	1	100	0.1	0.0	2	16	8192	20	2026-04-02_21:10:46	2026-04-02_21:12:39	112.53312373161316	250	8	4999742	0
POW_A_5000.csv-POW_B_1_5000.csv	1	100	0.1	0.0	2	16	8192	20	2026-04-02_21:12:39	2026-04-02_21:14:29	109.87088966369629	250	12	4999738	0
POW_A_5000.csv-POW_B_1_5000.csv	1	100	0.1	0.0	2	16	8192	20	2026-04-02_21:14:29	2026-04-02_21:16:14	105.52009654045105	250	29	4999721	0
POW_A_20000.csv-POW_B_1_20000.csv	1	100	0.1	0.0	2	16	8192	20	2026-04-02_21:16:32	2026-04-02_21:41:18	1486.0355224609375	1000	8	79998992	0
POW_A_20000.csv-POW_B_1_20000.csv	1	100	0.1	0.0	2	16	8192	20	2026-04-02_21:41:19	2026-04-02_22:04:56	1417.4840836524963	1000	166	79998834	0
POW_A_20000.csv-POW_B_1_20000.csv	1	100	0.1	0.0	2	16	8192	20	2026-04-02_22:04:56	2026-04-02_22:28:50	1433.7840061187744	1000	34	79998966	0
POW_A_2000.csv-POW_B_1_2000.csv	1	100	0.1	0.0	2	8	8192	5	2026-04-02_22:29:10	2026-04-02_22:29:19	9.946345567703247	100	12	799888	0
POW_A_2000.csv-POW_B_1_2000.csv	1	100	0.1	0.0	2	8	8192	5	2026-04-02_22:29:20	2026-04-02_22:29:27	7.827141523361206	100	70	799830	0
POW_A_2000.csv-POW_B_1_2000.csv	1	100	0.1	0.0	2	8	8192	5	2026-04-02_22:29:27	2026-04-02_22:29:36	8.061430931091309	100	22	799878	0
POW_A_5000.csv-POW_B_1_5000.csv	1	100	0.1	0.0	2	8	8192	5	2026-04-02_22:29:54	2026-04-02_22:30:49	55.02917528152466	250	103	4999647	0
POW_A_5000.csv-POW_B_1_5000.csv	1	100	0.1	0.0	2	8	8192	5	2026-04-02_22:30:49	2026-04-02_22:31:40	51.389134883880615	250	41	4999709	0
POW_A_5000.csv-POW_B_1_5000.csv	1	100	0.1	0.0	2	8	8192	5	2026-04-02_22:31:40	2026-04-02_22:32:34	54.32054400444031	250	28	4999722	0
POW_A_20000.csv-POW_B_1_20000.csv	1	100	0.1	0.0	2	8	8192	5	2026-04-02_22:32:53	2026-04-02_22:49:20	987.0871887207031	1000	311	79998689	0
POW_A_20000.csv-POW_B_1_20000.csv	1	100	0.1	0.0	2	8	8192	5	2026-04-02_22:49:20	2026-04-02_23:05:03	943.0323722362518	1000	58	79998942	0
POW_A_20000.csv-POW_B_1_20000.csv	1	100	0.1	0.0	2	8	8192	5	2026-04-02_23:05:04	2026-04-02_23:20:07	903.1785056591034	1000	359	79998641	0
POW_A_2000.csv-POW_B_1_2000.csv	1	100	0.1	0.0	2	8	8192	10	2026-04-02_23:20:27	2026-04-02_23:20:40	13.561030864715576	100	12	799888	0
POW_A_2000.csv-POW_B_1_2000.csv	1	100	0.1	0.0	2	8	8192	10	2026-04-02_23:20:40	2026-04-02_23:20:52	11.320316553115845	100	6	799894	0
POW_A_2000.csv-POW_B_1_2000.csv	1	100	0.1	0.0	2	8	8192	10	2026-04-02_23:20:52	2026-04-02_23:21:03	11.52401328086853	100	6	799894	0
POW_A_5000.csv-POW_B_1_5000.csv	1	100	0.1	0.0	2	8	8192	10	2026-04-02_23:21:21	2026-04-02_23:22:38	76.40545678138733	250	10	4999740	0
POW_A_5000.csv-POW_B_1_5000.csv	1	100	0.1	0.0	2	8	8192	10	2026-04-02_23:22:38	2026-04-02_23:23:49	71.71689558029175	250	49	4999701	0
POW_A_5000.csv-POW_B_1_5000.csv	1	100	0.1	0.0	2	8	8192	10	2026-04-02_23:23:50	2026-04-02_23:25:03	73.12713432312012	250	131	4999619	0
POW_A_20000.csv-POW_B_1_20000.csv	1	100	0.1	0.0	2	8	8192	10	2026-04-02_23:25:21	2026-04-02_23:46:58	1297.0636920928955	1000	629	79998371	0
POW_A_20000.csv-POW_B_1_20000.csv	1	100	0.1	0.0	2	8	8192	10	2026-04-02_23:46:58	2026-04-03_00:06:56	1198.3146240711212	1000	153	79998847	0
POW_A_20000.csv-POW_B_1_20000.csv	1	100	0.1	0.0	2	8	8192	10	2026-04-03_00:06:56	2026-04-03_00:27:40	1243.6597714424133	1000	31	79998969	0
POW_A_2000.csv-POW_B_1_2000.csv	1	100	0.1	0.0	2	8	8192	20	2026-04-03_00:27:59	2026-04-03_00:28:14	14.964274883270264	100	9	799891	0
POW_A_2000.csv-POW_B_1_2000.csv	1	100	0.1	0.0	2	8	8192	20	2026-04-03_00:28:14	2026-04-03_00:28:28	13.553725242614746	100	6	799894	0
POW_A_2000.csv-POW_B_1_2000.csv	1	100	0.1	0.0	2	8	8192	20	2026-04-03_00:28:28	2026-04-03_00:28:41	13.55406665802002	100	15	799885	0
POW_A_5000.csv-POW_B_1_5000.csv	1	100	0.1	0.0	2	8	8192	20	2026-04-03_00:29:00	2026-04-03_00:30:53	113.09873819351196	250	5	4999745	0
POW_A_5000.csv-POW_B_1_5000.csv	1	100	0.1	0.0	2	8	8192	20	2026-04-03_00:30:53	2026-04-03_00:32:30	97.16746997833252	250	225	4999525	0
POW_A_5000.csv-POW_B_1_5000.csv	1	100	0.1	0.0	2	8	8192	20	2026-04-03_00:32:30	2026-04-03_00:34:20	109.740394115448	250	5	4999745	0
POW_A_20000.csv-POW_B_1_20000.csv	1	100	0.1	0.0	2	8	8192	20	2026-04-03_00:34:38	2026-04-03_01:03:31	1733.003256559372	1000	24	79998976	0
POW_A_20000.csv-POW_B_1_20000.csv	1	100	0.1	0.0	2	8	8192	20	2026-04-03_01:03:31	2026-04-03_01:31:38	1686.7587621212006	1000	53	79998947	0
POW_A_20000.csv-POW_B_1_20000.csv	1	100	0.1	0.0	2	8	8192	20	2026-04-03_01:31:38	2026-04-03_01:59:40	1682.448701620102	1000	13	79998987	0
POW_A_2000.csv-POW_B_1_2000.csv	1	100	0.1	0.0	2	4	8192	5	2026-04-03_02:00:00	2026-04-03_02:00:11	11.253504276275635	100	0	799900	0
POW_A_2000.csv-POW_B_1_2000.csv	1	100	0.1	0.0	2	4	8192	5	2026-04-03_02:00:11	2026-04-03_02:00:21	9.36911940574646	100	163	799737	0
POW_A_2000.csv-POW_B_1_2000.csv	1	100	0.1	0.0	2	4	8192	5	2026-04-03_02:00:21	2026-04-03_02:00:30	9.351216554641724	100	1	799899	0
POW_A_5000.csv-POW_B_1_5000.csv	1	100	0.1	0.0	2	4	8192	5	2026-04-03_02:00:48	2026-04-03_02:01:50	62.39147901535034	250	59	4999691	0
POW_A_5000.csv-POW_B_1_5000.csv	1	100	0.1	0.0	2	4	8192	5	2026-04-03_02:01:51	2026-04-03_02:02:50	59.52050185203552	250	45	4999705	0
POW_A_5000.csv-POW_B_1_5000.csv	1	100	0.1	0.0	2	4	8192	5	2026-04-03_02:02:50	2026-04-03_02:03:50	59.64538931846619	250	8	4999742	0
POW_A_20000.csv-POW_B_1_20000.csv	1	100	0.1	0.0	2	4	8192	5	2026-04-03_02:04:08	2026-04-03_02:21:30	1042.2470889091492	1000	377	79998623	0
POW_A_20000.csv-POW_B_1_20000.csv	1	100	0.1	0.0	2	4	8192	5	2026-04-03_02:21:30	2026-04-03_02:39:13	1062.5505723953247	1000	37	79998963	0
POW_A_20000.csv-POW_B_1_20000.csv	1	100	0.1	0.0	2	4	8192	5	2026-04-03_02:39:13	2026-04-03_02:56:40	1047.6040346622467	1000	3017	79995983	0
POW_A_2000.csv-POW_B_1_2000.csv	1	100	0.1	0.0	2	4	8192	10	2026-04-03_02:57:00	2026-04-03_02:57:14	14.581440687179565	100	7	799893	0
POW_A_2000.csv-POW_B_1_2000.csv	1	100	0.1	0.0	2	4	8192	10	2026-04-03_02:57:14	2026-04-03_02:57:27	12.484291553497314	100	41	799859	0
POW_A_2000.csv-POW_B_1_2000.csv	1	100	0.1	0.0	2	4	8192	10	2026-04-03_02:57:27	2026-04-03_02:57:39	12.503301620483398	100	9	799891	0
POW_A_5000.csv-POW_B_1_5000.csv	1	100	0.1	0.0	2	4	8192	10	2026-04-03_02:57:58	2026-04-03_02:59:25	87.93129634857178	250	64	4999686	0
POW_A_5000.csv-POW_B_1_5000.csv	1	100	0.1	0.0	2	4	8192	10	2026-04-03_02:59:26	2026-04-03_03:00:53	87.40074443817139	250	8	4999742	0
POW_A_5000.csv-POW_B_1_5000.csv	1	100	0.1	0.0	2	4	8192	10	2026-04-03_03:00:53	2026-04-03_03:02:19	86.42606520652771	250	11	4999739	0
POW_A_20000.csv-POW_B_1_20000.csv	1	100	0.1	0.0	2	4	8192	10	2026-04-03_03:02:38	2026-04-03_03:26:38	1440.4088804721832	1000	10	79998990	0
POW_A_20000.csv-POW_B_1_20000.csv	1	100	0.1	0.0	2	4	8192	10	2026-04-03_03:26:38	2026-04-03_03:50:14	1415.9316020011902	1000	213	79998787	0
POW_A_20000.csv-POW_B_1_20000.csv	1	100	0.1	0.0	2	4	8192	10	2026-04-03_03:50:15	2026-04-03_04:13:30	1394.7731280326843	1000	52	79998948	0
POW_A_2000.csv-POW_B_1_2000.csv	1	100	0.1	0.0	2	4	8192	20	2026-04-03_04:13:50	2026-04-03_04:14:12	21.609503269195557	100	10	799890	0
POW_A_2000.csv-POW_B_1_2000.csv	1	100	0.1	0.0	2	4	8192	20	2026-04-03_04:14:12	2026-04-03_04:14:31	19.337695360183716	100	18	799882	0
POW_A_2000.csv-POW_B_1_2000.csv	1	100	0.1	0.0	2	4	8192	20	2026-04-03_04:14:31	2026-04-03_04:14:50	19.07346820831299	100	6	799894	0
POW_A_5000.csv-POW_B_1_5000.csv	1	100	0.1	0.0	2	4	8192	20	2026-04-03_04:15:08	2026-04-03_04:17:16	127.20004105567932	250	7	4999743	0
POW_A_5000.csv-POW_B_1_5000.csv	1	100	0.1	0.0	2	4	8192	20	2026-04-03_04:17:16	2026-04-03_04:19:20	124.4531614780426	250	46	4999704	0
POW_A_5000.csv-POW_B_1_5000.csv	1	100	0.1	0.0	2	4	8192	20	2026-04-03_04:19:20	2026-04-03_04:21:25	124.82922029495239	250	74	4999676	0
POW_A_20000.csv-POW_B_1_20000.csv	1	100	0.1	0.0	2	4	8192	20	2026-04-03_04:21:43	2026-04-03_04:57:38	2154.6892216205597	1000	84	79998916	0
POW_A_20000.csv-POW_B_1_20000.csv	1	100	0.1	0.0	2	4	8192	20	2026-04-03_04:57:38	2026-04-03_05:33:44	2165.806023836136	1000	22	79998978	0
POW_A_20000.csv-POW_B_1_20000.csv	1	100	0.1	0.0	2	4	8192	20	2026-04-03_05:33:44	2026-04-03_06:09:40	2155.968231678009	1000	49	79998951	0
POW_A_2000.csv-POW_B_1_2000.csv	1	100	0.1	0.0	3	16	8192	5	2026-04-03_06:09:59	2026-04-03_06:10:09	9.949990034103394	100	55	799845	0
POW_A_2000.csv-POW_B_1_2000.csv	1	100	0.1	0.0	3	16	8192	5	2026-04-03_06:10:09	2026-04-03_06:10:17	8.090124130249023	100	18	799882	0
POW_A_2000.csv-POW_B_1_2000.csv	1	100	0.1	0.0	3	16	8192	5	2026-04-03_06:10:17	2026-04-03_06:10:26	8.250693559646606	100	42	799858	0
POW_A_5000.csv-POW_B_1_5000.csv	1	100	0.1	0.0	3	16	8192	5	2026-04-03_06:10:44	2026-04-03_06:11:49	65.02285814285278	250	28	4999722	0
POW_A_5000.csv-POW_B_1_5000.csv	1	100	0.1	0.0	3	16	8192	5	2026-04-03_06:11:49	2026-04-03_06:12:48	59.529951095581055	250	79	4999671	0
POW_A_5000.csv-POW_B_1_5000.csv	1	100	0.1	0.0	3	16	8192	5	2026-04-03_06:12:49	2026-04-03_06:13:50	61.85579562187195	250	28	4999722	0
POW_A_20000.csv-POW_B_1_20000.csv	1	100	0.1	0.0	3	16	8192	5	2026-04-03_06:14:09	2026-04-03_06:29:36	927.236542224884	1000	356	79998644	0
POW_A_20000.csv-POW_B_1_20000.csv	1	100	0.1	0.0	3	16	8192	5	2026-04-03_06:29:36	2026-04-03_06:47:48	1092.2688581943512	1000	23	79998977	0
POW_A_20000.csv-POW_B_1_20000.csv	1	100	0.1	0.0	3	16	8192	5	2026-04-03_06:47:49	2026-04-03_07:06:01	1092.2944526672363	1000	144	79998856	0
POW_A_2000.csv-POW_B_1_2000.csv	1	100	0.1	0.0	3	16	8192	10	2026-04-03_07:06:20	2026-04-03_07:06:32	11.941821575164795	100	8	799892	0
POW_A_2000.csv-POW_B_1_2000.csv	1	100	0.1	0.0	3	16	8192	10	2026-04-03_07:06:32	2026-04-03_07:06:42	9.823917150497437	100	4	799896	0
POW_A_2000.csv-POW_B_1_2000.csv	1	100	0.1	0.0	3	16	8192	10	2026-04-03_07:06:42	2026-04-03_07:06:55	13.047939777374268	100	6	799894	0
POW_A_5000.csv-POW_B_1_5000.csv	1	100	0.1	0.0	3	16	8192	10	2026-04-03_07:07:13	2026-04-03_07:08:41	87.47816562652588	250	38	4999712	0
POW_A_5000.csv-POW_B_1_5000.csv	1	100	0.1	0.0	3	16	8192	10	2026-04-03_07:08:41	2026-04-03_07:09:54	73.0216658115387	250	101	4999649	0
POW_A_5000.csv-POW_B_1_5000.csv	1	100	0.1	0.0	3	16	8192	10	2026-04-03_07:09:54	2026-04-03_07:11:18	83.62877988815308	250	584	4999166	0
POW_A_20000.csv-POW_B_1_20000.csv	1	100	0.1	0.0	3	16	8192	10	2026-04-03_07:11:36	2026-04-03_07:31:20	1184.5484290122986	1000	1129	79997871	0
POW_A_20000.csv-POW_B_1_20000.csv	1	100	0.1	0.0	3	16	8192	10	2026-04-03_07:31:21	2026-04-03_07:53:41	1340.3710284233093	1000	11	79998989	0
POW_A_20000.csv-POW_B_1_20000.csv	1	100	0.1	0.0	3	16	8192	10	2026-04-03_07:53:41	2026-04-03_08:13:33	1191.9239959716797	1000	14	79998986	0
POW_A_2000.csv-POW_B_1_2000.csv	1	100	0.1	0.0	3	16	8192	20	2026-04-03_08:13:53	2026-04-03_08:14:08	15.232457160949707	100	8	799892	0
POW_A_2000.csv-POW_B_1_2000.csv	1	100	0.1	0.0	3	16	8192	20	2026-04-03_08:14:08	2026-04-03_08:14:28	19.848447799682617	100	3	799897	0
POW_A_2000.csv-POW_B_1_2000.csv	1	100	0.1	0.0	3	16	8192	20	2026-04-03_08:14:28	2026-04-03_08:14:41	13.167866230010986	100	1	799899	0
POW_A_5000.csv-POW_B_1_5000.csv	1	100	0.1	0.0	3	16	8192	20	2026-04-03_08:14:59	2026-04-03_08:17:19	139.43387413024902	250	252	4999498	0
POW_A_5000.csv-POW_B_1_5000.csv	1	100	0.1	0.0	3	16	8192	20	2026-04-03_08:17:19	2026-04-03_08:19:23	124.84117841720581	250	194	4999556	0
POW_A_5000.csv-POW_B_1_5000.csv	1	100	0.1	0.0	3	16	8192	20	2026-04-03_08:19:24	2026-04-03_08:21:39	135.53928446769714	250	20	4999730	0
POW_A_20000.csv-POW_B_1_20000.csv	1	100	0.1	0.0	3	16	8192	20	2026-04-03_08:21:57	2026-04-03_08:55:40	2022.7360064983368	1000	13	79998987	0
POW_A_20000.csv-POW_B_1_20000.csv	1	100	0.1	0.0	3	16	8192	20	2026-04-03_08:55:40	2026-04-03_09:24:23	1722.6660754680634	1000	10	79998990	0
POW_A_20000.csv-POW_B_1_20000.csv	1	100	0.1	0.0	3	16	8192	20	2026-04-03_09:24:23	2026-04-03_10:03:02	2319.471155166626	1000	22	79998978	0
POW_A_2000.csv-POW_B_1_2000.csv	1	100	0.1	0.0	3	8	8192	5	2026-04-03_10:03:22	2026-04-03_10:03:32	10.730525493621826	100	45	799855	0
POW_A_2000.csv-POW_B_1_2000.csv	1	100	0.1	0.0	3	8	8192	5	2026-04-03_10:03:32	2026-04-03_10:03:42	9.726142168045044	100	112	799788	0
POW_A_2000.csv-POW_B_1_2000.csv	1	100	0.1	0.0	3	8	8192	5	2026-04-03_10:03:42	2026-04-03_10:03:51	8.522790431976318	100	16	799884	0
POW_A_5000.csv-POW_B_1_5000.csv	1	100	0.1	0.0	3	8	8192	5	2026-04-03_10:04:09	2026-04-03_10:05:12	63.66571545600891	250	61	4999689	0
POW_A_5000.csv-POW_B_1_5000.csv	1	100	0.1	0.0	3	8	8192	5	2026-04-03_10:05:13	2026-04-03_10:06:11	58.5675048828125	250	62	4999688	0
POW_A_5000.csv-POW_B_1_5000.csv	1	100	0.1	0.0	3	8	8192	5	2026-04-03_10:06:11	2026-04-03_10:07:09	57.88374876976013	250	94	4999656	0
POW_A_20000.csv-POW_B_1_20000.csv	1	100	0.1	0.0	3	8	8192	5	2026-04-03_10:07:27	2026-04-03_10:24:26	1018.9391555786133	1000	331	79998669	0
POW_A_20000.csv-POW_B_1_20000.csv	1	100	0.1	0.0	3	8	8192	5	2026-04-03_10:24:26	2026-04-03_10:40:57	991.255784034729	1000	316	79998684	0
POW_A_20000.csv-POW_B_1_20000.csv	1	100	0.1	0.0	3	8	8192	5	2026-04-03_10:40:58	2026-04-03_10:58:35	1056.6067481040955	1000	6932	79992068	0
POW_A_2000.csv-POW_B_1_2000.csv	1	100	0.1	0.0	3	8	8192	10	2026-04-03_10:58:55	2026-04-03_10:59:10	15.11311149597168	100	19	799881	0
POW_A_2000.csv-POW_B_1_2000.csv	1	100	0.1	0.0	3	8	8192	10	2026-04-03_10:59:10	2026-04-03_10:59:21	10.662606000900269	100	6	799894	0
POW_A_2000.csv-POW_B_1_2000.csv	1	100	0.1	0.0	3	8	8192	10	2026-04-03_10:59:21	2026-04-03_10:59:32	11.128543376922607	100	15	799885	0
POW_A_5000.csv-POW_B_1_5000.csv	1	100	0.1	0.0	3	8	8192	10	2026-04-03_10:59:50	2026-04-03_11:01:16	86.4933409690857	250	168	4999582	0
POW_A_5000.csv-POW_B_1_5000.csv	1	100	0.1	0.0	3	8	8192	10	2026-04-03_11:01:16	2026-04-03_11:02:38	81.62643694877625	250	12	4999738	0
POW_A_5000.csv-POW_B_1_5000.csv	1	100	0.1	0.0	3	8	8192	10	2026-04-03_11:02:38	2026-04-03_11:03:55	77.34039545059204	250	1359	4998391	0
POW_A_20000.csv-POW_B_1_20000.csv	1	100	0.1	0.0	3	8	8192	10	2026-04-03_11:04:14	2026-04-03_11:25:52	1298.1937429904938	1000	51	79998949	0
POW_A_20000.csv-POW_B_1_20000.csv	1	100	0.1	0.0	3	8	8192	10	2026-04-03_11:25:52	2026-04-03_11:49:52	1439.8452861309052	1000	15	79998985	0
POW_A_20000.csv-POW_B_1_20000.csv	1	100	0.1	0.0	3	8	8192	10	2026-04-03_11:49:52	2026-04-03_12:11:26	1293.864362001419	1000	323	79998677	0
POW_A_2000.csv-POW_B_1_2000.csv	1	100	0.1	0.0	3	8	8192	20	2026-04-03_12:11:45	2026-04-03_12:12:02	17.06979274749756	100	12	799888	0
POW_A_2000.csv-POW_B_1_2000.csv	1	100	0.1	0.0	3	8	8192	20	2026-04-03_12:12:02	2026-04-03_12:12:19	17.02654504776001	100	6	799894	0
POW_A_2000.csv-POW_B_1_2000.csv	1	100	0.1	0.0	3	8	8192	20	2026-04-03_12:12:19	2026-04-03_12:12:37	17.504373788833618	100	1	799899	0
POW_A_5000.csv-POW_B_1_5000.csv	1	100	0.1	0.0	3	8	8192	20	2026-04-03_12:12:55	2026-04-03_12:15:10	135.12622618675232	250	3	4999747	0
POW_A_5000.csv-POW_B_1_5000.csv	1	100	0.1	0.0	3	8	8192	20	2026-04-03_12:15:10	2026-04-03_12:16:57	106.97756576538086	250	34	4999716	0
POW_A_5000.csv-POW_B_1_5000.csv	1	100	0.1	0.0	3	8	8192	20	2026-04-03_12:16:57	2026-04-03_12:18:48	111.34875178337097	250	20	4999730	0
POW_A_20000.csv-POW_B_1_20000.csv	1	100	0.1	0.0	3	8	8192	20	2026-04-03_12:19:06	2026-04-03_12:52:34	2007.858166217804	1000	19	79998981	0
POW_A_20000.csv-POW_B_1_20000.csv	1	100	0.1	0.0	3	8	8192	20	2026-04-03_12:52:34	2026-04-03_13:24:51	1936.7484073638916	1000	104	79998896	0
POW_A_20000.csv-POW_B_1_20000.csv	1	100	0.1	0.0	3	8	8192	20	2026-04-03_13:24:51	2026-04-03_13:58:53	2041.6798677444458	1000	23	79998977	0
POW_A_2000.csv-POW_B_1_2000.csv	1	100	0.1	0.0	3	4	8192	5	2026-04-03_13:59:13	2026-04-03_13:59:25	12.514387130737305	100	23	799877	0
POW_A_2000.csv-POW_B_1_2000.csv	1	100	0.1	0.0	3	4	8192	5	2026-04-03_13:59:25	2026-04-03_13:59:36	10.442976474761963	0	0	799900	100
POW_A_2000.csv-POW_B_1_2000.csv	1	100	0.1	0.0	3	4	8192	5	2026-04-03_13:59:36	2026-04-03_13:59:46	10.542575359344482	100	82	799818	0
POW_A_5000.csv-POW_B_1_5000.csv	1	100	0.1	0.0	3	4	8192	5	2026-04-03_14:00:04	2026-04-03_14:01:15	70.26347732543945	250	11	4999739	0
POW_A_5000.csv-POW_B_1_5000.csv	1	100	0.1	0.0	3	4	8192	5	2026-04-03_14:01:15	2026-04-03_14:02:21	66.71493601799011	250	29	4999721	0
POW_A_5000.csv-POW_B_1_5000.csv	1	100	0.1	0.0	3	4	8192	5	2026-04-03_14:02:21	2026-04-03_14:03:29	67.38071465492249	250	13	4999737	0
POW_A_20000.csv-POW_B_1_20000.csv	1	100	0.1	0.0	3	4	8192	5	2026-04-03_14:03:47	2026-04-03_14:23:44	1196.7643859386444	1000	68	79998932	0
POW_A_20000.csv-POW_B_1_20000.csv	1	100	0.1	0.0	3	4	8192	5	2026-04-03_14:23:44	2026-04-03_14:43:36	1192.2298333644867	1000	91	79998909	0
POW_A_20000.csv-POW_B_1_20000.csv	1	100	0.1	0.0	3	4	8192	5	2026-04-03_14:43:36	2026-04-03_15:03:35	1198.5676789283752	1000	675	79998325	0
POW_A_2000.csv-POW_B_1_2000.csv	1	100	0.1	0.0	3	4	8192	10	2026-04-03_15:03:54	2026-04-03_15:04:11	16.643315315246582	100	15	799885	0
POW_A_2000.csv-POW_B_1_2000.csv	1	100	0.1	0.0	3	4	8192	10	2026-04-03_15:04:11	2026-04-03_15:04:26	14.737812519073486	100	26	799874	0
POW_A_2000.csv-POW_B_1_2000.csv	1	100	0.1	0.0	3	4	8192	10	2026-04-03_15:04:26	2026-04-03_15:04:40	14.605571508407593	100	13	799887	0
POW_A_5000.csv-POW_B_1_5000.csv	1	100	0.1	0.0	3	4	8192	10	2026-04-03_15:04:58	2026-04-03_15:06:38	99.36219143867493	250	14	4999736	0
POW_A_5000.csv-POW_B_1_5000.csv	1	100	0.1	0.0	3	4	8192	10	2026-04-03_15:06:38	2026-04-03_15:08:15	96.92420864105225	250	19	4999731	0
POW_A_5000.csv-POW_B_1_5000.csv	1	100	0.1	0.0	3	4	8192	10	2026-04-03_15:08:15	2026-04-03_15:09:52	97.41441512107849	250	11	4999739	0
POW_A_20000.csv-POW_B_1_20000.csv	1	100	0.1	0.0	3	4	8192	10	2026-04-03_15:10:10	2026-04-03_15:38:22	1692.2426524162292	1000	268	79998732	0
POW_A_20000.csv-POW_B_1_20000.csv	1	100	0.1	0.0	3	4	8192	10	2026-04-03_15:38:23	2026-04-03_16:06:41	1698.5264916419983	1000	291	79998709	0
POW_A_20000.csv-POW_B_1_20000.csv	1	100	0.1	0.0	3	4	8192	10	2026-04-03_16:06:41	2026-04-03_16:35:47	1745.9561417102814	1000	76	79998924	0
POW_A_2000.csv-POW_B_1_2000.csv	1	100	0.1	0.0	3	4	8192	20	2026-04-03_16:36:08	2026-04-03_16:36:33	24.97982144355774	100	7	799893	0
POW_A_2000.csv-POW_B_1_2000.csv	1	100	0.1	0.0	3	4	8192	20	2026-04-03_16:36:33	2026-04-03_16:36:56	22.88792324066162	100	22	799878	0
POW_A_2000.csv-POW_B_1_2000.csv	1	100	0.1	0.0	3	4	8192	20	2026-04-03_16:36:56	2026-04-03_16:37:20	23.4994957447052	100	4	799896	0
POW_A_5000.csv-POW_B_1_5000.csv	1	100	0.1	0.0	3	4	8192	20	2026-04-03_16:37:38	2026-04-03_16:40:17	159.32077765464783	250	4	4999746	0
POW_A_5000.csv-POW_B_1_5000.csv	1	100	0.1	0.0	3	4	8192	20	2026-04-03_16:40:17	2026-04-03_16:42:55	157.71615552902222	250	9	4999741	0
POW_A_5000.csv-POW_B_1_5000.csv	1	100	0.1	0.0	3	4	8192	20	2026-04-03_16:42:55	2026-04-03_16:45:33	157.95121479034424	250	4	4999746	0
POW_A_20000.csv-POW_B_1_20000.csv	1	100	0.1	0.0	3	4	8192	20	2026-04-03_16:45:51	2026-04-03_17:32:07	2776.2115728855133	1000	52	79998948	0
POW_A_20000.csv-POW_B_1_20000.csv	1	100	0.1	0.0	3	4	8192	20	2026-04-03_17:32:07	2026-04-03_18:17:49	2742.014924764633	1000	22	79998978	0
POW_A_20000.csv-POW_B_1_20000.csv	1	100	0.1	0.0	3	4	8192	20	2026-04-03_18:17:50	2026-04-03_19:03:15	2724.8412008285522	1000	14	79998986	0
POW_A_2000.csv-POW_B_1_2000.csv	1	100	0.1	0.01	1	16	8192	5	2026-04-03_19:03:35	2026-04-03_19:03:45	9.943992853164673	100	23	799877	0
POW_A_2000.csv-POW_B_1_2000.csv	1	100	0.1	0.01	1	16	8192	5	2026-04-03_19:03:45	2026-04-03_19:03:52	7.753899812698364	100	12	799888	0
POW_A_2000.csv-POW_B_1_2000.csv	1	100	0.1	0.01	1	16	8192	5	2026-04-03_19:03:52	2026-04-03_19:04:00	7.765354871749878	100	16	799884	0
POW_A_5000.csv-POW_B_1_5000.csv	1	100	0.1	0.01	1	16	8192	5	2026-04-03_19:04:18	2026-04-03_19:05:12	54.03460502624512	250	30	4999720	0
POW_A_5000.csv-POW_B_1_5000.csv	1	100	0.1	0.01	1	16	8192	5	2026-04-03_19:05:12	2026-04-03_19:06:02	50.04339098930359	250	13	4999737	0
POW_A_5000.csv-POW_B_1_5000.csv	1	100	0.1	0.01	1	16	8192	5	2026-04-03_19:06:03	2026-04-03_19:06:52	49.835487365722656	250	35	4999715	0
POW_A_20000.csv-POW_B_1_20000.csv	1	100	0.1	0.01	1	16	8192	5	2026-04-03_19:07:10	2026-04-03_19:22:14	903.6142699718475	1000	9346	79989654	0
POW_A_20000.csv-POW_B_1_20000.csv	1	100	0.1	0.01	1	16	8192	5	2026-04-03_19:22:14	2026-04-03_19:35:32	798.2126693725586	1000	77	79998923	0
POW_A_20000.csv-POW_B_1_20000.csv	1	100	0.1	0.01	1	16	8192	5	2026-04-03_19:35:32	2026-04-03_19:48:54	801.5619103908539	1000	33	79998967	0
POW_A_2000.csv-POW_B_1_2000.csv	1	100	0.1	0.01	1	16	8192	10	2026-04-03_19:49:14	2026-04-03_19:49:23	9.830299139022827	100	8	799892	0
POW_A_2000.csv-POW_B_1_2000.csv	1	100	0.1	0.01	1	16	8192	10	2026-04-03_19:49:24	2026-04-03_19:49:31	7.858315706253052	100	12	799888	0
POW_A_2000.csv-POW_B_1_2000.csv	1	100	0.1	0.01	1	16	8192	10	2026-04-03_19:49:31	2026-04-03_19:49:39	7.846709728240967	100	22	799878	0
POW_A_5000.csv-POW_B_1_5000.csv	1	100	0.1	0.01	1	16	8192	10	2026-04-03_19:49:57	2026-04-03_19:50:58	60.26226854324341	250	13	4999737	0
POW_A_5000.csv-POW_B_1_5000.csv	1	100	0.1	0.01	1	16	8192	10	2026-04-03_19:50:58	2026-04-03_19:51:59	61.454392194747925	250	7	4999743	0
POW_A_5000.csv-POW_B_1_5000.csv	1	100	0.1	0.01	1	16	8192	10	2026-04-03_19:51:59	2026-04-03_19:52:58	59.07489562034607	250	17	4999733	0
POW_A_20000.csv-POW_B_1_20000.csv	1	100	0.1	0.01	1	16	8192	10	2026-04-03_19:53:16	2026-04-03_20:09:58	1001.687061548233	1000	170	79998830	0
POW_A_20000.csv-POW_B_1_20000.csv	1	100	0.1	0.01	1	16	8192	10	2026-04-03_20:09:58	2026-04-03_20:25:15	917.3109269142151	1000	130	79998870	0
POW_A_20000.csv-POW_B_1_20000.csv	1	100	0.1	0.01	1	16	8192	10	2026-04-03_20:25:16	2026-04-03_20:40:26	910.7032499313354	1000	32	79998968	0
POW_A_2000.csv-POW_B_1_2000.csv	1	100	0.1	0.01	1	16	8192	20	2026-04-03_20:40:45	2026-04-03_20:40:57	11.59052324295044	100	11	799889	0
POW_A_2000.csv-POW_B_1_2000.csv	1	100	0.1	0.01	1	16	8192	20	2026-04-03_20:40:57	2026-04-03_20:41:10	13.234154462814331	100	6	799894	0
POW_A_2000.csv-POW_B_1_2000.csv	1	100	0.1	0.01	1	16	8192	20	2026-04-03_20:41:10	2026-04-03_20:41:20	9.563552141189575	100	6	799894	0
POW_A_5000.csv-POW_B_1_5000.csv	1	100	0.1	0.01	1	16	8192	20	2026-04-03_20:41:38	2026-04-03_20:42:50	72.47230744361877	250	68	4999682	0
POW_A_5000.csv-POW_B_1_5000.csv	1	100	0.1	0.01	1	16	8192	20	2026-04-03_20:42:50	2026-04-03_20:44:16	85.51988410949707	250	55	4999695	0
POW_A_5000.csv-POW_B_1_5000.csv	1	100	0.1	0.01	1	16	8192	20	2026-04-03_20:44:16	2026-04-03_20:45:41	85.210373878479	250	9	4999741	0
POW_A_20000.csv-POW_B_1_20000.csv	1	100	0.1	0.01	1	16	8192	20	2026-04-03_20:45:59	2026-04-03_21:08:46	1366.4147539138794	1000	223	79998777	0
POW_A_20000.csv-POW_B_1_20000.csv	1	100	0.1	0.01	1	16	8192	20	2026-04-03_21:08:46	2026-04-03_21:34:41	1554.76749253273	1000	111	79998889	0
POW_A_20000.csv-POW_B_1_20000.csv	1	100	0.1	0.01	1	16	8192	20	2026-04-03_21:34:41	2026-04-03_21:54:48	1207.278121471405	1000	13	79998987	0
POW_A_2000.csv-POW_B_1_2000.csv	1	100	0.1	0.01	1	8	8192	5	2026-04-03_21:55:08	2026-04-03_21:55:18	10.168388605117798	100	8	799892	0
POW_A_2000.csv-POW_B_1_2000.csv	1	100	0.1	0.01	1	8	8192	5	2026-04-03_21:55:18	2026-04-03_21:55:26	8.010337352752686	100	42	799858	0
POW_A_2000.csv-POW_B_1_2000.csv	1	100	0.1	0.01	1	8	8192	5	2026-04-03_21:55:26	2026-04-03_21:55:34	7.542573690414429	100	12	799888	0
POW_A_5000.csv-POW_B_1_5000.csv	1	100	0.1	0.01	1	8	8192	5	2026-04-03_21:55:52	2026-04-03_21:56:43	50.88605761528015	250	14	4999736	0
POW_A_5000.csv-POW_B_1_5000.csv	1	100	0.1	0.01	1	8	8192	5	2026-04-03_21:56:43	2026-04-03_21:57:34	51.7085440158844	250	45	4999705	0
POW_A_5000.csv-POW_B_1_5000.csv	1	100	0.1	0.01	1	8	8192	5	2026-04-03_21:57:34	2026-04-03_21:58:22	47.5269193649292	250	59	4999691	0
POW_A_20000.csv-POW_B_1_20000.csv	1	100	0.1	0.01	1	8	8192	5	2026-04-03_21:58:40	2026-04-03_22:13:33	892.8669819831848	1000	424	79998576	0
POW_A_20000.csv-POW_B_1_20000.csv	1	100	0.1	0.01	1	8	8192	5	2026-04-03_22:13:33	2026-04-03_22:27:53	859.6530704498291	1000	67	79998933	0
POW_A_20000.csv-POW_B_1_20000.csv	1	100	0.1	0.01	1	8	8192	5	2026-04-03_22:27:54	2026-04-03_22:42:46	891.7837746143341	1000	103	79998897	0
POW_A_2000.csv-POW_B_1_2000.csv	1	100	0.1	0.01	1	8	8192	10	2026-04-03_22:43:05	2026-04-03_22:43:14	9.683356046676636	100	17	799883	0
POW_A_2000.csv-POW_B_1_2000.csv	1	100	0.1	0.01	1	8	8192	10	2026-04-03_22:43:14	2026-04-03_22:43:23	8.45172929763794	100	17	799883	0
POW_A_2000.csv-POW_B_1_2000.csv	1	100	0.1	0.01	1	8	8192	10	2026-04-03_22:43:23	2026-04-03_22:43:32	9.222138404846191	100	19	799881	0
POW_A_5000.csv-POW_B_1_5000.csv	1	100	0.1	0.01	1	8	8192	10	2026-04-03_22:43:50	2026-04-03_22:44:57	67.25038313865662	250	6	4999744	0
POW_A_5000.csv-POW_B_1_5000.csv	1	100	0.1	0.01	1	8	8192	10	2026-04-03_22:44:58	2026-04-03_22:46:00	62.03488516807556	250	49	4999701	0
POW_A_5000.csv-POW_B_1_5000.csv	1	100	0.1	0.01	1	8	8192	10	2026-04-03_22:46:00	2026-04-03_22:47:01	61.314536571502686	250	71	4999679	0
POW_A_20000.csv-POW_B_1_20000.csv	1	100	0.1	0.01	1	8	8192	10	2026-04-03_22:47:19	2026-04-03_23:04:30	1031.2504303455353	1000	70	79998930	0
POW_A_20000.csv-POW_B_1_20000.csv	1	100	0.1	0.01	1	8	8192	10	2026-04-03_23:04:31	2026-04-03_23:21:25	1014.3314235210419	1000	111	79998889	0
POW_A_20000.csv-POW_B_1_20000.csv	1	100	0.1	0.01	1	8	8192	10	2026-04-03_23:21:25	2026-04-03_23:38:51	1046.214689731598	1000	120	79998880	0
POW_A_2000.csv-POW_B_1_2000.csv	1	100	0.1	0.01	1	8	8192	20	2026-04-03_23:39:11	2026-04-03_23:39:25	14.662866592407227	100	6	799894	0
POW_A_2000.csv-POW_B_1_2000.csv	1	100	0.1	0.01	1	8	8192	20	2026-04-03_23:39:25	2026-04-03_23:39:37	12.062579154968262	100	7	799893	0
POW_A_2000.csv-POW_B_1_2000.csv	1	100	0.1	0.01	1	8	8192	20	2026-04-03_23:39:38	2026-04-03_23:39:49	11.717202425003052	100	11	799889	0
POW_A_5000.csv-POW_B_1_5000.csv	1	100	0.1	0.01	1	8	8192	20	2026-04-03_23:40:07	2026-04-03_23:41:28	80.21704816818237	250	17	4999733	0
POW_A_5000.csv-POW_B_1_5000.csv	1	100	0.1	0.01	1	8	8192	20	2026-04-03_23:41:28	2026-04-03_23:42:55	87.27061438560486	250	13	4999737	0
POW_A_5000.csv-POW_B_1_5000.csv	1	100	0.1	0.01	1	8	8192	20	2026-04-03_23:42:55	2026-04-03_23:44:22	87.25790429115295	250	18	4999732	0
POW_A_20000.csv-POW_B_1_20000.csv	1	100	0.1	0.01	1	8	8192	20	2026-04-03_23:44:40	2026-04-04_00:06:59	1338.524625301361	1000	34	79998966	0
POW_A_20000.csv-POW_B_1_20000.csv	1	100	0.1	0.01	1	8	8192	20	2026-04-04_00:06:59	2026-04-04_00:32:01	1502.278179883957	1000	2031	79996969	0
POW_A_20000.csv-POW_B_1_20000.csv	1	100	0.1	0.01	1	8	8192	20	2026-04-04_00:32:02	2026-04-04_00:54:25	1343.2371833324432	1000	419	79998581	0
POW_A_2000.csv-POW_B_1_2000.csv	1	100	0.1	0.01	1	4	8192	5	2026-04-04_00:54:45	2026-04-04_00:54:55	10.660258769989014	100	183	799717	0
POW_A_2000.csv-POW_B_1_2000.csv	1	100	0.1	0.01	1	4	8192	5	2026-04-04_00:54:55	2026-04-04_00:55:04	8.551673412322998	100	545	799355	0
POW_A_2000.csv-POW_B_1_2000.csv	1	100	0.1	0.01	1	4	8192	5	2026-04-04_00:55:04	2026-04-04_00:55:13	8.537096977233887	100	51	799849	0
POW_A_5000.csv-POW_B_1_5000.csv	1	100	0.1	0.01	1	4	8192	5	2026-04-04_00:55:31	2026-04-04_00:56:27	56.36886787414551	250	26	4999724	0
POW_A_5000.csv-POW_B_1_5000.csv	1	100	0.1	0.01	1	4	8192	5	2026-04-04_00:56:27	2026-04-04_00:57:22	54.96579051017761	250	62	4999688	0
POW_A_5000.csv-POW_B_1_5000.csv	1	100	0.1	0.01	1	4	8192	5	2026-04-04_00:57:22	2026-04-04_00:58:16	53.70243859291077	250	70	4999680	0
POW_A_20000.csv-POW_B_1_20000.csv	1	100	0.1	0.01	1	4	8192	5	2026-04-04_00:58:34	2026-04-04_01:14:46	971.6316339969635	1000	131	79998869	0
POW_A_20000.csv-POW_B_1_20000.csv	1	100	0.1	0.01	1	4	8192	5	2026-04-04_01:14:46	2026-04-04_01:30:45	959.4729449748993	1000	116	79998884	0
POW_A_20000.csv-POW_B_1_20000.csv	1	100	0.1	0.01	1	4	8192	5	2026-04-04_01:30:45	2026-04-04_01:48:03	1037.5061926841736	1000	239	79998761	0
POW_A_2000.csv-POW_B_1_2000.csv	1	100	0.1	0.01	1	4	8192	10	2026-04-04_01:48:23	2026-04-04_01:48:36	12.662200927734375	100	7	799893	0
POW_A_2000.csv-POW_B_1_2000.csv	1	100	0.1	0.01	1	4	8192	10	2026-04-04_01:48:36	2026-04-04_01:48:47	11.180123805999756	100	87	799813	0
POW_A_2000.csv-POW_B_1_2000.csv	1	100	0.1	0.01	1	4	8192	10	2026-04-04_01:48:47	2026-04-04_01:48:58	10.760095357894897	100	17	799883	0
POW_A_5000.csv-POW_B_1_5000.csv	1	100	0.1	0.01	1	4	8192	10	2026-04-04_01:49:16	2026-04-04_01:50:30	74.1168704032898	250	18	4999732	0
POW_A_5000.csv-POW_B_1_5000.csv	1	100	0.1	0.01	1	4	8192	10	2026-04-04_01:50:30	2026-04-04_01:51:44	73.6078999042511	250	75	4999675	0
POW_A_5000.csv-POW_B_1_5000.csv	1	100	0.1	0.01	1	4	8192	10	2026-04-04_01:51:44	2026-04-04_01:52:59	74.9310085773468	250	11	4999739	0
POW_A_20000.csv-POW_B_1_20000.csv	1	100	0.1	0.01	1	4	8192	10	2026-04-04_01:53:17	2026-04-04_02:13:57	1239.6463232040405	1000	572	79998428	0
POW_A_20000.csv-POW_B_1_20000.csv	1	100	0.1	0.01	1	4	8192	10	2026-04-04_02:13:57	2026-04-04_02:34:09	1212.635725736618	1000	84	79998916	0
POW_A_20000.csv-POW_B_1_20000.csv	1	100	0.1	0.01	1	4	8192	10	2026-04-04_02:34:10	2026-04-04_02:54:42	1231.3503091335297	1000	82	79998918	0
POW_A_2000.csv-POW_B_1_2000.csv	1	100	0.1	0.01	1	4	8192	20	2026-04-04_02:55:01	2026-04-04_02:55:19	17.738885641098022	100	6	799894	0
POW_A_2000.csv-POW_B_1_2000.csv	1	100	0.1	0.01	1	4	8192	20	2026-04-04_02:55:19	2026-04-04_02:55:34	15.373720645904541	100	9	799891	0
POW_A_2000.csv-POW_B_1_2000.csv	1	100	0.1	0.01	1	4	8192	20	2026-04-04_02:55:34	2026-04-04_02:55:50	15.9162437915802	100	15	799885	0
POW_A_5000.csv-POW_B_1_5000.csv	1	100	0.1	0.01	1	4	8192	20	2026-04-04_02:56:08	2026-04-04_02:57:57	108.60717868804932	250	54	4999696	0
POW_A_5000.csv-POW_B_1_5000.csv	1	100	0.1	0.01	1	4	8192	20	2026-04-04_02:57:57	2026-04-04_02:59:44	107.28168106079102	250	5	4999745	0
POW_A_5000.csv-POW_B_1_5000.csv	1	100	0.1	0.01	1	4	8192	20	2026-04-04_02:59:44	2026-04-04_03:01:33	108.41463923454285	250	36	4999714	0
POW_A_20000.csv-POW_B_1_20000.csv	1	100	0.1	0.01	1	4	8192	20	2026-04-04_03:01:51	2026-04-04_03:31:36	1785.2321588993073	1000	49	79998951	0
POW_A_20000.csv-POW_B_1_20000.csv	1	100	0.1	0.01	1	4	8192	20	2026-04-04_03:31:36	2026-04-04_04:01:12	1775.3784041404724	1000	54	79998946	0
POW_A_20000.csv-POW_B_1_20000.csv	1	100	0.1	0.01	1	4	8192	20	2026-04-04_04:01:12	2026-04-04_04:30:49	1777.333036184311	1000	67	79998933	0
POW_A_2000.csv-POW_B_1_2000.csv	1	100	0.1	0.01	2	16	8192	5	2026-04-04_04:31:09	2026-04-04_04:31:19	10.133050918579102	100	8	799892	0
POW_A_2000.csv-POW_B_1_2000.csv	1	100	0.1	0.01	2	16	8192	5	2026-04-04_04:31:19	2026-04-04_04:31:27	8.118618726730347	100	25	799875	0
POW_A_2000.csv-POW_B_1_2000.csv	1	100	0.1	0.01	2	16	8192	5	2026-04-04_04:31:27	2026-04-04_04:31:35	8.10085916519165	100	32	799868	0
POW_A_5000.csv-POW_B_1_5000.csv	1	100	0.1	0.01	2	16	8192	5	2026-04-04_04:31:53	2026-04-04_04:32:51	57.75112271308899	250	15	4999735	0
POW_A_5000.csv-POW_B_1_5000.csv	1	100	0.1	0.01	2	16	8192	5	2026-04-04_04:32:51	2026-04-04_04:33:39	48.375170946121216	250	25	4999725	0
POW_A_5000.csv-POW_B_1_5000.csv	1	100	0.1	0.01	2	16	8192	5	2026-04-04_04:33:39	2026-04-04_04:34:31	51.40284085273743	250	79	4999671	0
POW_A_20000.csv-POW_B_1_20000.csv	1	100	0.1	0.01	2	16	8192	5	2026-04-04_04:34:49	2026-04-04_04:52:35	1065.658322095871	1000	299	79998701	0
POW_A_20000.csv-POW_B_1_20000.csv	1	100	0.1	0.01	2	16	8192	5	2026-04-04_04:52:35	2026-04-04_05:08:03	928.7672958374023	1000	249	79998751	0
POW_A_20000.csv-POW_B_1_20000.csv	1	100	0.1	0.01	2	16	8192	5	2026-04-04_05:08:04	2026-04-04_05:24:30	986.7612617015839	1000	193	79998807	0
POW_A_2000.csv-POW_B_1_2000.csv	1	100	0.1	0.01	2	16	8192	10	2026-04-04_05:24:50	2026-04-04_05:25:01	10.917808294296265	100	18	799882	0
POW_A_2000.csv-POW_B_1_2000.csv	1	100	0.1	0.01	2	16	8192	10	2026-04-04_05:25:01	2026-04-04_05:25:10	8.799234390258789	100	20	799880	0
POW_A_2000.csv-POW_B_1_2000.csv	1	100	0.1	0.01	2	16	8192	10	2026-04-04_05:25:10	2026-04-04_05:25:18	8.810391664505005	100	5	799895	0
POW_A_5000.csv-POW_B_1_5000.csv	1	100	0.1	0.01	2	16	8192	10	2026-04-04_05:25:37	2026-04-04_05:26:52	75.76003050804138	250	140	4999610	0
POW_A_5000.csv-POW_B_1_5000.csv	1	100	0.1	0.01	2	16	8192	10	2026-04-04_05:26:52	2026-04-04_05:27:56	63.492597341537476	250	124	4999626	0
POW_A_5000.csv-POW_B_1_5000.csv	1	100	0.1	0.01	2	16	8192	10	2026-04-04_05:27:56	2026-04-04_05:29:05	68.85721588134766	250	109	4999641	0
POW_A_20000.csv-POW_B_1_20000.csv	1	100	0.1	0.01	2	16	8192	10	2026-04-04_05:29:23	2026-04-04_05:46:54	1051.0774986743927	1000	27	79998973	0
POW_A_20000.csv-POW_B_1_20000.csv	1	100	0.1	0.01	2	16	8192	10	2026-04-04_05:46:54	2026-04-04_06:04:09	1034.9856164455414	1000	1825	79997175	0
POW_A_20000.csv-POW_B_1_20000.csv	1	100	0.1	0.01	2	16	8192	10	2026-04-04_06:04:09	2026-04-04_06:26:00	1310.4822597503662	1000	382	79998618	0
POW_A_2000.csv-POW_B_1_2000.csv	1	100	0.1	0.01	2	16	8192	20	2026-04-04_06:26:18	2026-04-04_06:26:32	13.531131744384766	100	8	799892	0
POW_A_2000.csv-POW_B_1_2000.csv	1	100	0.1	0.01	2	16	8192	20	2026-04-04_06:26:32	2026-04-04_06:26:43	11.55992841720581	100	17	799883	0
POW_A_2000.csv-POW_B_1_2000.csv	1	100	0.1	0.01	2	16	8192	20	2026-04-04_06:26:43	2026-04-04_06:26:55	11.572905778884888	100	6	799894	0
POW_A_5000.csv-POW_B_1_5000.csv	1	100	0.1	0.01	2	16	8192	20	2026-04-04_06:27:13	2026-04-04_06:29:09	115.67210078239441	250	27	4999723	0
POW_A_5000.csv-POW_B_1_5000.csv	1	100	0.1	0.01	2	16	8192	20	2026-04-04_06:29:09	2026-04-04_06:31:03	113.97677230834961	250	15	4999735	0
POW_A_5000.csv-POW_B_1_5000.csv	1	100	0.1	0.01	2	16	8192	20	2026-04-04_06:31:03	2026-04-04_06:32:39	95.85664749145508	250	27	4999723	0
POW_A_20000.csv-POW_B_1_20000.csv	1	100	0.1	0.01	2	16	8192	20	2026-04-04_06:32:57	2026-04-04_06:58:17	1520.5310575962067	1000	207	79998793	0
POW_A_20000.csv-POW_B_1_20000.csv	1	100	0.1	0.01	2	16	8192	20	2026-04-04_06:58:17	2026-04-04_07:32:20	2042.254622220993	1000	28	79998972	0
POW_A_20000.csv-POW_B_1_20000.csv	1	100	0.1	0.01	2	16	8192	20	2026-04-04_07:32:20	2026-04-04_07:58:29	1569.525309562683	1000	327	79998673	0
POW_A_2000.csv-POW_B_1_2000.csv	1	100	0.1	0.01	2	8	8192	5	2026-04-04_07:58:48	2026-04-04_07:58:58	9.900166034698486	100	13	799887	0
POW_A_2000.csv-POW_B_1_2000.csv	1	100	0.1	0.01	2	8	8192	5	2026-04-04_07:58:58	2026-04-04_07:59:06	7.929102897644043	100	22	799878	0
POW_A_2000.csv-POW_B_1_2000.csv	1	100	0.1	0.01	2	8	8192	5	2026-04-04_07:59:06	2026-04-04_07:59:14	7.835361480712891	100	12	799888	0
POW_A_5000.csv-POW_B_1_5000.csv	1	100	0.1	0.01	2	8	8192	5	2026-04-04_07:59:32	2026-04-04_08:00:26	53.942665100097656	250	16	4999734	0
POW_A_5000.csv-POW_B_1_5000.csv	1	100	0.1	0.01	2	8	8192	5	2026-04-04_08:00:26	2026-04-04_08:01:21	55.00999045372009	250	15	4999735	0
POW_A_5000.csv-POW_B_1_5000.csv	1	100	0.1	0.01	2	8	8192	5	2026-04-04_08:01:21	2026-04-04_08:02:16	55.19886589050293	250	46	4999704	0
POW_A_20000.csv-POW_B_1_20000.csv	1	100	0.1	0.01	2	8	8192	5	2026-04-04_08:02:34	2026-04-04_08:17:51	917.2252855300903	1000	300	79998700	0
POW_A_20000.csv-POW_B_1_20000.csv	1	100	0.1	0.01	2	8	8192	5	2026-04-04_08:17:51	2026-04-04_08:33:08	916.7204761505127	1000	2173	79996827	0
POW_A_20000.csv-POW_B_1_20000.csv	1	100	0.1	0.01	2	8	8192	5	2026-04-04_08:33:08	2026-04-04_08:48:18	910.062361240387	1000	675	79998325	0
POW_A_2000.csv-POW_B_1_2000.csv	1	100	0.1	0.01	2	8	8192	10	2026-04-04_08:48:37	2026-04-04_08:48:48	11.459057569503784	100	16	799884	0
POW_A_2000.csv-POW_B_1_2000.csv	1	100	0.1	0.01	2	8	8192	10	2026-04-04_08:48:48	2026-04-04_08:48:58	9.889119148254395	100	12	799888	0
POW_A_2000.csv-POW_B_1_2000.csv	1	100	0.1	0.01	2	8	8192	10	2026-04-04_08:48:58	2026-04-04_08:49:08	9.91344428062439	100	16	799884	0
POW_A_5000.csv-POW_B_1_5000.csv	1	100	0.1	0.01	2	8	8192	10	2026-04-04_08:49:26	2026-04-04_08:50:34	67.7671811580658	250	18	4999732	0
POW_A_5000.csv-POW_B_1_5000.csv	1	100	0.1	0.01	2	8	8192	10	2026-04-04_08:50:34	2026-04-04_08:51:47	72.99932217597961	250	108	4999642	0
POW_A_5000.csv-POW_B_1_5000.csv	1	100	0.1	0.01	2	8	8192	10	2026-04-04_08:51:47	2026-04-04_08:52:59	71.44497036933899	250	12	4999738	0
POW_A_20000.csv-POW_B_1_20000.csv	1	100	0.1	0.01	2	8	8192	10	2026-04-04_08:53:17	2026-04-04_09:13:34	1217.3569452762604	1000	291	79998709	0
POW_A_20000.csv-POW_B_1_20000.csv	1	100	0.1	0.01	2	8	8192	10	2026-04-04_09:13:34	2026-04-04_09:32:50	1156.0561974048615	1000	392	79998608	0
POW_A_20000.csv-POW_B_1_20000.csv	1	100	0.1	0.01	2	8	8192	10	2026-04-04_09:32:50	2026-04-04_09:52:25	1174.4883863925934	1000	232	79998768	0
POW_A_2000.csv-POW_B_1_2000.csv	1	100	0.1	0.01	2	8	8192	20	2026-04-04_09:52:44	2026-04-04_09:53:01	16.51499056816101	100	44	799856	0
POW_A_2000.csv-POW_B_1_2000.csv	1	100	0.1	0.01	2	8	8192	20	2026-04-04_09:53:01	2026-04-04_09:53:15	13.804413318634033	100	6	799894	0
POW_A_2000.csv-POW_B_1_2000.csv	1	100	0.1	0.01	2	8	8192	20	2026-04-04_09:53:15	2026-04-04_09:53:29	14.232074737548828	100	25	799875	0
POW_A_5000.csv-POW_B_1_5000.csv	1	100	0.1	0.01	2	8	8192	20	2026-04-04_09:53:47	2026-04-04_09:55:40	112.61977815628052	250	12	4999738	0
POW_A_5000.csv-POW_B_1_5000.csv	1	100	0.1	0.01	2	8	8192	20	2026-04-04_09:55:40	2026-04-04_09:57:29	108.78740382194519	250	312	4999438	0
POW_A_5000.csv-POW_B_1_5000.csv	1	100	0.1	0.01	2	8	8192	20	2026-04-04_09:57:29	2026-04-04_09:59:14	105.13380885124207	250	72	4999678	0
POW_A_20000.csv-POW_B_1_20000.csv	1	100	0.1	0.01	2	8	8192	20	2026-04-04_09:59:32	2026-04-04_10:28:30	1738.6102426052094	1000	162	79998838	0
POW_A_20000.csv-POW_B_1_20000.csv	1	100	0.1	0.01	2	8	8192	20	2026-04-04_10:28:31	2026-04-04_10:59:50	1879.3990876674652	1000	131	79998869	0
POW_A_20000.csv-POW_B_1_20000.csv	1	100	0.1	0.01	2	8	8192	20	2026-04-04_10:59:50	2026-04-04_11:28:01	1691.0189275741577	1000	262	79998738	0
POW_A_2000.csv-POW_B_1_2000.csv	1	100	0.1	0.01	2	4	8192	5	2026-04-04_11:28:21	2026-04-04_11:28:32	11.258288145065308	100	84	799816	0
POW_A_2000.csv-POW_B_1_2000.csv	1	100	0.1	0.01	2	4	8192	5	2026-04-04_11:28:32	2026-04-04_11:28:41	9.314935445785522	100	251	799649	0
POW_A_2000.csv-POW_B_1_2000.csv	1	100	0.1	0.01	2	4	8192	5	2026-04-04_11:28:41	2026-04-04_11:28:51	9.185579538345337	0	0	799900	100
POW_A_5000.csv-POW_B_1_5000.csv	1	100	0.1	0.01	2	4	8192	5	2026-04-04_11:29:09	2026-04-04_11:30:11	62.47405457496643	250	280	4999470	0
POW_A_5000.csv-POW_B_1_5000.csv	1	100	0.1	0.01	2	4	8192	5	2026-04-04_11:30:11	2026-04-04_11:31:11	59.3635516166687	250	73	4999677	0
POW_A_5000.csv-POW_B_1_5000.csv	1	100	0.1	0.01	2	4	8192	5	2026-04-04_11:31:11	2026-04-04_11:32:10	59.39521646499634	250	42	4999708	0
POW_A_20000.csv-POW_B_1_20000.csv	1	100	0.1	0.01	2	4	8192	5	2026-04-04_11:32:28	2026-04-04_11:50:02	1054.0532155036926	1000	275	79998725	0
POW_A_20000.csv-POW_B_1_20000.csv	1	100	0.1	0.01	2	4	8192	5	2026-04-04_11:50:02	2026-04-04_12:07:43	1061.0303020477295	1000	416	79998584	0
POW_A_20000.csv-POW_B_1_20000.csv	1	100	0.1	0.01	2	4	8192	5	2026-04-04_12:07:44	2026-04-04_12:25:05	1041.495680809021	1000	296	79998704	0
POW_A_2000.csv-POW_B_1_2000.csv	1	100	0.1	0.01	2	4	8192	10	2026-04-04_12:25:24	2026-04-04_12:25:39	14.656498193740845	100	23	799877	0
POW_A_2000.csv-POW_B_1_2000.csv	1	100	0.1	0.01	2	4	8192	10	2026-04-04_12:25:39	2026-04-04_12:25:51	12.357881784439087	100	46	799854	0
POW_A_2000.csv-POW_B_1_2000.csv	1	100	0.1	0.01	2	4	8192	10	2026-04-04_12:25:51	2026-04-04_12:26:04	12.501596927642822	100	2	799898	0
POW_A_5000.csv-POW_B_1_5000.csv	1	100	0.1	0.01	2	4	8192	10	2026-04-04_12:26:22	2026-04-04_12:27:45	82.58098459243774	250	55	4999695	0
POW_A_5000.csv-POW_B_1_5000.csv	1	100	0.1	0.01	2	4	8192	10	2026-04-04_12:27:45	2026-04-04_12:29:06	81.20316863059998	250	10	4999740	0
POW_A_5000.csv-POW_B_1_5000.csv	1	100	0.1	0.01	2	4	8192	10	2026-04-04_12:29:06	2026-04-04_12:30:27	81.43315601348877	250	7	4999743	0
POW_A_20000.csv-POW_B_1_20000.csv	1	100	0.1	0.01	2	4	8192	10	2026-04-04_12:30:45	2026-04-04_12:54:53	1447.628280878067	1000	119	79998881	0
POW_A_20000.csv-POW_B_1_20000.csv	1	100	0.1	0.01	2	4	8192	10	2026-04-04_12:54:53	2026-04-04_13:18:51	1437.6782636642456	1000	214	79998786	0
POW_A_20000.csv-POW_B_1_20000.csv	1	100	0.1	0.01	2	4	8192	10	2026-04-04_13:18:51	2026-04-04_13:42:34	1423.033933877945	1000	281	79998719	0
POW_A_2000.csv-POW_B_1_2000.csv	1	100	0.1	0.01	2	4	8192	20	2026-04-04_13:42:54	2026-04-04_13:43:13	19.617526531219482	100	95	799805	0
POW_A_2000.csv-POW_B_1_2000.csv	1	100	0.1	0.01	2	4	8192	20	2026-04-04_13:43:13	2026-04-04_13:43:32	18.233609914779663	100	7	799893	0
POW_A_2000.csv-POW_B_1_2000.csv	1	100	0.1	0.01	2	4	8192	20	2026-04-04_13:43:32	2026-04-04_13:43:50	18.37839937210083	100	9	799891	0
POW_A_5000.csv-POW_B_1_5000.csv	1	100	0.1	0.01	2	4	8192	20	2026-04-04_13:44:08	2026-04-04_13:46:21	132.49308466911316	250	102	4999648	0
POW_A_5000.csv-POW_B_1_5000.csv	1	100	0.1	0.01	2	4	8192	20	2026-04-04_13:46:21	2026-04-04_13:48:28	127.59637188911438	250	26	4999724	0
POW_A_5000.csv-POW_B_1_5000.csv	1	100	0.1	0.01	2	4	8192	20	2026-04-04_13:48:28	2026-04-04_13:50:36	127.59033060073853	250	4	4999746	0
POW_A_20000.csv-POW_B_1_20000.csv	1	100	0.1	0.01	2	4	8192	20	2026-04-04_13:50:54	2026-04-04_14:27:03	2169.026619195938	1000	282	79998718	0
POW_A_20000.csv-POW_B_1_20000.csv	1	100	0.1	0.01	2	4	8192	20	2026-04-04_14:27:03	2026-04-04_15:02:55	2151.4977355003357	1000	53	79998947	0
POW_A_20000.csv-POW_B_1_20000.csv	1	100	0.1	0.01	2	4	8192	20	2026-04-04_15:02:55	2026-04-04_15:39:23	2187.6481835842133	1000	121	79998879	0
POW_A_2000.csv-POW_B_1_2000.csv	1	100	0.1	0.01	3	16	8192	5	2026-04-04_15:39:42	2026-04-04_15:39:53	10.7849862575531	100	11	799889	0
POW_A_2000.csv-POW_B_1_2000.csv	1	100	0.1	0.01	3	16	8192	5	2026-04-04_15:39:53	2026-04-04_15:40:02	8.72482967376709	100	5	799895	0
POW_A_2000.csv-POW_B_1_2000.csv	1	100	0.1	0.01	3	16	8192	5	2026-04-04_15:40:02	2026-04-04_15:40:11	8.698775291442871	100	13	799887	0
POW_A_5000.csv-POW_B_1_5000.csv	1	100	0.1	0.01	3	16	8192	5	2026-04-04_15:40:29	2026-04-04_15:41:23	54.379170417785645	250	90	4999660	0
POW_A_5000.csv-POW_B_1_5000.csv	1	100	0.1	0.01	3	16	8192	5	2026-04-04_15:41:23	2026-04-04_15:42:16	53.106361627578735	250	108	4999642	0
POW_A_5000.csv-POW_B_1_5000.csv	1	100	0.1	0.01	3	16	8192	5	2026-04-04_15:42:16	2026-04-04_15:43:16	59.59112620353699	250	72	4999678	0
POW_A_20000.csv-POW_B_1_20000.csv	1	100	0.1	0.01	3	16	8192	5	2026-04-04_15:43:34	2026-04-04_16:02:01	1107.0514314174652	1000	34	79998966	0
POW_A_20000.csv-POW_B_1_20000.csv	1	100	0.1	0.01	3	16	8192	5	2026-04-04_16:02:01	2026-04-04_16:20:16	1094.6191074848175	1000	436	79998564	0
POW_A_20000.csv-POW_B_1_20000.csv	1	100	0.1	0.01	3	16	8192	5	2026-04-04_16:20:16	2026-04-04_16:37:51	1054.7692773342133	1000	59	79998941	0
POW_A_2000.csv-POW_B_1_2000.csv	1	100	0.1	0.01	3	16	8192	10	2026-04-04_16:38:10	2026-04-04_16:38:22	11.904356241226196	100	9	799891	0
POW_A_2000.csv-POW_B_1_2000.csv	1	100	0.1	0.01	3	16	8192	10	2026-04-04_16:38:22	2026-04-04_16:38:36	13.115080118179321	100	11	799889	0
POW_A_2000.csv-POW_B_1_2000.csv	1	100	0.1	0.01	3	16	8192	10	2026-04-04_16:38:36	2026-04-04_16:38:47	11.044979333877563	100	6	799894	0
POW_A_5000.csv-POW_B_1_5000.csv	1	100	0.1	0.01	3	16	8192	10	2026-04-04_16:39:05	2026-04-04_16:40:12	67.71253681182861	250	4	4999746	0
POW_A_5000.csv-POW_B_1_5000.csv	1	100	0.1	0.01	3	16	8192	10	2026-04-04_16:40:13	2026-04-04_16:41:37	84.07972645759583	250	141	4999609	0
POW_A_5000.csv-POW_B_1_5000.csv	1	100	0.1	0.01	3	16	8192	10	2026-04-04_16:41:37	2026-04-04_16:43:01	84.07320713996887	250	58	4999692	0
POW_A_20000.csv-POW_B_1_20000.csv	1	100	0.1	0.01	3	16	8192	10	2026-04-04_16:43:19	2026-04-04_17:09:34	1574.8898918628693	1000	5711	79993289	0
POW_A_20000.csv-POW_B_1_20000.csv	1	100	0.1	0.01	3	16	8192	10	2026-04-04_17:09:34	2026-04-04_17:35:17	1543.3523485660553	1000	1560	79997440	0
POW_A_20000.csv-POW_B_1_20000.csv	1	100	0.1	0.01	3	16	8192	10	2026-04-04_17:35:17	2026-04-04_17:57:03	1305.17724609375	1000	16228	79982772	0
POW_A_2000.csv-POW_B_1_2000.csv	1	100	0.1	0.01	3	16	8192	20	2026-04-04_17:57:22	2026-04-04_17:57:38	15.44467568397522	100	6	799894	0
POW_A_2000.csv-POW_B_1_2000.csv	1	100	0.1	0.01	3	16	8192	20	2026-04-04_17:57:38	2026-04-04_17:57:51	13.382530927658081	100	6	799894	0
POW_A_2000.csv-POW_B_1_2000.csv	1	100	0.1	0.01	3	16	8192	20	2026-04-04_17:57:51	2026-04-04_17:58:05	13.207741975784302	100	6	799894	0
POW_A_5000.csv-POW_B_1_5000.csv	1	100	0.1	0.01	3	16	8192	20	2026-04-04_17:58:23	2026-04-04_18:00:37	133.9065797328949	250	8	4999742	0
POW_A_5000.csv-POW_B_1_5000.csv	1	100	0.1	0.01	3	16	8192	20	2026-04-04_18:00:37	2026-04-04_18:02:50	133.31435680389404	250	8	4999742	0
POW_A_5000.csv-POW_B_1_5000.csv	1	100	0.1	0.01	3	16	8192	20	2026-04-04_18:02:50	2026-04-04_18:05:04	134.38357639312744	250	28	4999722	0
POW_A_20000.csv-POW_B_1_20000.csv	1	100	0.1	0.01	3	16	8192	20	2026-04-04_18:05:23	2026-04-04_18:33:10	1667.0139701366425	1000	473	79998527	0
POW_A_20000.csv-POW_B_1_20000.csv	1	100	0.1	0.01	3	16	8192	20	2026-04-04_18:33:10	2026-04-04_19:01:32	1701.9063730239868	1000	665	79998335	0
POW_A_20000.csv-POW_B_1_20000.csv	1	100	0.1	0.01	3	16	8192	20	2026-04-04_19:01:32	2026-04-04_19:41:47	2415.5522820949554	1000	123	79998877	0
POW_A_2000.csv-POW_B_1_2000.csv	1	100	0.1	0.01	3	8	8192	5	2026-04-04_19:42:07	2026-04-04_19:42:18	11.734537601470947	100	16	799884	0
POW_A_2000.csv-POW_B_1_2000.csv	1	100	0.1	0.01	3	8	8192	5	2026-04-04_19:42:18	2026-04-04_19:42:27	8.523424625396729	100	59	799841	0
POW_A_2000.csv-POW_B_1_2000.csv	1	100	0.1	0.01	3	8	8192	5	2026-04-04_19:42:27	2026-04-04_19:42:35	8.504750490188599	100	214	799686	0
POW_A_5000.csv-POW_B_1_5000.csv	1	100	0.1	0.01	3	8	8192	5	2026-04-04_19:42:54	2026-04-04_19:43:54	60.66341495513916	250	13	4999737	0
POW_A_5000.csv-POW_B_1_5000.csv	1	100	0.1	0.01	3	8	8192	5	2026-04-04_19:43:54	2026-04-04_19:44:53	59.043527364730835	250	46	4999704	0
POW_A_5000.csv-POW_B_1_5000.csv	1	100	0.1	0.01	3	8	8192	5	2026-04-04_19:44:53	2026-04-04_19:45:53	59.27645921707153	250	18	4999732	0
POW_A_20000.csv-POW_B_1_20000.csv	1	100	0.1	0.01	3	8	8192	5	2026-04-04_19:46:11	2026-04-04_20:02:57	1006.3904747962952	1000	900	79998100	0
POW_A_20000.csv-POW_B_1_20000.csv	1	100	0.1	0.01	3	8	8192	5	2026-04-04_20:02:57	2026-04-04_20:20:17	1039.6751070022583	1000	788	79998212	0
POW_A_20000.csv-POW_B_1_20000.csv	1	100	0.1	0.01	3	8	8192	5	2026-04-04_20:20:17	2026-04-04_20:37:21	1023.9235572814941	1000	824	79998176	0
POW_A_2000.csv-POW_B_1_2000.csv	1	100	0.1	0.01	3	8	8192	10	2026-04-04_20:37:41	2026-04-04_20:37:54	13.436413764953613	100	11	799889	0
POW_A_2000.csv-POW_B_1_2000.csv	1	100	0.1	0.01	3	8	8192	10	2026-04-04_20:37:54	2026-04-04_20:38:05	11.091111898422241	100	8	799892	0
POW_A_2000.csv-POW_B_1_2000.csv	1	100	0.1	0.01	3	8	8192	10	2026-04-04_20:38:05	2026-04-04_20:38:17	11.806919574737549	100	38	799862	0
POW_A_5000.csv-POW_B_1_5000.csv	1	100	0.1	0.01	3	8	8192	10	2026-04-04_20:38:35	2026-04-04_20:39:52	76.79897165298462	250	68	4999682	0
POW_A_5000.csv-POW_B_1_5000.csv	1	100	0.1	0.01	3	8	8192	10	2026-04-04_20:39:52	2026-04-04_20:41:11	78.58715510368347	250	15	4999735	0
POW_A_5000.csv-POW_B_1_5000.csv	1	100	0.1	0.01	3	8	8192	10	2026-04-04_20:41:11	2026-04-04_20:42:27	76.65416502952576	250	84	4999666	0
POW_A_20000.csv-POW_B_1_20000.csv	1	100	0.1	0.01	3	8	8192	10	2026-04-04_20:42:45	2026-04-04_21:05:22	1356.80739569664	1000	126	79998874	0
POW_A_20000.csv-POW_B_1_20000.csv	1	100	0.1	0.01	3	8	8192	10	2026-04-04_21:05:22	2026-04-04_21:26:52	1289.409870147705	1000	47	79998953	0
POW_A_20000.csv-POW_B_1_20000.csv	1	100	0.1	0.01	3	8	8192	10	2026-04-04_21:26:52	2026-04-04_21:51:08	1456.4498913288116	1000	301	79998699	0
POW_A_2000.csv-POW_B_1_2000.csv	1	100	0.1	0.01	3	8	8192	20	2026-04-04_21:51:28	2026-04-04_21:51:47	19.677560091018677	100	22	799878	0
POW_A_2000.csv-POW_B_1_2000.csv	1	100	0.1	0.01	3	8	8192	20	2026-04-04_21:51:47	2026-04-04_21:52:03	15.314576387405396	100	83	799817	0
POW_A_2000.csv-POW_B_1_2000.csv	1	100	0.1	0.01	3	8	8192	20	2026-04-04_21:52:03	2026-04-04_21:52:19	15.87948489189148	100	34	799866	0
POW_A_5000.csv-POW_B_1_5000.csv	1	100	0.1	0.01	3	8	8192	20	2026-04-04_21:52:37	2026-04-04_21:54:33	115.79724192619324	250	141	4999609	0
POW_A_5000.csv-POW_B_1_5000.csv	1	100	0.1	0.01	3	8	8192	20	2026-04-04_21:54:33	2026-04-04_21:56:33	120.11239767074585	250	147	4999603	0
POW_A_5000.csv-POW_B_1_5000.csv	1	100	0.1	0.01	3	8	8192	20	2026-04-04_21:56:33	2026-04-04_21:58:35	121.95190262794495	250	11	4999739	0
POW_A_20000.csv-POW_B_1_20000.csv	1	100	0.1	0.01	3	8	8192	20	2026-04-04_21:58:53	2026-04-04_22:33:44	2090.819524526596	1000	35	79998965	0
POW_A_20000.csv-POW_B_1_20000.csv	1	100	0.1	0.01	3	8	8192	20	2026-04-04_22:33:44	2026-04-04_23:07:40	2035.723377943039	1000	45	79998955	0
POW_A_20000.csv-POW_B_1_20000.csv	1	100	0.1	0.01	3	8	8192	20	2026-04-04_23:07:40	2026-04-04_23:42:50	2110.4409005641937	1000	872	79998128	0
POW_A_2000.csv-POW_B_1_2000.csv	1	100	0.1	0.01	3	4	8192	5	2026-04-04_23:43:09	2026-04-04_23:43:21	11.821249961853027	100	19	799881	0
POW_A_2000.csv-POW_B_1_2000.csv	1	100	0.1	0.01	3	4	8192	5	2026-04-04_23:43:21	2026-04-04_23:43:32	10.541229963302612	100	66	799834	0
POW_A_2000.csv-POW_B_1_2000.csv	1	100	0.1	0.01	3	4	8192	5	2026-04-04_23:43:32	2026-04-04_23:43:42	10.442043781280518	100	11	799889	0
POW_A_5000.csv-POW_B_1_5000.csv	1	100	0.1	0.01	3	4	8192	5	2026-04-04_23:44:00	2026-04-04_23:45:10	70.15278100967407	250	57	4999693	0
POW_A_5000.csv-POW_B_1_5000.csv	1	100	0.1	0.01	3	4	8192	5	2026-04-04_23:45:10	2026-04-04_23:46:17	66.84772944450378	250	52	4999698	0
POW_A_5000.csv-POW_B_1_5000.csv	1	100	0.1	0.01	3	4	8192	5	2026-04-04_23:46:17	2026-04-04_23:47:25	67.3367063999176	250	84	4999666	0
POW_A_20000.csv-POW_B_1_20000.csv	1	100	0.1	0.01	3	4	8192	5	2026-04-04_23:47:43	2026-04-05_00:07:27	1183.992556810379	1000	239	79998761	0
POW_A_20000.csv-POW_B_1_20000.csv	1	100	0.1	0.01	3	4	8192	5	2026-04-05_00:07:27	2026-04-05_00:27:15	1188.1734414100647	1000	393	79998607	0
POW_A_20000.csv-POW_B_1_20000.csv	1	100	0.1	0.01	3	4	8192	5	2026-04-05_00:27:15	2026-04-05_00:46:59	1183.761583328247	1000	266	79998734	0
POW_A_2000.csv-POW_B_1_2000.csv	1	100	0.1	0.01	3	4	8192	10	2026-04-05_00:47:18	2026-04-05_00:47:35	16.733120679855347	100	13	799887	0
POW_A_2000.csv-POW_B_1_2000.csv	1	100	0.1	0.01	3	4	8192	10	2026-04-05_00:47:35	2026-04-05_00:47:50	14.585095882415771	100	20	799880	0
POW_A_2000.csv-POW_B_1_2000.csv	1	100	0.1	0.01	3	4	8192	10	2026-04-05_00:47:50	2026-04-05_00:48:05	14.722050189971924	100	21	799879	0
POW_A_5000.csv-POW_B_1_5000.csv	1	100	0.1	0.01	3	4	8192	10	2026-04-05_00:48:23	2026-04-05_00:50:02	99.37754440307617	250	12	4999738	0
POW_A_5000.csv-POW_B_1_5000.csv	1	100	0.1	0.01	3	4	8192	10	2026-04-05_00:50:02	2026-04-05_00:51:39	96.92547154426575	250	61	4999689	0
POW_A_5000.csv-POW_B_1_5000.csv	1	100	0.1	0.01	3	4	8192	10	2026-04-05_00:51:39	2026-04-05_00:53:15	96.38282132148743	250	19480	4980270	0
POW_A_20000.csv-POW_B_1_20000.csv	1	100	0.1	0.01	3	4	8192	10	2026-04-05_00:53:34	2026-04-05_01:21:29	1675.7652642726898	1000	238	79998762	0
POW_A_20000.csv-POW_B_1_20000.csv	1	100	0.1	0.01	3	4	8192	10	2026-04-05_01:21:29	2026-04-05_01:49:47	1697.8511488437653	1000	47	79998953	0
POW_A_20000.csv-POW_B_1_20000.csv	1	100	0.1	0.01	3	4	8192	10	2026-04-05_01:49:47	2026-04-05_02:18:09	1701.9436721801758	1000	313	79998687	0
POW_A_2000.csv-POW_B_1_2000.csv	1	100	0.1	0.01	3	4	8192	20	2026-04-05_02:18:29	2026-04-05_02:18:54	25.000442504882812	100	4	799896	0
POW_A_2000.csv-POW_B_1_2000.csv	1	100	0.1	0.01	3	4	8192	20	2026-04-05_02:18:54	2026-04-05_02:19:17	22.929669857025146	100	30	799870	0
POW_A_2000.csv-POW_B_1_2000.csv	1	100	0.1	0.01	3	4	8192	20	2026-04-05_02:19:17	2026-04-05_02:19:40	23.271690130233765	100	4	799896	0
POW_A_5000.csv-POW_B_1_5000.csv	1	100	0.1	0.01	3	4	8192	20	2026-04-05_02:19:58	2026-04-05_02:22:37	158.78133821487427	250	0	4999750	0
POW_A_5000.csv-POW_B_1_5000.csv	1	100	0.1	0.01	3	4	8192	20	2026-04-05_02:22:37	2026-04-05_02:25:13	156.18096446990967	250	205	4999545	0
POW_A_5000.csv-POW_B_1_5000.csv	1	100	0.1	0.01	3	4	8192	20	2026-04-05_02:25:14	2026-04-05_02:27:48	154.83568716049194	250	20	4999730	0
POW_A_20000.csv-POW_B_1_20000.csv	1	100	0.1	0.01	3	4	8192	20	2026-04-05_02:28:06	2026-04-05_03:14:56	2809.6452538967133	1000	65	79998935	0
POW_A_20000.csv-POW_B_1_20000.csv	1	100	0.1	0.01	3	4	8192	20	2026-04-05_03:14:56	2026-04-05_04:01:21	2784.8448617458344	1000	98	79998902	0
POW_A_20000.csv-POW_B_1_20000.csv	1	100	0.1	0.01	3	4	8192	20	2026-04-05_04:01:21	2026-04-05_04:47:15	2753.593761444092	1000	265	79998735	0
POW_A_2000.csv-POW_B_1_2000.csv	1	100	0.1	0.1	1	16	8192	5	2026-04-05_04:47:34	2026-04-05_04:47:43	9.054680347442627	100	43	799857	0
POW_A_2000.csv-POW_B_1_2000.csv	1	100	0.1	0.1	1	16	8192	5	2026-04-05_04:47:43	2026-04-05_04:47:50	7.0078630447387695	100	43	799857	0
POW_A_2000.csv-POW_B_1_2000.csv	1	100	0.1	0.1	1	16	8192	5	2026-04-05_04:47:50	2026-04-05_04:47:57	6.98644232749939	100	61	799839	0
POW_A_5000.csv-POW_B_1_5000.csv	1	100	0.1	0.1	1	16	8192	5	2026-04-05_04:48:16	2026-04-05_04:49:04	48.20302152633667	250	825	4998925	0
POW_A_5000.csv-POW_B_1_5000.csv	1	100	0.1	0.1	1	16	8192	5	2026-04-05_04:49:04	2026-04-05_04:49:49	45.19311594963074	250	498	4999252	0
POW_A_5000.csv-POW_B_1_5000.csv	1	100	0.1	0.1	1	16	8192	5	2026-04-05_04:49:49	2026-04-05_04:50:39	50.01377892494202	250	1328	4998422	0
POW_A_20000.csv-POW_B_1_20000.csv	1	100	0.1	0.1	1	16	8192	5	2026-04-05_04:50:57	2026-04-05_05:04:32	814.8003268241882	1000	3467	79995533	0
POW_A_20000.csv-POW_B_1_20000.csv	1	100	0.1	0.1	1	16	8192	5	2026-04-05_05:04:32	2026-04-05_05:19:21	889.0671679973602	1000	6780	79992220	0
POW_A_20000.csv-POW_B_1_20000.csv	1	100	0.1	0.1	1	16	8192	5	2026-04-05_05:19:21	2026-04-05_05:32:37	795.4800884723663	1000	2882	79996118	0
POW_A_2000.csv-POW_B_1_2000.csv	1	100	0.1	0.1	1	16	8192	10	2026-04-05_05:32:57	2026-04-05_05:33:06	8.95385479927063	100	24	799876	0
POW_A_2000.csv-POW_B_1_2000.csv	1	100	0.1	0.1	1	16	8192	10	2026-04-05_05:33:06	2026-04-05_05:33:14	7.856142044067383	100	19	799881	0
POW_A_2000.csv-POW_B_1_2000.csv	1	100	0.1	0.1	1	16	8192	10	2026-04-05_05:33:14	2026-04-05_05:33:22	7.836881875991821	100	31	799869	0
POW_A_5000.csv-POW_B_1_5000.csv	1	100	0.1	0.1	1	16	8192	10	2026-04-05_05:33:40	2026-04-05_05:34:41	60.461342096328735	250	1058	4998692	0
POW_A_5000.csv-POW_B_1_5000.csv	1	100	0.1	0.1	1	16	8192	10	2026-04-05_05:34:41	2026-04-05_05:35:38	57.65979266166687	250	333	4999417	0
POW_A_5000.csv-POW_B_1_5000.csv	1	100	0.1	0.1	1	16	8192	10	2026-04-05_05:35:38	2026-04-05_05:36:35	56.310072898864746	250	628	4999122	0
POW_A_20000.csv-POW_B_1_20000.csv	1	100	0.1	0.1	1	16	8192	10	2026-04-05_05:36:53	2026-04-05_05:52:10	917.5211908817291	999	2796	79996204	1
POW_A_20000.csv-POW_B_1_20000.csv	1	100	0.1	0.1	1	16	8192	10	2026-04-05_05:52:10	2026-04-05_06:11:00	1129.7246534824371	1000	6882	79992118	0
POW_A_20000.csv-POW_B_1_20000.csv	1	100	0.1	0.1	1	16	8192	10	2026-04-05_06:11:00	2026-04-05_06:30:48	1188.144196987152	1000	4423	79994577	0
POW_A_2000.csv-POW_B_1_2000.csv	1	100	0.1	0.1	1	16	8192	20	2026-04-05_06:31:07	2026-04-05_06:31:19	11.604955434799194	100	23	799877	0
POW_A_2000.csv-POW_B_1_2000.csv	1	100	0.1	0.1	1	16	8192	20	2026-04-05_06:31:19	2026-04-05_06:31:28	9.473484992980957	100	11	799889	0
POW_A_2000.csv-POW_B_1_2000.csv	1	100	0.1	0.1	1	16	8192	20	2026-04-05_06:31:28	2026-04-05_06:31:38	9.475777864456177	100	16	799884	0
POW_A_5000.csv-POW_B_1_5000.csv	1	100	0.1	0.1	1	16	8192	20	2026-04-05_06:31:56	2026-04-05_06:33:22	86.26595163345337	250	228	4999522	0
POW_A_5000.csv-POW_B_1_5000.csv	1	100	0.1	0.1	1	16	8192	20	2026-04-05_06:33:22	2026-04-05_06:34:45	82.87591981887817	250	389	4999361	0
POW_A_5000.csv-POW_B_1_5000.csv	1	100	0.1	0.1	1	16	8192	20	2026-04-05_06:34:45	2026-04-05_06:36:09	83.37534022331238	250	503	4999247	0
POW_A_20000.csv-POW_B_1_20000.csv	1	100	0.1	0.1	1	16	8192	20	2026-04-05_06:36:27	2026-04-05_07:14:29	2281.8692853450775	1000	3736	79995264	0
POW_A_20000.csv-POW_B_1_20000.csv	1	100	0.1	0.1	1	16	8192	20	2026-04-05_07:14:29	2026-04-05_07:35:55	1286.5704805850983	1000	2320	79996680	0
POW_A_20000.csv-POW_B_1_20000.csv	1	100	0.1	0.1	1	16	8192	20	2026-04-05_07:35:56	2026-04-05_08:06:23	1826.82821059227	999	402	79998598	1
POW_A_2000.csv-POW_B_1_2000.csv	1	100	0.1	0.1	1	8	8192	5	2026-04-05_08:06:43	2026-04-05_08:06:53	9.41786813735962	100	18	799882	0
POW_A_2000.csv-POW_B_1_2000.csv	1	100	0.1	0.1	1	8	8192	5	2026-04-05_08:06:53	2026-04-05_08:07:00	7.488305330276489	100	37	799863	0
POW_A_2000.csv-POW_B_1_2000.csv	1	100	0.1	0.1	1	8	8192	5	2026-04-05_08:07:00	2026-04-05_08:07:08	7.449182510375977	100	54	799846	0
POW_A_5000.csv-POW_B_1_5000.csv	1	100	0.1	0.1	1	8	8192	5	2026-04-05_08:07:26	2026-04-05_08:08:16	50.39160966873169	250	346	4999404	0
POW_A_5000.csv-POW_B_1_5000.csv	1	100	0.1	0.1	1	8	8192	5	2026-04-05_08:08:16	2026-04-05_08:09:05	48.20885252952576	250	608	4999142	0
POW_A_5000.csv-POW_B_1_5000.csv	1	100	0.1	0.1	1	8	8192	5	2026-04-05_08:09:05	2026-04-05_08:09:54	49.60388898849487	250	423	4999327	0
POW_A_20000.csv-POW_B_1_20000.csv	1	100	0.1	0.1	1	8	8192	5	2026-04-05_08:10:12	2026-04-05_08:24:18	846.1816565990448	1000	1407	79997593	0
POW_A_20000.csv-POW_B_1_20000.csv	1	100	0.1	0.1	1	8	8192	5	2026-04-05_08:24:19	2026-04-05_08:38:43	864.0339727401733	1000	4274	79994726	0
POW_A_20000.csv-POW_B_1_20000.csv	1	100	0.1	0.1	1	8	8192	5	2026-04-05_08:38:43	2026-04-05_08:53:12	869.4016914367676	1000	4028	79994972	0
POW_A_2000.csv-POW_B_1_2000.csv	1	100	0.1	0.1	1	8	8192	10	2026-04-05_08:53:31	2026-04-05_08:53:41	10.371095895767212	99	47	799853	1
POW_A_2000.csv-POW_B_1_2000.csv	1	100	0.1	0.1	1	8	8192	10	2026-04-05_08:53:41	2026-04-05_08:53:50	8.885710716247559	100	77	799823	0
POW_A_2000.csv-POW_B_1_2000.csv	1	100	0.1	0.1	1	8	8192	10	2026-04-05_08:53:50	2026-04-05_08:53:59	8.659286737442017	100	41	799859	0
POW_A_5000.csv-POW_B_1_5000.csv	1	100	0.1	0.1	1	8	8192	10	2026-04-05_08:54:17	2026-04-05_08:55:16	58.85065937042236	250	532	4999218	0
POW_A_5000.csv-POW_B_1_5000.csv	1	100	0.1	0.1	1	8	8192	10	2026-04-05_08:55:16	2026-04-05_08:56:18	62.68313956260681	250	1211	4998539	0
POW_A_5000.csv-POW_B_1_5000.csv	1	100	0.1	0.1	1	8	8192	10	2026-04-05_08:56:18	2026-04-05_08:57:21	62.52421283721924	250	801	4998949	0
POW_A_20000.csv-POW_B_1_20000.csv	1	100	0.1	0.1	1	8	8192	10	2026-04-05_08:57:39	2026-04-05_09:14:38	1018.7907843589783	1000	2872	79996128	0
POW_A_20000.csv-POW_B_1_20000.csv	1	100	0.1	0.1	1	8	8192	10	2026-04-05_09:14:38	2026-04-05_09:31:17	999.3167555332184	1000	2176	79996824	0
POW_A_20000.csv-POW_B_1_20000.csv	1	100	0.1	0.1	1	8	8192	10	2026-04-05_09:31:17	2026-04-05_09:48:19	1022.0184934139252	1000	3396	79995604	0
POW_A_2000.csv-POW_B_1_2000.csv	1	100	0.1	0.1	1	8	8192	20	2026-04-05_09:48:38	2026-04-05_09:48:54	16.11753225326538	100	23	799877	0
POW_A_2000.csv-POW_B_1_2000.csv	1	100	0.1	0.1	1	8	8192	20	2026-04-05_09:48:54	2026-04-05_09:49:08	14.122074127197266	100	16	799884	0
POW_A_2000.csv-POW_B_1_2000.csv	1	100	0.1	0.1	1	8	8192	20	2026-04-05_09:49:08	2026-04-05_09:49:20	11.657866477966309	100	15	799885	0
POW_A_5000.csv-POW_B_1_5000.csv	1	100	0.1	0.1	1	8	8192	20	2026-04-05_09:49:38	2026-04-05_09:50:54	76.24600958824158	250	646	4999104	0
POW_A_5000.csv-POW_B_1_5000.csv	1	100	0.1	0.1	1	8	8192	20	2026-04-05_09:50:54	2026-04-05_09:52:18	83.37555432319641	250	405	4999345	0
POW_A_5000.csv-POW_B_1_5000.csv	1	100	0.1	0.1	1	8	8192	20	2026-04-05_09:52:18	2026-04-05_09:53:45	86.78421235084534	250	488	4999262	0
POW_A_20000.csv-POW_B_1_20000.csv	1	100	0.1	0.1	1	8	8192	20	2026-04-05_09:54:03	2026-04-05_10:16:34	1351.651835680008	1000	1974	79997026	0
POW_A_20000.csv-POW_B_1_20000.csv	1	100	0.1	0.1	1	8	8192	20	2026-04-05_10:16:34	2026-04-05_10:44:08	1653.8517706394196	1000	2189	79996811	0
POW_A_20000.csv-POW_B_1_20000.csv	1	100	0.1	0.1	1	8	8192	20	2026-04-05_10:44:08	2026-04-05_11:07:13	1384.3126029968262	1000	2445	79996555	0
POW_A_2000.csv-POW_B_1_2000.csv	1	100	0.1	0.1	1	4	8192	5	2026-04-05_11:07:32	2026-04-05_11:07:42	10.076836347579956	100	61	799839	0
POW_A_2000.csv-POW_B_1_2000.csv	1	100	0.1	0.1	1	4	8192	5	2026-04-05_11:07:42	2026-04-05_11:07:51	8.813528537750244	100	554	799346	0
POW_A_2000.csv-POW_B_1_2000.csv	1	100	0.1	0.1	1	4	8192	5	2026-04-05_11:07:51	2026-04-05_11:08:00	8.650262117385864	100	79	799821	0
POW_A_5000.csv-POW_B_1_5000.csv	1	100	0.1	0.1	1	4	8192	5	2026-04-05_11:08:18	2026-04-05_11:09:15	57.15607023239136	250	13667	4986083	0
POW_A_5000.csv-POW_B_1_5000.csv	1	100	0.1	0.1	1	4	8192	5	2026-04-05_11:09:15	2026-04-05_11:10:11	56.15174341201782	250	419	4999331	0
POW_A_5000.csv-POW_B_1_5000.csv	1	100	0.1	0.1	1	4	8192	5	2026-04-05_11:10:11	2026-04-05_11:11:06	54.61498188972473	250	2504	4997246	0
POW_A_20000.csv-POW_B_1_20000.csv	1	100	0.1	0.1	1	4	8192	5	2026-04-05_11:11:24	2026-04-05_11:27:30	966.220490694046	1000	3008	79995992	0
POW_A_20000.csv-POW_B_1_20000.csv	1	100	0.1	0.1	1	4	8192	5	2026-04-05_11:27:31	2026-04-05_11:43:23	952.0227086544037	1000	4747	79994253	0
POW_A_20000.csv-POW_B_1_20000.csv	1	100	0.1	0.1	1	4	8192	5	2026-04-05_11:43:23	2026-04-05_11:59:26	963.7506260871887	1000	1631	79997369	0
POW_A_2000.csv-POW_B_1_2000.csv	1	100	0.1	0.1	1	4	8192	10	2026-04-05_11:59:46	2026-04-05_11:59:59	12.88273286819458	100	34	799866	0
POW_A_2000.csv-POW_B_1_2000.csv	1	100	0.1	0.1	1	4	8192	10	2026-04-05_11:59:59	2026-04-05_12:00:09	10.065246343612671	100	89	799811	0
POW_A_2000.csv-POW_B_1_2000.csv	1	100	0.1	0.1	1	4	8192	10	2026-04-05_12:00:09	2026-04-05_12:00:20	11.08606481552124	99	636	799264	1
POW_A_5000.csv-POW_B_1_5000.csv	1	100	0.1	0.1	1	4	8192	10	2026-04-05_12:00:38	2026-04-05_12:01:50	71.22012591362	250	573	4999177	0
POW_A_5000.csv-POW_B_1_5000.csv	1	100	0.1	0.1	1	4	8192	10	2026-04-05_12:01:50	2026-04-05_12:02:58	68.43656826019287	250	501	4999249	0
POW_A_5000.csv-POW_B_1_5000.csv	1	100	0.1	0.1	1	4	8192	10	2026-04-05_12:02:58	2026-04-05_12:04:08	70.11432766914368	250	548	4999202	0
POW_A_20000.csv-POW_B_1_20000.csv	1	100	0.1	0.1	1	4	8192	10	2026-04-05_12:04:26	2026-04-05_12:25:19	1252.5862851142883	1000	2013	79996987	0
POW_A_20000.csv-POW_B_1_20000.csv	1	100	0.1	0.1	1	4	8192	10	2026-04-05_12:25:19	2026-04-05_12:45:40	1220.612592458725	1000	3716	79995284	0
POW_A_20000.csv-POW_B_1_20000.csv	1	100	0.1	0.1	1	4	8192	10	2026-04-05_12:45:40	2026-04-05_13:05:45	1205.0700900554657	1000	2114	79996886	0
POW_A_2000.csv-POW_B_1_2000.csv	1	100	0.1	0.1	1	4	8192	20	2026-04-05_13:06:04	2026-04-05_13:06:21	17.040565013885498	100	23	799877	0
POW_A_2000.csv-POW_B_1_2000.csv	1	100	0.1	0.1	1	4	8192	20	2026-04-05_13:06:21	2026-04-05_13:06:36	14.662894248962402	100	60	799840	0
POW_A_2000.csv-POW_B_1_2000.csv	1	100	0.1	0.1	1	4	8192	20	2026-04-05_13:06:36	2026-04-05_13:06:50	14.151978015899658	100	117	799783	0
POW_A_5000.csv-POW_B_1_5000.csv	1	100	0.1	0.1	1	4	8192	20	2026-04-05_13:07:08	2026-04-05_13:08:52	103.87457633018494	250	461	4999289	0
POW_A_5000.csv-POW_B_1_5000.csv	1	100	0.1	0.1	1	4	8192	20	2026-04-05_13:08:52	2026-04-05_13:10:33	100.44677925109863	250	329	4999421	0
POW_A_5000.csv-POW_B_1_5000.csv	1	100	0.1	0.1	1	4	8192	20	2026-04-05_13:10:33	2026-04-05_13:12:17	104.09011363983154	250	315	4999435	0
POW_A_20000.csv-POW_B_1_20000.csv	1	100	0.1	0.1	1	4	8192	20	2026-04-05_13:12:35	2026-04-05_13:41:54	1758.7405500411987	1000	1062	79997938	0
POW_A_20000.csv-POW_B_1_20000.csv	1	100	0.1	0.1	1	4	8192	20	2026-04-05_13:41:54	2026-04-05_14:11:23	1768.8838925361633	1000	1987	79997013	0
POW_A_20000.csv-POW_B_1_20000.csv	1	100	0.1	0.1	1	4	8192	20	2026-04-05_14:11:23	2026-04-05_14:40:49	1766.0489196777344	1000	2045	79996955	0
POW_A_2000.csv-POW_B_1_2000.csv	1	100	0.1	0.1	2	16	8192	5	2026-04-05_14:41:09	2026-04-05_14:41:18	9.650008201599121	100	78	799822	0
POW_A_2000.csv-POW_B_1_2000.csv	1	100	0.1	0.1	2	16	8192	5	2026-04-05_14:41:18	2026-04-05_14:41:26	7.6300740242004395	100	81	799819	0
POW_A_2000.csv-POW_B_1_2000.csv	1	100	0.1	0.1	2	16	8192	5	2026-04-05_14:41:26	2026-04-05_14:41:34	7.5974366664886475	100	27	799873	0
POW_A_5000.csv-POW_B_1_5000.csv	1	100	0.1	0.1	2	16	8192	5	2026-04-05_14:41:52	2026-04-05_14:42:49	56.812867879867554	250	1005	4998745	0
POW_A_5000.csv-POW_B_1_5000.csv	1	100	0.1	0.1	2	16	8192	5	2026-04-05_14:42:49	2026-04-05_14:43:41	51.87142753601074	250	569	4999181	0
POW_A_5000.csv-POW_B_1_5000.csv	1	100	0.1	0.1	2	16	8192	5	2026-04-05_14:43:41	2026-04-05_14:44:36	55.179444313049316	250	439	4999311	0
POW_A_20000.csv-POW_B_1_20000.csv	1	100	0.1	0.1	2	16	8192	5	2026-04-05_14:44:54	2026-04-05_15:00:05	910.9106202125549	1000	19405	79979595	0
POW_A_20000.csv-POW_B_1_20000.csv	1	100	0.1	0.1	2	16	8192	5	2026-04-05_15:00:05	2026-04-05_15:17:43	1057.944500207901	1000	1414	79997586	0
POW_A_20000.csv-POW_B_1_20000.csv	1	100	0.1	0.1	2	16	8192	5	2026-04-05_15:17:43	2026-04-05_15:33:18	934.8809866905212	1000	781	79998219	0
POW_A_2000.csv-POW_B_1_2000.csv	1	100	0.1	0.1	2	16	8192	10	2026-04-05_15:33:37	2026-04-05_15:33:51	13.972688674926758	100	11	799889	0
POW_A_2000.csv-POW_B_1_2000.csv	1	100	0.1	0.1	2	16	8192	10	2026-04-05_15:33:51	2026-04-05_15:34:03	11.99963665008545	100	23	799877	0
POW_A_2000.csv-POW_B_1_2000.csv	1	100	0.1	0.1	2	16	8192	10	2026-04-05_15:34:03	2026-04-05_15:34:13	9.543039321899414	100	18	799882	0
POW_A_5000.csv-POW_B_1_5000.csv	1	100	0.1	0.1	2	16	8192	10	2026-04-05_15:34:31	2026-04-05_15:35:46	74.95516109466553	250	650	4999100	0
POW_A_5000.csv-POW_B_1_5000.csv	1	100	0.1	0.1	2	16	8192	10	2026-04-05_15:35:46	2026-04-05_15:36:59	73.13145995140076	250	1199	4998551	0
POW_A_5000.csv-POW_B_1_5000.csv	1	100	0.1	0.1	2	16	8192	10	2026-04-05_15:36:59	2026-04-05_15:38:12	72.8630952835083	250	768	4998982	0
POW_A_20000.csv-POW_B_1_20000.csv	1	100	0.1	0.1	2	16	8192	10	2026-04-05_15:38:30	2026-04-05_16:00:58	1347.7760124206543	1000	7073	79991927	0
POW_A_20000.csv-POW_B_1_20000.csv	1	100	0.1	0.1	2	16	8192	10	2026-04-05_16:00:58	2026-04-05_16:22:36	1298.2899577617645	1000	13031	79985969	0
POW_A_20000.csv-POW_B_1_20000.csv	1	100	0.1	0.1	2	16	8192	10	2026-04-05_16:22:37	2026-04-05_16:45:02	1345.319477558136	1000	18737	79980263	0
POW_A_2000.csv-POW_B_1_2000.csv	1	100	0.1	0.1	2	16	8192	20	2026-04-05_16:45:22	2026-04-05_16:45:40	18.550219535827637	100	8	799892	0
POW_A_2000.csv-POW_B_1_2000.csv	1	100	0.1	0.1	2	16	8192	20	2026-04-05_16:45:40	2026-04-05_16:45:51	11.284894227981567	100	16	799884	0
POW_A_2000.csv-POW_B_1_2000.csv	1	100	0.1	0.1	2	16	8192	20	2026-04-05_16:45:52	2026-04-05_16:46:08	16.67231559753418	100	11	799889	0
POW_A_5000.csv-POW_B_1_5000.csv	1	100	0.1	0.1	2	16	8192	20	2026-04-05_16:46:26	2026-04-05_16:48:16	109.5894136428833	250	311	4999439	0
POW_A_5000.csv-POW_B_1_5000.csv	1	100	0.1	0.1	2	16	8192	20	2026-04-05_16:48:16	2026-04-05_16:50:01	105.05787014961243	250	468	4999282	0
POW_A_5000.csv-POW_B_1_5000.csv	1	100	0.1	0.1	2	16	8192	20	2026-04-05_16:50:01	2026-04-05_16:51:51	109.81139659881592	250	244	4999506	0
POW_A_20000.csv-POW_B_1_20000.csv	1	100	0.1	0.1	2	16	8192	20	2026-04-05_16:52:09	2026-04-05_17:16:56	1487.1506991386414	1000	1705	79997295	0
POW_A_20000.csv-POW_B_1_20000.csv	1	100	0.1	0.1	2	16	8192	20	2026-04-05_17:16:56	2026-04-05_17:45:40	1723.8565986156464	1000	1382	79997618	0
POW_A_20000.csv-POW_B_1_20000.csv	1	100	0.1	0.1	2	16	8192	20	2026-04-05_17:45:40	2026-04-05_18:09:44	1444.035105228424	1000	549	79998451	0
POW_A_2000.csv-POW_B_1_2000.csv	1	100	0.1	0.1	2	8	8192	5	2026-04-05_18:10:04	2026-04-05_18:10:13	9.949235200881958	100	138	799762	0
POW_A_2000.csv-POW_B_1_2000.csv	1	100	0.1	0.1	2	8	8192	5	2026-04-05_18:10:14	2026-04-05_18:10:22	8.149722337722778	100	91	799809	0
POW_A_2000.csv-POW_B_1_2000.csv	1	100	0.1	0.1	2	8	8192	5	2026-04-05_18:10:22	2026-04-05_18:10:30	7.870758533477783	100	65	799835	0
POW_A_5000.csv-POW_B_1_5000.csv	1	100	0.1	0.1	2	8	8192	5	2026-04-05_18:10:48	2026-04-05_18:11:43	55.31645846366882	250	704	4999046	0
POW_A_5000.csv-POW_B_1_5000.csv	1	100	0.1	0.1	2	8	8192	5	2026-04-05_18:11:43	2026-04-05_18:12:39	55.499839544296265	250	2361	4997389	0
POW_A_5000.csv-POW_B_1_5000.csv	1	100	0.1	0.1	2	8	8192	5	2026-04-05_18:12:39	2026-04-05_18:13:33	54.7264461517334	250	1144	4998606	0
POW_A_20000.csv-POW_B_1_20000.csv	1	100	0.1	0.1	2	8	8192	5	2026-04-05_18:13:51	2026-04-05_18:29:17	925.8827004432678	1000	8798	79990202	0
POW_A_20000.csv-POW_B_1_20000.csv	1	100	0.1	0.1	2	8	8192	5	2026-04-05_18:29:18	2026-04-05_18:45:39	981.6004571914673	1000	794	79998206	0
POW_A_20000.csv-POW_B_1_20000.csv	1	100	0.1	0.1	2	8	8192	5	2026-04-05_18:45:39	2026-04-05_19:01:07	928.2078478336334	1000	2139	79996861	0
POW_A_2000.csv-POW_B_1_2000.csv	1	100	0.1	0.1	2	8	8192	10	2026-04-05_19:01:27	2026-04-05_19:01:41	13.652700185775757	100	36	799864	0
POW_A_2000.csv-POW_B_1_2000.csv	1	100	0.1	0.1	2	8	8192	10	2026-04-05_19:01:41	2026-04-05_19:01:51	10.16264533996582	100	53	799847	0
POW_A_2000.csv-POW_B_1_2000.csv	1	100	0.1	0.1	2	8	8192	10	2026-04-05_19:01:51	2026-04-05_19:02:01	9.636715650558472	100	89	799811	0
POW_A_5000.csv-POW_B_1_5000.csv	1	100	0.1	0.1	2	8	8192	10	2026-04-05_19:02:19	2026-04-05_19:03:30	71.15589189529419	250	800	4998950	0
POW_A_5000.csv-POW_B_1_5000.csv	1	100	0.1	0.1	2	8	8192	10	2026-04-05_19:03:30	2026-04-05_19:04:36	66.28596782684326	250	487	4999263	0
POW_A_5000.csv-POW_B_1_5000.csv	1	100	0.1	0.1	2	8	8192	10	2026-04-05_19:04:36	2026-04-05_19:05:45	68.41081166267395	250	572	4999178	0
POW_A_20000.csv-POW_B_1_20000.csv	1	100	0.1	0.1	2	8	8192	10	2026-04-05_19:06:03	2026-04-05_19:25:34	1170.9916970729828	1000	4382	79994618	0
POW_A_20000.csv-POW_B_1_20000.csv	1	100	0.1	0.1	2	8	8192	10	2026-04-05_19:25:34	2026-04-05_19:45:13	1179.1505553722382	1000	701	79998299	0
POW_A_20000.csv-POW_B_1_20000.csv	1	100	0.1	0.1	2	8	8192	10	2026-04-05_19:45:13	2026-04-05_20:05:25	1211.6831259727478	1000	5115	79993885	0
POW_A_2000.csv-POW_B_1_2000.csv	1	100	0.1	0.1	2	8	8192	20	2026-04-05_20:05:44	2026-04-05_20:06:00	16.53478240966797	100	11	799889	0
POW_A_2000.csv-POW_B_1_2000.csv	1	100	0.1	0.1	2	8	8192	20	2026-04-05_20:06:00	2026-04-05_20:06:17	16.719642639160156	100	23	799877	0
POW_A_2000.csv-POW_B_1_2000.csv	1	100	0.1	0.1	2	8	8192	20	2026-04-05_20:06:17	2026-04-05_20:06:31	13.667680263519287	100	17	799883	0
POW_A_5000.csv-POW_B_1_5000.csv	1	100	0.1	0.1	2	8	8192	20	2026-04-05_20:06:49	2026-04-05_20:08:26	97.67391729354858	250	640	4999110	0
POW_A_5000.csv-POW_B_1_5000.csv	1	100	0.1	0.1	2	8	8192	20	2026-04-05_20:08:27	2026-04-05_20:10:07	100.84863376617432	250	657	4999093	0
POW_A_5000.csv-POW_B_1_5000.csv	1	100	0.1	0.1	2	8	8192	20	2026-04-05_20:10:07	2026-04-05_20:11:39	91.24827098846436	250	967	4998783	0
POW_A_20000.csv-POW_B_1_20000.csv	1	100	0.1	0.1	2	8	8192	20	2026-04-05_20:11:57	2026-04-05_20:41:18	1760.9375460147858	1000	2952	79996048	0
POW_A_20000.csv-POW_B_1_20000.csv	1	100	0.1	0.1	2	8	8192	20	2026-04-05_20:41:18	2026-04-05_21:09:52	1714.0646448135376	1000	3029	79995971	0
POW_A_20000.csv-POW_B_1_20000.csv	1	100	0.1	0.1	2	8	8192	20	2026-04-05_21:09:52	2026-04-05_21:39:42	1790.3522799015045	1000	28243	79970757	0
POW_A_2000.csv-POW_B_1_2000.csv	1	100	0.1	0.1	2	4	8192	5	2026-04-05_21:40:02	2026-04-05_21:40:13	11.367457866668701	0	0	799900	100
POW_A_2000.csv-POW_B_1_2000.csv	1	100	0.1	0.1	2	4	8192	5	2026-04-05_21:40:14	2026-04-05_21:40:23	9.32284426689148	100	2400	797500	0
POW_A_2000.csv-POW_B_1_2000.csv	1	100	0.1	0.1	2	4	8192	5	2026-04-05_21:40:23	2026-04-05_21:40:32	9.30473804473877	100	1281	798619	0
POW_A_5000.csv-POW_B_1_5000.csv	1	100	0.1	0.1	2	4	8192	5	2026-04-05_21:40:50	2026-04-05_21:41:57	66.49058365821838	250	1154	4998596	0
POW_A_5000.csv-POW_B_1_5000.csv	1	100	0.1	0.1	2	4	8192	5	2026-04-05_21:41:57	2026-04-05_21:43:00	63.46770668029785	250	205	4999545	0
POW_A_5000.csv-POW_B_1_5000.csv	1	100	0.1	0.1	2	4	8192	5	2026-04-05_21:43:00	2026-04-05_21:44:04	63.47073292732239	250	1728	4998022	0
POW_A_20000.csv-POW_B_1_20000.csv	1	100	0.1	0.1	2	4	8192	5	2026-04-05_21:44:22	2026-04-05_22:01:43	1040.5693666934967	1000	1579	79997421	0
POW_A_20000.csv-POW_B_1_20000.csv	1	100	0.1	0.1	2	4	8192	5	2026-04-05_22:01:43	2026-04-05_22:19:14	1051.528528213501	1000	10086	79988914	0
POW_A_20000.csv-POW_B_1_20000.csv	1	100	0.1	0.1	2	4	8192	5	2026-04-05_22:19:14	2026-04-05_22:36:52	1057.6837055683136	1000	4546	79994454	0
POW_A_2000.csv-POW_B_1_2000.csv	1	100	0.1	0.1	2	4	8192	10	2026-04-05_22:37:11	2026-04-05_22:37:26	14.99088430404663	100	432	799468	0
POW_A_2000.csv-POW_B_1_2000.csv	1	100	0.1	0.1	2	4	8192	10	2026-04-05_22:37:26	2026-04-05_22:37:39	12.253695726394653	100	76	799824	0
POW_A_2000.csv-POW_B_1_2000.csv	1	100	0.1	0.1	2	4	8192	10	2026-04-05_22:37:39	2026-04-05_22:37:51	12.439693212509155	100	107	799793	0
POW_A_5000.csv-POW_B_1_5000.csv	1	100	0.1	0.1	2	4	8192	10	2026-04-05_22:38:09	2026-04-05_22:39:35	85.93364024162292	250	1118	4998632	0
POW_A_5000.csv-POW_B_1_5000.csv	1	100	0.1	0.1	2	4	8192	10	2026-04-05_22:39:35	2026-04-05_22:41:00	84.76516461372375	250	950	4998800	0
POW_A_5000.csv-POW_B_1_5000.csv	1	100	0.1	0.1	2	4	8192	10	2026-04-05_22:41:00	2026-04-05_22:42:24	84.24873948097229	250	269	4999481	0
POW_A_20000.csv-POW_B_1_20000.csv	1	100	0.1	0.1	2	4	8192	10	2026-04-05_22:42:42	2026-04-05_23:06:13	1410.881356716156	1000	3674	79995326	0
POW_A_20000.csv-POW_B_1_20000.csv	1	100	0.1	0.1	2	4	8192	10	2026-04-05_23:06:13	2026-04-05_23:29:34	1400.7175521850586	1000	2959	79996041	0
POW_A_20000.csv-POW_B_1_20000.csv	1	100	0.1	0.1	2	4	8192	10	2026-04-05_23:29:34	2026-04-05_23:53:10	1415.5992352962494	1000	2779	79996221	0
POW_A_2000.csv-POW_B_1_2000.csv	1	100	0.1	0.1	2	4	8192	20	2026-04-05_23:53:30	2026-04-05_23:53:50	20.322253227233887	100	25	799875	0
POW_A_2000.csv-POW_B_1_2000.csv	1	100	0.1	0.1	2	4	8192	20	2026-04-05_23:53:50	2026-04-05_23:54:08	18.215284824371338	100	51	799849	0
POW_A_2000.csv-POW_B_1_2000.csv	1	100	0.1	0.1	2	4	8192	20	2026-04-05_23:54:08	2026-04-05_23:54:26	18.26481294631958	100	16	799884	0
POW_A_5000.csv-POW_B_1_5000.csv	1	100	0.1	0.1	2	4	8192	20	2026-04-05_23:54:45	2026-04-05_23:56:51	126.26820969581604	250	791	4998959	0
POW_A_5000.csv-POW_B_1_5000.csv	1	100	0.1	0.1	2	4	8192	20	2026-04-05_23:56:51	2026-04-05_23:58:54	123.50004172325134	250	689	4999061	0
POW_A_5000.csv-POW_B_1_5000.csv	1	100	0.1	0.1	2	4	8192	20	2026-04-05_23:58:54	2026-04-06_00:00:58	123.74582505226135	250	609	4999141	0
POW_A_20000.csv-POW_B_1_20000.csv	1	100	0.1	0.1	2	4	8192	20	2026-04-06_00:01:16	2026-04-06_00:38:21	2224.5826575756073	1000	2993	79996007	0
POW_A_20000.csv-POW_B_1_20000.csv	1	100	0.1	0.1	2	4	8192	20	2026-04-06_00:38:21	2026-04-06_01:15:15	2213.8727383613586	1000	2452	79996548	0
POW_A_20000.csv-POW_B_1_20000.csv	1	100	0.1	0.1	2	4	8192	20	2026-04-06_01:15:15	2026-04-06_01:54:02	2326.5992543697357	999	5269	79993731	1
POW_A_2000.csv-POW_B_1_2000.csv	1	100	0.1	0.1	3	16	8192	5	2026-04-06_01:54:21	2026-04-06_01:54:31	10.015125751495361	100	23	799877	0
POW_A_2000.csv-POW_B_1_2000.csv	1	100	0.1	0.1	3	16	8192	5	2026-04-06_01:54:31	2026-04-06_01:54:41	9.762284517288208	100	11	799889	0
POW_A_2000.csv-POW_B_1_2000.csv	1	100	0.1	0.1	3	16	8192	5	2026-04-06_01:54:41	2026-04-06_01:54:49	8.016626834869385	100	24	799876	0
POW_A_5000.csv-POW_B_1_5000.csv	1	100	0.1	0.1	3	16	8192	5	2026-04-06_01:55:07	2026-04-06_01:56:12	64.64408302307129	250	753	4998997	0
POW_A_5000.csv-POW_B_1_5000.csv	1	100	0.1	0.1	3	16	8192	5	2026-04-06_01:56:12	2026-04-06_01:57:09	57.26760458946228	250	1053	4998697	0
POW_A_5000.csv-POW_B_1_5000.csv	1	100	0.1	0.1	3	16	8192	5	2026-04-06_01:57:09	2026-04-06_01:58:06	57.25285005569458	250	745	4999005	0
POW_A_20000.csv-POW_B_1_20000.csv	1	100	0.1	0.1	3	16	8192	5	2026-04-06_01:58:25	2026-04-06_02:14:11	946.0441679954529	1000	469	79998531	0
POW_A_20000.csv-POW_B_1_20000.csv	1	100	0.1	0.1	3	16	8192	5	2026-04-06_02:14:11	2026-04-06_02:30:45	993.8656084537506	1000	13084	79985916	0
POW_A_20000.csv-POW_B_1_20000.csv	1	100	0.1	0.1	3	16	8192	5	2026-04-06_02:30:45	2026-04-06_02:49:06	1101.0164487361908	1000	2698	79996302	0
POW_A_2000.csv-POW_B_1_2000.csv	1	100	0.1	0.1	3	16	8192	10	2026-04-06_02:49:25	2026-04-06_02:49:37	11.819278478622437	100	16	799884	0
POW_A_2000.csv-POW_B_1_2000.csv	1	100	0.1	0.1	3	16	8192	10	2026-04-06_02:49:37	2026-04-06_02:49:47	9.782525777816772	100	12	799888	0
POW_A_2000.csv-POW_B_1_2000.csv	1	100	0.1	0.1	3	16	8192	10	2026-04-06_02:49:47	2026-04-06_02:49:57	9.785992860794067	100	11	799889	0
POW_A_5000.csv-POW_B_1_5000.csv	1	100	0.1	0.1	3	16	8192	10	2026-04-06_02:50:15	2026-04-06_02:51:35	79.43300604820251	250	734	4999016	0
POW_A_5000.csv-POW_B_1_5000.csv	1	100	0.1	0.1	3	16	8192	10	2026-04-06_02:51:35	2026-04-06_02:52:59	84.27222084999084	250	1047	4998703	0
POW_A_5000.csv-POW_B_1_5000.csv	1	100	0.1	0.1	3	16	8192	10	2026-04-06_02:52:59	2026-04-06_02:54:21	81.8427791595459	250	785	4998965	0
POW_A_20000.csv-POW_B_1_20000.csv	1	100	0.1	0.1	3	16	8192	10	2026-04-06_02:54:39	2026-04-06_03:14:31	1191.824681520462	1000	512	79998488	0
POW_A_20000.csv-POW_B_1_20000.csv	1	100	0.1	0.1	3	16	8192	10	2026-04-06_03:14:31	2026-04-06_03:34:18	1186.9711544513702	1000	6070	79992930	0
POW_A_20000.csv-POW_B_1_20000.csv	1	100	0.1	0.1	3	16	8192	10	2026-04-06_03:34:18	2026-04-06_03:53:37	1158.867434501648	1000	2469	79996531	0
POW_A_2000.csv-POW_B_1_2000.csv	1	100	0.1	0.1	3	16	8192	20	2026-04-06_03:53:55	2026-04-06_03:54:11	15.4815092086792	100	12	799888	0
POW_A_2000.csv-POW_B_1_2000.csv	1	100	0.1	0.1	3	16	8192	20	2026-04-06_03:54:11	2026-04-06_03:54:24	13.338456153869629	100	16	799884	0
POW_A_2000.csv-POW_B_1_2000.csv	1	100	0.1	0.1	3	16	8192	20	2026-04-06_03:54:24	2026-04-06_03:54:38	13.396888256072998	100	11	799889	0
POW_A_5000.csv-POW_B_1_5000.csv	1	100	0.1	0.1	3	16	8192	20	2026-04-06_03:54:56	2026-04-06_03:57:10	134.3435573577881	250	900	4998850	0
POW_A_5000.csv-POW_B_1_5000.csv	1	100	0.1	0.1	3	16	8192	20	2026-04-06_03:57:10	2026-04-06_03:59:19	128.79694509506226	250	191	4999559	0
POW_A_5000.csv-POW_B_1_5000.csv	1	100	0.1	0.1	3	16	8192	20	2026-04-06_03:59:19	2026-04-06_04:01:18	118.42877507209778	250	700	4999050	0
POW_A_20000.csv-POW_B_1_20000.csv	1	100	0.1	0.1	3	16	8192	20	2026-04-06_04:01:36	2026-04-06_04:29:26	1670.73397564888	1000	7217	79991783	0
POW_A_20000.csv-POW_B_1_20000.csv	1	100	0.1	0.1	3	16	8192	20	2026-04-06_04:29:27	2026-04-06_05:09:54	2426.8648381233215	1000	7725	79991275	0
POW_A_20000.csv-POW_B_1_20000.csv	1	100	0.1	0.1	3	16	8192	20	2026-04-06_05:09:54	2026-04-06_05:50:17	2423.657711982727	1000	48799	79950201	0
POW_A_2000.csv-POW_B_1_2000.csv	1	100	0.1	0.1	3	8	8192	5	2026-04-06_05:50:38	2026-04-06_05:50:49	10.836952209472656	100	107	799793	0
POW_A_2000.csv-POW_B_1_2000.csv	1	100	0.1	0.1	3	8	8192	5	2026-04-06_05:50:49	2026-04-06_05:50:58	9.020843982696533	100	24	799876	0
POW_A_2000.csv-POW_B_1_2000.csv	1	100	0.1	0.1	3	8	8192	5	2026-04-06_05:50:58	2026-04-06_05:51:06	8.412069082260132	100	47	799853	0
POW_A_5000.csv-POW_B_1_5000.csv	1	100	0.1	0.1	3	8	8192	5	2026-04-06_05:51:24	2026-04-06_05:52:21	57.221906661987305	250	739	4999011	0
POW_A_5000.csv-POW_B_1_5000.csv	1	100	0.1	0.1	3	8	8192	5	2026-04-06_05:52:21	2026-04-06_05:53:20	58.67938041687012	250	749	4999001	0
POW_A_5000.csv-POW_B_1_5000.csv	1	100	0.1	0.1	3	8	8192	5	2026-04-06_05:53:20	2026-04-06_05:54:21	60.68591499328613	250	3058	4996692	0
POW_A_20000.csv-POW_B_1_20000.csv	1	100	0.1	0.1	3	8	8192	5	2026-04-06_05:54:39	2026-04-06_06:11:53	1034.364963054657	1000	11340	79987660	0
POW_A_20000.csv-POW_B_1_20000.csv	1	100	0.1	0.1	3	8	8192	5	2026-04-06_06:11:53	2026-04-06_06:28:29	995.4950232505798	1000	6100	79992900	0
POW_A_20000.csv-POW_B_1_20000.csv	1	100	0.1	0.1	3	8	8192	5	2026-04-06_06:28:30	2026-04-06_06:45:00	990.0582654476166	1000	11709	79987291	0
POW_A_2000.csv-POW_B_1_2000.csv	1	100	0.1	0.1	3	8	8192	10	2026-04-06_06:45:19	2026-04-06_06:45:33	13.606496572494507	100	43	799857	0
POW_A_2000.csv-POW_B_1_2000.csv	1	100	0.1	0.1	3	8	8192	10	2026-04-06_06:45:33	2026-04-06_06:45:45	11.655709743499756	100	38	799862	0
POW_A_2000.csv-POW_B_1_2000.csv	1	100	0.1	0.1	3	8	8192	10	2026-04-06_06:45:45	2026-04-06_06:45:56	11.26985764503479	100	14	799886	0
POW_A_5000.csv-POW_B_1_5000.csv	1	100	0.1	0.1	3	8	8192	10	2026-04-06_06:46:14	2026-04-06_06:47:42	87.91649627685547	250	397	4999353	0
POW_A_5000.csv-POW_B_1_5000.csv	1	100	0.1	0.1	3	8	8192	10	2026-04-06_06:47:42	2026-04-06_06:49:02	79.40972876548767	250	1563	4998187	0
POW_A_5000.csv-POW_B_1_5000.csv	1	100	0.1	0.1	3	8	8192	10	2026-04-06_06:49:02	2026-04-06_06:50:22	79.99632692337036	250	5202	4994548	0
POW_A_20000.csv-POW_B_1_20000.csv	1	100	0.1	0.1	3	8	8192	10	2026-04-06_06:50:40	2026-04-06_07:12:35	1315.3053102493286	1000	7623	79991377	0
POW_A_20000.csv-POW_B_1_20000.csv	1	100	0.1	0.1	3	8	8192	10	2026-04-06_07:12:35	2026-04-06_07:35:06	1350.4661936759949	1000	7550	79991450	0
POW_A_20000.csv-POW_B_1_20000.csv	1	100	0.1	0.1	3	8	8192	10	2026-04-06_07:35:06	2026-04-06_07:56:42	1295.653728723526	1000	8164	79990836	0
POW_A_2000.csv-POW_B_1_2000.csv	1	100	0.1	0.1	3	8	8192	20	2026-04-06_07:57:02	2026-04-06_07:57:18	16.684767246246338	100	11	799889	0
POW_A_2000.csv-POW_B_1_2000.csv	1	100	0.1	0.1	3	8	8192	20	2026-04-06_07:57:18	2026-04-06_07:57:35	16.804307222366333	100	25	799875	0
POW_A_2000.csv-POW_B_1_2000.csv	1	100	0.1	0.1	3	8	8192	20	2026-04-06_07:57:35	2026-04-06_07:57:50	15.309600114822388	100	12	799888	0
POW_A_5000.csv-POW_B_1_5000.csv	1	100	0.1	0.1	3	8	8192	20	2026-04-06_07:58:09	2026-04-06_08:00:17	128.20039558410645	250	1003	4998747	0
POW_A_5000.csv-POW_B_1_5000.csv	1	100	0.1	0.1	3	8	8192	20	2026-04-06_08:00:17	2026-04-06_08:02:31	134.06614685058594	250	1389	4998361	0
POW_A_5000.csv-POW_B_1_5000.csv	1	100	0.1	0.1	3	8	8192	20	2026-04-06_08:02:31	2026-04-06_08:04:31	120.45102643966675	250	247	4999503	0
POW_A_20000.csv-POW_B_1_20000.csv	1	100	0.1	0.1	3	8	8192	20	2026-04-06_08:04:49	2026-04-06_08:37:54	1984.6621112823486	1000	7494	79991506	0
POW_A_20000.csv-POW_B_1_20000.csv	1	100	0.1	0.1	3	8	8192	20	2026-04-06_08:37:54	2026-04-06_09:08:57	1862.3420269489288	1000	3434	79995566	0
POW_A_20000.csv-POW_B_1_20000.csv	1	100	0.1	0.1	3	8	8192	20	2026-04-06_09:08:57	2026-04-06_09:41:03	1925.9663512706757	1000	6832	79992168	0
POW_A_2000.csv-POW_B_1_2000.csv	1	100	0.1	0.1	3	4	8192	5	2026-04-06_09:41:23	2026-04-06_09:41:35	12.444575309753418	100	11	799889	0
POW_A_2000.csv-POW_B_1_2000.csv	1	100	0.1	0.1	3	4	8192	5	2026-04-06_09:41:35	2026-04-06_09:41:46	10.416292667388916	100	50	799850	0
POW_A_2000.csv-POW_B_1_2000.csv	1	100	0.1	0.1	3	4	8192	5	2026-04-06_09:41:46	2026-04-06_09:41:56	10.497172117233276	100	85	799815	0
POW_A_5000.csv-POW_B_1_5000.csv	1	100	0.1	0.1	3	4	8192	5	2026-04-06_09:42:14	2026-04-06_09:43:25	70.25788831710815	250	1269	4998481	0
POW_A_5000.csv-POW_B_1_5000.csv	1	100	0.1	0.1	3	4	8192	5	2026-04-06_09:43:25	2026-04-06_09:44:31	66.35353827476501	250	1706	4998044	0
POW_A_5000.csv-POW_B_1_5000.csv	1	100	0.1	0.1	3	4	8192	5	2026-04-06_09:44:31	2026-04-06_09:45:38	67.25371789932251	250	3995	4995755	0
POW_A_20000.csv-POW_B_1_20000.csv	1	100	0.1	0.1	3	4	8192	5	2026-04-06_09:45:56	2026-04-06_10:05:50	1194.057769536972	1000	1137	79997863	0
POW_A_20000.csv-POW_B_1_20000.csv	1	100	0.1	0.1	3	4	8192	5	2026-04-06_10:05:51	2026-04-06_10:25:27	1176.1198012828827	1000	8364	79990636	0
POW_A_20000.csv-POW_B_1_20000.csv	1	100	0.1	0.1	3	4	8192	5	2026-04-06_10:25:27	2026-04-06_10:45:23	1195.6577126979828	1000	10045	79988955	0
POW_A_2000.csv-POW_B_1_2000.csv	1	100	0.1	0.1	3	4	8192	10	2026-04-06_10:45:42	2026-04-06_10:45:59	16.50273609161377	100	105	799795	0
POW_A_2000.csv-POW_B_1_2000.csv	1	100	0.1	0.1	3	4	8192	10	2026-04-06_10:45:59	2026-04-06_10:46:13	14.579909801483154	100	71	799829	0
POW_A_2000.csv-POW_B_1_2000.csv	1	100	0.1	0.1	3	4	8192	10	2026-04-06_10:46:14	2026-04-06_10:46:28	14.622426748275757	100	29	799871	0
POW_A_5000.csv-POW_B_1_5000.csv	1	100	0.1	0.1	3	4	8192	10	2026-04-06_10:46:46	2026-04-06_10:48:25	99.02281856536865	250	821	4998929	0
POW_A_5000.csv-POW_B_1_5000.csv	1	100	0.1	0.1	3	4	8192	10	2026-04-06_10:48:25	2026-04-06_10:50:03	97.20681381225586	250	331	4999419	0
POW_A_5000.csv-POW_B_1_5000.csv	1	100	0.1	0.1	3	4	8192	10	2026-04-06_10:50:03	2026-04-06_10:51:40	97.20953726768494	250	535	4999215	0
POW_A_20000.csv-POW_B_1_20000.csv	1	100	0.1	0.1	3	4	8192	10	2026-04-06_10:51:58	2026-04-06_11:20:10	1692.5347616672516	1000	17250	79981750	0
POW_A_20000.csv-POW_B_1_20000.csv	1	100	0.1	0.1	3	4	8192	10	2026-04-06_11:20:11	2026-04-06_11:48:53	1722.6051156520844	1000	976	79998024	0
POW_A_20000.csv-POW_B_1_20000.csv	1	100	0.1	0.1	3	4	8192	10	2026-04-06_11:48:53	2026-04-06_12:17:07	1693.8156385421753	1000	6592	79992408	0
POW_A_2000.csv-POW_B_1_2000.csv	1	100	0.1	0.1	3	4	8192	20	2026-04-06_12:17:26	2026-04-06_12:17:51	25.05007791519165	100	33	799867	0
POW_A_2000.csv-POW_B_1_2000.csv	1	100	0.1	0.1	3	4	8192	20	2026-04-06_12:17:52	2026-04-06_12:18:15	23.21731424331665	100	19	799881	0
POW_A_2000.csv-POW_B_1_2000.csv	1	100	0.1	0.1	3	4	8192	20	2026-04-06_12:18:15	2026-04-06_12:18:38	23.652198791503906	100	84	799816	0
POW_A_5000.csv-POW_B_1_5000.csv	1	100	0.1	0.1	3	4	8192	20	2026-04-06_12:18:57	2026-04-06_12:21:36	159.18114376068115	250	500	4999250	0
POW_A_5000.csv-POW_B_1_5000.csv	1	100	0.1	0.1	3	4	8192	20	2026-04-06_12:21:36	2026-04-06_12:24:13	156.70346188545227	250	302	4999448	0
POW_A_5000.csv-POW_B_1_5000.csv	1	100	0.1	0.1	3	4	8192	20	2026-04-06_12:24:13	2026-04-06_12:26:52	159.826975107193	250	266	4999484	0
POW_A_20000.csv-POW_B_1_20000.csv	1	100	0.1	0.1	3	4	8192	20	2026-04-06_12:27:11	2026-04-06_13:12:06	2695.6324276924133	1000	4226	79994774	0
POW_A_20000.csv-POW_B_1_20000.csv	1	100	0.1	0.1	3	4	8192	20	2026-04-06_13:12:06	2026-04-06_13:56:57	2690.1753630638123	1000	3379	79995621	0
POW_A_20000.csv-POW_B_1_20000.csv	1	100	0.1	0.1	3	4	8192	20	2026-04-06_13:56:57	2026-04-06_14:41:20	2663.2318136692047	1000	3010	79995990	0
POW_A_2000.csv-POW_B_1_2000.csv	1	100	0.01	0.0	1	16	8192	5	2026-04-06_14:41:40	2026-04-06_14:41:49	9.135620594024658	100	7	799893	0
POW_A_2000.csv-POW_B_1_2000.csv	1	100	0.01	0.0	1	16	8192	5	2026-04-06_14:41:49	2026-04-06_14:41:56	7.0520920753479	100	41	799859	0
POW_A_2000.csv-POW_B_1_2000.csv	1	100	0.01	0.0	1	16	8192	5	2026-04-06_14:41:56	2026-04-06_14:42:03	7.05299973487854	100	26	799874	0
POW_A_5000.csv-POW_B_1_5000.csv	1	100	0.01	0.0	1	16	8192	5	2026-04-06_14:42:21	2026-04-06_14:43:09	48.37319278717041	250	7	4999743	0
POW_A_5000.csv-POW_B_1_5000.csv	1	100	0.01	0.0	1	16	8192	5	2026-04-06_14:43:10	2026-04-06_14:43:59	49.9399471282959	250	7	4999743	0
POW_A_5000.csv-POW_B_1_5000.csv	1	100	0.01	0.0	1	16	8192	5	2026-04-06_14:44:00	2026-04-06_14:44:49	49.887545108795166	250	11	4999739	0
POW_A_20000.csv-POW_B_1_20000.csv	1	100	0.01	0.0	1	16	8192	5	2026-04-06_14:45:08	2026-04-06_15:01:17	969.0595948696136	1000	29	79998971	0
POW_A_20000.csv-POW_B_1_20000.csv	1	100	0.01	0.0	1	16	8192	5	2026-04-06_15:01:17	2026-04-06_15:17:27	970.4954054355621	1000	30	79998970	0
POW_A_20000.csv-POW_B_1_20000.csv	1	100	0.01	0.0	1	16	8192	5	2026-04-06_15:17:28	2026-04-06_15:31:44	856.1387581825256	1000	85	79998915	0
POW_A_2000.csv-POW_B_1_2000.csv	1	100	0.01	0.0	1	16	8192	10	2026-04-06_15:32:03	2026-04-06_15:32:14	10.65817379951477	100	7	799893	0
POW_A_2000.csv-POW_B_1_2000.csv	1	100	0.01	0.0	1	16	8192	10	2026-04-06_15:32:14	2026-04-06_15:32:23	8.567766666412354	100	4	799896	0
POW_A_2000.csv-POW_B_1_2000.csv	1	100	0.01	0.0	1	16	8192	10	2026-04-06_15:32:23	2026-04-06_15:32:31	8.513344049453735	100	6	799894	0
POW_A_5000.csv-POW_B_1_5000.csv	1	100	0.01	0.0	1	16	8192	10	2026-04-06_15:32:49	2026-04-06_15:33:53	63.84037685394287	250	0	4999750	0
POW_A_5000.csv-POW_B_1_5000.csv	1	100	0.01	0.0	1	16	8192	10	2026-04-06_15:33:53	2026-04-06_15:34:54	60.60816311836243	250	2	4999748	0
POW_A_5000.csv-POW_B_1_5000.csv	1	100	0.01	0.0	1	16	8192	10	2026-04-06_15:34:54	2026-04-06_15:35:51	57.15010094642639	250	4	4999746	0
POW_A_20000.csv-POW_B_1_20000.csv	1	100	0.01	0.0	1	16	8192	10	2026-04-06_15:36:09	2026-04-06_15:54:43	1113.7010715007782	1000	42	79998958	0
POW_A_20000.csv-POW_B_1_20000.csv	1	100	0.01	0.0	1	16	8192	10	2026-04-06_15:54:43	2026-04-06_16:13:09	1105.6654539108276	1000	14	79998986	0
POW_A_20000.csv-POW_B_1_20000.csv	1	100	0.01	0.0	1	16	8192	10	2026-04-06_16:13:09	2026-04-06_16:28:22	913.37824177742	1000	70	79998930	0
POW_A_2000.csv-POW_B_1_2000.csv	1	100	0.01	0.0	1	16	8192	20	2026-04-06_16:28:42	2026-04-06_16:28:53	11.47142481803894	100	4	799896	0
POW_A_2000.csv-POW_B_1_2000.csv	1	100	0.01	0.0	1	16	8192	20	2026-04-06_16:28:54	2026-04-06_16:29:03	9.38324761390686	100	2	799898	0
POW_A_2000.csv-POW_B_1_2000.csv	1	100	0.01	0.0	1	16	8192	20	2026-04-06_16:29:03	2026-04-06_16:29:12	9.454434633255005	100	3	799897	0
POW_A_5000.csv-POW_B_1_5000.csv	1	100	0.01	0.0	1	16	8192	20	2026-04-06_16:29:31	2026-04-06_16:30:57	86.04297661781311	250	2	4999748	0
POW_A_5000.csv-POW_B_1_5000.csv	1	100	0.01	0.0	1	16	8192	20	2026-04-06_16:30:57	2026-04-06_16:32:17	79.95968461036682	250	1	4999749	0
POW_A_5000.csv-POW_B_1_5000.csv	1	100	0.01	0.0	1	16	8192	20	2026-04-06_16:32:17	2026-04-06_16:33:41	84.4176127910614	250	0	4999750	0
POW_A_20000.csv-POW_B_1_20000.csv	1	100	0.01	0.0	1	16	8192	20	2026-04-06_16:33:59	2026-04-06_16:59:22	1523.1365027427673	1000	8	79998992	0
POW_A_20000.csv-POW_B_1_20000.csv	1	100	0.01	0.0	1	16	8192	20	2026-04-06_16:59:22	2026-04-06_17:25:06	1543.5349335670471	1000	378	79998622	0
POW_A_20000.csv-POW_B_1_20000.csv	1	100	0.01	0.0	1	16	8192	20	2026-04-06_17:25:06	2026-04-06_17:44:29	1163.1590116024017	1000	9	79998991	0
POW_A_2000.csv-POW_B_1_2000.csv	1	100	0.01	0.0	1	8	8192	5	2026-04-06_17:44:49	2026-04-06_17:44:59	9.595881223678589	100	111	799789	0
POW_A_2000.csv-POW_B_1_2000.csv	1	100	0.01	0.0	1	8	8192	5	2026-04-06_17:44:59	2026-04-06_17:45:07	8.013613224029541	100	5	799895	0
POW_A_2000.csv-POW_B_1_2000.csv	1	100	0.01	0.0	1	8	8192	5	2026-04-06_17:45:07	2026-04-06_17:45:14	7.47333288192749	100	6	799894	0
POW_A_5000.csv-POW_B_1_5000.csv	1	100	0.01	0.0	1	8	8192	5	2026-04-06_17:45:32	2026-04-06_17:46:25	52.725712299346924	250	12	4999738	0
POW_A_5000.csv-POW_B_1_5000.csv	1	100	0.01	0.0	1	8	8192	5	2026-04-06_17:46:25	2026-04-06_17:47:14	49.15703010559082	250	7	4999743	0
POW_A_5000.csv-POW_B_1_5000.csv	1	100	0.01	0.0	1	8	8192	5	2026-04-06_17:47:14	2026-04-06_17:48:02	47.797648429870605	250	43	4999707	0
POW_A_20000.csv-POW_B_1_20000.csv	1	100	0.01	0.0	1	8	8192	5	2026-04-06_17:48:20	2026-04-06_18:02:46	865.6618354320526	1000	50	79998950	0
POW_A_20000.csv-POW_B_1_20000.csv	1	100	0.01	0.0	1	8	8192	5	2026-04-06_18:02:46	2026-04-06_18:17:01	854.417402267456	1000	16	79998984	0
POW_A_20000.csv-POW_B_1_20000.csv	1	100	0.01	0.0	1	8	8192	5	2026-04-06_18:17:01	2026-04-06_18:31:15	854.726455450058	1000	52	79998948	0
POW_A_2000.csv-POW_B_1_2000.csv	1	100	0.01	0.0	1	8	8192	10	2026-04-06_18:31:35	2026-04-06_18:31:47	12.012502431869507	100	5	799895	0
POW_A_2000.csv-POW_B_1_2000.csv	1	100	0.01	0.0	1	8	8192	10	2026-04-06_18:31:47	2026-04-06_18:31:56	8.492823600769043	100	8	799892	0
POW_A_2000.csv-POW_B_1_2000.csv	1	100	0.01	0.0	1	8	8192	10	2026-04-06_18:31:56	2026-04-06_18:32:04	8.6256103515625	100	6	799894	0
POW_A_5000.csv-POW_B_1_5000.csv	1	100	0.01	0.0	1	8	8192	10	2026-04-06_18:32:22	2026-04-06_18:33:21	58.30988693237305	250	0	4999750	0
POW_A_5000.csv-POW_B_1_5000.csv	1	100	0.01	0.0	1	8	8192	10	2026-04-06_18:33:21	2026-04-06_18:34:23	62.12614345550537	250	2	4999748	0
POW_A_5000.csv-POW_B_1_5000.csv	1	100	0.01	0.0	1	8	8192	10	2026-04-06_18:34:23	2026-04-06_18:35:24	61.063504219055176	250	3	4999747	0
POW_A_20000.csv-POW_B_1_20000.csv	1	100	0.01	0.0	1	8	8192	10	2026-04-06_18:35:42	2026-04-06_18:52:24	1001.6221370697021	1000	10	79998990	0
POW_A_20000.csv-POW_B_1_20000.csv	1	100	0.01	0.0	1	8	8192	10	2026-04-06_18:52:24	2026-04-06_19:09:09	1005.2660562992096	1000	21	79998979	0
POW_A_20000.csv-POW_B_1_20000.csv	1	100	0.01	0.0	1	8	8192	10	2026-04-06_19:09:10	2026-04-06_19:26:15	1025.5499007701874	1000	15	79998985	0
POW_A_2000.csv-POW_B_1_2000.csv	1	100	0.01	0.0	1	8	8192	20	2026-04-06_19:26:35	2026-04-06_19:26:48	13.496273279190063	100	3	799897	0
POW_A_2000.csv-POW_B_1_2000.csv	1	100	0.01	0.0	1	8	8192	20	2026-04-06_19:26:48	2026-04-06_19:27:00	11.489367008209229	100	4	799896	0
POW_A_2000.csv-POW_B_1_2000.csv	1	100	0.01	0.0	1	8	8192	20	2026-04-06_19:27:00	2026-04-06_19:27:11	11.491867780685425	100	1	799899	0
POW_A_5000.csv-POW_B_1_5000.csv	1	100	0.01	0.0	1	8	8192	20	2026-04-06_19:27:29	2026-04-06_19:28:58	89.08086252212524	250	3	4999747	0
POW_A_5000.csv-POW_B_1_5000.csv	1	100	0.01	0.0	1	8	8192	20	2026-04-06_19:28:58	2026-04-06_19:30:13	74.23882961273193	250	1	4999749	0
POW_A_5000.csv-POW_B_1_5000.csv	1	100	0.01	0.0	1	8	8192	20	2026-04-06_19:30:13	2026-04-06_19:31:30	77.73299503326416	250	2	4999748	0
POW_A_20000.csv-POW_B_1_20000.csv	1	100	0.01	0.0	1	8	8192	20	2026-04-06_19:31:49	2026-04-06_19:56:33	1484.184737920761	1000	19	79998981	0
POW_A_20000.csv-POW_B_1_20000.csv	1	100	0.01	0.0	1	8	8192	20	2026-04-06_19:56:33	2026-04-06_20:19:00	1346.9306104183197	1000	874	79998126	0
POW_A_20000.csv-POW_B_1_20000.csv	1	100	0.01	0.0	1	8	8192	20	2026-04-06_20:19:00	2026-04-06_20:41:57	1376.8494551181793	1000	11	79998989	0
POW_A_2000.csv-POW_B_1_2000.csv	1	100	0.01	0.0	1	4	8192	5	2026-04-06_20:42:17	2026-04-06_20:42:26	9.583634853363037	100	10	799890	0
POW_A_2000.csv-POW_B_1_2000.csv	1	100	0.01	0.0	1	4	8192	5	2026-04-06_20:42:26	2026-04-06_20:42:35	8.676535844802856	100	47	799853	0
POW_A_2000.csv-POW_B_1_2000.csv	1	100	0.01	0.0	1	4	8192	5	2026-04-06_20:42:35	2026-04-06_20:42:43	8.261122465133667	100	156	799744	0
POW_A_5000.csv-POW_B_1_5000.csv	1	100	0.01	0.0	1	4	8192	5	2026-04-06_20:43:01	2026-04-06_20:44:00	58.394872426986694	250	44	4999706	0
POW_A_5000.csv-POW_B_1_5000.csv	1	100	0.01	0.0	1	4	8192	5	2026-04-06_20:44:00	2026-04-06_20:44:54	53.76976418495178	250	120	4999630	0
POW_A_5000.csv-POW_B_1_5000.csv	1	100	0.01	0.0	1	4	8192	5	2026-04-06_20:44:54	2026-04-06_20:45:47	53.74021887779236	250	115	4999635	0
POW_A_20000.csv-POW_B_1_20000.csv	1	100	0.01	0.0	1	4	8192	5	2026-04-06_20:46:05	2026-04-06_21:02:03	957.328976392746	1000	28	79998972	0
POW_A_20000.csv-POW_B_1_20000.csv	1	100	0.01	0.0	1	4	8192	5	2026-04-06_21:02:03	2026-04-06_21:18:08	964.6668682098389	1000	58	79998942	0
POW_A_20000.csv-POW_B_1_20000.csv	1	100	0.01	0.0	1	4	8192	5	2026-04-06_21:18:08	2026-04-06_21:34:11	963.130181312561	1000	115	79998885	0
POW_A_2000.csv-POW_B_1_2000.csv	1	100	0.01	0.0	1	4	8192	10	2026-04-06_21:34:30	2026-04-06_21:34:43	13.030043601989746	100	45	799855	0
POW_A_2000.csv-POW_B_1_2000.csv	1	100	0.01	0.0	1	4	8192	10	2026-04-06_21:34:43	2026-04-06_21:34:54	10.593720197677612	100	201	799699	0
POW_A_2000.csv-POW_B_1_2000.csv	1	100	0.01	0.0	1	4	8192	10	2026-04-06_21:34:54	2026-04-06_21:35:05	11.097969770431519	100	14	799886	0
POW_A_5000.csv-POW_B_1_5000.csv	1	100	0.01	0.0	1	4	8192	10	2026-04-06_21:35:23	2026-04-06_21:36:34	71.0174446105957	250	75	4999675	0
POW_A_5000.csv-POW_B_1_5000.csv	1	100	0.01	0.0	1	4	8192	10	2026-04-06_21:36:34	2026-04-06_21:37:41	66.78972125053406	250	1	4999749	0
POW_A_5000.csv-POW_B_1_5000.csv	1	100	0.01	0.0	1	4	8192	10	2026-04-06_21:37:41	2026-04-06_21:38:51	69.82737708091736	250	7	4999743	0
POW_A_20000.csv-POW_B_1_20000.csv	1	100	0.01	0.0	1	4	8192	10	2026-04-06_21:39:09	2026-04-06_21:59:50	1241.2998282909393	1000	10	79998990	0
POW_A_20000.csv-POW_B_1_20000.csv	1	100	0.01	0.0	1	4	8192	10	2026-04-06_21:59:50	2026-04-06_22:20:13	1222.6120898723602	1000	84	79998916	0
POW_A_20000.csv-POW_B_1_20000.csv	1	100	0.01	0.0	1	4	8192	10	2026-04-06_22:20:13	2026-04-06_22:40:49	1236.0022497177124	1000	30	79998970	0
POW_A_2000.csv-POW_B_1_2000.csv	1	100	0.01	0.0	1	4	8192	20	2026-04-06_22:41:09	2026-04-06_22:41:26	17.598528146743774	100	6	799894	0
POW_A_2000.csv-POW_B_1_2000.csv	1	100	0.01	0.0	1	4	8192	20	2026-04-06_22:41:26	2026-04-06_22:41:41	14.78300428390503	100	8	799892	0
POW_A_2000.csv-POW_B_1_2000.csv	1	100	0.01	0.0	1	4	8192	20	2026-04-06_22:41:41	2026-04-06_22:41:57	15.699625492095947	100	6	799894	0
POW_A_5000.csv-POW_B_1_5000.csv	1	100	0.01	0.0	1	4	8192	20	2026-04-06_22:42:15	2026-04-06_22:44:00	104.97990489006042	250	3	4999747	0
POW_A_5000.csv-POW_B_1_5000.csv	1	100	0.01	0.0	1	4	8192	20	2026-04-06_22:44:00	2026-04-06_22:45:39	98.3548994064331	250	1	4999749	0
POW_A_5000.csv-POW_B_1_5000.csv	1	100	0.01	0.0	1	4	8192	20	2026-04-06_22:45:39	2026-04-06_22:47:20	100.98101902008057	250	3	4999747	0
POW_A_20000.csv-POW_B_1_20000.csv	1	100	0.01	0.0	1	4	8192	20	2026-04-06_22:47:38	2026-04-06_23:23:27	2148.896834373474	1000	13	79998987	0
POW_A_20000.csv-POW_B_1_20000.csv	1	100	0.01	0.0	1	4	8192	20	2026-04-06_23:23:27	2026-04-06_23:53:41	1813.6455292701721	1000	10	79998990	0
POW_A_20000.csv-POW_B_1_20000.csv	1	100	0.01	0.0	1	4	8192	20	2026-04-06_23:53:41	2026-04-07_00:23:20	1779.0303065776825	1000	10	79998990	0
POW_A_2000.csv-POW_B_1_2000.csv	1	100	0.01	0.0	2	16	8192	5	2026-04-07_00:23:40	2026-04-07_00:23:49	9.53677248954773	100	18	799882	0
POW_A_2000.csv-POW_B_1_2000.csv	1	100	0.01	0.0	2	16	8192	5	2026-04-07_00:23:49	2026-04-07_00:23:57	7.517528295516968	100	21	799879	0
POW_A_2000.csv-POW_B_1_2000.csv	1	100	0.01	0.0	2	16	8192	5	2026-04-07_00:23:57	2026-04-07_00:24:04	7.5102455615997314	100	8	799892	0
POW_A_5000.csv-POW_B_1_5000.csv	1	100	0.01	0.0	2	16	8192	5	2026-04-07_00:24:22	2026-04-07_00:25:26	63.95240259170532	250	21	4999729	0
POW_A_5000.csv-POW_B_1_5000.csv	1	100	0.01	0.0	2	16	8192	5	2026-04-07_00:25:26	2026-04-07_00:26:19	52.5742871761322	250	7	4999743	0
POW_A_5000.csv-POW_B_1_5000.csv	1	100	0.01	0.0	2	16	8192	5	2026-04-07_00:26:19	2026-04-07_00:27:18	58.971123695373535	250	3	4999747	0
POW_A_20000.csv-POW_B_1_20000.csv	1	100	0.01	0.0	2	16	8192	5	2026-04-07_00:27:36	2026-04-07_00:44:27	1011.0507984161377	1000	167	79998833	0
POW_A_20000.csv-POW_B_1_20000.csv	1	100	0.01	0.0	2	16	8192	5	2026-04-07_00:44:28	2026-04-07_01:01:01	993.4138202667236	1000	84	79998916	0
POW_A_20000.csv-POW_B_1_20000.csv	1	100	0.01	0.0	2	16	8192	5	2026-04-07_01:01:01	2026-04-07_01:15:26	865.1369972229004	1000	52	79998948	0
POW_A_2000.csv-POW_B_1_2000.csv	1	100	0.01	0.0	2	16	8192	10	2026-04-07_01:15:46	2026-04-07_01:15:57	10.842268705368042	100	6	799894	0
POW_A_2000.csv-POW_B_1_2000.csv	1	100	0.01	0.0	2	16	8192	10	2026-04-07_01:15:57	2026-04-07_01:16:06	8.830009698867798	100	4	799896	0
POW_A_2000.csv-POW_B_1_2000.csv	1	100	0.01	0.0	2	16	8192	10	2026-04-07_01:16:06	2026-04-07_01:16:17	11.36601209640503	100	5	799895	0
POW_A_5000.csv-POW_B_1_5000.csv	1	100	0.01	0.0	2	16	8192	10	2026-04-07_01:16:35	2026-04-07_01:17:49	74.28731846809387	250	1	4999749	0
POW_A_5000.csv-POW_B_1_5000.csv	1	100	0.01	0.0	2	16	8192	10	2026-04-07_01:17:50	2026-04-07_01:18:59	69.33234596252441	250	5	4999745	0
POW_A_5000.csv-POW_B_1_5000.csv	1	100	0.01	0.0	2	16	8192	10	2026-04-07_01:18:59	2026-04-07_01:20:06	67.4272313117981	250	3	4999747	0
POW_A_20000.csv-POW_B_1_20000.csv	1	100	0.01	0.0	2	16	8192	10	2026-04-07_01:20:24	2026-04-07_01:38:01	1056.3060908317566	1000	29	79998971	0
POW_A_20000.csv-POW_B_1_20000.csv	1	100	0.01	0.0	2	16	8192	10	2026-04-07_01:38:01	2026-04-07_01:59:57	1316.0794985294342	1000	35	79998965	0
POW_A_20000.csv-POW_B_1_20000.csv	1	100	0.01	0.0	2	16	8192	10	2026-04-07_01:59:57	2026-04-07_02:17:45	1067.607878446579	1000	29	79998971	0
POW_A_2000.csv-POW_B_1_2000.csv	1	100	0.01	0.0	2	16	8192	20	2026-04-07_02:18:04	2026-04-07_02:18:18	13.570373058319092	100	2	799898	0
POW_A_2000.csv-POW_B_1_2000.csv	1	100	0.01	0.0	2	16	8192	20	2026-04-07_02:18:18	2026-04-07_02:18:29	11.554459810256958	100	0	799900	0
POW_A_2000.csv-POW_B_1_2000.csv	1	100	0.01	0.0	2	16	8192	20	2026-04-07_02:18:29	2026-04-07_02:18:41	11.54550051689148	100	3	799897	0
POW_A_5000.csv-POW_B_1_5000.csv	1	100	0.01	0.0	2	16	8192	20	2026-04-07_02:18:59	2026-04-07_02:20:51	112.32440829277039	250	2	4999748	0
POW_A_5000.csv-POW_B_1_5000.csv	1	100	0.01	0.0	2	16	8192	20	2026-04-07_02:20:51	2026-04-07_02:22:34	102.96870136260986	250	0	4999750	0
POW_A_5000.csv-POW_B_1_5000.csv	1	100	0.01	0.0	2	16	8192	20	2026-04-07_02:22:34	2026-04-07_02:24:19	104.68890237808228	250	4	4999746	0
POW_A_20000.csv-POW_B_1_20000.csv	1	100	0.01	0.0	2	16	8192	20	2026-04-07_02:24:37	2026-04-07_02:49:07	1470.0170834064484	1000	9	79998991	0
POW_A_20000.csv-POW_B_1_20000.csv	1	100	0.01	0.0	2	16	8192	20	2026-04-07_02:49:07	2026-04-07_03:16:48	1660.3509871959686	1000	5	79998995	0
POW_A_20000.csv-POW_B_1_20000.csv	1	100	0.01	0.0	2	16	8192	20	2026-04-07_03:16:49	2026-04-07_03:41:30	1481.0381608009338	1000	254	79998746	0
POW_A_2000.csv-POW_B_1_2000.csv	1	100	0.01	0.0	2	8	8192	5	2026-04-07_03:41:49	2026-04-07_03:41:59	9.942636013031006	100	9	799891	0
POW_A_2000.csv-POW_B_1_2000.csv	1	100	0.01	0.0	2	8	8192	5	2026-04-07_03:41:59	2026-04-07_03:42:07	7.968286037445068	100	9	799891	0
POW_A_2000.csv-POW_B_1_2000.csv	1	100	0.01	0.0	2	8	8192	5	2026-04-07_03:42:08	2026-04-07_03:42:16	8.888203859329224	100	18	799882	0
POW_A_5000.csv-POW_B_1_5000.csv	1	100	0.01	0.0	2	8	8192	5	2026-04-07_03:42:35	2026-04-07_03:43:31	56.18209886550903	250	3	4999747	0
POW_A_5000.csv-POW_B_1_5000.csv	1	100	0.01	0.0	2	8	8192	5	2026-04-07_03:43:31	2026-04-07_03:44:26	54.78097629547119	250	6	4999744	0
POW_A_5000.csv-POW_B_1_5000.csv	1	100	0.01	0.0	2	8	8192	5	2026-04-07_03:44:26	2026-04-07_03:45:17	51.75127720832825	250	21	4999729	0
POW_A_20000.csv-POW_B_1_20000.csv	1	100	0.01	0.0	2	8	8192	5	2026-04-07_03:45:35	2026-04-07_04:01:28	952.2151393890381	1000	288	79998712	0
POW_A_20000.csv-POW_B_1_20000.csv	1	100	0.01	0.0	2	8	8192	5	2026-04-07_04:01:28	2026-04-07_04:17:00	932.6714286804199	1000	13	79998987	0
POW_A_20000.csv-POW_B_1_20000.csv	1	100	0.01	0.0	2	8	8192	5	2026-04-07_04:17:01	2026-04-07_04:33:31	990.6324017047882	1000	40	79998960	0
POW_A_2000.csv-POW_B_1_2000.csv	1	100	0.01	0.0	2	8	8192	10	2026-04-07_04:33:50	2026-04-07_04:34:02	11.729758501052856	100	5	799895	0
POW_A_2000.csv-POW_B_1_2000.csv	1	100	0.01	0.0	2	8	8192	10	2026-04-07_04:34:02	2026-04-07_04:34:12	9.72284483909607	100	15	799885	0
POW_A_2000.csv-POW_B_1_2000.csv	1	100	0.01	0.0	2	8	8192	10	2026-04-07_04:34:12	2026-04-07_04:34:24	11.62507939338684	100	6	799894	0
POW_A_5000.csv-POW_B_1_5000.csv	1	100	0.01	0.0	2	8	8192	10	2026-04-07_04:34:42	2026-04-07_04:35:59	76.86818838119507	250	7	4999743	0
POW_A_5000.csv-POW_B_1_5000.csv	1	100	0.01	0.0	2	8	8192	10	2026-04-07_04:35:59	2026-04-07_04:37:13	73.88403916358948	250	234	4999516	0
POW_A_5000.csv-POW_B_1_5000.csv	1	100	0.01	0.0	2	8	8192	10	2026-04-07_04:37:13	2026-04-07_04:38:26	73.11542534828186	250	3	4999747	0
POW_A_20000.csv-POW_B_1_20000.csv	1	100	0.01	0.0	2	8	8192	10	2026-04-07_04:38:44	2026-04-07_04:58:44	1200.5864033699036	1000	7	79998993	0
POW_A_20000.csv-POW_B_1_20000.csv	1	100	0.01	0.0	2	8	8192	10	2026-04-07_04:58:45	2026-04-07_05:18:51	1206.283724308014	1000	16	79998984	0
POW_A_20000.csv-POW_B_1_20000.csv	1	100	0.01	0.0	2	8	8192	10	2026-04-07_05:18:51	2026-04-07_05:39:03	1211.8513131141663	1000	13	79998987	0
POW_A_2000.csv-POW_B_1_2000.csv	1	100	0.01	0.0	2	8	8192	20	2026-04-07_05:39:23	2026-04-07_05:39:39	16.19355297088623	100	5	799895	0
POW_A_2000.csv-POW_B_1_2000.csv	1	100	0.01	0.0	2	8	8192	20	2026-04-07_05:39:39	2026-04-07_05:39:53	13.662243604660034	100	3	799897	0
POW_A_2000.csv-POW_B_1_2000.csv	1	100	0.01	0.0	2	8	8192	20	2026-04-07_05:39:53	2026-04-07_05:40:05	12.548058032989502	100	4	799896	0
POW_A_5000.csv-POW_B_1_5000.csv	1	100	0.01	0.0	2	8	8192	20	2026-04-07_05:40:23	2026-04-07_05:42:17	113.98675227165222	250	7	4999743	0
POW_A_5000.csv-POW_B_1_5000.csv	1	100	0.01	0.0	2	8	8192	20	2026-04-07_05:42:17	2026-04-07_05:44:05	108.05404019355774	250	2	4999748	0
POW_A_5000.csv-POW_B_1_5000.csv	1	100	0.01	0.0	2	8	8192	20	2026-04-07_05:44:05	2026-04-07_05:45:53	107.57570338249207	250	7	4999743	0
POW_A_20000.csv-POW_B_1_20000.csv	1	100	0.01	0.0	2	8	8192	20	2026-04-07_05:46:11	2026-04-07_06:15:22	1750.9145102500916	1000	12	79998988	0
POW_A_20000.csv-POW_B_1_20000.csv	1	100	0.01	0.0	2	8	8192	20	2026-04-07_06:15:22	2026-04-07_06:44:24	1742.2516412734985	1000	51	79998949	0
POW_A_20000.csv-POW_B_1_20000.csv	1	100	0.01	0.0	2	8	8192	20	2026-04-07_06:44:26	2026-04-07_07:12:38	1691.930104970932	1000	92	79998908	0
POW_A_2000.csv-POW_B_1_2000.csv	1	100	0.01	0.0	2	4	8192	5	2026-04-07_07:12:57	2026-04-07_07:13:08	10.500897884368896	100	78	799822	0
POW_A_2000.csv-POW_B_1_2000.csv	1	100	0.01	0.0	2	4	8192	5	2026-04-07_07:13:08	2026-04-07_07:13:17	9.251056909561157	100	6	799894	0
POW_A_2000.csv-POW_B_1_2000.csv	1	100	0.01	0.0	2	4	8192	5	2026-04-07_07:13:17	2026-04-07_07:13:26	9.342553615570068	100	55	799845	0
POW_A_5000.csv-POW_B_1_5000.csv	1	100	0.01	0.0	2	4	8192	5	2026-04-07_07:13:44	2026-04-07_07:14:47	62.608150482177734	250	52	4999698	0
POW_A_5000.csv-POW_B_1_5000.csv	1	100	0.01	0.0	2	4	8192	5	2026-04-07_07:14:47	2026-04-07_07:15:47	59.908233642578125	250	26	4999724	0
POW_A_5000.csv-POW_B_1_5000.csv	1	100	0.01	0.0	2	4	8192	5	2026-04-07_07:15:47	2026-04-07_07:16:47	59.592142820358276	250	9	4999741	0
POW_A_20000.csv-POW_B_1_20000.csv	1	100	0.01	0.0	2	4	8192	5	2026-04-07_07:17:05	2026-04-07_07:34:40	1055.056519985199	1000	58	79998942	0
POW_A_20000.csv-POW_B_1_20000.csv	1	100	0.01	0.0	2	4	8192	5	2026-04-07_07:34:40	2026-04-07_07:52:07	1046.8102095127106	1000	8	79998992	0
POW_A_20000.csv-POW_B_1_20000.csv	1	100	0.01	0.0	2	4	8192	5	2026-04-07_07:52:07	2026-04-07_08:09:43	1055.8385355472565	1000	37	79998963	0
POW_A_2000.csv-POW_B_1_2000.csv	1	100	0.01	0.0	2	4	8192	10	2026-04-07_08:10:02	2026-04-07_08:10:17	14.364403009414673	100	14	799886	0
POW_A_2000.csv-POW_B_1_2000.csv	1	100	0.01	0.0	2	4	8192	10	2026-04-07_08:10:17	2026-04-07_08:10:29	12.276286125183105	100	20	799880	0
POW_A_2000.csv-POW_B_1_2000.csv	1	100	0.01	0.0	2	4	8192	10	2026-04-07_08:10:29	2026-04-07_08:10:41	12.21432614326477	100	6	799894	0
POW_A_5000.csv-POW_B_1_5000.csv	1	100	0.01	0.0	2	4	8192	10	2026-04-07_08:11:00	2026-04-07_08:12:22	82.11569452285767	250	2	4999748	0
POW_A_5000.csv-POW_B_1_5000.csv	1	100	0.01	0.0	2	4	8192	10	2026-04-07_08:12:22	2026-04-07_08:13:43	80.99049711227417	250	37	4999713	0
POW_A_5000.csv-POW_B_1_5000.csv	1	100	0.01	0.0	2	4	8192	10	2026-04-07_08:13:43	2026-04-07_08:15:03	80.33060216903687	250	4	4999746	0
POW_A_20000.csv-POW_B_1_20000.csv	1	100	0.01	0.0	2	4	8192	10	2026-04-07_08:15:21	2026-04-07_08:39:06	1425.095731973648	1000	39	79998961	0
POW_A_20000.csv-POW_B_1_20000.csv	1	100	0.01	0.0	2	4	8192	10	2026-04-07_08:39:06	2026-04-07_09:03:04	1438.000316143036	1000	124	79998876	0
POW_A_20000.csv-POW_B_1_20000.csv	1	100	0.01	0.0	2	4	8192	10	2026-04-07_09:03:05	2026-04-07_09:26:54	1429.7904620170593	1000	10	79998990	0
POW_A_2000.csv-POW_B_1_2000.csv	1	100	0.01	0.0	2	4	8192	20	2026-04-07_09:27:14	2026-04-07_09:27:35	20.871814966201782	100	6	799894	0
POW_A_2000.csv-POW_B_1_2000.csv	1	100	0.01	0.0	2	4	8192	20	2026-04-07_09:27:35	2026-04-07_09:27:53	18.558818101882935	100	5	799895	0
POW_A_2000.csv-POW_B_1_2000.csv	1	100	0.01	0.0	2	4	8192	20	2026-04-07_09:27:53	2026-04-07_09:28:12	18.605814695358276	100	2	799898	0
POW_A_5000.csv-POW_B_1_5000.csv	1	100	0.01	0.0	2	4	8192	20	2026-04-07_09:28:30	2026-04-07_09:30:37	127.06195163726807	250	9	4999741	0
POW_A_5000.csv-POW_B_1_5000.csv	1	100	0.01	0.0	2	4	8192	20	2026-04-07_09:30:37	2026-04-07_09:32:41	123.18099975585938	250	3	4999747	0
POW_A_5000.csv-POW_B_1_5000.csv	1	100	0.01	0.0	2	4	8192	20	2026-04-07_09:32:41	2026-04-07_09:34:45	124.03464818000793	250	2	4999748	0
POW_A_20000.csv-POW_B_1_20000.csv	1	100	0.01	0.0	2	4	8192	20	2026-04-07_09:35:03	2026-04-07_10:11:15	2171.939258337021	1000	24	79998976	0
POW_A_20000.csv-POW_B_1_20000.csv	1	100	0.01	0.0	2	4	8192	20	2026-04-07_10:11:15	2026-04-07_10:46:40	2125.5436718463898	1000	111	79998889	0
POW_A_20000.csv-POW_B_1_20000.csv	1	100	0.01	0.0	2	4	8192	20	2026-04-07_10:46:40	2026-04-07_11:23:10	2189.422967195511	1000	35	79998965	0
POW_A_2000.csv-POW_B_1_2000.csv	1	100	0.01	0.0	3	16	8192	5	2026-04-07_11:23:30	2026-04-07_11:23:40	10.801860570907593	100	6	799894	0
POW_A_2000.csv-POW_B_1_2000.csv	1	100	0.01	0.0	3	16	8192	5	2026-04-07_11:23:41	2026-04-07_11:23:49	8.793330669403076	100	7	799893	0
POW_A_2000.csv-POW_B_1_2000.csv	1	100	0.01	0.0	3	16	8192	5	2026-04-07_11:23:49	2026-04-07_11:23:58	8.715694665908813	100	5	799895	0
POW_A_5000.csv-POW_B_1_5000.csv	1	100	0.01	0.0	3	16	8192	5	2026-04-07_11:24:16	2026-04-07_11:25:19	62.83787798881531	250	19	4999731	0
POW_A_5000.csv-POW_B_1_5000.csv	1	100	0.01	0.0	3	16	8192	5	2026-04-07_11:25:19	2026-04-07_11:26:11	51.577762603759766	250	3	4999747	0
POW_A_5000.csv-POW_B_1_5000.csv	1	100	0.01	0.0	3	16	8192	5	2026-04-07_11:26:11	2026-04-07_11:27:02	51.66708588600159	250	12	4999738	0
POW_A_20000.csv-POW_B_1_20000.csv	1	100	0.01	0.0	3	16	8192	5	2026-04-07_11:27:20	2026-04-07_11:42:51	930.604932308197	1000	48	79998952	0
POW_A_20000.csv-POW_B_1_20000.csv	1	100	0.01	0.0	3	16	8192	5	2026-04-07_11:42:51	2026-04-07_11:59:33	1001.6252002716064	1000	113	79998887	0
POW_A_20000.csv-POW_B_1_20000.csv	1	100	0.01	0.0	3	16	8192	5	2026-04-07_11:59:34	2026-04-07_12:16:45	1031.5271174907684	1000	24	79998976	0
POW_A_2000.csv-POW_B_1_2000.csv	1	100	0.01	0.0	3	16	8192	10	2026-04-07_12:17:04	2026-04-07_12:17:16	11.7875816822052	100	3	799897	0
POW_A_2000.csv-POW_B_1_2000.csv	1	100	0.01	0.0	3	16	8192	10	2026-04-07_12:17:16	2026-04-07_12:17:26	9.719577550888062	100	6	799894	0
POW_A_2000.csv-POW_B_1_2000.csv	1	100	0.01	0.0	3	16	8192	10	2026-04-07_12:17:26	2026-04-07_12:17:36	9.692247152328491	100	6	799894	0
POW_A_5000.csv-POW_B_1_5000.csv	1	100	0.01	0.0	3	16	8192	10	2026-04-07_12:17:54	2026-04-07_12:19:08	74.30713510513306	250	7	4999743	0
POW_A_5000.csv-POW_B_1_5000.csv	1	100	0.01	0.0	3	16	8192	10	2026-04-07_12:19:08	2026-04-07_12:20:27	79.03903913497925	250	3	4999747	0
POW_A_5000.csv-POW_B_1_5000.csv	1	100	0.01	0.0	3	16	8192	10	2026-04-07_12:20:27	2026-04-07_12:21:49	81.41213345527649	250	47	4999703	0
POW_A_20000.csv-POW_B_1_20000.csv	1	100	0.01	0.0	3	16	8192	10	2026-04-07_12:22:07	2026-04-07_12:42:53	1246.2895822525024	1000	29	79998971	0
POW_A_20000.csv-POW_B_1_20000.csv	1	100	0.01	0.0	3	16	8192	10	2026-04-07_12:42:53	2026-04-07_13:02:21	1167.3833820819855	1000	13	79998987	0
POW_A_20000.csv-POW_B_1_20000.csv	1	100	0.01	0.0	3	16	8192	10	2026-04-07_13:02:21	2026-04-07_13:26:50	1468.94166970253	1000	22	79998978	0
POW_A_2000.csv-POW_B_1_2000.csv	1	100	0.01	0.0	3	16	8192	20	2026-04-07_13:27:09	2026-04-07_13:27:25	15.161794662475586	100	5	799895	0
POW_A_2000.csv-POW_B_1_2000.csv	1	100	0.01	0.0	3	16	8192	20	2026-04-07_13:27:25	2026-04-07_13:27:38	13.14029598236084	100	1	799899	0
POW_A_2000.csv-POW_B_1_2000.csv	1	100	0.01	0.0	3	16	8192	20	2026-04-07_13:27:38	2026-04-07_13:27:51	13.253806591033936	100	4	799896	0
POW_A_5000.csv-POW_B_1_5000.csv	1	100	0.01	0.0	3	16	8192	20	2026-04-07_13:28:09	2026-04-07_13:30:23	133.90071153640747	250	2	4999748	0
POW_A_5000.csv-POW_B_1_5000.csv	1	100	0.01	0.0	3	16	8192	20	2026-04-07_13:30:23	2026-04-07_13:32:35	132.1233847141266	250	4	4999746	0
POW_A_5000.csv-POW_B_1_5000.csv	1	100	0.01	0.0	3	16	8192	20	2026-04-07_13:32:35	2026-04-07_13:34:46	130.6015613079071	250	15	4999735	0
POW_A_20000.csv-POW_B_1_20000.csv	1	100	0.01	0.0	3	16	8192	20	2026-04-07_13:35:04	2026-04-07_14:04:37	1772.6216650009155	1000	27	79998973	0
POW_A_20000.csv-POW_B_1_20000.csv	1	100	0.01	0.0	3	16	8192	20	2026-04-07_14:04:37	2026-04-07_14:46:11	2494.1382224559784	1000	10	79998990	0
POW_A_20000.csv-POW_B_1_20000.csv	1	100	0.01	0.0	3	16	8192	20	2026-04-07_14:46:11	2026-04-07_15:27:55	2503.6237967014313	1000	13	79998987	0
POW_A_2000.csv-POW_B_1_2000.csv	1	100	0.01	0.0	3	8	8192	5	2026-04-07_15:28:15	2026-04-07_15:28:26	11.282159090042114	100	3	799897	0
POW_A_2000.csv-POW_B_1_2000.csv	1	100	0.01	0.0	3	8	8192	5	2026-04-07_15:28:26	2026-04-07_15:28:35	9.281231880187988	100	6	799894	0
POW_A_2000.csv-POW_B_1_2000.csv	1	100	0.01	0.0	3	8	8192	5	2026-04-07_15:28:35	2026-04-07_15:28:45	9.426002502441406	100	20	799880	0
POW_A_5000.csv-POW_B_1_5000.csv	1	100	0.01	0.0	3	8	8192	5	2026-04-07_15:29:03	2026-04-07_15:30:08	64.95147609710693	250	3	4999747	0
POW_A_5000.csv-POW_B_1_5000.csv	1	100	0.01	0.0	3	8	8192	5	2026-04-07_15:30:08	2026-04-07_15:31:02	53.965240478515625	250	39	4999711	0
POW_A_5000.csv-POW_B_1_5000.csv	1	100	0.01	0.0	3	8	8192	5	2026-04-07_15:31:02	2026-04-07_15:32:03	60.85427403450012	250	14	4999736	0
POW_A_20000.csv-POW_B_1_20000.csv	1	100	0.01	0.0	3	8	8192	5	2026-04-07_15:32:21	2026-04-07_15:50:17	1075.9840605258942	1000	81	79998919	0
POW_A_20000.csv-POW_B_1_20000.csv	1	100	0.01	0.0	3	8	8192	5	2026-04-07_15:50:17	2026-04-07_16:07:22	1024.9838588237762	1000	19	79998981	0
POW_A_20000.csv-POW_B_1_20000.csv	1	100	0.01	0.0	3	8	8192	5	2026-04-07_16:07:23	2026-04-07_16:25:41	1098.183272600174	1000	97	79998903	0
POW_A_2000.csv-POW_B_1_2000.csv	1	100	0.01	0.0	3	8	8192	10	2026-04-07_16:26:00	2026-04-07_16:26:13	12.553439378738403	100	49	799851	0
POW_A_2000.csv-POW_B_1_2000.csv	1	100	0.01	0.0	3	8	8192	10	2026-04-07_16:26:13	2026-04-07_16:26:24	10.682780981063843	100	22	799878	0
POW_A_2000.csv-POW_B_1_2000.csv	1	100	0.01	0.0	3	8	8192	10	2026-04-07_16:26:24	2026-04-07_16:26:35	11.033268451690674	100	6	799894	0
POW_A_5000.csv-POW_B_1_5000.csv	1	100	0.01	0.0	3	8	8192	10	2026-04-07_16:26:53	2026-04-07_16:28:12	78.76468753814697	250	5	4999745	0
POW_A_5000.csv-POW_B_1_5000.csv	1	100	0.01	0.0	3	8	8192	10	2026-04-07_16:28:12	2026-04-07_16:29:32	80.38200092315674	250	18	4999732	0
POW_A_5000.csv-POW_B_1_5000.csv	1	100	0.01	0.0	3	8	8192	10	2026-04-07_16:29:32	2026-04-07_16:30:53	80.40432739257812	250	4	4999746	0
POW_A_20000.csv-POW_B_1_20000.csv	1	100	0.01	0.0	3	8	8192	10	2026-04-07_16:31:11	2026-04-07_16:54:23	1392.7754046916962	1000	211	79998789	0
POW_A_20000.csv-POW_B_1_20000.csv	1	100	0.01	0.0	3	8	8192	10	2026-04-07_16:54:23	2026-04-07_17:16:53	1349.806072473526	1000	6	79998994	0
POW_A_20000.csv-POW_B_1_20000.csv	1	100	0.01	0.0	3	8	8192	10	2026-04-07_17:16:54	2026-04-07_17:41:40	1486.1491701602936	1000	14	79998986	0
POW_A_2000.csv-POW_B_1_2000.csv	1	100	0.01	0.0	3	8	8192	20	2026-04-07_17:41:59	2026-04-07_17:42:19	19.17849588394165	100	1	799899	0
POW_A_2000.csv-POW_B_1_2000.csv	1	100	0.01	0.0	3	8	8192	20	2026-04-07_17:42:19	2026-04-07_17:42:34	14.839539766311646	100	6	799894	0
POW_A_2000.csv-POW_B_1_2000.csv	1	100	0.01	0.0	3	8	8192	20	2026-04-07_17:42:34	2026-04-07_17:42:49	15.303353548049927	100	3	799897	0
POW_A_5000.csv-POW_B_1_5000.csv	1	100	0.01	0.0	3	8	8192	20	2026-04-07_17:43:07	2026-04-07_17:45:03	115.86911535263062	250	4	4999746	0
POW_A_5000.csv-POW_B_1_5000.csv	1	100	0.01	0.0	3	8	8192	20	2026-04-07_17:45:03	2026-04-07_17:47:08	125.1984555721283	250	4	4999746	0
POW_A_5000.csv-POW_B_1_5000.csv	1	100	0.01	0.0	3	8	8192	20	2026-04-07_17:47:08	2026-04-07_17:49:00	111.88132739067078	250	3	4999747	0
POW_A_20000.csv-POW_B_1_20000.csv	1	100	0.01	0.0	3	8	8192	20	2026-04-07_17:49:18	2026-04-07_18:23:18	2040.1283266544342	1000	70	79998930	0
POW_A_20000.csv-POW_B_1_20000.csv	1	100	0.01	0.0	3	8	8192	20	2026-04-07_18:23:19	2026-04-07_18:56:51	2012.1003732681274	1000	221	79998779	0
POW_A_20000.csv-POW_B_1_20000.csv	1	100	0.01	0.0	3	8	8192	20	2026-04-07_18:56:51	2026-04-07_19:31:59	2108.503360748291	1000	48	79998952	0
POW_A_2000.csv-POW_B_1_2000.csv	1	100	0.01	0.0	3	4	8192	5	2026-04-07_19:32:19	2026-04-07_19:32:31	11.513067245483398	100	86	799814	0
POW_A_2000.csv-POW_B_1_2000.csv	1	100	0.01	0.0	3	4	8192	5	2026-04-07_19:32:31	2026-04-07_19:32:41	10.446391105651855	100	262	799638	0
POW_A_2000.csv-POW_B_1_2000.csv	1	100	0.01	0.0	3	4	8192	5	2026-04-07_19:32:41	2026-04-07_19:32:52	10.333563327789307	100	179	799721	0
POW_A_5000.csv-POW_B_1_5000.csv	1	100	0.01	0.0	3	4	8192	5	2026-04-07_19:33:10	2026-04-07_19:34:19	69.64945697784424	250	20	4999730	0
POW_A_5000.csv-POW_B_1_5000.csv	1	100	0.01	0.0	3	4	8192	5	2026-04-07_19:34:19	2026-04-07_19:35:26	66.97515344619751	250	1	4999749	0
POW_A_5000.csv-POW_B_1_5000.csv	1	100	0.01	0.0	3	4	8192	5	2026-04-07_19:35:26	2026-04-07_19:36:34	67.93426656723022	250	30	4999720	0
POW_A_20000.csv-POW_B_1_20000.csv	1	100	0.01	0.0	3	4	8192	5	2026-04-07_19:36:52	2026-04-07_19:56:27	1174.9893863201141	1000	1536	79997464	0
POW_A_20000.csv-POW_B_1_20000.csv	1	100	0.01	0.0	3	4	8192	5	2026-04-07_19:56:28	2026-04-07_20:16:32	1204.1129899024963	1000	441	79998559	0
POW_A_20000.csv-POW_B_1_20000.csv	1	100	0.01	0.0	3	4	8192	5	2026-04-07_20:16:32	2026-04-07_20:36:28	1196.5390212535858	1000	75	79998925	0
POW_A_2000.csv-POW_B_1_2000.csv	1	100	0.01	0.0	3	4	8192	10	2026-04-07_20:36:48	2026-04-07_20:37:04	16.80219268798828	100	6	799894	0
POW_A_2000.csv-POW_B_1_2000.csv	1	100	0.01	0.0	3	4	8192	10	2026-04-07_20:37:04	2026-04-07_20:37:19	14.631496667861938	100	2	799898	0
POW_A_2000.csv-POW_B_1_2000.csv	1	100	0.01	0.0	3	4	8192	10	2026-04-07_20:37:19	2026-04-07_20:37:34	14.517964839935303	100	0	799900	0
POW_A_5000.csv-POW_B_1_5000.csv	1	100	0.01	0.0	3	4	8192	10	2026-04-07_20:37:52	2026-04-07_20:39:31	99.32238173484802	250	2	4999748	0
POW_A_5000.csv-POW_B_1_5000.csv	1	100	0.01	0.0	3	4	8192	10	2026-04-07_20:39:31	2026-04-07_20:41:08	96.41923332214355	250	2	4999748	0
POW_A_5000.csv-POW_B_1_5000.csv	1	100	0.01	0.0	3	4	8192	10	2026-04-07_20:41:08	2026-04-07_20:42:45	97.56978917121887	250	3	4999747	0
POW_A_20000.csv-POW_B_1_20000.csv	1	100	0.01	0.0	3	4	8192	10	2026-04-07_20:43:03	2026-04-07_21:11:27	1703.6239459514618	1000	46	79998954	0
POW_A_20000.csv-POW_B_1_20000.csv	1	100	0.01	0.0	3	4	8192	10	2026-04-07_21:11:27	2026-04-07_21:39:30	1682.3596556186676	1000	16	79998984	0
POW_A_20000.csv-POW_B_1_20000.csv	1	100	0.01	0.0	3	4	8192	10	2026-04-07_21:39:30	2026-04-07_22:08:21	1731.642466545105	1000	13	79998987	0
POW_A_2000.csv-POW_B_1_2000.csv	1	100	0.01	0.0	3	4	8192	20	2026-04-07_22:08:41	2026-04-07_22:09:07	25.738620281219482	100	3	799897	0
POW_A_2000.csv-POW_B_1_2000.csv	1	100	0.01	0.0	3	4	8192	20	2026-04-07_22:09:07	2026-04-07_22:09:30	23.296516180038452	100	7	799893	0
POW_A_2000.csv-POW_B_1_2000.csv	1	100	0.01	0.0	3	4	8192	20	2026-04-07_22:09:30	2026-04-07_22:09:55	24.336076021194458	100	36	799864	0
POW_A_5000.csv-POW_B_1_5000.csv	1	100	0.01	0.0	3	4	8192	20	2026-04-07_22:10:13	2026-04-07_22:12:59	165.9441773891449	250	5	4999745	0
POW_A_5000.csv-POW_B_1_5000.csv	1	100	0.01	0.0	3	4	8192	20	2026-04-07_22:12:59	2026-04-07_22:15:40	161.36295795440674	250	4	4999746	0
POW_A_5000.csv-POW_B_1_5000.csv	1	100	0.01	0.0	3	4	8192	20	2026-04-07_22:15:40	2026-04-07_22:18:22	161.6294641494751	250	6	4999744	0
POW_A_20000.csv-POW_B_1_20000.csv	1	100	0.01	0.0	3	4	8192	20	2026-04-07_22:18:40	2026-04-07_23:03:52	2711.824250459671	1000	59	79998941	0
POW_A_20000.csv-POW_B_1_20000.csv	1	100	0.01	0.0	3	4	8192	20	2026-04-07_23:03:52	2026-04-07_23:49:39	2746.577682495117	1000	24	79998976	0
POW_A_20000.csv-POW_B_1_20000.csv	1	100	0.01	0.0	3	4	8192	20	2026-04-07_23:49:39	2026-04-08_00:35:06	2727.4484584331512	1000	9	79998991	0
POW_A_2000.csv-POW_B_1_2000.csv	1	100	0.01	0.01	1	16	8192	5	2026-04-08_00:35:26	2026-04-08_00:35:35	9.122608661651611	100	10	799890	0
POW_A_2000.csv-POW_B_1_2000.csv	1	100	0.01	0.01	1	16	8192	5	2026-04-08_00:35:35	2026-04-08_00:35:43	7.929630517959595	100	7	799893	0
POW_A_2000.csv-POW_B_1_2000.csv	1	100	0.01	0.01	1	16	8192	5	2026-04-08_00:35:43	2026-04-08_00:35:51	7.931542873382568	100	10	799890	0
POW_A_5000.csv-POW_B_1_5000.csv	1	100	0.01	0.01	1	16	8192	5	2026-04-08_00:36:10	2026-04-08_00:36:58	48.08694100379944	250	7	4999743	0
POW_A_5000.csv-POW_B_1_5000.csv	1	100	0.01	0.01	1	16	8192	5	2026-04-08_00:36:58	2026-04-08_00:37:47	48.83281397819519	250	15	4999735	0
POW_A_5000.csv-POW_B_1_5000.csv	1	100	0.01	0.01	1	16	8192	5	2026-04-08_00:37:47	2026-04-08_00:38:36	49.74042296409607	250	9	4999741	0
POW_A_20000.csv-POW_B_1_20000.csv	1	100	0.01	0.01	1	16	8192	5	2026-04-08_00:38:54	2026-04-08_00:52:30	815.7072994709015	1000	303	79998697	0
POW_A_20000.csv-POW_B_1_20000.csv	1	100	0.01	0.01	1	16	8192	5	2026-04-08_00:52:30	2026-04-08_01:05:43	793.1609554290771	1000	348	79998652	0
POW_A_20000.csv-POW_B_1_20000.csv	1	100	0.01	0.01	1	16	8192	5	2026-04-08_01:05:44	2026-04-08_01:20:58	914.0225970745087	1000	7	79998993	0
POW_A_2000.csv-POW_B_1_2000.csv	1	100	0.01	0.01	1	16	8192	10	2026-04-08_01:21:18	2026-04-08_01:21:28	9.855685472488403	100	7	799893	0
POW_A_2000.csv-POW_B_1_2000.csv	1	100	0.01	0.01	1	16	8192	10	2026-04-08_01:21:28	2026-04-08_01:21:36	7.877077579498291	100	7	799893	0
POW_A_2000.csv-POW_B_1_2000.csv	1	100	0.01	0.01	1	16	8192	10	2026-04-08_01:21:36	2026-04-08_01:21:44	7.837755918502808	100	6	799894	0
POW_A_5000.csv-POW_B_1_5000.csv	1	100	0.01	0.01	1	16	8192	10	2026-04-08_01:22:02	2026-04-08_01:23:10	68.1437714099884	250	15	4999735	0
POW_A_5000.csv-POW_B_1_5000.csv	1	100	0.01	0.01	1	16	8192	10	2026-04-08_01:23:10	2026-04-08_01:24:08	57.90203928947449	250	4	4999746	0
POW_A_5000.csv-POW_B_1_5000.csv	1	100	0.01	0.01	1	16	8192	10	2026-04-08_01:24:08	2026-04-08_01:25:13	64.7929334640503	250	5	4999745	0
POW_A_20000.csv-POW_B_1_20000.csv	1	100	0.01	0.01	1	16	8192	10	2026-04-08_01:25:31	2026-04-08_01:40:50	918.9911489486694	1000	8	79998992	0
POW_A_20000.csv-POW_B_1_20000.csv	1	100	0.01	0.01	1	16	8192	10	2026-04-08_01:40:50	2026-04-08_01:56:25	934.9422903060913	1000	7	79998993	0
POW_A_20000.csv-POW_B_1_20000.csv	1	100	0.01	0.01	1	16	8192	10	2026-04-08_01:56:25	2026-04-08_02:11:45	920.0336916446686	1000	20	79998980	0
POW_A_2000.csv-POW_B_1_2000.csv	1	100	0.01	0.01	1	16	8192	20	2026-04-08_02:12:04	2026-04-08_02:12:16	11.444367408752441	100	4	799896	0
POW_A_2000.csv-POW_B_1_2000.csv	1	100	0.01	0.01	1	16	8192	20	2026-04-08_02:12:16	2026-04-08_02:12:25	9.433572769165039	100	4	799896	0
POW_A_2000.csv-POW_B_1_2000.csv	1	100	0.01	0.01	1	16	8192	20	2026-04-08_02:12:25	2026-04-08_02:12:35	9.43010425567627	100	6	799894	0
POW_A_5000.csv-POW_B_1_5000.csv	1	100	0.01	0.01	1	16	8192	20	2026-04-08_02:12:53	2026-04-08_02:14:19	86.02529263496399	250	3	4999747	0
POW_A_5000.csv-POW_B_1_5000.csv	1	100	0.01	0.01	1	16	8192	20	2026-04-08_02:14:19	2026-04-08_02:15:41	82.25295114517212	250	3	4999747	0
POW_A_5000.csv-POW_B_1_5000.csv	1	100	0.01	0.01	1	16	8192	20	2026-04-08_02:15:41	2026-04-08_02:17:04	82.86682486534119	250	3	4999747	0
POW_A_20000.csv-POW_B_1_20000.csv	1	100	0.01	0.01	1	16	8192	20	2026-04-08_02:17:22	2026-04-08_02:37:53	1230.4460015296936	1000	35	79998965	0
POW_A_20000.csv-POW_B_1_20000.csv	1	100	0.01	0.01	1	16	8192	20	2026-04-08_02:37:53	2026-04-08_02:57:40	1187.4588758945465	1000	23	79998977	0
POW_A_20000.csv-POW_B_1_20000.csv	1	100	0.01	0.01	1	16	8192	20	2026-04-08_02:57:41	2026-04-08_03:23:39	1558.0211634635925	1000	12	79998988	0
POW_A_2000.csv-POW_B_1_2000.csv	1	100	0.01	0.01	1	8	8192	5	2026-04-08_03:23:59	2026-04-08_03:24:08	9.321025609970093	100	5	799895	0
POW_A_2000.csv-POW_B_1_2000.csv	1	100	0.01	0.01	1	8	8192	5	2026-04-08_03:24:08	2026-04-08_03:24:16	8.006142616271973	100	33	799867	0
POW_A_2000.csv-POW_B_1_2000.csv	1	100	0.01	0.01	1	8	8192	5	2026-04-08_03:24:16	2026-04-08_03:24:24	7.517777681350708	100	10	799890	0
POW_A_5000.csv-POW_B_1_5000.csv	1	100	0.01	0.01	1	8	8192	5	2026-04-08_03:24:42	2026-04-08_03:25:37	54.935510873794556	250	9	4999741	0
POW_A_5000.csv-POW_B_1_5000.csv	1	100	0.01	0.01	1	8	8192	5	2026-04-08_03:25:37	2026-04-08_03:26:26	49.068108320236206	250	9	4999741	0
POW_A_5000.csv-POW_B_1_5000.csv	1	100	0.01	0.01	1	8	8192	5	2026-04-08_03:26:26	2026-04-08_03:27:17	51.143277645111084	250	4	4999746	0
POW_A_20000.csv-POW_B_1_20000.csv	1	100	0.01	0.01	1	8	8192	5	2026-04-08_03:27:35	2026-04-08_03:41:50	854.925295829773	1000	93	79998907	0
POW_A_20000.csv-POW_B_1_20000.csv	1	100	0.01	0.01	1	8	8192	5	2026-04-08_03:41:50	2026-04-08_03:56:17	866.7036066055298	1000	454	79998546	0
POW_A_20000.csv-POW_B_1_20000.csv	1	100	0.01	0.01	1	8	8192	5	2026-04-08_03:56:17	2026-04-08_04:11:09	891.561192035675	1000	27	79998973	0
POW_A_2000.csv-POW_B_1_2000.csv	1	100	0.01	0.01	1	8	8192	10	2026-04-08_04:11:29	2026-04-08_04:11:39	10.562999963760376	100	37	799863	0
POW_A_2000.csv-POW_B_1_2000.csv	1	100	0.01	0.01	1	8	8192	10	2026-04-08_04:11:39	2026-04-08_04:11:49	9.955453157424927	100	7	799893	0
POW_A_2000.csv-POW_B_1_2000.csv	1	100	0.01	0.01	1	8	8192	10	2026-04-08_04:11:49	2026-04-08_04:11:58	8.516737461090088	100	6	799894	0
POW_A_5000.csv-POW_B_1_5000.csv	1	100	0.01	0.01	1	8	8192	10	2026-04-08_04:12:16	2026-04-08_04:13:22	66.08613705635071	250	5	4999745	0
POW_A_5000.csv-POW_B_1_5000.csv	1	100	0.01	0.01	1	8	8192	10	2026-04-08_04:13:22	2026-04-08_04:14:22	60.163862228393555	250	3	4999747	0
POW_A_5000.csv-POW_B_1_5000.csv	1	100	0.01	0.01	1	8	8192	10	2026-04-08_04:14:22	2026-04-08_04:15:24	62.30875611305237	250	3	4999747	0
POW_A_20000.csv-POW_B_1_20000.csv	1	100	0.01	0.01	1	8	8192	10	2026-04-08_04:15:43	2026-04-08_04:32:55	1032.683494091034	1000	59	79998941	0
POW_A_20000.csv-POW_B_1_20000.csv	1	100	0.01	0.01	1	8	8192	10	2026-04-08_04:32:56	2026-04-08_04:49:38	1002.0459444522858	1000	535	79998465	0
POW_A_20000.csv-POW_B_1_20000.csv	1	100	0.01	0.01	1	8	8192	10	2026-04-08_04:49:39	2026-04-08_05:06:15	995.9932472705841	1000	8	79998992	0
POW_A_2000.csv-POW_B_1_2000.csv	1	100	0.01	0.01	1	8	8192	20	2026-04-08_05:06:34	2026-04-08_05:06:48	13.088469982147217	100	4	799896	0
POW_A_2000.csv-POW_B_1_2000.csv	1	100	0.01	0.01	1	8	8192	20	2026-04-08_05:06:48	2026-04-08_05:06:58	10.840835094451904	100	9	799891	0
POW_A_2000.csv-POW_B_1_2000.csv	1	100	0.01	0.01	1	8	8192	20	2026-04-08_05:06:59	2026-04-08_05:07:10	11.180723667144775	100	6	799894	0
POW_A_5000.csv-POW_B_1_5000.csv	1	100	0.01	0.01	1	8	8192	20	2026-04-08_05:07:28	2026-04-08_05:08:44	76.02296686172485	250	3	4999747	0
POW_A_5000.csv-POW_B_1_5000.csv	1	100	0.01	0.01	1	8	8192	20	2026-04-08_05:08:44	2026-04-08_05:10:06	81.62657070159912	250	3	4999747	0
POW_A_5000.csv-POW_B_1_5000.csv	1	100	0.01	0.01	1	8	8192	20	2026-04-08_05:10:06	2026-04-08_05:11:28	82.19804692268372	250	3	4999747	0
POW_A_20000.csv-POW_B_1_20000.csv	1	100	0.01	0.01	1	8	8192	20	2026-04-08_05:11:46	2026-04-08_05:35:42	1435.7103281021118	1000	7	79998993	0
POW_A_20000.csv-POW_B_1_20000.csv	1	100	0.01	0.01	1	8	8192	20	2026-04-08_05:35:42	2026-04-08_05:58:45	1383.8077971935272	1000	34	79998966	0
POW_A_20000.csv-POW_B_1_20000.csv	1	100	0.01	0.01	1	8	8192	20	2026-04-08_05:58:46	2026-04-08_06:21:26	1360.4007260799408	1000	34	79998966	0
POW_A_2000.csv-POW_B_1_2000.csv	1	100	0.01	0.01	1	4	8192	5	2026-04-08_06:21:45	2026-04-08_06:21:57	11.3854660987854	100	21	799879	0
POW_A_2000.csv-POW_B_1_2000.csv	1	100	0.01	0.01	1	4	8192	5	2026-04-08_06:21:57	2026-04-08_06:22:06	9.41281533241272	100	148	799752	0
POW_A_2000.csv-POW_B_1_2000.csv	1	100	0.01	0.01	1	4	8192	5	2026-04-08_06:22:06	2026-04-08_06:22:15	9.21092438697815	100	29	799871	0
POW_A_5000.csv-POW_B_1_5000.csv	1	100	0.01	0.01	1	4	8192	5	2026-04-08_06:22:34	2026-04-08_06:23:30	56.60668754577637	250	65	4999685	0
POW_A_5000.csv-POW_B_1_5000.csv	1	100	0.01	0.01	1	4	8192	5	2026-04-08_06:23:30	2026-04-08_06:24:24	53.897087812423706	250	29	4999721	0
POW_A_5000.csv-POW_B_1_5000.csv	1	100	0.01	0.01	1	4	8192	5	2026-04-08_06:24:24	2026-04-08_06:25:19	55.0022349357605	250	31	4999719	0
POW_A_20000.csv-POW_B_1_20000.csv	1	100	0.01	0.01	1	4	8192	5	2026-04-08_06:25:37	2026-04-08_06:42:01	983.3730623722076	1000	68	79998932	0
POW_A_20000.csv-POW_B_1_20000.csv	1	100	0.01	0.01	1	4	8192	5	2026-04-08_06:42:01	2026-04-08_06:57:54	953.2948651313782	1000	33	79998967	0
POW_A_20000.csv-POW_B_1_20000.csv	1	100	0.01	0.01	1	4	8192	5	2026-04-08_06:57:54	2026-04-08_07:14:06	971.8470270633698	1000	42	79998958	0
POW_A_2000.csv-POW_B_1_2000.csv	1	100	0.01	0.01	1	4	8192	10	2026-04-08_07:14:26	2026-04-08_07:14:39	13.062103033065796	100	59	799841	0
POW_A_2000.csv-POW_B_1_2000.csv	1	100	0.01	0.01	1	4	8192	10	2026-04-08_07:14:39	2026-04-08_07:14:50	10.934303045272827	100	8	799892	0
POW_A_2000.csv-POW_B_1_2000.csv	1	100	0.01	0.01	1	4	8192	10	2026-04-08_07:14:50	2026-04-08_07:15:01	10.680836200714111	100	4	799896	0
POW_A_5000.csv-POW_B_1_5000.csv	1	100	0.01	0.01	1	4	8192	10	2026-04-08_07:15:19	2026-04-08_07:16:32	72.78786253929138	250	9	4999741	0
POW_A_5000.csv-POW_B_1_5000.csv	1	100	0.01	0.01	1	4	8192	10	2026-04-08_07:16:32	2026-04-08_07:17:39	67.27224206924438	250	3	4999747	0
POW_A_5000.csv-POW_B_1_5000.csv	1	100	0.01	0.01	1	4	8192	10	2026-04-08_07:17:39	2026-04-08_07:18:49	69.77070093154907	250	9	4999741	0
POW_A_20000.csv-POW_B_1_20000.csv	1	100	0.01	0.01	1	4	8192	10	2026-04-08_07:19:07	2026-04-08_07:39:37	1230.1111459732056	1000	137	79998863	0
POW_A_20000.csv-POW_B_1_20000.csv	1	100	0.01	0.01	1	4	8192	10	2026-04-08_07:39:37	2026-04-08_08:00:03	1225.6877102851868	1000	28	79998972	0
POW_A_20000.csv-POW_B_1_20000.csv	1	100	0.01	0.01	1	4	8192	10	2026-04-08_08:00:04	2026-04-08_08:20:27	1223.5570681095123	1000	110	79998890	0
POW_A_2000.csv-POW_B_1_2000.csv	1	100	0.01	0.01	1	4	8192	20	2026-04-08_08:20:46	2026-04-08_08:21:04	17.09780979156494	100	4	799896	0
POW_A_2000.csv-POW_B_1_2000.csv	1	100	0.01	0.01	1	4	8192	20	2026-04-08_08:21:04	2026-04-08_08:21:19	15.427828788757324	100	10	799890	0
POW_A_2000.csv-POW_B_1_2000.csv	1	100	0.01	0.01	1	4	8192	20	2026-04-08_08:21:19	2026-04-08_08:21:35	15.925301551818848	100	17	799883	0
POW_A_5000.csv-POW_B_1_5000.csv	1	100	0.01	0.01	1	4	8192	20	2026-04-08_08:21:53	2026-04-08_08:23:37	103.7273542881012	250	6	4999744	0
POW_A_5000.csv-POW_B_1_5000.csv	1	100	0.01	0.01	1	4	8192	20	2026-04-08_08:23:37	2026-04-08_08:25:15	98.08103489875793	250	3	4999747	0
POW_A_5000.csv-POW_B_1_5000.csv	1	100	0.01	0.01	1	4	8192	20	2026-04-08_08:25:15	2026-04-08_08:26:55	99.75030565261841	250	2	4999748	0
POW_A_20000.csv-POW_B_1_20000.csv	1	100	0.01	0.01	1	4	8192	20	2026-04-08_08:27:13	2026-04-08_08:57:53	1839.5630986690521	1000	41	79998959	0
POW_A_20000.csv-POW_B_1_20000.csv	1	100	0.01	0.01	1	4	8192	20	2026-04-08_08:57:53	2026-04-08_09:28:18	1825.3853616714478	1000	78	79998922	0
POW_A_20000.csv-POW_B_1_20000.csv	1	100	0.01	0.01	1	4	8192	20	2026-04-08_09:28:18	2026-04-08_10:00:31	1932.2810139656067	1000	31	79998969	0
POW_A_2000.csv-POW_B_1_2000.csv	1	100	0.01	0.01	2	16	8192	5	2026-04-08_10:00:50	2026-04-08_10:01:00	9.476951360702515	100	9	799891	0
POW_A_2000.csv-POW_B_1_2000.csv	1	100	0.01	0.01	2	16	8192	5	2026-04-08_10:01:00	2026-04-08_10:01:07	7.529896020889282	100	20	799880	0
POW_A_2000.csv-POW_B_1_2000.csv	1	100	0.01	0.01	2	16	8192	5	2026-04-08_10:01:07	2026-04-08_10:01:15	7.463838577270508	100	9	799891	0
POW_A_5000.csv-POW_B_1_5000.csv	1	100	0.01	0.01	2	16	8192	5	2026-04-08_10:01:33	2026-04-08_10:02:27	53.61530303955078	250	7	4999743	0
POW_A_5000.csv-POW_B_1_5000.csv	1	100	0.01	0.01	2	16	8192	5	2026-04-08_10:02:27	2026-04-08_10:03:19	52.14917588233948	250	9	4999741	0
POW_A_5000.csv-POW_B_1_5000.csv	1	100	0.01	0.01	2	16	8192	5	2026-04-08_10:03:19	2026-04-08_10:04:12	53.30787491798401	250	15	4999735	0
POW_A_20000.csv-POW_B_1_20000.csv	1	100	0.01	0.01	2	16	8192	5	2026-04-08_10:04:30	2026-04-08_10:18:51	860.7210154533386	1000	13	79998987	0
POW_A_20000.csv-POW_B_1_20000.csv	1	100	0.01	0.01	2	16	8192	5	2026-04-08_10:18:51	2026-04-08_10:34:32	941.1154932975769	1000	43	79998957	0
POW_A_20000.csv-POW_B_1_20000.csv	1	100	0.01	0.01	2	16	8192	5	2026-04-08_10:34:32	2026-04-08_10:51:15	1002.8500587940216	1000	98	79998902	0
POW_A_2000.csv-POW_B_1_2000.csv	1	100	0.01	0.01	2	16	8192	10	2026-04-08_10:51:35	2026-04-08_10:51:45	10.829020261764526	100	7	799893	0
POW_A_2000.csv-POW_B_1_2000.csv	1	100	0.01	0.01	2	16	8192	10	2026-04-08_10:51:45	2026-04-08_10:51:54	8.859183549880981	100	4	799896	0
POW_A_2000.csv-POW_B_1_2000.csv	1	100	0.01	0.01	2	16	8192	10	2026-04-08_10:51:54	2026-04-08_10:52:03	8.77456283569336	100	8	799892	0
POW_A_5000.csv-POW_B_1_5000.csv	1	100	0.01	0.01	2	16	8192	10	2026-04-08_10:52:21	2026-04-08_10:53:32	70.86646437644958	250	6	4999744	0
POW_A_5000.csv-POW_B_1_5000.csv	1	100	0.01	0.01	2	16	8192	10	2026-04-08_10:53:32	2026-04-08_10:54:46	74.2290849685669	250	3	4999747	0
POW_A_5000.csv-POW_B_1_5000.csv	1	100	0.01	0.01	2	16	8192	10	2026-04-08_10:54:46	2026-04-08_10:55:59	72.4778401851654	250	3	4999747	0
POW_A_20000.csv-POW_B_1_20000.csv	1	100	0.01	0.01	2	16	8192	10	2026-04-08_10:56:17	2026-04-08_11:14:09	1072.4044713974	1000	1337	79997663	0
POW_A_20000.csv-POW_B_1_20000.csv	1	100	0.01	0.01	2	16	8192	10	2026-04-08_11:14:10	2026-04-08_11:33:02	1132.103877544403	1000	1526	79997474	0
POW_A_20000.csv-POW_B_1_20000.csv	1	100	0.01	0.01	2	16	8192	10	2026-04-08_11:33:03	2026-04-08_11:50:42	1058.9855592250824	0	0	79999000	1000
POW_A_2000.csv-POW_B_1_2000.csv	1	100	0.01	0.01	2	16	8192	20	2026-04-08_11:51:02	2026-04-08_11:51:15	13.552594661712646	100	4	799896	0
POW_A_2000.csv-POW_B_1_2000.csv	1	100	0.01	0.01	2	16	8192	20	2026-04-08_11:51:15	2026-04-08_11:51:27	11.489677906036377	100	4	799896	0
POW_A_2000.csv-POW_B_1_2000.csv	1	100	0.01	0.01	2	16	8192	20	2026-04-08_11:51:27	2026-04-08_11:51:38	11.609785556793213	100	4	799896	0
POW_A_5000.csv-POW_B_1_5000.csv	1	100	0.01	0.01	2	16	8192	20	2026-04-08_11:51:57	2026-04-08_11:53:45	108.8802170753479	250	3	4999747	0
POW_A_5000.csv-POW_B_1_5000.csv	1	100	0.01	0.01	2	16	8192	20	2026-04-08_11:53:45	2026-04-08_11:55:32	106.25255799293518	250	2	4999748	0
POW_A_5000.csv-POW_B_1_5000.csv	1	100	0.01	0.01	2	16	8192	20	2026-04-08_11:55:32	2026-04-08_11:57:16	103.79732465744019	250	3	4999747	0
POW_A_20000.csv-POW_B_1_20000.csv	1	100	0.01	0.01	2	16	8192	20	2026-04-08_11:57:34	2026-04-08_12:23:01	1527.7809257507324	1000	12	79998988	0
POW_A_20000.csv-POW_B_1_20000.csv	1	100	0.01	0.01	2	16	8192	20	2026-04-08_12:23:02	2026-04-08_12:49:08	1566.9287366867065	1000	89	79998911	0
POW_A_20000.csv-POW_B_1_20000.csv	1	100	0.01	0.01	2	16	8192	20	2026-04-08_12:49:09	2026-04-08_13:18:54	1784.9997353553772	1000	72	79998928	0
POW_A_2000.csv-POW_B_1_2000.csv	1	100	0.01	0.01	2	8	8192	5	2026-04-08_13:19:13	2026-04-08_13:19:23	10.214891195297241	100	53	799847	0
POW_A_2000.csv-POW_B_1_2000.csv	1	100	0.01	0.01	2	8	8192	5	2026-04-08_13:19:23	2026-04-08_13:19:32	8.520639181137085	100	99	799801	0
POW_A_2000.csv-POW_B_1_2000.csv	1	100	0.01	0.01	2	8	8192	5	2026-04-08_13:19:32	2026-04-08_13:19:41	8.94571304321289	100	20	799880	0
POW_A_5000.csv-POW_B_1_5000.csv	1	100	0.01	0.01	2	8	8192	5	2026-04-08_13:19:59	2026-04-08_13:20:54	55.06873607635498	250	9	4999741	0
POW_A_5000.csv-POW_B_1_5000.csv	1	100	0.01	0.01	2	8	8192	5	2026-04-08_13:20:54	2026-04-08_13:21:46	51.99191355705261	250	7	4999743	0
POW_A_5000.csv-POW_B_1_5000.csv	1	100	0.01	0.01	2	8	8192	5	2026-04-08_13:21:46	2026-04-08_13:22:42	55.836827754974365	250	68	4999682	0
POW_A_20000.csv-POW_B_1_20000.csv	1	100	0.01	0.01	2	8	8192	5	2026-04-08_13:23:00	2026-04-08_13:39:55	1015.207038640976	1000	535	79998465	0
POW_A_20000.csv-POW_B_1_20000.csv	1	100	0.01	0.01	2	8	8192	5	2026-04-08_13:39:55	2026-04-08_13:55:32	936.9253127574921	1000	26	79998974	0
POW_A_20000.csv-POW_B_1_20000.csv	1	100	0.01	0.01	2	8	8192	5	2026-04-08_13:55:32	2026-04-08_14:12:40	1027.6103129386902	1000	59	79998941	0
POW_A_2000.csv-POW_B_1_2000.csv	1	100	0.01	0.01	2	8	8192	10	2026-04-08_14:13:00	2026-04-08_14:13:10	10.589279651641846	100	10	799890	0
POW_A_2000.csv-POW_B_1_2000.csv	1	100	0.01	0.01	2	8	8192	10	2026-04-08_14:13:10	2026-04-08_14:13:21	10.326970338821411	100	12	799888	0
POW_A_2000.csv-POW_B_1_2000.csv	1	100	0.01	0.01	2	8	8192	10	2026-04-08_14:13:21	2026-04-08_14:13:31	10.00408148765564	100	9	799891	0
POW_A_5000.csv-POW_B_1_5000.csv	1	100	0.01	0.01	2	8	8192	10	2026-04-08_14:13:49	2026-04-08_14:15:03	74.16319394111633	250	6	4999744	0
POW_A_5000.csv-POW_B_1_5000.csv	1	100	0.01	0.01	2	8	8192	10	2026-04-08_14:15:03	2026-04-08_14:16:16	72.61708974838257	250	3	4999747	0
POW_A_5000.csv-POW_B_1_5000.csv	1	100	0.01	0.01	2	8	8192	10	2026-04-08_14:16:16	2026-04-08_14:17:20	63.66113519668579	250	3	4999747	0
POW_A_20000.csv-POW_B_1_20000.csv	1	100	0.01	0.01	2	8	8192	10	2026-04-08_14:17:38	2026-04-08_14:38:53	1275.656723022461	1000	75	79998925	0
POW_A_20000.csv-POW_B_1_20000.csv	1	100	0.01	0.01	2	8	8192	10	2026-04-08_14:38:53	2026-04-08_14:59:56	1262.5210983753204	1000	35	79998965	0
POW_A_20000.csv-POW_B_1_20000.csv	1	100	0.01	0.01	2	8	8192	10	2026-04-08_14:59:56	2026-04-08_15:19:56	1199.700659751892	1000	430	79998570	0
POW_A_2000.csv-POW_B_1_2000.csv	1	100	0.01	0.01	2	8	8192	20	2026-04-08_15:20:15	2026-04-08_15:20:34	19.19892191886902	100	4	799896	0
POW_A_2000.csv-POW_B_1_2000.csv	1	100	0.01	0.01	2	8	8192	20	2026-04-08_15:20:34	2026-04-08_15:20:51	16.92270588874817	100	6	799894	0
POW_A_2000.csv-POW_B_1_2000.csv	1	100	0.01	0.01	2	8	8192	20	2026-04-08_15:20:51	2026-04-08_15:21:05	13.890456676483154	100	4	799896	0
POW_A_5000.csv-POW_B_1_5000.csv	1	100	0.01	0.01	2	8	8192	20	2026-04-08_15:21:23	2026-04-08_15:23:17	113.43264746665955	250	6	4999744	0
POW_A_5000.csv-POW_B_1_5000.csv	1	100	0.01	0.01	2	8	8192	20	2026-04-08_15:23:17	2026-04-08_15:24:59	102.626145362854	250	3	4999747	0
POW_A_5000.csv-POW_B_1_5000.csv	1	100	0.01	0.01	2	8	8192	20	2026-04-08_15:25:00	2026-04-08_15:26:48	108.62608313560486	250	3	4999747	0
POW_A_20000.csv-POW_B_1_20000.csv	1	100	0.01	0.01	2	8	8192	20	2026-04-08_15:27:06	2026-04-08_15:54:41	1654.5913956165314	1000	61	79998939	0
POW_A_20000.csv-POW_B_1_20000.csv	1	100	0.01	0.01	2	8	8192	20	2026-04-08_15:54:41	2026-04-08_16:21:56	1634.688398361206	1000	36	79998964	0
POW_A_20000.csv-POW_B_1_20000.csv	1	100	0.01	0.01	2	8	8192	20	2026-04-08_16:21:57	2026-04-08_16:50:30	1712.6746995449066	1000	66	79998934	0
POW_A_2000.csv-POW_B_1_2000.csv	1	100	0.01	0.01	2	4	8192	5	2026-04-08_16:50:49	2026-04-08_16:51:01	11.447689533233643	100	22	799878	0
POW_A_2000.csv-POW_B_1_2000.csv	1	100	0.01	0.01	2	4	8192	5	2026-04-08_16:51:01	2026-04-08_16:51:10	9.323246240615845	100	37	799863	0
POW_A_2000.csv-POW_B_1_2000.csv	1	100	0.01	0.01	2	4	8192	5	2026-04-08_16:51:10	2026-04-08_16:51:20	9.385446310043335	100	31	799869	0
POW_A_5000.csv-POW_B_1_5000.csv	1	100	0.01	0.01	2	4	8192	5	2026-04-08_16:51:38	2026-04-08_16:52:40	62.459877490997314	250	86	4999664	0
POW_A_5000.csv-POW_B_1_5000.csv	1	100	0.01	0.01	2	4	8192	5	2026-04-08_16:52:40	2026-04-08_16:53:41	60.292686462402344	250	53	4999697	0
POW_A_5000.csv-POW_B_1_5000.csv	1	100	0.01	0.01	2	4	8192	5	2026-04-08_16:53:41	2026-04-08_16:54:40	59.45610523223877	250	16	4999734	0
POW_A_20000.csv-POW_B_1_20000.csv	1	100	0.01	0.01	2	4	8192	5	2026-04-08_16:54:58	2026-04-08_17:13:56	1138.2278118133545	1000	198	79998802	0
POW_A_20000.csv-POW_B_1_20000.csv	1	100	0.01	0.01	2	4	8192	5	2026-04-08_17:13:57	2026-04-08_17:32:53	1136.186555147171	1000	55	79998945	0
POW_A_20000.csv-POW_B_1_20000.csv	1	100	0.01	0.01	2	4	8192	5	2026-04-08_17:32:53	2026-04-08_17:51:26	1113.3213107585907	1000	19	79998981	0
POW_A_2000.csv-POW_B_1_2000.csv	1	100	0.01	0.01	2	4	8192	10	2026-04-08_17:51:46	2026-04-08_17:52:00	14.522890567779541	100	8	799892	0
POW_A_2000.csv-POW_B_1_2000.csv	1	100	0.01	0.01	2	4	8192	10	2026-04-08_17:52:00	2026-04-08_17:52:13	12.352646112442017	100	108	799792	0
POW_A_2000.csv-POW_B_1_2000.csv	1	100	0.01	0.01	2	4	8192	10	2026-04-08_17:52:13	2026-04-08_17:52:25	12.421947479248047	100	23	799877	0
POW_A_5000.csv-POW_B_1_5000.csv	1	100	0.01	0.01	2	4	8192	10	2026-04-08_17:52:43	2026-04-08_17:54:06	82.47334861755371	250	9	4999741	0
POW_A_5000.csv-POW_B_1_5000.csv	1	100	0.01	0.01	2	4	8192	10	2026-04-08_17:54:06	2026-04-08_17:55:26	80.65976548194885	250	3	4999747	0
POW_A_5000.csv-POW_B_1_5000.csv	1	100	0.01	0.01	2	4	8192	10	2026-04-08_17:55:26	2026-04-08_17:56:47	80.725177526474	250	11	4999739	0
POW_A_20000.csv-POW_B_1_20000.csv	1	100	0.01	0.01	2	4	8192	10	2026-04-08_17:57:05	2026-04-08_18:21:23	1457.8275940418243	1000	47	79998953	0
POW_A_20000.csv-POW_B_1_20000.csv	1	100	0.01	0.01	2	4	8192	10	2026-04-08_18:21:23	2026-04-08_18:45:05	1421.685119152069	1000	76	79998924	0
POW_A_20000.csv-POW_B_1_20000.csv	1	100	0.01	0.01	2	4	8192	10	2026-04-08_18:45:05	2026-04-08_19:09:15	1449.9634280204773	1000	130	79998870	0
POW_A_2000.csv-POW_B_1_2000.csv	1	100	0.01	0.01	2	4	8192	20	2026-04-08_19:09:35	2026-04-08_19:09:55	20.645204782485962	100	118	799782	0
POW_A_2000.csv-POW_B_1_2000.csv	1	100	0.01	0.01	2	4	8192	20	2026-04-08_19:09:55	2026-04-08_19:10:14	18.253846168518066	100	9	799891	0
POW_A_2000.csv-POW_B_1_2000.csv	1	100	0.01	0.01	2	4	8192	20	2026-04-08_19:10:14	2026-04-08_19:10:32	18.50746989250183	100	17	799883	0
POW_A_5000.csv-POW_B_1_5000.csv	1	100	0.01	0.01	2	4	8192	20	2026-04-08_19:10:50	2026-04-08_19:12:56	125.81899452209473	250	4	4999746	0
POW_A_5000.csv-POW_B_1_5000.csv	1	100	0.01	0.01	2	4	8192	20	2026-04-08_19:12:56	2026-04-08_19:15:01	124.64728856086731	250	3	4999747	0
POW_A_5000.csv-POW_B_1_5000.csv	1	100	0.01	0.01	2	4	8192	20	2026-04-08_19:15:01	2026-04-08_19:17:04	123.34876155853271	250	16	4999734	0
POW_A_20000.csv-POW_B_1_20000.csv	1	100	0.01	0.01	2	4	8192	20	2026-04-08_19:17:22	2026-04-08_19:53:30	2167.3779265880585	1000	75	79998925	0
POW_A_20000.csv-POW_B_1_20000.csv	1	100	0.01	0.01	2	4	8192	20	2026-04-08_19:53:30	2026-04-08_20:29:15	2145.38694524765	1000	26	79998974	0
POW_A_20000.csv-POW_B_1_20000.csv	1	100	0.01	0.01	2	4	8192	20	2026-04-08_20:29:15	2026-04-08_21:06:00	2204.237548351288	1000	50	79998950	0
POW_A_2000.csv-POW_B_1_2000.csv	1	100	0.01	0.01	3	16	8192	5	2026-04-08_21:06:19	2026-04-08_21:06:31	11.885161399841309	100	4	799896	0
POW_A_2000.csv-POW_B_1_2000.csv	1	100	0.01	0.01	3	16	8192	5	2026-04-08_21:06:31	2026-04-08_21:06:41	9.860772371292114	100	9	799891	0
POW_A_2000.csv-POW_B_1_2000.csv	1	100	0.01	0.01	3	16	8192	5	2026-04-08_21:06:41	2026-04-08_21:06:49	8.103580236434937	100	7	799893	0
POW_A_5000.csv-POW_B_1_5000.csv	1	100	0.01	0.01	3	16	8192	5	2026-04-08_21:07:07	2026-04-08_21:08:10	62.74612522125244	250	4	4999746	0
POW_A_5000.csv-POW_B_1_5000.csv	1	100	0.01	0.01	3	16	8192	5	2026-04-08_21:08:10	2026-04-08_21:09:10	60.36840581893921	250	13	4999737	0
POW_A_5000.csv-POW_B_1_5000.csv	1	100	0.01	0.01	3	16	8192	5	2026-04-08_21:09:10	2026-04-08_21:10:12	61.879536390304565	250	17	4999733	0
POW_A_20000.csv-POW_B_1_20000.csv	1	100	0.01	0.01	3	16	8192	5	2026-04-08_21:10:30	2026-04-08_21:26:12	941.317592382431	1000	5136	79993864	0
POW_A_20000.csv-POW_B_1_20000.csv	1	100	0.01	0.01	3	16	8192	5	2026-04-08_21:26:12	2026-04-08_21:44:18	1086.036654472351	1000	97	79998903	0
POW_A_20000.csv-POW_B_1_20000.csv	1	100	0.01	0.01	3	16	8192	5	2026-04-08_21:44:18	2026-04-08_22:02:10	1072.083130121231	1000	32	79998968	0
POW_A_2000.csv-POW_B_1_2000.csv	1	100	0.01	0.01	3	16	8192	10	2026-04-08_22:02:30	2026-04-08_22:02:41	10.891658306121826	100	36	799864	0
POW_A_2000.csv-POW_B_1_2000.csv	1	100	0.01	0.01	3	16	8192	10	2026-04-08_22:02:41	2026-04-08_22:02:51	9.850713968276978	100	4	799896	0
POW_A_2000.csv-POW_B_1_2000.csv	1	100	0.01	0.01	3	16	8192	10	2026-04-08_22:02:51	2026-04-08_22:03:01	9.895872354507446	100	4	799896	0
POW_A_5000.csv-POW_B_1_5000.csv	1	100	0.01	0.01	3	16	8192	10	2026-04-08_22:03:19	2026-04-08_22:04:47	88.0608823299408	250	3	4999747	0
POW_A_5000.csv-POW_B_1_5000.csv	1	100	0.01	0.01	3	16	8192	10	2026-04-08_22:04:47	2026-04-08_22:05:57	69.72005677223206	250	9	4999741	0
POW_A_5000.csv-POW_B_1_5000.csv	1	100	0.01	0.01	3	16	8192	10	2026-04-08_22:05:57	2026-04-08_22:07:17	80.10512709617615	250	9	4999741	0
POW_A_20000.csv-POW_B_1_20000.csv	1	100	0.01	0.01	3	16	8192	10	2026-04-08_22:07:35	2026-04-08_22:26:55	1160.7102377414703	1000	23	79998977	0
POW_A_20000.csv-POW_B_1_20000.csv	1	100	0.01	0.01	3	16	8192	10	2026-04-08_22:26:56	2026-04-08_22:52:56	1560.145567893982	1000	765	79998235	0
POW_A_20000.csv-POW_B_1_20000.csv	1	100	0.01	0.01	3	16	8192	10	2026-04-08_22:52:56	2026-04-08_23:15:38	1362.0300362110138	1000	1600	79997400	0
POW_A_2000.csv-POW_B_1_2000.csv	1	100	0.01	0.01	3	16	8192	20	2026-04-08_23:15:57	2026-04-08_23:16:13	15.563816547393799	100	4	799896	0
POW_A_2000.csv-POW_B_1_2000.csv	1	100	0.01	0.01	3	16	8192	20	2026-04-08_23:16:13	2026-04-08_23:16:26	13.432090997695923	100	5	799895	0
POW_A_2000.csv-POW_B_1_2000.csv	1	100	0.01	0.01	3	16	8192	20	2026-04-08_23:16:27	2026-04-08_23:16:40	13.514152526855469	100	3	799897	0
POW_A_5000.csv-POW_B_1_5000.csv	1	100	0.01	0.01	3	16	8192	20	2026-04-08_23:16:58	2026-04-08_23:19:06	127.34503293037415	250	4	4999746	0
POW_A_5000.csv-POW_B_1_5000.csv	1	100	0.01	0.01	3	16	8192	20	2026-04-08_23:19:06	2026-04-08_23:20:49	103.06947231292725	250	6	4999744	0
POW_A_5000.csv-POW_B_1_5000.csv	1	100	0.01	0.01	3	16	8192	20	2026-04-08_23:20:49	2026-04-08_23:22:58	129.25977659225464	250	14	4999736	0
POW_A_20000.csv-POW_B_1_20000.csv	1	100	0.01	0.01	3	16	8192	20	2026-04-08_23:23:16	2026-04-08_23:53:51	1834.6275045871735	1000	15	79998985	0
POW_A_20000.csv-POW_B_1_20000.csv	1	100	0.01	0.01	3	16	8192	20	2026-04-08_23:53:51	2026-04-09_00:33:38	2386.844259262085	1000	14	79998986	0
POW_A_20000.csv-POW_B_1_20000.csv	1	100	0.01	0.01	3	16	8192	20	2026-04-09_00:33:38	2026-04-09_01:06:20	1962.509049654007	1000	39	79998961	0
POW_A_2000.csv-POW_B_1_2000.csv	1	100	0.01	0.01	3	8	8192	5	2026-04-09_01:06:40	2026-04-09_01:06:51	10.612009048461914	100	45	799855	0
POW_A_2000.csv-POW_B_1_2000.csv	1	100	0.01	0.01	3	8	8192	5	2026-04-09_01:06:51	2026-04-09_01:06:59	8.596651554107666	100	21	799879	0
POW_A_2000.csv-POW_B_1_2000.csv	1	100	0.01	0.01	3	8	8192	5	2026-04-09_01:07:00	2026-04-09_01:07:09	9.520710706710815	100	50	799850	0
POW_A_5000.csv-POW_B_1_5000.csv	1	100	0.01	0.01	3	8	8192	5	2026-04-09_01:07:27	2026-04-09_01:08:28	60.75617837905884	250	8	4999742	0
POW_A_5000.csv-POW_B_1_5000.csv	1	100	0.01	0.01	3	8	8192	5	2026-04-09_01:08:28	2026-04-09_01:09:27	58.678698778152466	250	10	4999740	0
POW_A_5000.csv-POW_B_1_5000.csv	1	100	0.01	0.01	3	8	8192	5	2026-04-09_01:09:27	2026-04-09_01:10:27	59.90814685821533	250	7	4999743	0
POW_A_20000.csv-POW_B_1_20000.csv	1	100	0.01	0.01	3	8	8192	5	2026-04-09_01:10:45	2026-04-09_01:28:46	1080.9465401172638	1000	183	79998817	0
POW_A_20000.csv-POW_B_1_20000.csv	1	100	0.01	0.01	3	8	8192	5	2026-04-09_01:28:46	2026-04-09_01:45:48	1021.6587369441986	1000	46	79998954	0
POW_A_20000.csv-POW_B_1_20000.csv	1	100	0.01	0.01	3	8	8192	5	2026-04-09_01:45:48	2026-04-09_02:03:35	1066.570053577423	1000	26	79998974	0
POW_A_2000.csv-POW_B_1_2000.csv	1	100	0.01	0.01	3	8	8192	10	2026-04-09_02:03:54	2026-04-09_02:04:10	15.290549516677856	100	12	799888	0
POW_A_2000.csv-POW_B_1_2000.csv	1	100	0.01	0.01	3	8	8192	10	2026-04-09_02:04:10	2026-04-09_02:04:21	11.041520595550537	100	16	799884	0
POW_A_2000.csv-POW_B_1_2000.csv	1	100	0.01	0.01	3	8	8192	10	2026-04-09_02:04:21	2026-04-09_02:04:31	10.431833267211914	100	49	799851	0
POW_A_5000.csv-POW_B_1_5000.csv	1	100	0.01	0.01	3	8	8192	10	2026-04-09_02:04:49	2026-04-09_02:06:01	72.01115727424622	250	6	4999744	0
POW_A_5000.csv-POW_B_1_5000.csv	1	100	0.01	0.01	3	8	8192	10	2026-04-09_02:06:02	2026-04-09_02:07:26	83.96905279159546	250	8	4999742	0
POW_A_5000.csv-POW_B_1_5000.csv	1	100	0.01	0.01	3	8	8192	10	2026-04-09_02:07:26	2026-04-09_02:08:49	82.9721577167511	250	4	4999746	0
POW_A_20000.csv-POW_B_1_20000.csv	1	100	0.01	0.01	3	8	8192	10	2026-04-09_02:09:07	2026-04-09_02:30:53	1306.1057274341583	1000	19	79998981	0
POW_A_20000.csv-POW_B_1_20000.csv	1	100	0.01	0.01	3	8	8192	10	2026-04-09_02:30:53	2026-04-09_02:54:18	1405.3673782348633	1000	17	79998983	0
POW_A_20000.csv-POW_B_1_20000.csv	1	100	0.01	0.01	3	8	8192	10	2026-04-09_02:54:18	2026-04-09_03:16:52	1353.9383013248444	1000	27	79998973	0
POW_A_2000.csv-POW_B_1_2000.csv	1	100	0.01	0.01	3	8	8192	20	2026-04-09_03:17:12	2026-04-09_03:17:31	18.3880295753479	100	0	799900	0
POW_A_2000.csv-POW_B_1_2000.csv	1	100	0.01	0.01	3	8	8192	20	2026-04-09_03:17:31	2026-04-09_03:17:46	15.583983421325684	100	9	799891	0
POW_A_2000.csv-POW_B_1_2000.csv	1	100	0.01	0.01	3	8	8192	20	2026-04-09_03:17:46	2026-04-09_03:18:04	17.968788623809814	100	0	799900	0
POW_A_5000.csv-POW_B_1_5000.csv	1	100	0.01	0.01	3	8	8192	20	2026-04-09_03:18:22	2026-04-09_03:20:23	121.08710598945618	250	9	4999741	0
POW_A_5000.csv-POW_B_1_5000.csv	1	100	0.01	0.01	3	8	8192	20	2026-04-09_03:20:24	2026-04-09_03:22:34	130.6287956237793	250	4	4999746	0
POW_A_5000.csv-POW_B_1_5000.csv	1	100	0.01	0.01	3	8	8192	20	2026-04-09_03:22:34	2026-04-09_03:24:33	118.48147058486938	250	8	4999742	0
POW_A_20000.csv-POW_B_1_20000.csv	1	100	0.01	0.01	3	8	8192	20	2026-04-09_03:24:51	2026-04-09_03:58:39	2028.6715364456177	1000	29	79998971	0
POW_A_20000.csv-POW_B_1_20000.csv	1	100	0.01	0.01	3	8	8192	20	2026-04-09_03:58:40	2026-04-09_04:31:58	1998.3371727466583	1000	15	79998985	0
POW_A_20000.csv-POW_B_1_20000.csv	1	100	0.01	0.01	3	8	8192	20	2026-04-09_04:31:58	2026-04-09_05:06:05	2047.0446457862854	1000	129	79998871	0
POW_A_2000.csv-POW_B_1_2000.csv	1	100	0.01	0.01	3	4	8192	5	2026-04-09_05:06:25	2026-04-09_05:06:38	13.129719495773315	100	3	799897	0
POW_A_2000.csv-POW_B_1_2000.csv	1	100	0.01	0.01	3	4	8192	5	2026-04-09_05:06:38	2026-04-09_05:06:49	11.078836917877197	100	557	799343	0
POW_A_2000.csv-POW_B_1_2000.csv	1	100	0.01	0.01	3	4	8192	5	2026-04-09_05:06:49	2026-04-09_05:07:00	11.138543367385864	100	80	799820	0
POW_A_5000.csv-POW_B_1_5000.csv	1	100	0.01	0.01	3	4	8192	5	2026-04-09_05:07:18	2026-04-09_05:08:28	69.95230722427368	250	96	4999654	0
POW_A_5000.csv-POW_B_1_5000.csv	1	100	0.01	0.01	3	4	8192	5	2026-04-09_05:08:28	2026-04-09_05:09:35	66.43774914741516	250	6	4999744	0
POW_A_5000.csv-POW_B_1_5000.csv	1	100	0.01	0.01	3	4	8192	5	2026-04-09_05:09:35	2026-04-09_05:10:42	66.75857853889465	250	38	4999712	0
POW_A_20000.csv-POW_B_1_20000.csv	1	100	0.01	0.01	3	4	8192	5	2026-04-09_05:11:00	2026-04-09_05:31:06	1206.3021728992462	1000	267	79998733	0
POW_A_20000.csv-POW_B_1_20000.csv	1	100	0.01	0.01	3	4	8192	5	2026-04-09_05:31:06	2026-04-09_05:50:57	1190.453732252121	1000	432	79998568	0
POW_A_20000.csv-POW_B_1_20000.csv	1	100	0.01	0.01	3	4	8192	5	2026-04-09_05:50:57	2026-04-09_06:11:05	1207.9572267532349	1000	58	79998942	0
POW_A_2000.csv-POW_B_1_2000.csv	1	100	0.01	0.01	3	4	8192	10	2026-04-09_06:11:25	2026-04-09_06:11:42	16.690322875976562	100	62	799838	0
POW_A_2000.csv-POW_B_1_2000.csv	1	100	0.01	0.01	3	4	8192	10	2026-04-09_06:11:42	2026-04-09_06:11:56	14.729932069778442	100	12	799888	0
POW_A_2000.csv-POW_B_1_2000.csv	1	100	0.01	0.01	3	4	8192	10	2026-04-09_06:11:56	2026-04-09_06:12:11	14.549415826797485	100	51	799849	0
POW_A_5000.csv-POW_B_1_5000.csv	1	100	0.01	0.01	3	4	8192	10	2026-04-09_06:12:29	2026-04-09_06:14:08	98.45319724082947	247	0	4999750	3
POW_A_5000.csv-POW_B_1_5000.csv	1	100	0.01	0.01	3	4	8192	10	2026-04-09_06:14:08	2026-04-09_06:15:47	98.98033237457275	250	8	4999742	0
POW_A_5000.csv-POW_B_1_5000.csv	1	100	0.01	0.01	3	4	8192	10	2026-04-09_06:15:47	2026-04-09_06:17:26	98.89525651931763	250	22	4999728	0
POW_A_20000.csv-POW_B_1_20000.csv	1	100	0.01	0.01	3	4	8192	10	2026-04-09_06:17:44	2026-04-09_06:46:16	1712.7959053516388	1000	43	79998957	0
POW_A_20000.csv-POW_B_1_20000.csv	1	100	0.01	0.01	3	4	8192	10	2026-04-09_06:46:17	2026-04-09_07:14:05	1668.2190191745758	1000	33	79998967	0
POW_A_20000.csv-POW_B_1_20000.csv	1	100	0.01	0.01	3	4	8192	10	2026-04-09_07:14:05	2026-04-09_07:42:30	1705.2380340099335	1000	38	79998962	0
POW_A_2000.csv-POW_B_1_2000.csv	1	100	0.01	0.01	3	4	8192	20	2026-04-09_07:42:50	2026-04-09_07:43:15	25.13386082649231	100	5	799895	0
POW_A_2000.csv-POW_B_1_2000.csv	1	100	0.01	0.01	3	4	8192	20	2026-04-09_07:43:15	2026-04-09_07:43:39	23.897629499435425	100	4	799896	0
POW_A_2000.csv-POW_B_1_2000.csv	1	100	0.01	0.01	3	4	8192	20	2026-04-09_07:43:39	2026-04-09_07:44:03	23.951359272003174	100	4	799896	0
POW_A_5000.csv-POW_B_1_5000.csv	1	100	0.01	0.01	3	4	8192	20	2026-04-09_07:44:21	2026-04-09_07:47:01	160.04059433937073	250	6	4999744	0
POW_A_5000.csv-POW_B_1_5000.csv	1	100	0.01	0.01	3	4	8192	20	2026-04-09_07:47:01	2026-04-09_07:49:38	156.4525122642517	250	3	4999747	0
POW_A_5000.csv-POW_B_1_5000.csv	1	100	0.01	0.01	3	4	8192	20	2026-04-09_07:49:38	2026-04-09_07:52:15	156.78570818901062	250	223	4999527	0
POW_A_20000.csv-POW_B_1_20000.csv	1	100	0.01	0.01	3	4	8192	20	2026-04-09_07:52:33	2026-04-09_08:37:43	2709.75115442276	1000	68	79998932	0
POW_A_20000.csv-POW_B_1_20000.csv	1	100	0.01	0.01	3	4	8192	20	2026-04-09_08:37:43	2026-04-09_09:22:34	2691.2106432914734	1000	33	79998967	0
POW_A_20000.csv-POW_B_1_20000.csv	1	100	0.01	0.01	3	4	8192	20	2026-04-09_09:22:34	2026-04-09_10:06:36	2641.247813463211	1000	86	79998914	0
POW_A_2000.csv-POW_B_1_2000.csv	1	100	0.01	0.1	1	16	8192	5	2026-04-09_10:06:55	2026-04-09_10:07:04	9.069514989852905	100	54	799846	0
POW_A_2000.csv-POW_B_1_2000.csv	1	100	0.01	0.1	1	16	8192	5	2026-04-09_10:07:04	2026-04-09_10:07:12	7.974975824356079	100	48	799852	0
POW_A_2000.csv-POW_B_1_2000.csv	1	100	0.01	0.1	1	16	8192	5	2026-04-09_10:07:12	2026-04-09_10:07:19	7.057347774505615	100	60	799840	0
POW_A_5000.csv-POW_B_1_5000.csv	1	100	0.01	0.1	1	16	8192	5	2026-04-09_10:07:37	2026-04-09_10:08:30	53.10559153556824	250	87	4999663	0
POW_A_5000.csv-POW_B_1_5000.csv	1	100	0.01	0.1	1	16	8192	5	2026-04-09_10:08:31	2026-04-09_10:09:19	48.71869659423828	250	91	4999659	0
POW_A_5000.csv-POW_B_1_5000.csv	1	100	0.01	0.1	1	16	8192	5	2026-04-09_10:09:19	2026-04-09_10:10:05	45.22438859939575	250	151	4999599	0
POW_A_20000.csv-POW_B_1_20000.csv	1	100	0.01	0.1	1	16	8192	5	2026-04-09_10:10:23	2026-04-09_10:23:46	803.2187514305115	1000	147	79998853	0
POW_A_20000.csv-POW_B_1_20000.csv	1	100	0.01	0.1	1	16	8192	5	2026-04-09_10:23:46	2026-04-09_10:37:17	810.8889329433441	1000	188	79998812	0
POW_A_20000.csv-POW_B_1_20000.csv	1	100	0.01	0.1	1	16	8192	5	2026-04-09_10:37:17	2026-04-09_10:50:54	816.3831212520599	1000	155	79998845	0
POW_A_2000.csv-POW_B_1_2000.csv	1	100	0.01	0.1	1	16	8192	10	2026-04-09_10:51:14	2026-04-09_10:51:24	10.044663667678833	100	35	799865	0
POW_A_2000.csv-POW_B_1_2000.csv	1	100	0.01	0.1	1	16	8192	10	2026-04-09_10:51:24	2026-04-09_10:51:33	9.692721843719482	100	77	799823	0
POW_A_2000.csv-POW_B_1_2000.csv	1	100	0.01	0.1	1	16	8192	10	2026-04-09_10:51:34	2026-04-09_10:51:43	9.712982177734375	100	67	799833	0
POW_A_5000.csv-POW_B_1_5000.csv	1	100	0.01	0.1	1	16	8192	10	2026-04-09_10:52:01	2026-04-09_10:52:55	53.55321550369263	250	69	4999681	0
POW_A_5000.csv-POW_B_1_5000.csv	1	100	0.01	0.1	1	16	8192	10	2026-04-09_10:52:55	2026-04-09_10:53:56	60.79991340637207	250	98	4999652	0
POW_A_5000.csv-POW_B_1_5000.csv	1	100	0.01	0.1	1	16	8192	10	2026-04-09_10:53:56	2026-04-09_10:54:58	61.7271614074707	250	86	4999664	0
POW_A_20000.csv-POW_B_1_20000.csv	1	100	0.01	0.1	1	16	8192	10	2026-04-09_10:55:16	2026-04-09_11:11:50	994.4833135604858	997	635	79998365	3
POW_A_20000.csv-POW_B_1_20000.csv	1	100	0.01	0.1	1	16	8192	10	2026-04-09_11:11:51	2026-04-09_11:30:22	1111.759931087494	1000	175	79998825	0
POW_A_20000.csv-POW_B_1_20000.csv	1	100	0.01	0.1	1	16	8192	10	2026-04-09_11:30:22	2026-04-09_11:46:08	945.3679411411285	1000	110	79998890	0
POW_A_2000.csv-POW_B_1_2000.csv	1	100	0.01	0.1	1	16	8192	20	2026-04-09_11:46:28	2026-04-09_11:46:39	11.522826194763184	100	37	799863	0
POW_A_2000.csv-POW_B_1_2000.csv	1	100	0.01	0.1	1	16	8192	20	2026-04-09_11:46:39	2026-04-09_11:46:49	9.588972568511963	100	38	799862	0
POW_A_2000.csv-POW_B_1_2000.csv	1	100	0.01	0.1	1	16	8192	20	2026-04-09_11:46:49	2026-04-09_11:47:02	13.137152671813965	100	26	799874	0
POW_A_5000.csv-POW_B_1_5000.csv	1	100	0.01	0.1	1	16	8192	20	2026-04-09_11:47:20	2026-04-09_11:48:47	86.66119980812073	250	86	4999664	0
POW_A_5000.csv-POW_B_1_5000.csv	1	100	0.01	0.1	1	16	8192	20	2026-04-09_11:48:47	2026-04-09_11:50:05	78.10766243934631	250	79	4999671	0
POW_A_5000.csv-POW_B_1_5000.csv	1	100	0.01	0.1	1	16	8192	20	2026-04-09_11:50:05	2026-04-09_11:51:30	85.1693320274353	250	62	4999688	0
POW_A_20000.csv-POW_B_1_20000.csv	1	100	0.01	0.1	1	16	8192	20	2026-04-09_11:51:48	2026-04-09_12:22:06	1817.908506155014	1000	269	79998731	0
POW_A_20000.csv-POW_B_1_20000.csv	1	100	0.01	0.1	1	16	8192	20	2026-04-09_12:22:06	2026-04-09_12:56:00	2033.576519727707	1000	5764	79993236	0
POW_A_20000.csv-POW_B_1_20000.csv	1	100	0.01	0.1	1	16	8192	20	2026-04-09_12:56:00	2026-04-09_13:22:20	1580.2228381633759	993	59	79998941	7
POW_A_2000.csv-POW_B_1_2000.csv	1	100	0.01	0.1	1	8	8192	5	2026-04-09_13:22:40	2026-04-09_13:22:49	8.698067426681519	100	86	799814	0
POW_A_2000.csv-POW_B_1_2000.csv	1	100	0.01	0.1	1	8	8192	5	2026-04-09_13:22:49	2026-04-09_13:22:57	7.546367168426514	100	73	799827	0
POW_A_2000.csv-POW_B_1_2000.csv	1	100	0.01	0.1	1	8	8192	5	2026-04-09_13:22:57	2026-04-09_13:23:04	7.602797746658325	100	3247	796653	0
POW_A_5000.csv-POW_B_1_5000.csv	1	100	0.01	0.1	1	8	8192	5	2026-04-09_13:23:23	2026-04-09_13:24:16	53.913397789001465	250	84	4999666	0
POW_A_5000.csv-POW_B_1_5000.csv	1	100	0.01	0.1	1	8	8192	5	2026-04-09_13:24:17	2026-04-09_13:25:07	49.97576069831848	250	96	4999654	0
POW_A_5000.csv-POW_B_1_5000.csv	1	100	0.01	0.1	1	8	8192	5	2026-04-09_13:25:07	2026-04-09_13:25:58	51.81756544113159	250	425	4999325	0
POW_A_20000.csv-POW_B_1_20000.csv	1	100	0.01	0.1	1	8	8192	5	2026-04-09_13:26:17	2026-04-09_13:41:42	925.762211561203	1000	283	79998717	0
POW_A_20000.csv-POW_B_1_20000.csv	1	100	0.01	0.1	1	8	8192	5	2026-04-09_13:41:43	2026-04-09_13:56:04	861.078409910202	1000	263	79998737	0
POW_A_20000.csv-POW_B_1_20000.csv	1	100	0.01	0.1	1	8	8192	5	2026-04-09_13:56:04	2026-04-09_14:11:22	917.8922336101532	1000	261	79998739	0
POW_A_2000.csv-POW_B_1_2000.csv	1	100	0.01	0.1	1	8	8192	10	2026-04-09_14:11:42	2026-04-09_14:11:53	10.775434255599976	100	37	799863	0
POW_A_2000.csv-POW_B_1_2000.csv	1	100	0.01	0.1	1	8	8192	10	2026-04-09_14:11:53	2026-04-09_14:12:01	8.682286977767944	100	61	799839	0
POW_A_2000.csv-POW_B_1_2000.csv	1	100	0.01	0.1	1	8	8192	10	2026-04-09_14:12:01	2026-04-09_14:12:10	8.66870641708374	100	57	799843	0
POW_A_5000.csv-POW_B_1_5000.csv	1	100	0.01	0.1	1	8	8192	10	2026-04-09_14:12:28	2026-04-09_14:13:35	66.48429369926453	250	199	4999551	0
POW_A_5000.csv-POW_B_1_5000.csv	1	100	0.01	0.1	1	8	8192	10	2026-04-09_14:13:35	2026-04-09_14:14:35	60.244385957717896	250	112	4999638	0
POW_A_5000.csv-POW_B_1_5000.csv	1	100	0.01	0.1	1	8	8192	10	2026-04-09_14:14:35	2026-04-09_14:15:37	62.11070442199707	250	93	4999657	0
POW_A_20000.csv-POW_B_1_20000.csv	1	100	0.01	0.1	1	8	8192	10	2026-04-09_14:15:55	2026-04-09_14:33:07	1031.7302112579346	1000	231	79998769	0
POW_A_20000.csv-POW_B_1_20000.csv	1	100	0.01	0.1	1	8	8192	10	2026-04-09_14:33:07	2026-04-09_14:50:01	1013.4305958747864	1000	278	79998722	0
POW_A_20000.csv-POW_B_1_20000.csv	1	100	0.01	0.1	1	8	8192	10	2026-04-09_14:50:01	2026-04-09_15:06:38	997.4536747932434	1000	274	79998726	0
POW_A_2000.csv-POW_B_1_2000.csv	1	100	0.01	0.1	1	8	8192	20	2026-04-09_15:06:58	2026-04-09_15:07:11	13.164817094802856	100	92	799808	0
POW_A_2000.csv-POW_B_1_2000.csv	1	100	0.01	0.1	1	8	8192	20	2026-04-09_15:07:11	2026-04-09_15:07:22	11.451543092727661	100	34	799866	0
POW_A_2000.csv-POW_B_1_2000.csv	1	100	0.01	0.1	1	8	8192	20	2026-04-09_15:07:22	2026-04-09_15:07:34	11.194266557693481	100	56	799844	0
POW_A_5000.csv-POW_B_1_5000.csv	1	100	0.01	0.1	1	8	8192	20	2026-04-09_15:07:52	2026-04-09_15:09:06	73.97406101226807	250	94	4999656	0
POW_A_5000.csv-POW_B_1_5000.csv	1	100	0.01	0.1	1	8	8192	20	2026-04-09_15:09:06	2026-04-09_15:10:28	81.99203705787659	250	78	4999672	0
POW_A_5000.csv-POW_B_1_5000.csv	1	100	0.01	0.1	1	8	8192	20	2026-04-09_15:10:28	2026-04-09_15:11:43	75.05119919776917	250	64	4999686	0
POW_A_20000.csv-POW_B_1_20000.csv	1	100	0.01	0.1	1	8	8192	20	2026-04-09_15:12:01	2026-04-09_15:34:33	1352.4118022918701	1000	251	79998749	0
POW_A_20000.csv-POW_B_1_20000.csv	1	100	0.01	0.1	1	8	8192	20	2026-04-09_15:34:33	2026-04-09_15:59:40	1506.1652686595917	1000	268	79998732	0
POW_A_20000.csv-POW_B_1_20000.csv	1	100	0.01	0.1	1	8	8192	20	2026-04-09_15:59:40	2026-04-09_16:22:32	1372.3541059494019	1000	273	79998727	0
POW_A_2000.csv-POW_B_1_2000.csv	1	100	0.01	0.1	1	4	8192	5	2026-04-09_16:22:52	2026-04-09_16:23:02	9.537252187728882	100	445	799455	0
POW_A_2000.csv-POW_B_1_2000.csv	1	100	0.01	0.1	1	4	8192	5	2026-04-09_16:23:02	2026-04-09_16:23:10	8.426864862442017	100	75	799825	0
POW_A_2000.csv-POW_B_1_2000.csv	1	100	0.01	0.1	1	4	8192	5	2026-04-09_16:23:11	2026-04-09_16:23:19	8.398164510726929	100	5024	794876	0
POW_A_5000.csv-POW_B_1_5000.csv	1	100	0.01	0.1	1	4	8192	5	2026-04-09_16:23:37	2026-04-09_16:24:35	57.94645667076111	250	72	4999678	0
POW_A_5000.csv-POW_B_1_5000.csv	1	100	0.01	0.1	1	4	8192	5	2026-04-09_16:24:35	2026-04-09_16:25:30	54.90132260322571	250	130	4999620	0
POW_A_5000.csv-POW_B_1_5000.csv	1	100	0.01	0.1	1	4	8192	5	2026-04-09_16:25:30	2026-04-09_16:26:25	54.87123966217041	250	339	4999411	0
POW_A_20000.csv-POW_B_1_20000.csv	1	100	0.01	0.1	1	4	8192	5	2026-04-09_16:26:43	2026-04-09_16:44:04	1041.15567111969	1000	281	79998719	0
POW_A_20000.csv-POW_B_1_20000.csv	1	100	0.01	0.1	1	4	8192	5	2026-04-09_16:44:04	2026-04-09_17:01:37	1052.5438888072968	1000	272	79998728	0
POW_A_20000.csv-POW_B_1_20000.csv	1	100	0.01	0.1	1	4	8192	5	2026-04-09_17:01:37	2026-04-09_17:18:38	1020.5530378818512	1000	340	79998660	0
POW_A_2000.csv-POW_B_1_2000.csv	1	100	0.01	0.1	1	4	8192	10	2026-04-09_17:18:57	2026-04-09_17:19:10	12.884150266647339	100	145	799755	0
POW_A_2000.csv-POW_B_1_2000.csv	1	100	0.01	0.1	1	4	8192	10	2026-04-09_17:19:10	2026-04-09_17:19:21	11.126111268997192	100	80	799820	0
POW_A_2000.csv-POW_B_1_2000.csv	1	100	0.01	0.1	1	4	8192	10	2026-04-09_17:19:21	2026-04-09_17:19:32	11.060662746429443	100	65	799835	0
POW_A_5000.csv-POW_B_1_5000.csv	1	100	0.01	0.1	1	4	8192	10	2026-04-09_17:19:50	2026-04-09_17:21:07	76.66857242584229	250	399	4999351	0
POW_A_5000.csv-POW_B_1_5000.csv	1	100	0.01	0.1	1	4	8192	10	2026-04-09_17:21:07	2026-04-09_17:22:20	72.58925771713257	250	111	4999639	0
POW_A_5000.csv-POW_B_1_5000.csv	1	100	0.01	0.1	1	4	8192	10	2026-04-09_17:22:20	2026-04-09_17:23:32	72.76080298423767	250	67	4999683	0
POW_A_20000.csv-POW_B_1_20000.csv	1	100	0.01	0.1	1	4	8192	10	2026-04-09_17:23:51	2026-04-09_17:44:24	1233.1266014575958	1000	213	79998787	0
POW_A_20000.csv-POW_B_1_20000.csv	1	100	0.01	0.1	1	4	8192	10	2026-04-09_17:44:24	2026-04-09_18:04:49	1225.2534363269806	1000	259	79998741	0
POW_A_20000.csv-POW_B_1_20000.csv	1	100	0.01	0.1	1	4	8192	10	2026-04-09_18:04:49	2026-04-09_18:25:38	1248.4441878795624	1000	220	79998780	0
POW_A_2000.csv-POW_B_1_2000.csv	1	100	0.01	0.1	1	4	8192	20	2026-04-09_18:25:59	2026-04-09_18:26:16	17.78516459465027	100	142	799758	0
POW_A_2000.csv-POW_B_1_2000.csv	1	100	0.01	0.1	1	4	8192	20	2026-04-09_18:26:17	2026-04-09_18:26:32	15.594360113143921	100	27	799873	0
POW_A_2000.csv-POW_B_1_2000.csv	1	100	0.01	0.1	1	4	8192	20	2026-04-09_18:26:32	2026-04-09_18:26:47	14.699073076248169	100	34	799866	0
POW_A_5000.csv-POW_B_1_5000.csv	1	100	0.01	0.1	1	4	8192	20	2026-04-09_18:27:05	2026-04-09_18:28:49	103.5769715309143	250	111	4999639	0
POW_A_5000.csv-POW_B_1_5000.csv	1	100	0.01	0.1	1	4	8192	20	2026-04-09_18:28:49	2026-04-09_18:30:31	102.46630144119263	250	76	4999674	0
POW_A_5000.csv-POW_B_1_5000.csv	1	100	0.01	0.1	1	4	8192	20	2026-04-09_18:30:31	2026-04-09_18:32:11	99.81593203544617	250	96	4999654	0
POW_A_20000.csv-POW_B_1_20000.csv	1	100	0.01	0.1	1	4	8192	20	2026-04-09_18:32:29	2026-04-09_19:03:22	1852.6063914299011	1000	180	79998820	0
POW_A_20000.csv-POW_B_1_20000.csv	1	100	0.01	0.1	1	4	8192	20	2026-04-09_19:03:22	2026-04-09_19:34:04	1841.2219281196594	1000	250	79998750	0
POW_A_20000.csv-POW_B_1_20000.csv	1	100	0.01	0.1	1	4	8192	20	2026-04-09_19:34:04	2026-04-09_20:04:28	1823.7951810359955	1000	255	79998745	0
POW_A_2000.csv-POW_B_1_2000.csv	1	100	0.01	0.1	2	16	8192	5	2026-04-09_20:04:48	2026-04-09_20:04:57	9.69991946220398	100	79	799821	0
POW_A_2000.csv-POW_B_1_2000.csv	1	100	0.01	0.1	2	16	8192	5	2026-04-09_20:04:57	2026-04-09_20:05:05	7.519455671310425	100	43	799857	0
POW_A_2000.csv-POW_B_1_2000.csv	1	100	0.01	0.1	2	16	8192	5	2026-04-09_20:05:05	2026-04-09_20:05:12	7.539097309112549	100	59	799841	0
POW_A_5000.csv-POW_B_1_5000.csv	1	100	0.01	0.1	2	16	8192	5	2026-04-09_20:05:31	2026-04-09_20:06:25	54.781243324279785	250	54	4999696	0
POW_A_5000.csv-POW_B_1_5000.csv	1	100	0.01	0.1	2	16	8192	5	2026-04-09_20:06:25	2026-04-09_20:07:14	48.143797397613525	250	145	4999605	0
POW_A_5000.csv-POW_B_1_5000.csv	1	100	0.01	0.1	2	16	8192	5	2026-04-09_20:07:14	2026-04-09_20:08:08	54.647868633270264	250	98	4999652	0
POW_A_20000.csv-POW_B_1_20000.csv	1	100	0.01	0.1	2	16	8192	5	2026-04-09_20:08:26	2026-04-09_20:23:03	877.1334140300751	1000	304	79998696	0
POW_A_20000.csv-POW_B_1_20000.csv	1	100	0.01	0.1	2	16	8192	5	2026-04-09_20:23:04	2026-04-09_20:37:30	866.5941231250763	1000	136	79998864	0
POW_A_20000.csv-POW_B_1_20000.csv	1	100	0.01	0.1	2	16	8192	5	2026-04-09_20:37:30	2026-04-09_20:52:44	913.4358398914337	1000	513	79998487	0
POW_A_2000.csv-POW_B_1_2000.csv	1	100	0.01	0.1	2	16	8192	10	2026-04-09_20:53:04	2026-04-09_20:53:14	10.56300163269043	100	25	799875	0
POW_A_2000.csv-POW_B_1_2000.csv	1	100	0.01	0.1	2	16	8192	10	2026-04-09_20:53:14	2026-04-09_20:53:24	9.468222379684448	100	21	799879	0
POW_A_2000.csv-POW_B_1_2000.csv	1	100	0.01	0.1	2	16	8192	10	2026-04-09_20:53:24	2026-04-09_20:53:33	9.444428443908691	100	23	799877	0
POW_A_5000.csv-POW_B_1_5000.csv	1	100	0.01	0.1	2	16	8192	10	2026-04-09_20:53:51	2026-04-09_20:55:06	75.17473459243774	250	33	4999717	0
POW_A_5000.csv-POW_B_1_5000.csv	1	100	0.01	0.1	2	16	8192	10	2026-04-09_20:55:07	2026-04-09_20:56:03	56.50516104698181	250	76	4999674	0
POW_A_5000.csv-POW_B_1_5000.csv	1	100	0.01	0.1	2	16	8192	10	2026-04-09_20:56:03	2026-04-09_20:57:13	70.2363076210022	250	78	4999672	0
POW_A_20000.csv-POW_B_1_20000.csv	1	100	0.01	0.1	2	16	8192	10	2026-04-09_20:57:31	2026-04-09_21:14:41	1029.5739572048187	1000	264	79998736	0
POW_A_20000.csv-POW_B_1_20000.csv	1	100	0.01	0.1	2	16	8192	10	2026-04-09_21:14:41	2026-04-09_21:32:30	1068.8119795322418	1000	591	79998409	0
POW_A_20000.csv-POW_B_1_20000.csv	1	100	0.01	0.1	2	16	8192	10	2026-04-09_21:32:31	2026-04-09_21:54:10	1299.6168630123138	1000	140	79998860	0
POW_A_2000.csv-POW_B_1_2000.csv	1	100	0.01	0.1	2	16	8192	20	2026-04-09_21:54:30	2026-04-09_21:54:49	18.937447786331177	100	37	799863	0
POW_A_2000.csv-POW_B_1_2000.csv	1	100	0.01	0.1	2	16	8192	20	2026-04-09_21:54:49	2026-04-09_21:55:00	11.527719736099243	100	19	799881	0
POW_A_2000.csv-POW_B_1_2000.csv	1	100	0.01	0.1	2	16	8192	20	2026-04-09_21:55:00	2026-04-09_21:55:12	11.510841131210327	100	14	799886	0
POW_A_5000.csv-POW_B_1_5000.csv	1	100	0.01	0.1	2	16	8192	20	2026-04-09_21:55:30	2026-04-09_21:57:21	110.77915453910828	250	98	4999652	0
POW_A_5000.csv-POW_B_1_5000.csv	1	100	0.01	0.1	2	16	8192	20	2026-04-09_21:57:21	2026-04-09_21:59:04	102.83516526222229	250	67	4999683	0
POW_A_5000.csv-POW_B_1_5000.csv	1	100	0.01	0.1	2	16	8192	20	2026-04-09_21:59:04	2026-04-09_22:00:41	97.44391322135925	250	76	4999674	0
POW_A_20000.csv-POW_B_1_20000.csv	1	100	0.01	0.1	2	16	8192	20	2026-04-09_22:00:59	2026-04-09_22:25:32	1472.694747686386	1000	3582	79995418	0
POW_A_20000.csv-POW_B_1_20000.csv	1	100	0.01	0.1	2	16	8192	20	2026-04-09_22:25:32	2026-04-09_22:57:21	1908.606899023056	1000	197	79998803	0
POW_A_20000.csv-POW_B_1_20000.csv	1	100	0.01	0.1	2	16	8192	20	2026-04-09_22:57:21	2026-04-09_23:25:23	1682.1575467586517	1000	134	79998866	0
POW_A_2000.csv-POW_B_1_2000.csv	1	100	0.01	0.1	2	8	8192	5	2026-04-09_23:25:43	2026-04-09_23:25:54	10.920731544494629	100	99	799801	0
POW_A_2000.csv-POW_B_1_2000.csv	1	100	0.01	0.1	2	8	8192	5	2026-04-09_23:25:54	2026-04-09_23:26:03	8.399942636489868	100	110	799790	0
POW_A_2000.csv-POW_B_1_2000.csv	1	100	0.01	0.1	2	8	8192	5	2026-04-09_23:26:03	2026-04-09_23:26:11	7.904014587402344	100	96	799804	0
POW_A_5000.csv-POW_B_1_5000.csv	1	100	0.01	0.1	2	8	8192	5	2026-04-09_23:26:29	2026-04-09_23:27:28	59.02713704109192	250	162	4999588	0
POW_A_5000.csv-POW_B_1_5000.csv	1	100	0.01	0.1	2	8	8192	5	2026-04-09_23:27:28	2026-04-09_23:28:26	57.86606693267822	250	140	4999610	0
POW_A_5000.csv-POW_B_1_5000.csv	1	100	0.01	0.1	2	8	8192	5	2026-04-09_23:28:26	2026-04-09_23:29:25	59.470672369003296	250	154	4999596	0
POW_A_20000.csv-POW_B_1_20000.csv	1	100	0.01	0.1	2	8	8192	5	2026-04-09_23:29:43	2026-04-09_23:46:16	992.3217604160309	1000	156	79998844	0
POW_A_20000.csv-POW_B_1_20000.csv	1	100	0.01	0.1	2	8	8192	5	2026-04-09_23:46:16	2026-04-10_00:02:38	982.0027437210083	1000	187	79998813	0
POW_A_20000.csv-POW_B_1_20000.csv	1	100	0.01	0.1	2	8	8192	5	2026-04-10_00:02:38	2026-04-10_00:18:45	967.2205321788788	1000	239	79998761	0
POW_A_2000.csv-POW_B_1_2000.csv	1	100	0.01	0.1	2	8	8192	10	2026-04-10_00:19:05	2026-04-10_00:19:19	13.585378885269165	100	85	799815	0
POW_A_2000.csv-POW_B_1_2000.csv	1	100	0.01	0.1	2	8	8192	10	2026-04-10_00:19:19	2026-04-10_00:19:29	9.930318117141724	100	65	799835	0
POW_A_2000.csv-POW_B_1_2000.csv	1	100	0.01	0.1	2	8	8192	10	2026-04-10_00:19:29	2026-04-10_00:19:38	9.507582902908325	100	92	799808	0
POW_A_5000.csv-POW_B_1_5000.csv	1	100	0.01	0.1	2	8	8192	10	2026-04-10_00:19:56	2026-04-10_00:21:07	70.226979970932	250	101	4999649	0
POW_A_5000.csv-POW_B_1_5000.csv	1	100	0.01	0.1	2	8	8192	10	2026-04-10_00:21:07	2026-04-10_00:22:16	69.35692238807678	250	92	4999658	0
POW_A_5000.csv-POW_B_1_5000.csv	1	100	0.01	0.1	2	8	8192	10	2026-04-10_00:22:16	2026-04-10_00:23:29	73.16184902191162	250	114	4999636	0
POW_A_20000.csv-POW_B_1_20000.csv	1	100	0.01	0.1	2	8	8192	10	2026-04-10_00:23:47	2026-04-10_00:43:17	1169.1877181529999	1000	518	79998482	0
POW_A_20000.csv-POW_B_1_20000.csv	1	100	0.01	0.1	2	8	8192	10	2026-04-10_00:43:17	2026-04-10_01:03:10	1192.779902935028	1000	220	79998780	0
POW_A_20000.csv-POW_B_1_20000.csv	1	100	0.01	0.1	2	8	8192	10	2026-04-10_01:03:10	2026-04-10_01:23:39	1228.3532547950745	1000	230	79998770	0
POW_A_2000.csv-POW_B_1_2000.csv	1	100	0.01	0.1	2	8	8192	20	2026-04-10_01:23:59	2026-04-10_01:24:18	19.150456428527832	100	40	799860	0
POW_A_2000.csv-POW_B_1_2000.csv	1	100	0.01	0.1	2	8	8192	20	2026-04-10_01:24:18	2026-04-10_01:24:31	13.203622102737427	100	12	799888	0
POW_A_2000.csv-POW_B_1_2000.csv	1	100	0.01	0.1	2	8	8192	20	2026-04-10_01:24:32	2026-04-10_01:24:45	13.710648536682129	100	25	799875	0
POW_A_5000.csv-POW_B_1_5000.csv	1	100	0.01	0.1	2	8	8192	20	2026-04-10_01:25:03	2026-04-10_01:26:54	110.56124901771545	250	190	4999560	0
POW_A_5000.csv-POW_B_1_5000.csv	1	100	0.01	0.1	2	8	8192	20	2026-04-10_01:26:54	2026-04-10_01:28:41	106.9387001991272	250	74	4999676	0
POW_A_5000.csv-POW_B_1_5000.csv	1	100	0.01	0.1	2	8	8192	20	2026-04-10_01:28:41	2026-04-10_01:30:17	96.2670350074768	250	50	4999700	0
POW_A_20000.csv-POW_B_1_20000.csv	1	100	0.01	0.1	2	8	8192	20	2026-04-10_01:30:35	2026-04-10_01:59:39	1743.8028478622437	1000	126	79998874	0
POW_A_20000.csv-POW_B_1_20000.csv	1	100	0.01	0.1	2	8	8192	20	2026-04-10_01:59:39	2026-04-10_02:28:09	1709.2686932086945	1000	115	79998885	0
POW_A_20000.csv-POW_B_1_20000.csv	1	100	0.01	0.1	2	8	8192	20	2026-04-10_02:28:09	2026-04-10_02:59:25	1876.658997297287	1000	279	79998721	0
POW_A_2000.csv-POW_B_1_2000.csv	1	100	0.01	0.1	2	4	8192	5	2026-04-10_02:59:45	2026-04-10_02:59:56	11.372041463851929	100	359	799541	0
POW_A_2000.csv-POW_B_1_2000.csv	1	100	0.01	0.1	2	4	8192	5	2026-04-10_02:59:57	2026-04-10_03:00:06	9.192742824554443	100	91	799809	0
POW_A_2000.csv-POW_B_1_2000.csv	1	100	0.01	0.1	2	4	8192	5	2026-04-10_03:00:06	2026-04-10_03:00:15	9.328051328659058	0	0	799900	100
POW_A_5000.csv-POW_B_1_5000.csv	1	100	0.01	0.1	2	4	8192	5	2026-04-10_03:00:33	2026-04-10_03:01:36	62.44492220878601	250	108	4999642	0
POW_A_5000.csv-POW_B_1_5000.csv	1	100	0.01	0.1	2	4	8192	5	2026-04-10_03:01:36	2026-04-10_03:02:36	59.91153526306152	250	122	4999628	0
POW_A_5000.csv-POW_B_1_5000.csv	1	100	0.01	0.1	2	4	8192	5	2026-04-10_03:02:36	2026-04-10_03:03:35	59.31888175010681	250	132	4999618	0
POW_A_20000.csv-POW_B_1_20000.csv	1	100	0.01	0.1	2	4	8192	5	2026-04-10_03:03:53	2026-04-10_03:22:53	1139.7983775138855	1000	220	79998780	0
POW_A_20000.csv-POW_B_1_20000.csv	1	100	0.01	0.1	2	4	8192	5	2026-04-10_03:22:53	2026-04-10_03:41:52	1138.457763671875	1000	278	79998722	0
POW_A_20000.csv-POW_B_1_20000.csv	1	100	0.01	0.1	2	4	8192	5	2026-04-10_03:41:53	2026-04-10_04:00:23	1110.3367459774017	1000	338	79998662	0
POW_A_2000.csv-POW_B_1_2000.csv	1	100	0.01	0.1	2	4	8192	10	2026-04-10_04:00:44	2026-04-10_04:00:58	14.55275011062622	100	100	799800	0
POW_A_2000.csv-POW_B_1_2000.csv	1	100	0.01	0.1	2	4	8192	10	2026-04-10_04:00:58	2026-04-10_04:01:10	12.22618317604065	100	205	799695	0
POW_A_2000.csv-POW_B_1_2000.csv	1	100	0.01	0.1	2	4	8192	10	2026-04-10_04:01:10	2026-04-10_04:01:23	12.440948247909546	100	41	799859	0
POW_A_5000.csv-POW_B_1_5000.csv	1	100	0.01	0.1	2	4	8192	10	2026-04-10_04:01:41	2026-04-10_04:03:04	82.68823480606079	250	88	4999662	0
POW_A_5000.csv-POW_B_1_5000.csv	1	100	0.01	0.1	2	4	8192	10	2026-04-10_04:03:04	2026-04-10_04:04:25	80.9725227355957	250	118	4999632	0
POW_A_5000.csv-POW_B_1_5000.csv	1	100	0.01	0.1	2	4	8192	10	2026-04-10_04:04:25	2026-04-10_04:05:46	81.04552960395813	250	95	4999655	0
POW_A_20000.csv-POW_B_1_20000.csv	1	100	0.01	0.1	2	4	8192	10	2026-04-10_04:06:04	2026-04-10_04:29:23	1398.6369214057922	1000	334	79998666	0
POW_A_20000.csv-POW_B_1_20000.csv	1	100	0.01	0.1	2	4	8192	10	2026-04-10_04:29:23	2026-04-10_04:53:30	1447.2903060913086	999	86	79998914	1
POW_A_20000.csv-POW_B_1_20000.csv	1	100	0.01	0.1	2	4	8192	10	2026-04-10_04:53:30	2026-04-10_05:17:12	1421.9067752361298	1000	338	79998662	0
POW_A_2000.csv-POW_B_1_2000.csv	1	100	0.01	0.1	2	4	8192	20	2026-04-10_05:17:32	2026-04-10_05:17:54	21.410855293273926	100	34	799866	0
POW_A_2000.csv-POW_B_1_2000.csv	1	100	0.01	0.1	2	4	8192	20	2026-04-10_05:17:54	2026-04-10_05:18:13	18.94220232963562	100	62	799838	0
POW_A_2000.csv-POW_B_1_2000.csv	1	100	0.01	0.1	2	4	8192	20	2026-04-10_05:18:13	2026-04-10_05:18:32	19.238117694854736	100	25	799875	0
POW_A_5000.csv-POW_B_1_5000.csv	1	100	0.01	0.1	2	4	8192	20	2026-04-10_05:18:50	2026-04-10_05:20:57	127.01648044586182	250	45	4999705	0
POW_A_5000.csv-POW_B_1_5000.csv	1	100	0.01	0.1	2	4	8192	20	2026-04-10_05:20:57	2026-04-10_05:23:01	124.09130954742432	250	77	4999673	0
POW_A_5000.csv-POW_B_1_5000.csv	1	100	0.01	0.1	2	4	8192	20	2026-04-10_05:23:01	2026-04-10_05:25:06	124.17485427856445	250	73	4999677	0
POW_A_20000.csv-POW_B_1_20000.csv	1	100	0.01	0.1	2	4	8192	20	2026-04-10_05:25:24	2026-04-10_06:01:17	2153.6801052093506	1000	171	79998829	0
POW_A_20000.csv-POW_B_1_20000.csv	1	100	0.01	0.1	2	4	8192	20	2026-04-10_06:01:18	2026-04-10_06:37:10	2152.2581610679626	1000	169	79998831	0
POW_A_20000.csv-POW_B_1_20000.csv	1	100	0.01	0.1	2	4	8192	20	2026-04-10_06:37:12	2026-04-10_07:13:00	2148.3708124160767	1000	125	79998875	0
POW_A_2000.csv-POW_B_1_2000.csv	1	100	0.01	0.1	3	16	8192	5	2026-04-10_07:13:20	2026-04-10_07:13:31	11.679134130477905	100	60	799840	0
POW_A_2000.csv-POW_B_1_2000.csv	1	100	0.01	0.1	3	16	8192	5	2026-04-10_07:13:31	2026-04-10_07:13:39	8.056021690368652	100	20	799880	0
POW_A_2000.csv-POW_B_1_2000.csv	1	100	0.01	0.1	3	16	8192	5	2026-04-10_07:13:40	2026-04-10_07:13:48	8.003595352172852	100	40	799860	0
POW_A_5000.csv-POW_B_1_5000.csv	1	100	0.01	0.1	3	16	8192	5	2026-04-10_07:14:06	2026-04-10_07:15:02	56.347625970840454	250	126	4999624	0
POW_A_5000.csv-POW_B_1_5000.csv	1	100	0.01	0.1	3	16	8192	5	2026-04-10_07:15:02	2026-04-10_07:15:55	53.23635530471802	250	134	4999616	0
POW_A_5000.csv-POW_B_1_5000.csv	1	100	0.01	0.1	3	16	8192	5	2026-04-10_07:15:55	2026-04-10_07:16:55	59.80004858970642	250	119	4999631	0
POW_A_20000.csv-POW_B_1_20000.csv	1	100	0.01	0.1	3	16	8192	5	2026-04-10_07:17:13	2026-04-10_07:32:37	923.7781574726105	1000	257	79998743	0
POW_A_20000.csv-POW_B_1_20000.csv	1	100	0.01	0.1	3	16	8192	5	2026-04-10_07:32:37	2026-04-10_07:47:53	915.4609680175781	1000	2692	79996308	0
POW_A_20000.csv-POW_B_1_20000.csv	1	100	0.01	0.1	3	16	8192	5	2026-04-10_07:47:53	2026-04-10_08:05:06	1033.3748834133148	1000	207	79998793	0
POW_A_2000.csv-POW_B_1_2000.csv	1	100	0.01	0.1	3	16	8192	10	2026-04-10_08:05:26	2026-04-10_08:05:38	11.76707935333252	100	28	799872	0
POW_A_2000.csv-POW_B_1_2000.csv	1	100	0.01	0.1	3	16	8192	10	2026-04-10_08:05:38	2026-04-10_08:05:51	13.26846957206726	100	21	799879	0
POW_A_2000.csv-POW_B_1_2000.csv	1	100	0.01	0.1	3	16	8192	10	2026-04-10_08:05:51	2026-04-10_08:06:01	9.852303981781006	100	16	799884	0
POW_A_5000.csv-POW_B_1_5000.csv	1	100	0.01	0.1	3	16	8192	10	2026-04-10_08:06:19	2026-04-10_08:07:43	83.69801712036133	250	112	4999638	0
POW_A_5000.csv-POW_B_1_5000.csv	1	100	0.01	0.1	3	16	8192	10	2026-04-10_08:07:43	2026-04-10_08:08:51	68.08629274368286	250	136	4999614	0
POW_A_5000.csv-POW_B_1_5000.csv	1	100	0.01	0.1	3	16	8192	10	2026-04-10_08:08:51	2026-04-10_08:10:05	73.38365054130554	250	102	4999648	0
POW_A_20000.csv-POW_B_1_20000.csv	1	100	0.01	0.1	3	16	8192	10	2026-04-10_08:10:23	2026-04-10_08:30:01	1178.5244708061218	996	87	79998913	4
POW_A_20000.csv-POW_B_1_20000.csv	1	100	0.01	0.1	3	16	8192	10	2026-04-10_08:30:01	2026-04-10_08:55:40	1538.3945775032043	998	79	79998921	2
POW_A_20000.csv-POW_B_1_20000.csv	1	100	0.01	0.1	3	16	8192	10	2026-04-10_08:55:40	2026-04-10_09:15:31	1190.8314900398254	1000	809	79998191	0
POW_A_2000.csv-POW_B_1_2000.csv	1	100	0.01	0.1	3	16	8192	20	2026-04-10_09:15:51	2026-04-10_09:16:07	15.495965957641602	100	13	799887	0
POW_A_2000.csv-POW_B_1_2000.csv	1	100	0.01	0.1	3	16	8192	20	2026-04-10_09:16:07	2026-04-10_09:16:20	13.421061992645264	100	13	799887	0
POW_A_2000.csv-POW_B_1_2000.csv	1	100	0.01	0.1	3	16	8192	20	2026-04-10_09:16:20	2026-04-10_09:16:34	13.461060285568237	100	25	799875	0
POW_A_5000.csv-POW_B_1_5000.csv	1	100	0.01	0.1	3	16	8192	20	2026-04-10_09:16:52	2026-04-10_09:19:00	127.82501173019409	250	182	4999568	0
POW_A_5000.csv-POW_B_1_5000.csv	1	100	0.01	0.1	3	16	8192	20	2026-04-10_09:19:00	2026-04-10_09:20:43	103.19895052909851	250	325	4999425	0
POW_A_5000.csv-POW_B_1_5000.csv	1	100	0.01	0.1	3	16	8192	20	2026-04-10_09:20:43	2026-04-10_09:22:54	131.4935736656189	250	234	4999516	0
POW_A_20000.csv-POW_B_1_20000.csv	1	100	0.01	0.1	3	16	8192	20	2026-04-10_09:23:13	2026-04-10_09:52:03	1730.7396614551544	1000	275	79998725	0
POW_A_20000.csv-POW_B_1_20000.csv	1	100	0.01	0.1	3	16	8192	20	2026-04-10_09:52:03	2026-04-10_10:19:53	1670.0501472949982	1000	9298	79989702	0
POW_A_20000.csv-POW_B_1_20000.csv	1	100	0.01	0.1	3	16	8192	20	2026-04-10_10:19:54	2026-04-10_10:47:36	1661.9739491939545	989	64	79998936	11
POW_A_2000.csv-POW_B_1_2000.csv	1	100	0.01	0.1	3	8	8192	5	2026-04-10_10:47:55	2026-04-10_10:48:06	10.63655686378479	100	435	799465	0
POW_A_2000.csv-POW_B_1_2000.csv	1	100	0.01	0.1	3	8	8192	5	2026-04-10_10:48:06	2026-04-10_10:48:14	8.554319143295288	100	106	799794	0
POW_A_2000.csv-POW_B_1_2000.csv	1	100	0.01	0.1	3	8	8192	5	2026-04-10_10:48:14	2026-04-10_10:48:23	8.441675424575806	100	67	799833	0
POW_A_5000.csv-POW_B_1_5000.csv	1	100	0.01	0.1	3	8	8192	5	2026-04-10_10:48:41	2026-04-10_10:49:41	60.45279908180237	250	71	4999679	0
POW_A_5000.csv-POW_B_1_5000.csv	1	100	0.01	0.1	3	8	8192	5	2026-04-10_10:49:41	2026-04-10_10:50:42	60.274433612823486	250	85	4999665	0
POW_A_5000.csv-POW_B_1_5000.csv	1	100	0.01	0.1	3	8	8192	5	2026-04-10_10:50:42	2026-04-10_10:51:36	54.467814922332764	250	517	4999233	0
POW_A_20000.csv-POW_B_1_20000.csv	1	100	0.01	0.1	3	8	8192	5	2026-04-10_10:51:54	2026-04-10_11:08:57	1022.3926637172699	1000	199	79998801	0
POW_A_20000.csv-POW_B_1_20000.csv	1	100	0.01	0.1	3	8	8192	5	2026-04-10_11:08:57	2026-04-10_11:26:12	1034.8373391628265	1000	342	79998658	0
POW_A_20000.csv-POW_B_1_20000.csv	1	100	0.01	0.1	3	8	8192	5	2026-04-10_11:26:12	2026-04-10_11:42:45	992.8841645717621	1000	610	79998390	0
POW_A_2000.csv-POW_B_1_2000.csv	1	100	0.01	0.1	3	8	8192	10	2026-04-10_11:43:05	2026-04-10_11:43:17	12.267674684524536	100	32	799868	0
POW_A_2000.csv-POW_B_1_2000.csv	1	100	0.01	0.1	3	8	8192	10	2026-04-10_11:43:17	2026-04-10_11:43:28	11.097326755523682	100	20	799880	0
POW_A_2000.csv-POW_B_1_2000.csv	1	100	0.01	0.1	3	8	8192	10	2026-04-10_11:43:28	2026-04-10_11:43:39	10.956833600997925	100	27	799873	0
POW_A_5000.csv-POW_B_1_5000.csv	1	100	0.01	0.1	3	8	8192	10	2026-04-10_11:43:57	2026-04-10_11:45:18	80.8030755519867	250	26	4999724	0
POW_A_5000.csv-POW_B_1_5000.csv	1	100	0.01	0.1	3	8	8192	10	2026-04-10_11:45:18	2026-04-10_11:46:43	85.09161114692688	250	478	4999272	0
POW_A_5000.csv-POW_B_1_5000.csv	1	100	0.01	0.1	3	8	8192	10	2026-04-10_11:46:43	2026-04-10_11:48:01	77.93323183059692	250	117	4999633	0
POW_A_20000.csv-POW_B_1_20000.csv	1	100	0.01	0.1	3	8	8192	10	2026-04-10_11:48:19	2026-04-10_12:11:32	1392.4663407802582	1000	889	79998111	0
POW_A_20000.csv-POW_B_1_20000.csv	1	100	0.01	0.1	3	8	8192	10	2026-04-10_12:11:32	2026-04-10_12:35:05	1412.4845638275146	1000	128	79998872	0
POW_A_20000.csv-POW_B_1_20000.csv	1	100	0.01	0.1	3	8	8192	10	2026-04-10_12:35:06	2026-04-10_12:57:53	1367.705738067627	1000	229	79998771	0
POW_A_2000.csv-POW_B_1_2000.csv	1	100	0.01	0.1	3	8	8192	20	2026-04-10_12:58:13	2026-04-10_12:58:30	17.498952627182007	100	21	799879	0
POW_A_2000.csv-POW_B_1_2000.csv	1	100	0.01	0.1	3	8	8192	20	2026-04-10_12:58:30	2026-04-10_12:58:46	15.895914077758789	100	12	799888	0
POW_A_2000.csv-POW_B_1_2000.csv	1	100	0.01	0.1	3	8	8192	20	2026-04-10_12:58:46	2026-04-10_12:59:02	15.368002653121948	100	58	799842	0
POW_A_5000.csv-POW_B_1_5000.csv	1	100	0.01	0.1	3	8	8192	20	2026-04-10_12:59:20	2026-04-10_13:01:20	120.23548102378845	250	252	4999498	0
POW_A_5000.csv-POW_B_1_5000.csv	1	100	0.01	0.1	3	8	8192	20	2026-04-10_13:01:20	2026-04-10_13:03:21	120.69326519966125	250	77	4999673	0
POW_A_5000.csv-POW_B_1_5000.csv	1	100	0.01	0.1	3	8	8192	20	2026-04-10_13:03:21	2026-04-10_13:05:28	127.52391624450684	250	156	4999594	0
POW_A_20000.csv-POW_B_1_20000.csv	1	100	0.01	0.1	3	8	8192	20	2026-04-10_13:05:46	2026-04-10_13:38:27	1960.5197401046753	1000	631	79998369	0
POW_A_20000.csv-POW_B_1_20000.csv	1	100	0.01	0.1	3	8	8192	20	2026-04-10_13:38:27	2026-04-10_14:11:22	1974.809407234192	1000	127	79998873	0
POW_A_20000.csv-POW_B_1_20000.csv	1	100	0.01	0.1	3	8	8192	20	2026-04-10_14:11:22	2026-04-10_14:43:31	1928.1547775268555	1000	229	79998771	0
POW_A_2000.csv-POW_B_1_2000.csv	1	100	0.01	0.1	3	4	8192	5	2026-04-10_14:43:50	2026-04-10_14:44:03	12.64917516708374	100	75	799825	0
POW_A_2000.csv-POW_B_1_2000.csv	1	100	0.01	0.1	3	4	8192	5	2026-04-10_14:44:03	2026-04-10_14:44:14	10.59513807296753	100	104	799796	0
POW_A_2000.csv-POW_B_1_2000.csv	1	100	0.01	0.1	3	4	8192	5	2026-04-10_14:44:14	2026-04-10_14:44:24	10.562011003494263	100	268	799632	0
POW_A_5000.csv-POW_B_1_5000.csv	1	100	0.01	0.1	3	4	8192	5	2026-04-10_14:44:42	2026-04-10_14:45:52	69.73150944709778	250	133	4999617	0
POW_A_5000.csv-POW_B_1_5000.csv	1	100	0.01	0.1	3	4	8192	5	2026-04-10_14:45:52	2026-04-10_14:46:59	67.17311692237854	250	71	4999679	0
POW_A_5000.csv-POW_B_1_5000.csv	1	100	0.01	0.1	3	4	8192	5	2026-04-10_14:47:00	2026-04-10_14:48:07	67.49121236801147	250	114	4999636	0
POW_A_20000.csv-POW_B_1_20000.csv	1	100	0.01	0.1	3	4	8192	5	2026-04-10_14:48:25	2026-04-10_15:08:45	1220.24036860466	1000	107	79998893	0
POW_A_20000.csv-POW_B_1_20000.csv	1	100	0.01	0.1	3	4	8192	5	2026-04-10_15:08:46	2026-04-10_15:28:41	1194.8552241325378	1000	355	79998645	0
POW_A_20000.csv-POW_B_1_20000.csv	1	100	0.01	0.1	3	4	8192	5	2026-04-10_15:28:42	2026-04-10_15:48:38	1195.959975719452	1000	260	79998740	0
POW_A_2000.csv-POW_B_1_2000.csv	1	100	0.01	0.1	3	4	8192	10	2026-04-10_15:48:58	2026-04-10_15:49:14	16.76756453514099	100	76	799824	0
POW_A_2000.csv-POW_B_1_2000.csv	1	100	0.01	0.1	3	4	8192	10	2026-04-10_15:49:14	2026-04-10_15:49:29	14.412125587463379	100	6390	793510	0
POW_A_2000.csv-POW_B_1_2000.csv	1	100	0.01	0.1	3	4	8192	10	2026-04-10_15:49:29	2026-04-10_15:49:43	14.605783462524414	100	104	799796	0
POW_A_5000.csv-POW_B_1_5000.csv	1	100	0.01	0.1	3	4	8192	10	2026-04-10_15:50:02	2026-04-10_15:51:41	99.8347487449646	250	281	4999469	0
POW_A_5000.csv-POW_B_1_5000.csv	1	100	0.01	0.1	3	4	8192	10	2026-04-10_15:51:41	2026-04-10_15:53:19	97.8055989742279	250	325	4999425	0
POW_A_5000.csv-POW_B_1_5000.csv	1	100	0.01	0.1	3	4	8192	10	2026-04-10_15:53:19	2026-04-10_15:54:57	97.90730547904968	250	101	4999649	0
POW_A_20000.csv-POW_B_1_20000.csv	1	100	0.01	0.1	3	4	8192	10	2026-04-10_15:55:15	2026-04-10_16:23:41	1705.9161546230316	1000	217	79998783	0
POW_A_20000.csv-POW_B_1_20000.csv	1	100	0.01	0.1	3	4	8192	10	2026-04-10_16:23:41	2026-04-10_16:51:59	1697.7144780158997	1000	126	79998874	0
POW_A_20000.csv-POW_B_1_20000.csv	1	100	0.01	0.1	3	4	8192	10	2026-04-10_16:52:00	2026-04-10_17:20:21	1701.0700590610504	1000	321	79998679	0
POW_A_2000.csv-POW_B_1_2000.csv	1	100	0.01	0.1	3	4	8192	20	2026-04-10_17:20:40	2026-04-10_17:21:05	25.25900888442993	100	14	799886	0
POW_A_2000.csv-POW_B_1_2000.csv	1	100	0.01	0.1	3	4	8192	20	2026-04-10_17:21:05	2026-04-10_17:21:29	23.260756731033325	100	74	799826	0
POW_A_2000.csv-POW_B_1_2000.csv	1	100	0.01	0.1	3	4	8192	20	2026-04-10_17:21:29	2026-04-10_17:21:52	23.78890609741211	100	96	799804	0
POW_A_5000.csv-POW_B_1_5000.csv	1	100	0.01	0.1	3	4	8192	20	2026-04-10_17:22:10	2026-04-10_17:24:51	160.91392159461975	250	169	4999581	0
POW_A_5000.csv-POW_B_1_5000.csv	1	100	0.01	0.1	3	4	8192	20	2026-04-10_17:24:51	2026-04-10_17:27:28	157.02257633209229	250	93	4999657	0
POW_A_5000.csv-POW_B_1_5000.csv	1	100	0.01	0.1	3	4	8192	20	2026-04-10_17:27:29	2026-04-10_17:30:07	158.3190131187439	250	136	4999614	0
POW_A_20000.csv-POW_B_1_20000.csv	1	100	0.01	0.1	3	4	8192	20	2026-04-10_17:30:25	2026-04-10_18:15:57	2732.2305929660797	1000	116	79998884	0
POW_A_20000.csv-POW_B_1_20000.csv	1	100	0.01	0.1	3	4	8192	20	2026-04-10_18:15:58	2026-04-10_19:01:42	2744.467720270157	1000	477	79998523	0
POW_A_20000.csv-POW_B_1_20000.csv	1	100	0.01	0.1	3	4	8192	20	2026-04-10_19:01:43	2026-04-10_19:46:41	2697.88751578331	1000	947	79998053	0
POW_A_2000.csv-POW_B_1_2000.csv	1	200	0.1	0.0	1	16	8192	5	2026-04-10_19:47:01	2026-04-10_19:47:10	9.32036280632019	100	6	799894	0
POW_A_2000.csv-POW_B_1_2000.csv	1	200	0.1	0.0	1	16	8192	5	2026-04-10_19:47:10	2026-04-10_19:47:17	7.052024602890015	100	19	799881	0
POW_A_2000.csv-POW_B_1_2000.csv	1	200	0.1	0.0	1	16	8192	5	2026-04-10_19:47:18	2026-04-10_19:47:25	7.03618860244751	100	6	799894	0
POW_A_5000.csv-POW_B_1_5000.csv	1	200	0.1	0.0	1	16	8192	5	2026-04-10_19:47:43	2026-04-10_19:48:36	53.16375017166138	250	10	4999740	0
POW_A_5000.csv-POW_B_1_5000.csv	1	200	0.1	0.0	1	16	8192	5	2026-04-10_19:48:36	2026-04-10_19:49:21	45.53572916984558	250	4	4999746	0
POW_A_5000.csv-POW_B_1_5000.csv	1	200	0.1	0.0	1	16	8192	5	2026-04-10_19:49:22	2026-04-10_19:50:12	50.820268630981445	250	6	4999744	0
POW_A_20000.csv-POW_B_1_20000.csv	1	200	0.1	0.0	1	16	8192	5	2026-04-10_19:50:30	2026-04-10_20:04:01	810.0889801979065	1000	13	79998987	0
POW_A_20000.csv-POW_B_1_20000.csv	1	200	0.1	0.0	1	16	8192	5	2026-04-10_20:04:01	2026-04-10_20:19:12	911.733766078949	1000	19	79998981	0
POW_A_20000.csv-POW_B_1_20000.csv	1	200	0.1	0.0	1	16	8192	5	2026-04-10_20:19:13	2026-04-10_20:34:02	889.2817347049713	1000	9	79998991	0
POW_A_2000.csv-POW_B_1_2000.csv	1	200	0.1	0.0	1	16	8192	10	2026-04-10_20:34:21	2026-04-10_20:34:31	9.946236848831177	100	4	799896	0
POW_A_2000.csv-POW_B_1_2000.csv	1	200	0.1	0.0	1	16	8192	10	2026-04-10_20:34:32	2026-04-10_20:34:41	9.667961120605469	100	6	799894	0
POW_A_2000.csv-POW_B_1_2000.csv	1	200	0.1	0.0	1	16	8192	10	2026-04-10_20:34:41	2026-04-10_20:34:51	9.703125953674316	100	6	799894	0
POW_A_5000.csv-POW_B_1_5000.csv	1	200	0.1	0.0	1	16	8192	10	2026-04-10_20:35:09	2026-04-10_20:36:07	57.796931743621826	250	25	4999725	0
POW_A_5000.csv-POW_B_1_5000.csv	1	200	0.1	0.0	1	16	8192	10	2026-04-10_20:36:07	2026-04-10_20:36:59	52.383338928222656	250	4	4999746	0
POW_A_5000.csv-POW_B_1_5000.csv	1	200	0.1	0.0	1	16	8192	10	2026-04-10_20:36:59	2026-04-10_20:37:58	58.82609438896179	250	4	4999746	0
POW_A_20000.csv-POW_B_1_20000.csv	1	200	0.1	0.0	1	16	8192	10	2026-04-10_20:38:16	2026-04-10_20:53:40	923.7069175243378	1000	9	79998991	0
POW_A_20000.csv-POW_B_1_20000.csv	1	200	0.1	0.0	1	16	8192	10	2026-04-10_20:53:40	2026-04-10_21:08:48	908.0411241054535	1000	37	79998963	0
POW_A_20000.csv-POW_B_1_20000.csv	1	200	0.1	0.0	1	16	8192	10	2026-04-10_21:08:48	2026-04-10_21:24:15	926.3922338485718	1000	119	79998881	0
POW_A_2000.csv-POW_B_1_2000.csv	1	200	0.1	0.0	1	16	8192	20	2026-04-10_21:24:34	2026-04-10_21:24:46	11.568049192428589	100	6	799894	0
POW_A_2000.csv-POW_B_1_2000.csv	1	200	0.1	0.0	1	16	8192	20	2026-04-10_21:24:46	2026-04-10_21:24:56	9.566797256469727	100	3	799897	0
POW_A_2000.csv-POW_B_1_2000.csv	1	200	0.1	0.0	1	16	8192	20	2026-04-10_21:24:56	2026-04-10_21:25:05	9.500468254089355	100	3	799897	0
POW_A_5000.csv-POW_B_1_5000.csv	1	200	0.1	0.0	1	16	8192	20	2026-04-10_21:25:23	2026-04-10_21:26:51	87.70234322547913	250	4	4999746	0
POW_A_5000.csv-POW_B_1_5000.csv	1	200	0.1	0.0	1	16	8192	20	2026-04-10_21:26:51	2026-04-10_21:28:15	84.2377781867981	250	14	4999736	0
POW_A_5000.csv-POW_B_1_5000.csv	1	200	0.1	0.0	1	16	8192	20	2026-04-10_21:28:15	2026-04-10_21:29:34	78.48219275474548	250	4	4999746	0
POW_A_20000.csv-POW_B_1_20000.csv	1	200	0.1	0.0	1	16	8192	20	2026-04-10_21:29:52	2026-04-10_21:48:48	1136.4153690338135	1000	10	79998990	0
POW_A_20000.csv-POW_B_1_20000.csv	1	200	0.1	0.0	1	16	8192	20	2026-04-10_21:48:49	2026-04-10_22:08:54	1205.4677488803864	1000	133	79998867	0
POW_A_20000.csv-POW_B_1_20000.csv	1	200	0.1	0.0	1	16	8192	20	2026-04-10_22:08:55	2026-04-10_22:34:49	1554.3143966197968	1000	9	79998991	0
POW_A_2000.csv-POW_B_1_2000.csv	1	200	0.1	0.0	1	8	8192	5	2026-04-10_22:35:08	2026-04-10_22:35:19	10.17820143699646	100	49	799851	0
POW_A_2000.csv-POW_B_1_2000.csv	1	200	0.1	0.0	1	8	8192	5	2026-04-10_22:35:19	2026-04-10_22:35:26	7.309553623199463	100	6	799894	0
POW_A_2000.csv-POW_B_1_2000.csv	1	200	0.1	0.0	1	8	8192	5	2026-04-10_22:35:26	2026-04-10_22:35:34	7.464932918548584	100	9	799891	0
POW_A_5000.csv-POW_B_1_5000.csv	1	200	0.1	0.0	1	8	8192	5	2026-04-10_22:35:52	2026-04-10_22:36:47	54.90617823600769	250	8	4999742	0
POW_A_5000.csv-POW_B_1_5000.csv	1	200	0.1	0.0	1	8	8192	5	2026-04-10_22:36:47	2026-04-10_22:37:36	49.723453998565674	250	17	4999733	0
POW_A_5000.csv-POW_B_1_5000.csv	1	200	0.1	0.0	1	8	8192	5	2026-04-10_22:37:36	2026-04-10_22:38:28	51.25540804862976	250	48	4999702	0
POW_A_20000.csv-POW_B_1_20000.csv	1	200	0.1	0.0	1	8	8192	5	2026-04-10_22:38:46	2026-04-10_22:54:09	923.3223073482513	1000	13	79998987	0
POW_A_20000.csv-POW_B_1_20000.csv	1	200	0.1	0.0	1	8	8192	5	2026-04-10_22:54:09	2026-04-10_23:08:07	837.1373386383057	1000	19	79998981	0
POW_A_20000.csv-POW_B_1_20000.csv	1	200	0.1	0.0	1	8	8192	5	2026-04-10_23:08:07	2026-04-10_23:23:03	896.055383682251	1000	9	79998991	0
POW_A_2000.csv-POW_B_1_2000.csv	1	200	0.1	0.0	1	8	8192	10	2026-04-10_23:23:23	2026-04-10_23:23:34	10.790618419647217	100	7	799893	0
POW_A_2000.csv-POW_B_1_2000.csv	1	200	0.1	0.0	1	8	8192	10	2026-04-10_23:23:34	2026-04-10_23:23:43	8.911295413970947	100	3	799897	0
POW_A_2000.csv-POW_B_1_2000.csv	1	200	0.1	0.0	1	8	8192	10	2026-04-10_23:23:43	2026-04-10_23:23:52	8.831548690795898	100	6	799894	0
POW_A_5000.csv-POW_B_1_5000.csv	1	200	0.1	0.0	1	8	8192	10	2026-04-10_23:24:10	2026-04-10_23:25:16	66.14865469932556	250	13	4999737	0
POW_A_5000.csv-POW_B_1_5000.csv	1	200	0.1	0.0	1	8	8192	10	2026-04-10_23:25:16	2026-04-10_23:26:14	58.5676064491272	250	10	4999740	0
POW_A_5000.csv-POW_B_1_5000.csv	1	200	0.1	0.0	1	8	8192	10	2026-04-10_23:26:15	2026-04-10_23:27:18	63.491275787353516	250	5	4999745	0
POW_A_20000.csv-POW_B_1_20000.csv	1	200	0.1	0.0	1	8	8192	10	2026-04-10_23:27:36	2026-04-10_23:44:46	1029.6530377864838	1000	61	79998939	0
POW_A_20000.csv-POW_B_1_20000.csv	1	200	0.1	0.0	1	8	8192	10	2026-04-10_23:44:46	2026-04-11_00:01:59	1032.9000406265259	1000	80	79998920	0
POW_A_20000.csv-POW_B_1_20000.csv	1	200	0.1	0.0	1	8	8192	10	2026-04-11_00:02:00	2026-04-11_00:18:30	989.9527206420898	1000	16	79998984	0
POW_A_2000.csv-POW_B_1_2000.csv	1	200	0.1	0.0	1	8	8192	20	2026-04-11_00:18:49	2026-04-11_00:19:02	13.050456762313843	100	4	799896	0
POW_A_2000.csv-POW_B_1_2000.csv	1	200	0.1	0.0	1	8	8192	20	2026-04-11_00:19:02	2026-04-11_00:19:15	13.498186349868774	100	3	799897	0
POW_A_2000.csv-POW_B_1_2000.csv	1	200	0.1	0.0	1	8	8192	20	2026-04-11_00:19:15	2026-04-11_00:19:29	13.588278770446777	100	2	799898	0
POW_A_5000.csv-POW_B_1_5000.csv	1	200	0.1	0.0	1	8	8192	20	2026-04-11_00:19:47	2026-04-11_00:21:06	78.86667251586914	250	4	4999746	0
POW_A_5000.csv-POW_B_1_5000.csv	1	200	0.1	0.0	1	8	8192	20	2026-04-11_00:21:06	2026-04-11_00:22:23	77.22091913223267	250	11	4999739	0
POW_A_5000.csv-POW_B_1_5000.csv	1	200	0.1	0.0	1	8	8192	20	2026-04-11_00:22:23	2026-04-11_00:23:54	90.95725560188293	250	51	4999699	0
POW_A_20000.csv-POW_B_1_20000.csv	1	200	0.1	0.0	1	8	8192	20	2026-04-11_00:24:12	2026-04-11_00:46:09	1316.8681387901306	1000	42	79998958	0
POW_A_20000.csv-POW_B_1_20000.csv	1	200	0.1	0.0	1	8	8192	20	2026-04-11_00:46:10	2026-04-11_01:08:44	1354.46089553833	1000	10	79998990	0
POW_A_20000.csv-POW_B_1_20000.csv	1	200	0.1	0.0	1	8	8192	20	2026-04-11_01:08:44	2026-04-11_01:31:08	1343.559923171997	1000	19	79998981	0
POW_A_2000.csv-POW_B_1_2000.csv	1	200	0.1	0.0	1	4	8192	5	2026-04-11_01:31:27	2026-04-11_01:31:38	10.94081449508667	100	12	799888	0
POW_A_2000.csv-POW_B_1_2000.csv	1	200	0.1	0.0	1	4	8192	5	2026-04-11_01:31:39	2026-04-11_01:31:48	9.200233936309814	100	167	799733	0
POW_A_2000.csv-POW_B_1_2000.csv	1	200	0.1	0.0	1	4	8192	5	2026-04-11_01:31:48	2026-04-11_01:31:57	9.264822006225586	100	57	799843	0
POW_A_5000.csv-POW_B_1_5000.csv	1	200	0.1	0.0	1	4	8192	5	2026-04-11_01:32:15	2026-04-11_01:33:12	56.599031925201416	250	33	4999717	0
POW_A_5000.csv-POW_B_1_5000.csv	1	200	0.1	0.0	1	4	8192	5	2026-04-11_01:33:12	2026-04-11_01:34:05	53.336668729782104	250	394	4999356	0
POW_A_5000.csv-POW_B_1_5000.csv	1	200	0.1	0.0	1	4	8192	5	2026-04-11_01:34:05	2026-04-11_01:34:59	53.62943625450134	250	251	4999499	0
POW_A_20000.csv-POW_B_1_20000.csv	1	200	0.1	0.0	1	4	8192	5	2026-04-11_01:35:17	2026-04-11_01:51:25	968.0007588863373	1000	426	79998574	0
POW_A_20000.csv-POW_B_1_20000.csv	1	200	0.1	0.0	1	4	8192	5	2026-04-11_01:51:25	2026-04-11_02:07:35	970.0541214942932	1000	786	79998214	0
POW_A_20000.csv-POW_B_1_20000.csv	1	200	0.1	0.0	1	4	8192	5	2026-04-11_02:07:35	2026-04-11_02:23:42	966.9748094081879	1000	17	79998983	0
POW_A_2000.csv-POW_B_1_2000.csv	1	200	0.1	0.0	1	4	8192	10	2026-04-11_02:24:01	2026-04-11_02:24:14	12.716626644134521	100	12	799888	0
POW_A_2000.csv-POW_B_1_2000.csv	1	200	0.1	0.0	1	4	8192	10	2026-04-11_02:24:14	2026-04-11_02:24:25	10.86515760421753	100	6	799894	0
POW_A_2000.csv-POW_B_1_2000.csv	1	200	0.1	0.0	1	4	8192	10	2026-04-11_02:24:25	2026-04-11_02:24:36	11.133404970169067	100	19	799881	0
POW_A_5000.csv-POW_B_1_5000.csv	1	200	0.1	0.0	1	4	8192	10	2026-04-11_02:24:54	2026-04-11_02:26:07	72.65708303451538	250	6	4999744	0
POW_A_5000.csv-POW_B_1_5000.csv	1	200	0.1	0.0	1	4	8192	10	2026-04-11_02:26:07	2026-04-11_02:27:16	68.46663641929626	250	7	4999743	0
POW_A_5000.csv-POW_B_1_5000.csv	1	200	0.1	0.0	1	4	8192	10	2026-04-11_02:27:16	2026-04-11_02:28:26	70.58395266532898	250	7	4999743	0
POW_A_20000.csv-POW_B_1_20000.csv	1	200	0.1	0.0	1	4	8192	10	2026-04-11_02:28:44	2026-04-11_02:49:25	1240.978149175644	1000	10	79998990	0
POW_A_20000.csv-POW_B_1_20000.csv	1	200	0.1	0.0	1	4	8192	10	2026-04-11_02:49:26	2026-04-11_03:09:52	1226.503056049347	1000	23	79998977	0
POW_A_20000.csv-POW_B_1_20000.csv	1	200	0.1	0.0	1	4	8192	10	2026-04-11_03:09:52	2026-04-11_03:30:43	1251.186615228653	1000	11	79998989	0
POW_A_2000.csv-POW_B_1_2000.csv	1	200	0.1	0.0	1	4	8192	20	2026-04-11_03:31:03	2026-04-11_03:31:20	17.199233293533325	100	6	799894	0
POW_A_2000.csv-POW_B_1_2000.csv	1	200	0.1	0.0	1	4	8192	20	2026-04-11_03:31:20	2026-04-11_03:31:36	15.39288854598999	100	5	799895	0
POW_A_2000.csv-POW_B_1_2000.csv	1	200	0.1	0.0	1	4	8192	20	2026-04-11_03:31:36	2026-04-11_03:31:52	16.091322660446167	100	1	799899	0
POW_A_5000.csv-POW_B_1_5000.csv	1	200	0.1	0.0	1	4	8192	20	2026-04-11_03:32:10	2026-04-11_03:33:55	105.02026891708374	250	6	4999744	0
POW_A_5000.csv-POW_B_1_5000.csv	1	200	0.1	0.0	1	4	8192	20	2026-04-11_03:33:55	2026-04-11_03:35:35	99.50739407539368	250	4	4999746	0
POW_A_5000.csv-POW_B_1_5000.csv	1	200	0.1	0.0	1	4	8192	20	2026-04-11_03:35:35	2026-04-11_03:37:14	99.33682322502136	250	7	4999743	0
POW_A_20000.csv-POW_B_1_20000.csv	1	200	0.1	0.0	1	4	8192	20	2026-04-11_03:37:32	2026-04-11_04:07:06	1773.5276401042938	1000	10	79998990	0
POW_A_20000.csv-POW_B_1_20000.csv	1	200	0.1	0.0	1	4	8192	20	2026-04-11_04:07:06	2026-04-11_04:36:52	1786.2956840991974	1000	15	79998985	0
POW_A_20000.csv-POW_B_1_20000.csv	1	200	0.1	0.0	1	4	8192	20	2026-04-11_04:36:53	2026-04-11_05:05:54	1741.4610533714294	1000	10	79998990	0
POW_A_2000.csv-POW_B_1_2000.csv	1	200	0.1	0.0	2	16	8192	5	2026-04-11_05:06:14	2026-04-11_05:06:23	9.571882724761963	100	0	799900	0
POW_A_2000.csv-POW_B_1_2000.csv	1	200	0.1	0.0	2	16	8192	5	2026-04-11_05:06:23	2026-04-11_05:06:31	7.565756559371948	100	6	799894	0
POW_A_2000.csv-POW_B_1_2000.csv	1	200	0.1	0.0	2	16	8192	5	2026-04-11_05:06:31	2026-04-11_05:06:38	7.517215967178345	100	6	799894	0
POW_A_5000.csv-POW_B_1_5000.csv	1	200	0.1	0.0	2	16	8192	5	2026-04-11_05:06:56	2026-04-11_05:07:57	60.501544713974	250	64	4999686	0
POW_A_5000.csv-POW_B_1_5000.csv	1	200	0.1	0.0	2	16	8192	5	2026-04-11_05:07:57	2026-04-11_05:08:56	59.3021399974823	250	7	4999743	0
POW_A_5000.csv-POW_B_1_5000.csv	1	200	0.1	0.0	2	16	8192	5	2026-04-11_05:08:56	2026-04-11_05:09:55	58.8450870513916	250	9	4999741	0
POW_A_20000.csv-POW_B_1_20000.csv	1	200	0.1	0.0	2	16	8192	5	2026-04-11_05:10:13	2026-04-11_05:25:01	887.203752040863	1000	11	79998989	0
POW_A_20000.csv-POW_B_1_20000.csv	1	200	0.1	0.0	2	16	8192	5	2026-04-11_05:25:01	2026-04-11_05:41:38	997.7243173122406	1000	20	79998980	0
POW_A_20000.csv-POW_B_1_20000.csv	1	200	0.1	0.0	2	16	8192	5	2026-04-11_05:41:39	2026-04-11_05:55:57	858.6232528686523	1000	43	79998957	0
POW_A_2000.csv-POW_B_1_2000.csv	1	200	0.1	0.0	2	16	8192	10	2026-04-11_05:56:17	2026-04-11_05:56:30	13.367760181427002	100	4	799896	0
POW_A_2000.csv-POW_B_1_2000.csv	1	200	0.1	0.0	2	16	8192	10	2026-04-11_05:56:30	2026-04-11_05:56:39	8.794497966766357	100	4	799896	0
POW_A_2000.csv-POW_B_1_2000.csv	1	200	0.1	0.0	2	16	8192	10	2026-04-11_05:56:39	2026-04-11_05:56:48	8.739784479141235	100	4	799896	0
POW_A_5000.csv-POW_B_1_5000.csv	1	200	0.1	0.0	2	16	8192	10	2026-04-11_05:57:06	2026-04-11_05:58:17	70.84104895591736	250	6	4999744	0
POW_A_5000.csv-POW_B_1_5000.csv	1	200	0.1	0.0	2	16	8192	10	2026-04-11_05:58:17	2026-04-11_05:59:26	68.89597630500793	250	7	4999743	0
POW_A_5000.csv-POW_B_1_5000.csv	1	200	0.1	0.0	2	16	8192	10	2026-04-11_05:59:26	2026-04-11_06:00:38	72.199547290802	250	4	4999746	0
POW_A_20000.csv-POW_B_1_20000.csv	1	200	0.1	0.0	2	16	8192	10	2026-04-11_06:00:56	2026-04-11_06:18:35	1058.9775955677032	1000	44	79998956	0
POW_A_20000.csv-POW_B_1_20000.csv	1	200	0.1	0.0	2	16	8192	10	2026-04-11_06:18:36	2026-04-11_06:35:28	1012.4368412494659	1000	8	79998992	0
POW_A_20000.csv-POW_B_1_20000.csv	1	200	0.1	0.0	2	16	8192	10	2026-04-11_06:35:28	2026-04-11_06:53:41	1092.8145308494568	1000	10	79998990	0
POW_A_2000.csv-POW_B_1_2000.csv	1	200	0.1	0.0	2	16	8192	20	2026-04-11_06:54:00	2026-04-11_06:54:14	13.431106567382812	100	2	799898	0
POW_A_2000.csv-POW_B_1_2000.csv	1	200	0.1	0.0	2	16	8192	20	2026-04-11_06:54:14	2026-04-11_06:54:25	11.292755126953125	100	2	799898	0
POW_A_2000.csv-POW_B_1_2000.csv	1	200	0.1	0.0	2	16	8192	20	2026-04-11_06:54:25	2026-04-11_06:54:42	16.525968074798584	100	2	799898	0
POW_A_5000.csv-POW_B_1_5000.csv	1	200	0.1	0.0	2	16	8192	20	2026-04-11_06:55:00	2026-04-11_06:56:45	104.9406349658966	250	4	4999746	0
POW_A_5000.csv-POW_B_1_5000.csv	1	200	0.1	0.0	2	16	8192	20	2026-04-11_06:56:45	2026-04-11_06:58:34	108.91112518310547	250	9	4999741	0
POW_A_5000.csv-POW_B_1_5000.csv	1	200	0.1	0.0	2	16	8192	20	2026-04-11_06:58:34	2026-04-11_07:00:26	112.49375748634338	250	2	4999748	0
POW_A_20000.csv-POW_B_1_20000.csv	1	200	0.1	0.0	2	16	8192	20	2026-04-11_07:00:44	2026-04-11_07:24:53	1448.2104876041412	1000	9	79998991	0
POW_A_20000.csv-POW_B_1_20000.csv	1	200	0.1	0.0	2	16	8192	20	2026-04-11_07:24:53	2026-04-11_07:49:15	1462.4579787254333	1000	5	79998995	0
POW_A_20000.csv-POW_B_1_20000.csv	1	200	0.1	0.0	2	16	8192	20	2026-04-11_07:49:16	2026-04-11_08:12:43	1407.5231063365936	999	4	79998996	1
POW_A_2000.csv-POW_B_1_2000.csv	1	200	0.1	0.0	2	8	8192	5	2026-04-11_08:13:03	2026-04-11_08:13:12	8.991595268249512	100	22	799878	0
POW_A_2000.csv-POW_B_1_2000.csv	1	200	0.1	0.0	2	8	8192	5	2026-04-11_08:13:12	2026-04-11_08:13:20	8.1646728515625	100	16	799884	0
POW_A_2000.csv-POW_B_1_2000.csv	1	200	0.1	0.0	2	8	8192	5	2026-04-11_08:13:20	2026-04-11_08:13:28	8.159269332885742	100	9	799891	0
POW_A_5000.csv-POW_B_1_5000.csv	1	200	0.1	0.0	2	8	8192	5	2026-04-11_08:13:46	2026-04-11_08:14:47	60.29608345031738	250	4	4999746	0
POW_A_5000.csv-POW_B_1_5000.csv	1	200	0.1	0.0	2	8	8192	5	2026-04-11_08:14:47	2026-04-11_08:15:42	55.25290060043335	250	10	4999740	0
POW_A_5000.csv-POW_B_1_5000.csv	1	200	0.1	0.0	2	8	8192	5	2026-04-11_08:15:42	2026-04-11_08:16:33	51.318620443344116	250	8	4999742	0
POW_A_20000.csv-POW_B_1_20000.csv	1	200	0.1	0.0	2	8	8192	5	2026-04-11_08:16:51	2026-04-11_08:34:18	1047.0788841247559	1000	630	79998370	0
POW_A_20000.csv-POW_B_1_20000.csv	1	200	0.1	0.0	2	8	8192	5	2026-04-11_08:34:19	2026-04-11_08:51:15	1016.7324049472809	1000	11	79998989	0
POW_A_20000.csv-POW_B_1_20000.csv	1	200	0.1	0.0	2	8	8192	5	2026-04-11_08:51:15	2026-04-11_09:08:47	1051.9823904037476	1000	48	79998952	0
POW_A_2000.csv-POW_B_1_2000.csv	1	200	0.1	0.0	2	8	8192	10	2026-04-11_09:09:07	2026-04-11_09:09:19	12.163786172866821	100	6	799894	0
POW_A_2000.csv-POW_B_1_2000.csv	1	200	0.1	0.0	2	8	8192	10	2026-04-11_09:09:19	2026-04-11_09:09:29	9.825941324234009	100	6	799894	0
POW_A_2000.csv-POW_B_1_2000.csv	1	200	0.1	0.0	2	8	8192	10	2026-04-11_09:09:29	2026-04-11_09:09:38	9.536231279373169	100	6	799894	0
POW_A_5000.csv-POW_B_1_5000.csv	1	200	0.1	0.0	2	8	8192	10	2026-04-11_09:09:56	2026-04-11_09:11:12	75.66680693626404	250	7	4999743	0
POW_A_5000.csv-POW_B_1_5000.csv	1	200	0.1	0.0	2	8	8192	10	2026-04-11_09:11:12	2026-04-11_09:12:14	61.99550986289978	250	1	4999749	0
POW_A_5000.csv-POW_B_1_5000.csv	1	200	0.1	0.0	2	8	8192	10	2026-04-11_09:12:14	2026-04-11_09:13:27	73.00180506706238	250	67	4999683	0
POW_A_20000.csv-POW_B_1_20000.csv	1	200	0.1	0.0	2	8	8192	10	2026-04-11_09:13:45	2026-04-11_09:34:15	1229.3255882263184	1000	52	79998948	0
POW_A_20000.csv-POW_B_1_20000.csv	1	200	0.1	0.0	2	8	8192	10	2026-04-11_09:34:15	2026-04-11_09:55:08	1253.5339422225952	1000	100	79998900	0
POW_A_20000.csv-POW_B_1_20000.csv	1	200	0.1	0.0	2	8	8192	10	2026-04-11_09:55:09	2026-04-11_10:14:41	1171.9976453781128	1000	10	79998990	0
POW_A_2000.csv-POW_B_1_2000.csv	1	200	0.1	0.0	2	8	8192	20	2026-04-11_10:15:01	2026-04-11_10:15:17	15.952139616012573	100	5	799895	0
POW_A_2000.csv-POW_B_1_2000.csv	1	200	0.1	0.0	2	8	8192	20	2026-04-11_10:15:17	2026-04-11_10:15:31	14.403667449951172	100	2	799898	0
POW_A_2000.csv-POW_B_1_2000.csv	1	200	0.1	0.0	2	8	8192	20	2026-04-11_10:15:31	2026-04-11_10:15:47	15.227521181106567	100	5	799895	0
POW_A_5000.csv-POW_B_1_5000.csv	1	200	0.1	0.0	2	8	8192	20	2026-04-11_10:16:05	2026-04-11_10:17:39	93.95005106925964	250	5	4999745	0
POW_A_5000.csv-POW_B_1_5000.csv	1	200	0.1	0.0	2	8	8192	20	2026-04-11_10:17:39	2026-04-11_10:19:15	96.54159641265869	250	1	4999749	0
POW_A_5000.csv-POW_B_1_5000.csv	1	200	0.1	0.0	2	8	8192	20	2026-04-11_10:19:15	2026-04-11_10:20:55	100.11454510688782	250	1	4999749	0
POW_A_20000.csv-POW_B_1_20000.csv	1	200	0.1	0.0	2	8	8192	20	2026-04-11_10:21:14	2026-04-11_10:52:53	1899.219852924347	1000	553	79998447	0
POW_A_20000.csv-POW_B_1_20000.csv	1	200	0.1	0.0	2	8	8192	20	2026-04-11_10:52:53	2026-04-11_11:23:19	1825.9156424999237	1000	10	79998990	0
POW_A_20000.csv-POW_B_1_20000.csv	1	200	0.1	0.0	2	8	8192	20	2026-04-11_11:23:19	2026-04-11_11:51:16	1676.8871233463287	1000	32	79998968	0
POW_A_2000.csv-POW_B_1_2000.csv	1	200	0.1	0.0	2	4	8192	5	2026-04-11_11:51:35	2026-04-11_11:51:47	11.561774969100952	100	447	799453	0
POW_A_2000.csv-POW_B_1_2000.csv	1	200	0.1	0.0	2	4	8192	5	2026-04-11_11:51:47	2026-04-11_11:51:56	9.403493404388428	100	20	799880	0
POW_A_2000.csv-POW_B_1_2000.csv	1	200	0.1	0.0	2	4	8192	5	2026-04-11_11:51:56	2026-04-11_11:52:06	9.31219220161438	100	26	799874	0
POW_A_5000.csv-POW_B_1_5000.csv	1	200	0.1	0.0	2	4	8192	5	2026-04-11_11:52:24	2026-04-11_11:53:27	62.9468309879303	250	18	4999732	0
POW_A_5000.csv-POW_B_1_5000.csv	1	200	0.1	0.0	2	4	8192	5	2026-04-11_11:53:27	2026-04-11_11:54:27	60.156567335128784	250	6	4999744	0
POW_A_5000.csv-POW_B_1_5000.csv	1	200	0.1	0.0	2	4	8192	5	2026-04-11_11:54:27	2026-04-11_11:55:27	59.97326922416687	250	9	4999741	0
POW_A_20000.csv-POW_B_1_20000.csv	1	200	0.1	0.0	2	4	8192	5	2026-04-11_11:55:45	2026-04-11_12:13:39	1074.175873041153	1000	44	79998956	0
POW_A_20000.csv-POW_B_1_20000.csv	1	200	0.1	0.0	2	4	8192	5	2026-04-11_12:13:39	2026-04-11_12:31:12	1052.8210141658783	1000	47	79998953	0
POW_A_20000.csv-POW_B_1_20000.csv	1	200	0.1	0.0	2	4	8192	5	2026-04-11_12:31:12	2026-04-11_12:48:51	1058.8020634651184	1000	14	79998986	0
POW_A_2000.csv-POW_B_1_2000.csv	1	200	0.1	0.0	2	4	8192	10	2026-04-11_12:49:11	2026-04-11_12:49:25	14.402000665664673	100	221	799679	0
POW_A_2000.csv-POW_B_1_2000.csv	1	200	0.1	0.0	2	4	8192	10	2026-04-11_12:49:25	2026-04-11_12:49:38	12.309054851531982	100	8	799892	0
POW_A_2000.csv-POW_B_1_2000.csv	1	200	0.1	0.0	2	4	8192	10	2026-04-11_12:49:38	2026-04-11_12:49:50	12.302098989486694	100	28	799872	0
POW_A_5000.csv-POW_B_1_5000.csv	1	200	0.1	0.0	2	4	8192	10	2026-04-11_12:50:08	2026-04-11_12:51:30	82.36155915260315	250	15	4999735	0
POW_A_5000.csv-POW_B_1_5000.csv	1	200	0.1	0.0	2	4	8192	10	2026-04-11_12:51:30	2026-04-11_12:52:52	81.2951500415802	250	5	4999745	0
POW_A_5000.csv-POW_B_1_5000.csv	1	200	0.1	0.0	2	4	8192	10	2026-04-11_12:52:52	2026-04-11_12:54:12	80.40870952606201	250	4	4999746	0
POW_A_20000.csv-POW_B_1_20000.csv	1	200	0.1	0.0	2	4	8192	10	2026-04-11_12:54:30	2026-04-11_13:18:08	1417.6384983062744	1000	31	79998969	0
POW_A_20000.csv-POW_B_1_20000.csv	1	200	0.1	0.0	2	4	8192	10	2026-04-11_13:18:08	2026-04-11_13:41:38	1410.0918326377869	1000	50	79998950	0
POW_A_20000.csv-POW_B_1_20000.csv	1	200	0.1	0.0	2	4	8192	10	2026-04-11_13:41:39	2026-04-11_14:05:48	1449.062968492508	1000	15	79998985	0
POW_A_2000.csv-POW_B_1_2000.csv	1	200	0.1	0.0	2	4	8192	20	2026-04-11_14:06:07	2026-04-11_14:06:28	20.500816106796265	100	2	799898	0
POW_A_2000.csv-POW_B_1_2000.csv	1	200	0.1	0.0	2	4	8192	20	2026-04-11_14:06:28	2026-04-11_14:06:46	18.383707284927368	100	66	799834	0
POW_A_2000.csv-POW_B_1_2000.csv	1	200	0.1	0.0	2	4	8192	20	2026-04-11_14:06:46	2026-04-11_14:07:05	18.347752332687378	100	102	799798	0
POW_A_5000.csv-POW_B_1_5000.csv	1	200	0.1	0.0	2	4	8192	20	2026-04-11_14:07:23	2026-04-11_14:09:31	127.89450454711914	250	1	4999749	0
POW_A_5000.csv-POW_B_1_5000.csv	1	200	0.1	0.0	2	4	8192	20	2026-04-11_14:09:31	2026-04-11_14:11:35	124.05699896812439	250	8	4999742	0
POW_A_5000.csv-POW_B_1_5000.csv	1	200	0.1	0.0	2	4	8192	20	2026-04-11_14:11:35	2026-04-11_14:13:38	123.28883457183838	250	4	4999746	0
POW_A_20000.csv-POW_B_1_20000.csv	1	200	0.1	0.0	2	4	8192	20	2026-04-11_14:13:56	2026-04-11_14:49:58	2161.7729699611664	1000	33	79998967	0
POW_A_20000.csv-POW_B_1_20000.csv	1	200	0.1	0.0	2	4	8192	20	2026-04-11_14:49:58	2026-04-11_15:25:25	2126.6306347846985	1000	69	79998931	0
POW_A_20000.csv-POW_B_1_20000.csv	1	200	0.1	0.0	2	4	8192	20	2026-04-11_15:25:25	2026-04-11_16:01:29	2164.0874061584473	1000	11	79998989	0
POW_A_2000.csv-POW_B_1_2000.csv	1	200	0.1	0.0	3	16	8192	5	2026-04-11_16:01:49	2026-04-11_16:01:59	10.06384801864624	100	6	799894	0
POW_A_2000.csv-POW_B_1_2000.csv	1	200	0.1	0.0	3	16	8192	5	2026-04-11_16:01:59	2026-04-11_16:02:07	8.045328140258789	100	9	799891	0
POW_A_2000.csv-POW_B_1_2000.csv	1	200	0.1	0.0	3	16	8192	5	2026-04-11_16:02:07	2026-04-11_16:02:15	8.03829312324524	100	6	799894	0
POW_A_5000.csv-POW_B_1_5000.csv	1	200	0.1	0.0	3	16	8192	5	2026-04-11_16:02:33	2026-04-11_16:03:28	54.69239830970764	250	6	4999744	0
POW_A_5000.csv-POW_B_1_5000.csv	1	200	0.1	0.0	3	16	8192	5	2026-04-11_16:03:28	2026-04-11_16:04:28	60.15113878250122	250	7	4999743	0
POW_A_5000.csv-POW_B_1_5000.csv	1	200	0.1	0.0	3	16	8192	5	2026-04-11_16:04:28	2026-04-11_16:05:29	60.84647846221924	250	31	4999719	0
POW_A_20000.csv-POW_B_1_20000.csv	1	200	0.1	0.0	3	16	8192	5	2026-04-11_16:05:47	2026-04-11_16:21:28	940.3050451278687	1000	12	79998988	0
POW_A_20000.csv-POW_B_1_20000.csv	1	200	0.1	0.0	3	16	8192	5	2026-04-11_16:21:28	2026-04-11_16:39:47	1099.0358543395996	1000	15	79998985	0
POW_A_20000.csv-POW_B_1_20000.csv	1	200	0.1	0.0	3	16	8192	5	2026-04-11_16:39:47	2026-04-11_16:56:15	988.1453449726105	1000	26	79998974	0
POW_A_2000.csv-POW_B_1_2000.csv	1	200	0.1	0.0	3	16	8192	10	2026-04-11_16:56:35	2026-04-11_16:56:47	12.3855459690094	100	0	799900	0
POW_A_2000.csv-POW_B_1_2000.csv	1	200	0.1	0.0	3	16	8192	10	2026-04-11_16:56:47	2026-04-11_16:56:58	10.353617429733276	100	5	799895	0
POW_A_2000.csv-POW_B_1_2000.csv	1	200	0.1	0.0	3	16	8192	10	2026-04-11_16:56:58	2026-04-11_16:57:08	10.311652183532715	100	4	799896	0
POW_A_5000.csv-POW_B_1_5000.csv	1	200	0.1	0.0	3	16	8192	10	2026-04-11_16:57:26	2026-04-11_16:58:54	88.02473521232605	250	8	4999742	0
POW_A_5000.csv-POW_B_1_5000.csv	1	200	0.1	0.0	3	16	8192	10	2026-04-11_16:58:54	2026-04-11_17:00:10	75.4190604686737	250	6	4999744	0
POW_A_5000.csv-POW_B_1_5000.csv	1	200	0.1	0.0	3	16	8192	10	2026-04-11_17:00:10	2026-04-11_17:01:31	81.51955080032349	250	1	4999749	0
POW_A_20000.csv-POW_B_1_20000.csv	1	200	0.1	0.0	3	16	8192	10	2026-04-11_17:01:49	2026-04-11_17:22:12	1222.465889453888	1000	12	79998988	0
POW_A_20000.csv-POW_B_1_20000.csv	1	200	0.1	0.0	3	16	8192	10	2026-04-11_17:22:12	2026-04-11_17:41:34	1161.6171598434448	1000	696	79998304	0
POW_A_20000.csv-POW_B_1_20000.csv	1	200	0.1	0.0	3	16	8192	10	2026-04-11_17:41:34	2026-04-11_18:07:17	1542.9416298866272	1000	50	79998950	0
POW_A_2000.csv-POW_B_1_2000.csv	1	200	0.1	0.0	3	16	8192	20	2026-04-11_18:07:36	2026-04-11_18:07:52	15.731406450271606	100	5	799895	0
POW_A_2000.csv-POW_B_1_2000.csv	1	200	0.1	0.0	3	16	8192	20	2026-04-11_18:07:52	2026-04-11_18:08:05	13.146324396133423	100	0	799900	0
POW_A_2000.csv-POW_B_1_2000.csv	1	200	0.1	0.0	3	16	8192	20	2026-04-11_18:08:05	2026-04-11_18:08:19	13.237858295440674	100	4	799896	0
POW_A_5000.csv-POW_B_1_5000.csv	1	200	0.1	0.0	3	16	8192	20	2026-04-11_18:08:37	2026-04-11_18:10:33	115.98018670082092	250	4	4999746	0
POW_A_5000.csv-POW_B_1_5000.csv	1	200	0.1	0.0	3	16	8192	20	2026-04-11_18:10:33	2026-04-11_18:12:45	131.93962335586548	250	7	4999743	0
POW_A_5000.csv-POW_B_1_5000.csv	1	200	0.1	0.0	3	16	8192	20	2026-04-11_18:12:45	2026-04-11_18:14:58	133.53636980056763	250	8	4999742	0
POW_A_20000.csv-POW_B_1_20000.csv	1	200	0.1	0.0	3	16	8192	20	2026-04-11_18:15:16	2026-04-11_18:44:25	1748.947293996811	1000	25	79998975	0
POW_A_20000.csv-POW_B_1_20000.csv	1	200	0.1	0.0	3	16	8192	20	2026-04-11_18:44:25	2026-04-11_19:25:15	2449.1472816467285	1000	296	79998704	0
POW_A_20000.csv-POW_B_1_20000.csv	1	200	0.1	0.0	3	16	8192	20	2026-04-11_19:25:16	2026-04-11_19:57:24	1927.8970189094543	1000	85	79998915	0
POW_A_2000.csv-POW_B_1_2000.csv	1	200	0.1	0.0	3	8	8192	5	2026-04-11_19:57:43	2026-04-11_19:57:54	10.775369882583618	100	6	799894	0
POW_A_2000.csv-POW_B_1_2000.csv	1	200	0.1	0.0	3	8	8192	5	2026-04-11_19:57:54	2026-04-11_19:58:03	8.603793621063232	100	16	799884	0
POW_A_2000.csv-POW_B_1_2000.csv	1	200	0.1	0.0	3	8	8192	5	2026-04-11_19:58:03	2026-04-11_19:58:12	9.690549373626709	100	24	799876	0
POW_A_5000.csv-POW_B_1_5000.csv	1	200	0.1	0.0	3	8	8192	5	2026-04-11_19:58:30	2026-04-11_19:59:34	63.79777479171753	250	14	4999736	0
POW_A_5000.csv-POW_B_1_5000.csv	1	200	0.1	0.0	3	8	8192	5	2026-04-11_19:59:34	2026-04-11_20:00:38	63.220282316207886	250	5	4999745	0
POW_A_5000.csv-POW_B_1_5000.csv	1	200	0.1	0.0	3	8	8192	5	2026-04-11_20:00:38	2026-04-11_20:01:41	62.92768597602844	250	14	4999736	0
POW_A_20000.csv-POW_B_1_20000.csv	1	200	0.1	0.0	3	8	8192	5	2026-04-11_20:01:59	2026-04-11_20:19:23	1043.8058140277863	1000	202	79998798	0
POW_A_20000.csv-POW_B_1_20000.csv	1	200	0.1	0.0	3	8	8192	5	2026-04-11_20:19:23	2026-04-11_20:37:28	1085.4563374519348	1000	128	79998872	0
POW_A_20000.csv-POW_B_1_20000.csv	1	200	0.1	0.0	3	8	8192	5	2026-04-11_20:37:28	2026-04-11_20:54:10	1001.9073550701141	1000	49	79998951	0
POW_A_2000.csv-POW_B_1_2000.csv	1	200	0.1	0.0	3	8	8192	10	2026-04-11_20:54:30	2026-04-11_20:54:44	13.177526712417603	100	7	799893	0
POW_A_2000.csv-POW_B_1_2000.csv	1	200	0.1	0.0	3	8	8192	10	2026-04-11_20:54:44	2026-04-11_20:54:57	13.109288930892944	100	5	799895	0
POW_A_2000.csv-POW_B_1_2000.csv	1	200	0.1	0.0	3	8	8192	10	2026-04-11_20:54:57	2026-04-11_20:55:08	11.079028129577637	100	4	799896	0
POW_A_5000.csv-POW_B_1_5000.csv	1	200	0.1	0.0	3	8	8192	10	2026-04-11_20:55:26	2026-04-11_20:56:49	82.68007111549377	250	9	4999741	0
POW_A_5000.csv-POW_B_1_5000.csv	1	200	0.1	0.0	3	8	8192	10	2026-04-11_20:56:49	2026-04-11_20:58:10	80.85562324523926	250	1	4999749	0
POW_A_5000.csv-POW_B_1_5000.csv	1	200	0.1	0.0	3	8	8192	10	2026-04-11_20:58:10	2026-04-11_20:59:24	73.88120937347412	250	21	4999729	0
POW_A_20000.csv-POW_B_1_20000.csv	1	200	0.1	0.0	3	8	8192	10	2026-04-11_20:59:42	2026-04-11_21:21:13	1291.6156477928162	1000	11	79998989	0
POW_A_20000.csv-POW_B_1_20000.csv	1	200	0.1	0.0	3	8	8192	10	2026-04-11_21:21:14	2026-04-11_21:43:04	1310.1768884658813	1000	19	79998981	0
POW_A_20000.csv-POW_B_1_20000.csv	1	200	0.1	0.0	3	8	8192	10	2026-04-11_21:43:04	2026-04-11_22:05:23	1338.9700031280518	1000	94	79998906	0
POW_A_2000.csv-POW_B_1_2000.csv	1	200	0.1	0.0	3	8	8192	20	2026-04-11_22:05:43	2026-04-11_22:06:00	17.57211422920227	100	0	799900	0
POW_A_2000.csv-POW_B_1_2000.csv	1	200	0.1	0.0	3	8	8192	20	2026-04-11_22:06:00	2026-04-11_22:06:20	19.795817136764526	100	0	799900	0
POW_A_2000.csv-POW_B_1_2000.csv	1	200	0.1	0.0	3	8	8192	20	2026-04-11_22:06:20	2026-04-11_22:06:40	19.93339443206787	100	23	799877	0
POW_A_5000.csv-POW_B_1_5000.csv	1	200	0.1	0.0	3	8	8192	20	2026-04-11_22:06:58	2026-04-11_22:08:57	118.99658441543579	250	155	4999595	0
POW_A_5000.csv-POW_B_1_5000.csv	1	200	0.1	0.0	3	8	8192	20	2026-04-11_22:08:57	2026-04-11_22:11:06	128.72096824645996	250	7	4999743	0
POW_A_5000.csv-POW_B_1_5000.csv	1	200	0.1	0.0	3	8	8192	20	2026-04-11_22:11:06	2026-04-11_22:13:14	127.64631295204163	250	2	4999748	0
POW_A_20000.csv-POW_B_1_20000.csv	1	200	0.1	0.0	3	8	8192	20	2026-04-11_22:13:32	2026-04-11_22:47:12	2020.1791725158691	1000	33	79998967	0
POW_A_20000.csv-POW_B_1_20000.csv	1	200	0.1	0.0	3	8	8192	20	2026-04-11_22:47:12	2026-04-11_23:22:14	2101.7343316078186	1000	35	79998965	0
POW_A_20000.csv-POW_B_1_20000.csv	1	200	0.1	0.0	3	8	8192	20	2026-04-11_23:22:14	2026-04-11_23:59:19	2224.8464818000793	1000	13	79998987	0
POW_A_2000.csv-POW_B_1_2000.csv	1	200	0.1	0.0	3	4	8192	5	2026-04-11_23:59:39	2026-04-11_23:59:51	12.4865243434906	0	12734	787166	100
POW_A_2000.csv-POW_B_1_2000.csv	1	200	0.1	0.0	3	4	8192	5	2026-04-11_23:59:51	2026-04-12_00:00:02	10.472965002059937	100	199	799701	0
POW_A_2000.csv-POW_B_1_2000.csv	1	200	0.1	0.0	3	4	8192	5	2026-04-12_00:00:02	2026-04-12_00:00:13	10.585599660873413	100	34	799866	0
POW_A_5000.csv-POW_B_1_5000.csv	1	200	0.1	0.0	3	4	8192	5	2026-04-12_00:00:31	2026-04-12_00:01:40	69.55600142478943	250	71	4999679	0
POW_A_5000.csv-POW_B_1_5000.csv	1	200	0.1	0.0	3	4	8192	5	2026-04-12_00:01:40	2026-04-12_00:02:47	66.76093626022339	250	7306	4992444	0
POW_A_5000.csv-POW_B_1_5000.csv	1	200	0.1	0.0	3	4	8192	5	2026-04-12_00:02:47	2026-04-12_00:03:54	66.70291996002197	250	106	4999644	0
POW_A_20000.csv-POW_B_1_20000.csv	1	200	0.1	0.0	3	4	8192	5	2026-04-12_00:04:12	2026-04-12_00:24:11	1199.4660911560059	1000	10	79998990	0
POW_A_20000.csv-POW_B_1_20000.csv	1	200	0.1	0.0	3	4	8192	5	2026-04-12_00:24:11	2026-04-12_00:44:23	1211.2309126853943	1000	22	79998978	0
POW_A_20000.csv-POW_B_1_20000.csv	1	200	0.1	0.0	3	4	8192	5	2026-04-12_00:44:24	2026-04-12_01:04:07	1182.3909783363342	1000	94	79998906	0
POW_A_2000.csv-POW_B_1_2000.csv	1	200	0.1	0.0	3	4	8192	10	2026-04-12_01:04:26	2026-04-12_01:04:43	17.590380430221558	100	16	799884	0
POW_A_2000.csv-POW_B_1_2000.csv	1	200	0.1	0.0	3	4	8192	10	2026-04-12_01:04:43	2026-04-12_01:04:59	15.321261644363403	100	62	799838	0
POW_A_2000.csv-POW_B_1_2000.csv	1	200	0.1	0.0	3	4	8192	10	2026-04-12_01:04:59	2026-04-12_01:05:14	15.369060516357422	100	2	799898	0
POW_A_5000.csv-POW_B_1_5000.csv	1	200	0.1	0.0	3	4	8192	10	2026-04-12_01:05:32	2026-04-12_01:07:12	99.51796221733093	250	44	4999706	0
POW_A_5000.csv-POW_B_1_5000.csv	1	200	0.1	0.0	3	4	8192	10	2026-04-12_01:07:12	2026-04-12_01:08:48	96.56506252288818	250	9	4999741	0
POW_A_5000.csv-POW_B_1_5000.csv	1	200	0.1	0.0	3	4	8192	10	2026-04-12_01:08:48	2026-04-12_01:10:25	96.90578579902649	250	3	4999747	0
POW_A_20000.csv-POW_B_1_20000.csv	1	200	0.1	0.0	3	4	8192	10	2026-04-12_01:10:43	2026-04-12_01:39:22	1718.9752328395844	1000	660	79998340	0
POW_A_20000.csv-POW_B_1_20000.csv	1	200	0.1	0.0	3	4	8192	10	2026-04-12_01:39:23	2026-04-12_02:07:42	1699.804292678833	1000	55	79998945	0
POW_A_20000.csv-POW_B_1_20000.csv	1	200	0.1	0.0	3	4	8192	10	2026-04-12_02:07:43	2026-04-12_02:36:35	1732.3418493270874	1000	128	79998872	0
POW_A_2000.csv-POW_B_1_2000.csv	1	200	0.1	0.0	3	4	8192	20	2026-04-12_02:36:55	2026-04-12_02:37:20	25.097916841506958	100	3	799897	0
POW_A_2000.csv-POW_B_1_2000.csv	1	200	0.1	0.0	3	4	8192	20	2026-04-12_02:37:20	2026-04-12_02:37:43	23.41752028465271	100	6	799894	0
POW_A_2000.csv-POW_B_1_2000.csv	1	200	0.1	0.0	3	4	8192	20	2026-04-12_02:37:43	2026-04-12_02:38:07	23.81468915939331	100	0	799900	0
POW_A_5000.csv-POW_B_1_5000.csv	1	200	0.1	0.0	3	4	8192	20	2026-04-12_02:38:25	2026-04-12_02:41:04	159.19703912734985	250	1	4999749	0
POW_A_5000.csv-POW_B_1_5000.csv	1	200	0.1	0.0	3	4	8192	20	2026-04-12_02:41:05	2026-04-12_02:43:40	155.79851841926575	250	5	4999745	0
POW_A_5000.csv-POW_B_1_5000.csv	1	200	0.1	0.0	3	4	8192	20	2026-04-12_02:43:40	2026-04-12_02:46:17	156.25361514091492	250	5	4999745	0
POW_A_20000.csv-POW_B_1_20000.csv	1	200	0.1	0.0	3	4	8192	20	2026-04-12_02:46:35	2026-04-12_03:31:48	2712.766511440277	1000	30	79998970	0
POW_A_20000.csv-POW_B_1_20000.csv	1	200	0.1	0.0	3	4	8192	20	2026-04-12_03:31:48	2026-04-12_04:17:29	2741.7541716098785	1000	5102	79993898	0
POW_A_20000.csv-POW_B_1_20000.csv	1	200	0.1	0.0	3	4	8192	20	2026-04-12_04:17:30	2026-04-12_05:03:46	2776.261229276657	1000	61	79998939	0
POW_A_2000.csv-POW_B_1_2000.csv	1	200	0.1	0.01	1	16	8192	5	2026-04-12_05:04:07	2026-04-12_05:04:16	9.204507112503052	100	13	799887	0
POW_A_2000.csv-POW_B_1_2000.csv	1	200	0.1	0.01	1	16	8192	5	2026-04-12_05:04:16	2026-04-12_05:04:23	7.002227067947388	100	12	799888	0
POW_A_2000.csv-POW_B_1_2000.csv	1	200	0.1	0.01	1	16	8192	5	2026-04-12_05:04:23	2026-04-12_05:04:30	7.007246971130371	100	9	799891	0
POW_A_5000.csv-POW_B_1_5000.csv	1	200	0.1	0.01	1	16	8192	5	2026-04-12_05:04:48	2026-04-12_05:05:38	49.708465814590454	250	26	4999724	0
POW_A_5000.csv-POW_B_1_5000.csv	1	200	0.1	0.01	1	16	8192	5	2026-04-12_05:05:38	2026-04-12_05:06:28	49.915087938308716	250	12	4999738	0
POW_A_5000.csv-POW_B_1_5000.csv	1	200	0.1	0.01	1	16	8192	5	2026-04-12_05:06:28	2026-04-12_05:07:18	49.68615102767944	250	7	4999743	0
POW_A_20000.csv-POW_B_1_20000.csv	1	200	0.1	0.01	1	16	8192	5	2026-04-12_05:07:36	2026-04-12_05:22:47	911.2977886199951	1000	29	79998971	0
POW_A_20000.csv-POW_B_1_20000.csv	1	200	0.1	0.01	1	16	8192	5	2026-04-12_05:22:47	2026-04-12_05:37:38	891.1410396099091	1000	11	79998989	0
POW_A_20000.csv-POW_B_1_20000.csv	1	200	0.1	0.01	1	16	8192	5	2026-04-12_05:37:39	2026-04-12_05:52:53	914.035413980484	1000	14	79998986	0
POW_A_2000.csv-POW_B_1_2000.csv	1	200	0.1	0.01	1	16	8192	10	2026-04-12_05:53:12	2026-04-12_05:53:23	10.8362135887146	100	8	799892	0
POW_A_2000.csv-POW_B_1_2000.csv	1	200	0.1	0.01	1	16	8192	10	2026-04-12_05:53:23	2026-04-12_05:53:31	7.845097303390503	100	11	799889	0
POW_A_2000.csv-POW_B_1_2000.csv	1	200	0.1	0.01	1	16	8192	10	2026-04-12_05:53:31	2026-04-12_05:53:39	7.800570487976074	100	18	799882	0
POW_A_5000.csv-POW_B_1_5000.csv	1	200	0.1	0.01	1	16	8192	10	2026-04-12_05:53:57	2026-04-12_05:54:58	60.83461117744446	250	4	4999746	0
POW_A_5000.csv-POW_B_1_5000.csv	1	200	0.1	0.01	1	16	8192	10	2026-04-12_05:54:58	2026-04-12_05:55:59	60.94147443771362	250	4	4999746	0
POW_A_5000.csv-POW_B_1_5000.csv	1	200	0.1	0.01	1	16	8192	10	2026-04-12_05:55:59	2026-04-12_05:56:58	59.424325704574585	250	4	4999746	0
POW_A_20000.csv-POW_B_1_20000.csv	1	200	0.1	0.01	1	16	8192	10	2026-04-12_05:57:16	2026-04-12_06:12:57	940.8395466804504	1000	145	79998855	0
POW_A_20000.csv-POW_B_1_20000.csv	1	200	0.1	0.01	1	16	8192	10	2026-04-12_06:12:57	2026-04-12_06:28:20	922.5871057510376	1000	64	79998936	0
POW_A_20000.csv-POW_B_1_20000.csv	1	200	0.1	0.01	1	16	8192	10	2026-04-12_06:28:20	2026-04-12_06:46:50	1110.1308944225311	1000	63	79998937	0
POW_A_2000.csv-POW_B_1_2000.csv	1	200	0.1	0.01	1	16	8192	20	2026-04-12_06:47:09	2026-04-12_06:47:21	11.571085453033447	100	6	799894	0
POW_A_2000.csv-POW_B_1_2000.csv	1	200	0.1	0.01	1	16	8192	20	2026-04-12_06:47:21	2026-04-12_06:47:31	9.56281566619873	100	3	799897	0
POW_A_2000.csv-POW_B_1_2000.csv	1	200	0.1	0.01	1	16	8192	20	2026-04-12_06:47:31	2026-04-12_06:47:40	9.520135879516602	100	6	799894	0
POW_A_5000.csv-POW_B_1_5000.csv	1	200	0.1	0.01	1	16	8192	20	2026-04-12_06:47:58	2026-04-12_06:49:22	83.96125626564026	250	5	4999745	0
POW_A_5000.csv-POW_B_1_5000.csv	1	200	0.1	0.01	1	16	8192	20	2026-04-12_06:49:22	2026-04-12_06:50:44	82.02416777610779	250	11	4999739	0
POW_A_5000.csv-POW_B_1_5000.csv	1	200	0.1	0.01	1	16	8192	20	2026-04-12_06:50:45	2026-04-12_06:51:59	74.86631679534912	250	6	4999744	0
POW_A_20000.csv-POW_B_1_20000.csv	1	200	0.1	0.01	1	16	8192	20	2026-04-12_06:52:17	2026-04-12_07:12:47	1229.227749824524	1000	549	79998451	0
POW_A_20000.csv-POW_B_1_20000.csv	1	200	0.1	0.01	1	16	8192	20	2026-04-12_07:12:47	2026-04-12_07:40:14	1646.6648695468903	1000	192	79998808	0
POW_A_20000.csv-POW_B_1_20000.csv	1	200	0.1	0.01	1	16	8192	20	2026-04-12_07:40:14	2026-04-12_08:09:17	1743.0721127986908	1000	20	79998980	0
POW_A_2000.csv-POW_B_1_2000.csv	1	200	0.1	0.01	1	8	8192	5	2026-04-12_08:09:36	2026-04-12_08:09:46	9.348721027374268	100	54	799846	0
POW_A_2000.csv-POW_B_1_2000.csv	1	200	0.1	0.01	1	8	8192	5	2026-04-12_08:09:46	2026-04-12_08:09:54	8.054167032241821	100	77	799823	0
POW_A_2000.csv-POW_B_1_2000.csv	1	200	0.1	0.01	1	8	8192	5	2026-04-12_08:09:54	2026-04-12_08:10:01	7.423066139221191	100	27	799873	0
POW_A_5000.csv-POW_B_1_5000.csv	1	200	0.1	0.01	1	8	8192	5	2026-04-12_08:10:19	2026-04-12_08:11:14	54.22267556190491	250	19	4999731	0
POW_A_5000.csv-POW_B_1_5000.csv	1	200	0.1	0.01	1	8	8192	5	2026-04-12_08:11:14	2026-04-12_08:12:04	50.24818253517151	250	70	4999680	0
POW_A_5000.csv-POW_B_1_5000.csv	1	200	0.1	0.01	1	8	8192	5	2026-04-12_08:12:04	2026-04-12_08:12:54	49.92690086364746	250	80	4999670	0
POW_A_20000.csv-POW_B_1_20000.csv	1	200	0.1	0.01	1	8	8192	5	2026-04-12_08:13:12	2026-04-12_08:28:13	900.5065183639526	1000	14	79998986	0
POW_A_20000.csv-POW_B_1_20000.csv	1	200	0.1	0.01	1	8	8192	5	2026-04-12_08:28:13	2026-04-12_08:43:21	907.6921818256378	1000	16	79998984	0
POW_A_20000.csv-POW_B_1_20000.csv	1	200	0.1	0.01	1	8	8192	5	2026-04-12_08:43:21	2026-04-12_08:58:27	906.5154190063477	1000	15	79998985	0
POW_A_2000.csv-POW_B_1_2000.csv	1	200	0.1	0.01	1	8	8192	10	2026-04-12_08:58:48	2026-04-12_08:59:00	12.064574003219604	100	6	799894	0
POW_A_2000.csv-POW_B_1_2000.csv	1	200	0.1	0.01	1	8	8192	10	2026-04-12_08:59:00	2026-04-12_08:59:09	8.964655876159668	100	24	799876	0
POW_A_2000.csv-POW_B_1_2000.csv	1	200	0.1	0.01	1	8	8192	10	2026-04-12_08:59:09	2026-04-12_08:59:18	8.638554811477661	100	7	799893	0
POW_A_5000.csv-POW_B_1_5000.csv	1	200	0.1	0.01	1	8	8192	10	2026-04-12_08:59:36	2026-04-12_09:00:35	59.468244314193726	250	5	4999745	0
POW_A_5000.csv-POW_B_1_5000.csv	1	200	0.1	0.01	1	8	8192	10	2026-04-12_09:00:35	2026-04-12_09:01:32	56.473872423172	250	5	4999745	0
POW_A_5000.csv-POW_B_1_5000.csv	1	200	0.1	0.01	1	8	8192	10	2026-04-12_09:01:32	2026-04-12_09:02:27	55.44412684440613	250	6	4999744	0
POW_A_20000.csv-POW_B_1_20000.csv	1	200	0.1	0.01	1	8	8192	10	2026-04-12_09:02:45	2026-04-12_09:20:06	1040.7924070358276	1000	11	79998989	0
POW_A_20000.csv-POW_B_1_20000.csv	1	200	0.1	0.01	1	8	8192	10	2026-04-12_09:20:06	2026-04-12_09:37:19	1033.0097408294678	1000	15	79998985	0
POW_A_20000.csv-POW_B_1_20000.csv	1	200	0.1	0.01	1	8	8192	10	2026-04-12_09:37:20	2026-04-12_09:54:41	1041.7103199958801	1000	16	79998984	0
POW_A_2000.csv-POW_B_1_2000.csv	1	200	0.1	0.01	1	8	8192	20	2026-04-12_09:55:01	2026-04-12_09:55:15	13.730746030807495	100	11	799889	0
POW_A_2000.csv-POW_B_1_2000.csv	1	200	0.1	0.01	1	8	8192	20	2026-04-12_09:55:15	2026-04-12_09:55:26	11.241936206817627	100	5	799895	0
POW_A_2000.csv-POW_B_1_2000.csv	1	200	0.1	0.01	1	8	8192	20	2026-04-12_09:55:26	2026-04-12_09:55:37	10.949449300765991	100	5	799895	0
POW_A_5000.csv-POW_B_1_5000.csv	1	200	0.1	0.01	1	8	8192	20	2026-04-12_09:55:55	2026-04-12_09:57:11	75.87512254714966	250	13	4999737	0
POW_A_5000.csv-POW_B_1_5000.csv	1	200	0.1	0.01	1	8	8192	20	2026-04-12_09:57:11	2026-04-12_09:58:26	74.40943598747253	250	7	4999743	0
POW_A_5000.csv-POW_B_1_5000.csv	1	200	0.1	0.01	1	8	8192	20	2026-04-12_09:58:26	2026-04-12_09:59:53	87.38546395301819	250	7	4999743	0
POW_A_20000.csv-POW_B_1_20000.csv	1	200	0.1	0.01	1	8	8192	20	2026-04-12_10:00:11	2026-04-12_10:23:02	1370.8883283138275	1000	10	79998990	0
POW_A_20000.csv-POW_B_1_20000.csv	1	200	0.1	0.01	1	8	8192	20	2026-04-12_10:23:02	2026-04-12_10:46:06	1383.786045074463	1000	25	79998975	0
POW_A_20000.csv-POW_B_1_20000.csv	1	200	0.1	0.01	1	8	8192	20	2026-04-12_10:46:06	2026-04-12_11:12:08	1562.416969537735	1000	15	79998985	0
POW_A_2000.csv-POW_B_1_2000.csv	1	200	0.1	0.01	1	4	8192	5	2026-04-12_11:12:28	2026-04-12_11:12:38	9.955756902694702	100	102	799798	0
POW_A_2000.csv-POW_B_1_2000.csv	1	200	0.1	0.01	1	4	8192	5	2026-04-12_11:12:38	2026-04-12_11:12:47	8.699867010116577	100	126	799774	0
POW_A_2000.csv-POW_B_1_2000.csv	1	200	0.1	0.01	1	4	8192	5	2026-04-12_11:12:47	2026-04-12_11:12:56	8.479250431060791	100	72	799828	0
POW_A_5000.csv-POW_B_1_5000.csv	1	200	0.1	0.01	1	4	8192	5	2026-04-12_11:13:14	2026-04-12_11:14:11	57.31041765213013	250	58	4999692	0
POW_A_5000.csv-POW_B_1_5000.csv	1	200	0.1	0.01	1	4	8192	5	2026-04-12_11:14:11	2026-04-12_11:15:06	54.8327739238739	250	63	4999687	0
POW_A_5000.csv-POW_B_1_5000.csv	1	200	0.1	0.01	1	4	8192	5	2026-04-12_11:15:06	2026-04-12_11:16:01	54.65148067474365	250	126	4999624	0
POW_A_20000.csv-POW_B_1_20000.csv	1	200	0.1	0.01	1	4	8192	5	2026-04-12_11:16:19	2026-04-12_11:32:34	974.6720817089081	1000	15	79998985	0
POW_A_20000.csv-POW_B_1_20000.csv	1	200	0.1	0.01	1	4	8192	5	2026-04-12_11:32:34	2026-04-12_11:48:41	967.1382241249084	1000	121	79998879	0
POW_A_20000.csv-POW_B_1_20000.csv	1	200	0.1	0.01	1	4	8192	5	2026-04-12_11:48:41	2026-04-12_12:04:53	971.2493453025818	1000	37	79998963	0
POW_A_2000.csv-POW_B_1_2000.csv	1	200	0.1	0.01	1	4	8192	10	2026-04-12_12:05:12	2026-04-12_12:05:25	12.689101219177246	100	6	799894	0
POW_A_2000.csv-POW_B_1_2000.csv	1	200	0.1	0.01	1	4	8192	10	2026-04-12_12:05:25	2026-04-12_12:05:35	10.599946022033691	100	37	799863	0
POW_A_2000.csv-POW_B_1_2000.csv	1	200	0.1	0.01	1	4	8192	10	2026-04-12_12:05:35	2026-04-12_12:05:47	11.120353937149048	100	45	799855	0
POW_A_5000.csv-POW_B_1_5000.csv	1	200	0.1	0.01	1	4	8192	10	2026-04-12_12:06:05	2026-04-12_12:07:18	73.67928624153137	250	6	4999744	0
POW_A_5000.csv-POW_B_1_5000.csv	1	200	0.1	0.01	1	4	8192	10	2026-04-12_12:07:18	2026-04-12_12:08:27	68.87565588951111	250	32	4999718	0
POW_A_5000.csv-POW_B_1_5000.csv	1	200	0.1	0.01	1	4	8192	10	2026-04-12_12:08:27	2026-04-12_12:09:36	68.95923519134521	250	6	4999744	0
POW_A_20000.csv-POW_B_1_20000.csv	1	200	0.1	0.01	1	4	8192	10	2026-04-12_12:09:54	2026-04-12_12:30:27	1232.981562614441	1000	47	79998953	0
POW_A_20000.csv-POW_B_1_20000.csv	1	200	0.1	0.01	1	4	8192	10	2026-04-12_12:30:27	2026-04-12_12:51:52	1285.0023777484894	1000	21	79998979	0
POW_A_20000.csv-POW_B_1_20000.csv	1	200	0.1	0.01	1	4	8192	10	2026-04-12_12:51:53	2026-04-12_13:12:27	1233.9107131958008	1000	23	79998977	0
POW_A_2000.csv-POW_B_1_2000.csv	1	200	0.1	0.01	1	4	8192	20	2026-04-12_13:12:46	2026-04-12_13:13:03	16.836464643478394	100	6	799894	0
POW_A_2000.csv-POW_B_1_2000.csv	1	200	0.1	0.01	1	4	8192	20	2026-04-12_13:13:03	2026-04-12_13:13:19	15.790222883224487	100	20	799880	0
POW_A_2000.csv-POW_B_1_2000.csv	1	200	0.1	0.01	1	4	8192	20	2026-04-12_13:13:19	2026-04-12_13:13:35	15.954815864562988	100	6	799894	0
POW_A_5000.csv-POW_B_1_5000.csv	1	200	0.1	0.01	1	4	8192	20	2026-04-12_13:13:53	2026-04-12_13:15:36	103.34880900382996	250	10	4999740	0
POW_A_5000.csv-POW_B_1_5000.csv	1	200	0.1	0.01	1	4	8192	20	2026-04-12_13:15:36	2026-04-12_13:17:18	101.67302823066711	250	7	4999743	0
POW_A_5000.csv-POW_B_1_5000.csv	1	200	0.1	0.01	1	4	8192	20	2026-04-12_13:17:18	2026-04-12_13:19:02	103.70443749427795	250	6	4999744	0
POW_A_20000.csv-POW_B_1_20000.csv	1	200	0.1	0.01	1	4	8192	20	2026-04-12_13:19:20	2026-04-12_13:48:47	1767.2947051525116	1000	21	79998979	0
POW_A_20000.csv-POW_B_1_20000.csv	1	200	0.1	0.01	1	4	8192	20	2026-04-12_13:48:47	2026-04-12_14:17:49	1741.578596830368	1000	17	79998983	0
POW_A_20000.csv-POW_B_1_20000.csv	1	200	0.1	0.01	1	4	8192	20	2026-04-12_14:17:49	2026-04-12_14:47:00	1751.500512123108	1000	15	79998985	0
POW_A_2000.csv-POW_B_1_2000.csv	1	200	0.1	0.01	2	16	8192	5	2026-04-12_14:47:21	2026-04-12_14:47:31	9.582805633544922	100	14	799886	0
POW_A_2000.csv-POW_B_1_2000.csv	1	200	0.1	0.01	2	16	8192	5	2026-04-12_14:47:31	2026-04-12_14:47:38	7.460452079772949	100	9	799891	0
POW_A_2000.csv-POW_B_1_2000.csv	1	200	0.1	0.01	2	16	8192	5	2026-04-12_14:47:38	2026-04-12_14:47:46	7.435845375061035	100	24	799876	0
POW_A_5000.csv-POW_B_1_5000.csv	1	200	0.1	0.01	2	16	8192	5	2026-04-12_14:48:04	2026-04-12_14:49:02	58.23256778717041	250	35	4999715	0
POW_A_5000.csv-POW_B_1_5000.csv	1	200	0.1	0.01	2	16	8192	5	2026-04-12_14:49:02	2026-04-12_14:49:57	55.05465245246887	250	12	4999738	0
POW_A_5000.csv-POW_B_1_5000.csv	1	200	0.1	0.01	2	16	8192	5	2026-04-12_14:49:57	2026-04-12_14:50:52	54.694708824157715	250	18	4999732	0
POW_A_20000.csv-POW_B_1_20000.csv	1	200	0.1	0.01	2	16	8192	5	2026-04-12_14:51:10	2026-04-12_15:07:51	1000.6508541107178	1000	77	79998923	0
POW_A_20000.csv-POW_B_1_20000.csv	1	200	0.1	0.01	2	16	8192	5	2026-04-12_15:07:51	2026-04-12_15:23:37	946.5640394687653	1000	11	79998989	0
POW_A_20000.csv-POW_B_1_20000.csv	1	200	0.1	0.01	2	16	8192	5	2026-04-12_15:23:38	2026-04-12_15:37:50	851.9754633903503	1000	12	79998988	0
POW_A_2000.csv-POW_B_1_2000.csv	1	200	0.1	0.01	2	16	8192	10	2026-04-12_15:38:10	2026-04-12_15:38:21	10.991057395935059	100	3	799897	0
POW_A_2000.csv-POW_B_1_2000.csv	1	200	0.1	0.01	2	16	8192	10	2026-04-12_15:38:21	2026-04-12_15:38:30	8.826807498931885	100	5	799895	0
POW_A_2000.csv-POW_B_1_2000.csv	1	200	0.1	0.01	2	16	8192	10	2026-04-12_15:38:30	2026-04-12_15:38:39	8.880286693572998	100	5	799895	0
POW_A_5000.csv-POW_B_1_5000.csv	1	200	0.1	0.01	2	16	8192	10	2026-04-12_15:38:57	2026-04-12_15:40:12	75.0050048828125	250	12	4999738	0
POW_A_5000.csv-POW_B_1_5000.csv	1	200	0.1	0.01	2	16	8192	10	2026-04-12_15:40:12	2026-04-12_15:41:23	71.3133704662323	250	4	4999746	0
POW_A_5000.csv-POW_B_1_5000.csv	1	200	0.1	0.01	2	16	8192	10	2026-04-12_15:41:23	2026-04-12_15:42:36	72.88998913764954	250	36	4999714	0
POW_A_20000.csv-POW_B_1_20000.csv	1	200	0.1	0.01	2	16	8192	10	2026-04-12_15:42:54	2026-04-12_16:01:33	1118.6047179698944	1000	11	79998989	0
POW_A_20000.csv-POW_B_1_20000.csv	1	200	0.1	0.01	2	16	8192	10	2026-04-12_16:01:33	2026-04-12_16:24:07	1353.8093490600586	1000	1370	79997630	0
POW_A_20000.csv-POW_B_1_20000.csv	1	200	0.1	0.01	2	16	8192	10	2026-04-12_16:24:07	2026-04-12_16:46:59	1371.680191040039	999	9	79998991	1
POW_A_2000.csv-POW_B_1_2000.csv	1	200	0.1	0.01	2	16	8192	20	2026-04-12_16:47:18	2026-04-12_16:47:32	13.62381887435913	100	8	799892	0
POW_A_2000.csv-POW_B_1_2000.csv	1	200	0.1	0.01	2	16	8192	20	2026-04-12_16:47:32	2026-04-12_16:47:43	11.508982181549072	100	5	799895	0
POW_A_2000.csv-POW_B_1_2000.csv	1	200	0.1	0.01	2	16	8192	20	2026-04-12_16:47:43	2026-04-12_16:47:55	11.573734521865845	100	4	799896	0
POW_A_5000.csv-POW_B_1_5000.csv	1	200	0.1	0.01	2	16	8192	20	2026-04-12_16:48:13	2026-04-12_16:49:48	94.5738377571106	250	84	4999666	0
POW_A_5000.csv-POW_B_1_5000.csv	1	200	0.1	0.01	2	16	8192	20	2026-04-12_16:49:48	2026-04-12_16:51:35	106.83581972122192	250	45	4999705	0
POW_A_5000.csv-POW_B_1_5000.csv	1	200	0.1	0.01	2	16	8192	20	2026-04-12_16:51:35	2026-04-12_16:53:23	108.76852488517761	250	7	4999743	0
POW_A_20000.csv-POW_B_1_20000.csv	1	200	0.1	0.01	2	16	8192	20	2026-04-12_16:53:41	2026-04-12_17:17:18	1416.5034430027008	1000	125	79998875	0
POW_A_20000.csv-POW_B_1_20000.csv	1	200	0.1	0.01	2	16	8192	20	2026-04-12_17:17:18	2026-04-12_17:41:18	1439.6207718849182	1000	11	79998989	0
POW_A_20000.csv-POW_B_1_20000.csv	1	200	0.1	0.01	2	16	8192	20	2026-04-12_17:41:18	2026-04-12_18:15:17	2039.3667438030243	1000	224	79998776	0
POW_A_2000.csv-POW_B_1_2000.csv	1	200	0.1	0.01	2	8	8192	5	2026-04-12_18:15:37	2026-04-12_18:15:48	10.932328701019287	100	11	799889	0
POW_A_2000.csv-POW_B_1_2000.csv	1	200	0.1	0.01	2	8	8192	5	2026-04-12_18:15:48	2026-04-12_18:15:56	8.728633880615234	100	61	799839	0
POW_A_2000.csv-POW_B_1_2000.csv	1	200	0.1	0.01	2	8	8192	5	2026-04-12_18:15:56	2026-04-12_18:16:04	7.908879041671753	100	6	799894	0
POW_A_5000.csv-POW_B_1_5000.csv	1	200	0.1	0.01	2	8	8192	5	2026-04-12_18:16:22	2026-04-12_18:17:17	54.678542375564575	250	76	4999674	0
POW_A_5000.csv-POW_B_1_5000.csv	1	200	0.1	0.01	2	8	8192	5	2026-04-12_18:17:17	2026-04-12_18:18:11	53.971885204315186	250	20	4999730	0
POW_A_5000.csv-POW_B_1_5000.csv	1	200	0.1	0.01	2	8	8192	5	2026-04-12_18:18:11	2026-04-12_18:19:04	52.53915214538574	250	34	4999716	0
POW_A_20000.csv-POW_B_1_20000.csv	1	200	0.1	0.01	2	8	8192	5	2026-04-12_18:19:22	2026-04-12_18:34:46	924.5863156318665	1000	33	79998967	0
POW_A_20000.csv-POW_B_1_20000.csv	1	200	0.1	0.01	2	8	8192	5	2026-04-12_18:34:47	2026-04-12_18:51:25	998.6030640602112	1000	33	79998967	0
POW_A_20000.csv-POW_B_1_20000.csv	1	200	0.1	0.01	2	8	8192	5	2026-04-12_18:51:25	2026-04-12_19:07:00	934.5610332489014	1000	90	79998910	0
POW_A_2000.csv-POW_B_1_2000.csv	1	200	0.1	0.01	2	8	8192	10	2026-04-12_19:07:20	2026-04-12_19:07:32	12.048139095306396	100	8	799892	0
POW_A_2000.csv-POW_B_1_2000.csv	1	200	0.1	0.01	2	8	8192	10	2026-04-12_19:07:32	2026-04-12_19:07:42	9.714640140533447	100	11	799889	0
POW_A_2000.csv-POW_B_1_2000.csv	1	200	0.1	0.01	2	8	8192	10	2026-04-12_19:07:42	2026-04-12_19:07:52	10.537354707717896	100	22	799878	0
POW_A_5000.csv-POW_B_1_5000.csv	1	200	0.1	0.01	2	8	8192	10	2026-04-12_19:08:10	2026-04-12_19:09:27	76.62213182449341	250	10	4999740	0
POW_A_5000.csv-POW_B_1_5000.csv	1	200	0.1	0.01	2	8	8192	10	2026-04-12_19:09:27	2026-04-12_19:10:41	73.58417320251465	250	48	4999702	0
POW_A_5000.csv-POW_B_1_5000.csv	1	200	0.1	0.01	2	8	8192	10	2026-04-12_19:10:41	2026-04-12_19:11:54	72.98090767860413	250	8	4999742	0
POW_A_20000.csv-POW_B_1_20000.csv	1	200	0.1	0.01	2	8	8192	10	2026-04-12_19:12:12	2026-04-12_19:33:06	1254.5817828178406	1000	32	79998968	0
POW_A_20000.csv-POW_B_1_20000.csv	1	200	0.1	0.01	2	8	8192	10	2026-04-12_19:33:06	2026-04-12_19:52:50	1183.2187104225159	1000	19	79998981	0
POW_A_20000.csv-POW_B_1_20000.csv	1	200	0.1	0.01	2	8	8192	10	2026-04-12_19:52:51	2026-04-12_20:13:37	1246.0242869853973	1000	16	79998984	0
POW_A_2000.csv-POW_B_1_2000.csv	1	200	0.1	0.01	2	8	8192	20	2026-04-12_20:13:56	2026-04-12_20:14:14	17.297290086746216	100	3	799897	0
POW_A_2000.csv-POW_B_1_2000.csv	1	200	0.1	0.01	2	8	8192	20	2026-04-12_20:14:14	2026-04-12_20:14:31	17.540693044662476	100	7	799893	0
POW_A_2000.csv-POW_B_1_2000.csv	1	200	0.1	0.01	2	8	8192	20	2026-04-12_20:14:31	2026-04-12_20:14:46	15.174598455429077	100	1	799899	0
POW_A_5000.csv-POW_B_1_5000.csv	1	200	0.1	0.01	2	8	8192	20	2026-04-12_20:15:05	2026-04-12_20:16:45	100.121994972229	250	61	4999689	0
POW_A_5000.csv-POW_B_1_5000.csv	1	200	0.1	0.01	2	8	8192	20	2026-04-12_20:16:45	2026-04-12_20:18:26	101.54972743988037	250	7	4999743	0
POW_A_5000.csv-POW_B_1_5000.csv	1	200	0.1	0.01	2	8	8192	20	2026-04-12_20:18:26	2026-04-12_20:20:12	105.92218065261841	250	7	4999743	0
POW_A_20000.csv-POW_B_1_20000.csv	1	200	0.1	0.01	2	8	8192	20	2026-04-12_20:20:30	2026-04-12_20:48:29	1678.1786305904388	1000	15	79998985	0
POW_A_20000.csv-POW_B_1_20000.csv	1	200	0.1	0.01	2	8	8192	20	2026-04-12_20:48:29	2026-04-12_21:16:54	1704.8102388381958	1000	17	79998983	0
POW_A_20000.csv-POW_B_1_20000.csv	1	200	0.1	0.01	2	8	8192	20	2026-04-12_21:16:54	2026-04-12_21:45:12	1697.8225576877594	1000	11	79998989	0
POW_A_2000.csv-POW_B_1_2000.csv	1	200	0.1	0.01	2	4	8192	5	2026-04-12_21:45:31	2026-04-12_21:45:43	11.410447359085083	100	161	799739	0
POW_A_2000.csv-POW_B_1_2000.csv	1	200	0.1	0.01	2	4	8192	5	2026-04-12_21:45:43	2026-04-12_21:45:52	9.304831981658936	100	36	799864	0
POW_A_2000.csv-POW_B_1_2000.csv	1	200	0.1	0.01	2	4	8192	5	2026-04-12_21:45:52	2026-04-12_21:46:01	9.312583684921265	100	95	799805	0
POW_A_5000.csv-POW_B_1_5000.csv	1	200	0.1	0.01	2	4	8192	5	2026-04-12_21:46:20	2026-04-12_21:47:22	62.67689776420593	250	47	4999703	0
POW_A_5000.csv-POW_B_1_5000.csv	1	200	0.1	0.01	2	4	8192	5	2026-04-12_21:47:22	2026-04-12_21:48:22	59.31188225746155	250	22	4999728	0
POW_A_5000.csv-POW_B_1_5000.csv	1	200	0.1	0.01	2	4	8192	5	2026-04-12_21:48:22	2026-04-12_21:49:21	59.768179416656494	250	19	4999731	0
POW_A_20000.csv-POW_B_1_20000.csv	1	200	0.1	0.01	2	4	8192	5	2026-04-12_21:49:40	2026-04-12_22:07:36	1076.2277097702026	1000	13	79998987	0
POW_A_20000.csv-POW_B_1_20000.csv	1	200	0.1	0.01	2	4	8192	5	2026-04-12_22:07:36	2026-04-12_22:25:30	1073.7243616580963	1000	36	79998964	0
POW_A_20000.csv-POW_B_1_20000.csv	1	200	0.1	0.01	2	4	8192	5	2026-04-12_22:25:30	2026-04-12_22:42:59	1048.7884304523468	1000	72	79998928	0
POW_A_2000.csv-POW_B_1_2000.csv	1	200	0.1	0.01	2	4	8192	10	2026-04-12_22:43:18	2026-04-12_22:43:32	14.605048179626465	100	36	799864	0
POW_A_2000.csv-POW_B_1_2000.csv	1	200	0.1	0.01	2	4	8192	10	2026-04-12_22:43:32	2026-04-12_22:43:45	12.42690134048462	100	18	799882	0
POW_A_2000.csv-POW_B_1_2000.csv	1	200	0.1	0.01	2	4	8192	10	2026-04-12_22:43:45	2026-04-12_22:43:57	12.41867995262146	100	168	799732	0
POW_A_5000.csv-POW_B_1_5000.csv	1	200	0.1	0.01	2	4	8192	10	2026-04-12_22:44:15	2026-04-12_22:45:38	82.64090633392334	250	64	4999686	0
POW_A_5000.csv-POW_B_1_5000.csv	1	200	0.1	0.01	2	4	8192	10	2026-04-12_22:45:38	2026-04-12_22:46:59	80.48030233383179	250	10	4999740	0
POW_A_5000.csv-POW_B_1_5000.csv	1	200	0.1	0.01	2	4	8192	10	2026-04-12_22:46:59	2026-04-12_22:48:20	81.30217409133911	250	9	4999741	0
POW_A_20000.csv-POW_B_1_20000.csv	1	200	0.1	0.01	2	4	8192	10	2026-04-12_22:48:38	2026-04-12_23:12:15	1416.928837299347	1000	16	79998984	0
POW_A_20000.csv-POW_B_1_20000.csv	1	200	0.1	0.01	2	4	8192	10	2026-04-12_23:12:16	2026-04-12_23:35:50	1413.9945750236511	1000	17	79998983	0
POW_A_20000.csv-POW_B_1_20000.csv	1	200	0.1	0.01	2	4	8192	10	2026-04-12_23:35:51	2026-04-12_23:59:07	1396.057772397995	1000	18	79998982	0
POW_A_2000.csv-POW_B_1_2000.csv	1	200	0.1	0.01	2	4	8192	20	2026-04-12_23:59:27	2026-04-12_23:59:47	20.56890368461609	100	10	799890	0
POW_A_2000.csv-POW_B_1_2000.csv	1	200	0.1	0.01	2	4	8192	20	2026-04-12_23:59:47	2026-04-13_00:00:06	18.70578408241272	100	6	799894	0
POW_A_2000.csv-POW_B_1_2000.csv	1	200	0.1	0.01	2	4	8192	20	2026-04-13_00:00:06	2026-04-13_00:00:25	18.739256143569946	100	6	799894	0
POW_A_5000.csv-POW_B_1_5000.csv	1	200	0.1	0.01	2	4	8192	20	2026-04-13_00:00:43	2026-04-13_00:02:49	125.98384594917297	250	6	4999744	0
POW_A_5000.csv-POW_B_1_5000.csv	1	200	0.1	0.01	2	4	8192	20	2026-04-13_00:02:49	2026-04-13_00:04:52	123.4169569015503	250	51	4999699	0
POW_A_5000.csv-POW_B_1_5000.csv	1	200	0.1	0.01	2	4	8192	20	2026-04-13_00:04:52	2026-04-13_00:06:55	122.74776458740234	250	4	4999746	0
POW_A_20000.csv-POW_B_1_20000.csv	1	200	0.1	0.01	2	4	8192	20	2026-04-13_00:07:13	2026-04-13_00:43:18	2164.984871149063	1000	16	79998984	0
POW_A_20000.csv-POW_B_1_20000.csv	1	200	0.1	0.01	2	4	8192	20	2026-04-13_00:43:18	2026-04-13_01:19:25	2166.4648880958557	1000	27	79998973	0
POW_A_20000.csv-POW_B_1_20000.csv	1	200	0.1	0.01	2	4	8192	20	2026-04-13_01:19:26	2026-04-13_01:57:14	2268.3299565315247	1000	1150	79997850	0
POW_A_2000.csv-POW_B_1_2000.csv	1	200	0.1	0.01	3	16	8192	5	2026-04-13_01:57:33	2026-04-13_01:57:43	10.110666990280151	100	35	799865	0
POW_A_2000.csv-POW_B_1_2000.csv	1	200	0.1	0.01	3	16	8192	5	2026-04-13_01:57:43	2026-04-13_01:57:52	8.089638948440552	100	10	799890	0
POW_A_2000.csv-POW_B_1_2000.csv	1	200	0.1	0.01	3	16	8192	5	2026-04-13_01:57:52	2026-04-13_01:58:00	8.048306226730347	100	36	799864	0
POW_A_5000.csv-POW_B_1_5000.csv	1	200	0.1	0.01	3	16	8192	5	2026-04-13_01:58:18	2026-04-13_01:59:18	60.64876437187195	250	16	4999734	0
POW_A_5000.csv-POW_B_1_5000.csv	1	200	0.1	0.01	3	16	8192	5	2026-04-13_01:59:18	2026-04-13_02:00:16	57.895551443099976	250	42	4999708	0
POW_A_5000.csv-POW_B_1_5000.csv	1	200	0.1	0.01	3	16	8192	5	2026-04-13_02:00:16	2026-04-13_02:01:16	59.74640679359436	250	99	4999651	0
POW_A_20000.csv-POW_B_1_20000.csv	1	200	0.1	0.01	3	16	8192	5	2026-04-13_02:01:34	2026-04-13_02:17:22	947.7598247528076	1000	103	79998897	0
POW_A_20000.csv-POW_B_1_20000.csv	1	200	0.1	0.01	3	16	8192	5	2026-04-13_02:17:22	2026-04-13_02:34:34	1031.614827156067	1000	52	79998948	0
POW_A_20000.csv-POW_B_1_20000.csv	1	200	0.1	0.01	3	16	8192	5	2026-04-13_02:34:34	2026-04-13_02:53:22	1127.9555282592773	1000	117	79998883	0
POW_A_2000.csv-POW_B_1_2000.csv	1	200	0.1	0.01	3	16	8192	10	2026-04-13_02:53:42	2026-04-13_02:53:57	15.157310962677002	100	15	799885	0
POW_A_2000.csv-POW_B_1_2000.csv	1	200	0.1	0.01	3	16	8192	10	2026-04-13_02:53:57	2026-04-13_02:54:10	13.108131885528564	100	2	799898	0
POW_A_2000.csv-POW_B_1_2000.csv	1	200	0.1	0.01	3	16	8192	10	2026-04-13_02:54:10	2026-04-13_02:54:23	13.143892288208008	100	14	799886	0
POW_A_5000.csv-POW_B_1_5000.csv	1	200	0.1	0.01	3	16	8192	10	2026-04-13_02:54:41	2026-04-13_02:56:01	79.95710396766663	250	7	4999743	0
POW_A_5000.csv-POW_B_1_5000.csv	1	200	0.1	0.01	3	16	8192	10	2026-04-13_02:56:01	2026-04-13_02:57:26	84.33841824531555	250	62	4999688	0
POW_A_5000.csv-POW_B_1_5000.csv	1	200	0.1	0.01	3	16	8192	10	2026-04-13_02:57:26	2026-04-13_02:58:39	73.20075678825378	250	31	4999719	0
POW_A_20000.csv-POW_B_1_20000.csv	1	200	0.1	0.01	3	16	8192	10	2026-04-13_02:58:57	2026-04-13_03:18:10	1152.7405126094818	1000	3369	79995631	0
POW_A_20000.csv-POW_B_1_20000.csv	1	200	0.1	0.01	3	16	8192	10	2026-04-13_03:18:10	2026-04-13_03:37:11	1140.7621467113495	1000	19	79998981	0
POW_A_20000.csv-POW_B_1_20000.csv	1	200	0.1	0.01	3	16	8192	10	2026-04-13_03:37:11	2026-04-13_03:56:39	1167.7671613693237	1000	20	79998980	0
POW_A_2000.csv-POW_B_1_2000.csv	1	200	0.1	0.01	3	16	8192	20	2026-04-13_03:56:59	2026-04-13_03:57:14	15.645730018615723	100	2	799898	0
POW_A_2000.csv-POW_B_1_2000.csv	1	200	0.1	0.01	3	16	8192	20	2026-04-13_03:57:14	2026-04-13_03:57:28	13.430984735488892	100	5	799895	0
POW_A_2000.csv-POW_B_1_2000.csv	1	200	0.1	0.01	3	16	8192	20	2026-04-13_03:57:28	2026-04-13_03:57:41	13.519052982330322	100	1	799899	0
POW_A_5000.csv-POW_B_1_5000.csv	1	200	0.1	0.01	3	16	8192	20	2026-04-13_03:57:59	2026-04-13_04:00:12	132.40084958076477	250	20	4999730	0
POW_A_5000.csv-POW_B_1_5000.csv	1	200	0.1	0.01	3	16	8192	20	2026-04-13_04:00:12	2026-04-13_04:02:18	125.68594241142273	250	44	4999706	0
POW_A_5000.csv-POW_B_1_5000.csv	1	200	0.1	0.01	3	16	8192	20	2026-04-13_04:02:18	2026-04-13_04:04:12	114.07423853874207	250	10	4999740	0
POW_A_20000.csv-POW_B_1_20000.csv	1	200	0.1	0.01	3	16	8192	20	2026-04-13_04:04:30	2026-04-13_04:34:26	1795.6613068580627	1000	13	79998987	0
POW_A_20000.csv-POW_B_1_20000.csv	1	200	0.1	0.01	3	16	8192	20	2026-04-13_04:34:26	2026-04-13_05:03:16	1730.7220277786255	1000	16	79998984	0
POW_A_20000.csv-POW_B_1_20000.csv	1	200	0.1	0.01	3	16	8192	20	2026-04-13_05:03:17	2026-04-13_05:35:33	1935.7259080410004	1000	11	79998989	0
POW_A_2000.csv-POW_B_1_2000.csv	1	200	0.1	0.01	3	8	8192	5	2026-04-13_05:35:52	2026-04-13_05:36:03	10.730018138885498	100	9	799891	0
POW_A_2000.csv-POW_B_1_2000.csv	1	200	0.1	0.01	3	8	8192	5	2026-04-13_05:36:03	2026-04-13_05:36:11	8.438300609588623	100	30	799870	0
POW_A_2000.csv-POW_B_1_2000.csv	1	200	0.1	0.01	3	8	8192	5	2026-04-13_05:36:11	2026-04-13_05:36:20	8.555466175079346	100	7	799893	0
POW_A_5000.csv-POW_B_1_5000.csv	1	200	0.1	0.01	3	8	8192	5	2026-04-13_05:36:38	2026-04-13_05:37:40	61.64311242103577	250	59	4999691	0
POW_A_5000.csv-POW_B_1_5000.csv	1	200	0.1	0.01	3	8	8192	5	2026-04-13_05:37:40	2026-04-13_05:38:36	56.43359375	250	70	4999680	0
POW_A_5000.csv-POW_B_1_5000.csv	1	200	0.1	0.01	3	8	8192	5	2026-04-13_05:38:36	2026-04-13_05:39:33	56.439714431762695	250	36	4999714	0
POW_A_20000.csv-POW_B_1_20000.csv	1	200	0.1	0.01	3	8	8192	5	2026-04-13_05:39:51	2026-04-13_05:57:34	1063.4567523002625	1000	276	79998724	0
POW_A_20000.csv-POW_B_1_20000.csv	1	200	0.1	0.01	3	8	8192	5	2026-04-13_05:57:34	2026-04-13_06:14:19	1004.9188015460968	1000	47	79998953	0
POW_A_20000.csv-POW_B_1_20000.csv	1	200	0.1	0.01	3	8	8192	5	2026-04-13_06:14:20	2026-04-13_06:30:57	996.8075888156891	1000	47	79998953	0
POW_A_2000.csv-POW_B_1_2000.csv	1	200	0.1	0.01	3	8	8192	10	2026-04-13_06:31:16	2026-04-13_06:31:29	12.943351745605469	100	10	799890	0
POW_A_2000.csv-POW_B_1_2000.csv	1	200	0.1	0.01	3	8	8192	10	2026-04-13_06:31:29	2026-04-13_06:31:43	13.274368524551392	100	12	799888	0
POW_A_2000.csv-POW_B_1_2000.csv	1	200	0.1	0.01	3	8	8192	10	2026-04-13_06:31:43	2026-04-13_06:31:54	11.063417434692383	100	3	799897	0
POW_A_5000.csv-POW_B_1_5000.csv	1	200	0.1	0.01	3	8	8192	10	2026-04-13_06:32:12	2026-04-13_06:33:39	87.35812067985535	250	19	4999731	0
POW_A_5000.csv-POW_B_1_5000.csv	1	200	0.1	0.01	3	8	8192	10	2026-04-13_06:33:39	2026-04-13_06:35:02	82.856440782547	250	11	4999739	0
POW_A_5000.csv-POW_B_1_5000.csv	1	200	0.1	0.01	3	8	8192	10	2026-04-13_06:35:02	2026-04-13_06:36:26	84.0104022026062	250	28	4999722	0
POW_A_20000.csv-POW_B_1_20000.csv	1	200	0.1	0.01	3	8	8192	10	2026-04-13_06:36:44	2026-04-13_07:01:14	1470.1105041503906	1000	23	79998977	0
POW_A_20000.csv-POW_B_1_20000.csv	1	200	0.1	0.01	3	8	8192	10	2026-04-13_07:01:15	2026-04-13_07:23:58	1362.8315434455872	1000	17	79998983	0
POW_A_20000.csv-POW_B_1_20000.csv	1	200	0.1	0.01	3	8	8192	10	2026-04-13_07:23:58	2026-04-13_07:46:11	1333.4467644691467	1000	13	79998987	0
POW_A_2000.csv-POW_B_1_2000.csv	1	200	0.1	0.01	3	8	8192	20	2026-04-13_07:46:31	2026-04-13_07:46:53	22.296956777572632	100	4	799896	0
POW_A_2000.csv-POW_B_1_2000.csv	1	200	0.1	0.01	3	8	8192	20	2026-04-13_07:46:53	2026-04-13_07:47:09	15.776434898376465	100	12	799888	0
POW_A_2000.csv-POW_B_1_2000.csv	1	200	0.1	0.01	3	8	8192	20	2026-04-13_07:47:09	2026-04-13_07:47:26	17.00467038154602	100	0	799900	0
POW_A_5000.csv-POW_B_1_5000.csv	1	200	0.1	0.01	3	8	8192	20	2026-04-13_07:47:44	2026-04-13_07:49:47	122.90408730506897	250	82	4999668	0
POW_A_5000.csv-POW_B_1_5000.csv	1	200	0.1	0.01	3	8	8192	20	2026-04-13_07:49:47	2026-04-13_07:51:46	118.88620448112488	250	12	4999738	0
POW_A_5000.csv-POW_B_1_5000.csv	1	200	0.1	0.01	3	8	8192	20	2026-04-13_07:51:46	2026-04-13_07:53:57	131.2492377758026	250	120	4999630	0
POW_A_20000.csv-POW_B_1_20000.csv	1	200	0.1	0.01	3	8	8192	20	2026-04-13_07:54:16	2026-04-13_08:28:19	2043.234958410263	1000	13	79998987	0
POW_A_20000.csv-POW_B_1_20000.csv	1	200	0.1	0.01	3	8	8192	20	2026-04-13_08:28:19	2026-04-13_09:01:11	1972.3994624614716	1000	15	79998985	0
POW_A_20000.csv-POW_B_1_20000.csv	1	200	0.1	0.01	3	8	8192	20	2026-04-13_09:01:12	2026-04-13_09:37:38	2186.101378440857	1000	125	79998875	0
POW_A_2000.csv-POW_B_1_2000.csv	1	200	0.1	0.01	3	4	8192	5	2026-04-13_09:37:58	2026-04-13_09:38:10	12.582868099212646	100	65	799835	0
POW_A_2000.csv-POW_B_1_2000.csv	1	200	0.1	0.01	3	4	8192	5	2026-04-13_09:38:10	2026-04-13_09:38:21	10.335398435592651	0	0	799900	100
POW_A_2000.csv-POW_B_1_2000.csv	1	200	0.1	0.01	3	4	8192	5	2026-04-13_09:38:21	2026-04-13_09:38:31	10.384188652038574	100	45	799855	0
POW_A_5000.csv-POW_B_1_5000.csv	1	200	0.1	0.01	3	4	8192	5	2026-04-13_09:38:49	2026-04-13_09:39:59	69.85804748535156	250	27	4999723	0
POW_A_5000.csv-POW_B_1_5000.csv	1	200	0.1	0.01	3	4	8192	5	2026-04-13_09:39:59	2026-04-13_09:41:06	66.65349888801575	250	513	4999237	0
POW_A_5000.csv-POW_B_1_5000.csv	1	200	0.1	0.01	3	4	8192	5	2026-04-13_09:41:06	2026-04-13_09:42:13	67.13270258903503	250	11	4999739	0
POW_A_20000.csv-POW_B_1_20000.csv	1	200	0.1	0.01	3	4	8192	5	2026-04-13_09:42:31	2026-04-13_10:03:02	1231.091164112091	1000	32	79998968	0
POW_A_20000.csv-POW_B_1_20000.csv	1	200	0.1	0.01	3	4	8192	5	2026-04-13_10:03:02	2026-04-13_10:22:51	1188.4498252868652	1000	324	79998676	0
POW_A_20000.csv-POW_B_1_20000.csv	1	200	0.1	0.01	3	4	8192	5	2026-04-13_10:22:51	2026-04-13_10:42:56	1205.1461203098297	1000	42	79998958	0
POW_A_2000.csv-POW_B_1_2000.csv	1	200	0.1	0.01	3	4	8192	10	2026-04-13_10:43:16	2026-04-13_10:43:32	16.057884216308594	100	0	799900	0
POW_A_2000.csv-POW_B_1_2000.csv	1	200	0.1	0.01	3	4	8192	10	2026-04-13_10:43:32	2026-04-13_10:43:46	14.442530393600464	100	14	799886	0
POW_A_2000.csv-POW_B_1_2000.csv	1	200	0.1	0.01	3	4	8192	10	2026-04-13_10:43:46	2026-04-13_10:44:01	14.508853197097778	100	60	799840	0
POW_A_5000.csv-POW_B_1_5000.csv	1	200	0.1	0.01	3	4	8192	10	2026-04-13_10:44:19	2026-04-13_10:45:59	99.71330189704895	250	7	4999743	0
POW_A_5000.csv-POW_B_1_5000.csv	1	200	0.1	0.01	3	4	8192	10	2026-04-13_10:45:59	2026-04-13_10:47:37	97.82601046562195	250	3	4999747	0
POW_A_5000.csv-POW_B_1_5000.csv	1	200	0.1	0.01	3	4	8192	10	2026-04-13_10:47:37	2026-04-13_10:49:14	97.27586221694946	250	34	4999716	0
POW_A_20000.csv-POW_B_1_20000.csv	1	200	0.1	0.01	3	4	8192	10	2026-04-13_10:49:32	2026-04-13_11:18:18	1726.0716462135315	1000	15	79998985	0
POW_A_20000.csv-POW_B_1_20000.csv	1	200	0.1	0.01	3	4	8192	10	2026-04-13_11:18:18	2026-04-13_11:47:07	1728.6415793895721	1000	31	79998969	0
POW_A_20000.csv-POW_B_1_20000.csv	1	200	0.1	0.01	3	4	8192	10	2026-04-13_11:47:07	2026-04-13_12:15:24	1696.357250213623	1000	27	79998973	0
POW_A_2000.csv-POW_B_1_2000.csv	1	200	0.1	0.01	3	4	8192	20	2026-04-13_12:15:43	2026-04-13_12:16:08	25.541388750076294	100	92	799808	0
POW_A_2000.csv-POW_B_1_2000.csv	1	200	0.1	0.01	3	4	8192	20	2026-04-13_12:16:09	2026-04-13_12:16:32	23.160033226013184	100	4	799896	0
POW_A_2000.csv-POW_B_1_2000.csv	1	200	0.1	0.01	3	4	8192	20	2026-04-13_12:16:32	2026-04-13_12:16:56	23.777522087097168	100	9	799891	0
POW_A_5000.csv-POW_B_1_5000.csv	1	200	0.1	0.01	3	4	8192	20	2026-04-13_12:17:14	2026-04-13_12:19:55	161.18365621566772	250	101	4999649	0
POW_A_5000.csv-POW_B_1_5000.csv	1	200	0.1	0.01	3	4	8192	20	2026-04-13_12:19:55	2026-04-13_12:22:32	156.79069447517395	250	4	4999746	0
POW_A_5000.csv-POW_B_1_5000.csv	1	200	0.1	0.01	3	4	8192	20	2026-04-13_12:22:32	2026-04-13_12:25:10	158.18112778663635	250	4	4999746	0
POW_A_20000.csv-POW_B_1_20000.csv	1	200	0.1	0.01	3	4	8192	20	2026-04-13_12:25:28	2026-04-13_13:14:04	2915.493575811386	1000	30	79998970	0
POW_A_20000.csv-POW_B_1_20000.csv	1	200	0.1	0.01	3	4	8192	20	2026-04-13_13:14:04	2026-04-13_14:00:11	2766.806001186371	1000	15	79998985	0
POW_A_20000.csv-POW_B_1_20000.csv	1	200	0.1	0.01	3	4	8192	20	2026-04-13_14:00:11	2026-04-13_14:46:46	2794.410721063614	1000	13	79998987	0
POW_A_2000.csv-POW_B_1_2000.csv	1	200	0.1	0.1	1	16	8192	5	2026-04-13_14:47:05	2026-04-13_14:47:15	9.19623589515686	100	223	799677	0
POW_A_2000.csv-POW_B_1_2000.csv	1	200	0.1	0.1	1	16	8192	5	2026-04-13_14:47:15	2026-04-13_14:47:22	6.9885406494140625	100	328	799572	0
POW_A_2000.csv-POW_B_1_2000.csv	1	200	0.1	0.1	1	16	8192	5	2026-04-13_14:47:22	2026-04-13_14:47:29	6.996068954467773	100	356	799544	0
POW_A_5000.csv-POW_B_1_5000.csv	1	200	0.1	0.1	1	16	8192	5	2026-04-13_14:47:47	2026-04-13_14:48:40	52.827937602996826	250	493	4999257	0
POW_A_5000.csv-POW_B_1_5000.csv	1	200	0.1	0.1	1	16	8192	5	2026-04-13_14:48:40	2026-04-13_14:49:30	49.93461036682129	250	443	4999307	0
POW_A_5000.csv-POW_B_1_5000.csv	1	200	0.1	0.1	1	16	8192	5	2026-04-13_14:49:30	2026-04-13_14:50:19	49.52533221244812	250	845	4998905	0
POW_A_20000.csv-POW_B_1_20000.csv	1	200	0.1	0.1	1	16	8192	5	2026-04-13_14:50:37	2026-04-13_15:04:16	818.1744244098663	1000	2913	79996087	0
POW_A_20000.csv-POW_B_1_20000.csv	1	200	0.1	0.1	1	16	8192	5	2026-04-13_15:04:16	2026-04-13_15:17:43	807.5970764160156	1000	4379	79994621	0
POW_A_20000.csv-POW_B_1_20000.csv	1	200	0.1	0.1	1	16	8192	5	2026-04-13_15:17:44	2026-04-13_15:32:38	893.7694191932678	1000	950	79998050	0
POW_A_2000.csv-POW_B_1_2000.csv	1	200	0.1	0.1	1	16	8192	10	2026-04-13_15:32:57	2026-04-13_15:33:07	9.169706106185913	100	414	799486	0
POW_A_2000.csv-POW_B_1_2000.csv	1	200	0.1	0.1	1	16	8192	10	2026-04-13_15:33:07	2026-04-13_15:33:15	7.838792085647583	100	201	799699	0
POW_A_2000.csv-POW_B_1_2000.csv	1	200	0.1	0.1	1	16	8192	10	2026-04-13_15:33:15	2026-04-13_15:33:22	7.861160755157471	100	336	799564	0
POW_A_5000.csv-POW_B_1_5000.csv	1	200	0.1	0.1	1	16	8192	10	2026-04-13_15:33:41	2026-04-13_15:34:40	59.15114951133728	250	353	4999397	0
POW_A_5000.csv-POW_B_1_5000.csv	1	200	0.1	0.1	1	16	8192	10	2026-04-13_15:34:40	2026-04-13_15:35:30	50.358070611953735	250	249	4999501	0
POW_A_5000.csv-POW_B_1_5000.csv	1	200	0.1	0.1	1	16	8192	10	2026-04-13_15:35:30	2026-04-13_15:36:28	58.13677191734314	250	314	4999436	0
POW_A_20000.csv-POW_B_1_20000.csv	1	200	0.1	0.1	1	16	8192	10	2026-04-13_15:36:46	2026-04-13_15:57:00	1213.4493930339813	1000	4351	79994649	0
POW_A_20000.csv-POW_B_1_20000.csv	1	200	0.1	0.1	1	16	8192	10	2026-04-13_15:57:00	2026-04-13_16:15:51	1130.9434900283813	1000	58376	79940624	0
POW_A_20000.csv-POW_B_1_20000.csv	1	200	0.1	0.1	1	16	8192	10	2026-04-13_16:15:52	2026-04-13_16:32:32	999.9026958942413	1000	1852	79997148	0
POW_A_2000.csv-POW_B_1_2000.csv	1	200	0.1	0.1	1	16	8192	20	2026-04-13_16:32:53	2026-04-13_16:33:03	10.887555122375488	100	89	799811	0
POW_A_2000.csv-POW_B_1_2000.csv	1	200	0.1	0.1	1	16	8192	20	2026-04-13_16:33:04	2026-04-13_16:33:17	13.174802541732788	100	529	799371	0
POW_A_2000.csv-POW_B_1_2000.csv	1	200	0.1	0.1	1	16	8192	20	2026-04-13_16:33:17	2026-04-13_16:33:26	9.498880624771118	100	112	799788	0
POW_A_5000.csv-POW_B_1_5000.csv	1	200	0.1	0.1	1	16	8192	20	2026-04-13_16:33:44	2026-04-13_16:35:12	87.26272416114807	250	222	4999528	0
POW_A_5000.csv-POW_B_1_5000.csv	1	200	0.1	0.1	1	16	8192	20	2026-04-13_16:35:12	2026-04-13_16:36:25	73.13843774795532	250	149	4999601	0
POW_A_5000.csv-POW_B_1_5000.csv	1	200	0.1	0.1	1	16	8192	20	2026-04-13_16:36:25	2026-04-13_16:37:48	82.62014102935791	250	125	4999625	0
POW_A_20000.csv-POW_B_1_20000.csv	1	200	0.1	0.1	1	16	8192	20	2026-04-13_16:38:06	2026-04-13_17:09:40	1894.1396358013153	1000	1973	79997027	0
POW_A_20000.csv-POW_B_1_20000.csv	1	200	0.1	0.1	1	16	8192	20	2026-04-13_17:09:40	2026-04-13_17:41:35	1914.944073677063	1000	1675	79997325	0
POW_A_20000.csv-POW_B_1_20000.csv	1	200	0.1	0.1	1	16	8192	20	2026-04-13_17:41:35	2026-04-13_18:03:26	1310.3301470279694	999	1129	79997871	1
POW_A_2000.csv-POW_B_1_2000.csv	1	200	0.1	0.1	1	8	8192	5	2026-04-13_18:03:46	2026-04-13_18:03:56	10.255971193313599	100	499	799401	0
POW_A_2000.csv-POW_B_1_2000.csv	1	200	0.1	0.1	1	8	8192	5	2026-04-13_18:03:56	2026-04-13_18:04:04	8.122370719909668	100	383	799517	0
POW_A_2000.csv-POW_B_1_2000.csv	1	200	0.1	0.1	1	8	8192	5	2026-04-13_18:04:04	2026-04-13_18:04:12	8.029061555862427	100	3944	795956	0
POW_A_5000.csv-POW_B_1_5000.csv	1	200	0.1	0.1	1	8	8192	5	2026-04-13_18:04:30	2026-04-13_18:05:21	50.891958236694336	250	597	4999153	0
POW_A_5000.csv-POW_B_1_5000.csv	1	200	0.1	0.1	1	8	8192	5	2026-04-13_18:05:21	2026-04-13_18:06:11	50.14930200576782	250	453	4999297	0
POW_A_5000.csv-POW_B_1_5000.csv	1	200	0.1	0.1	1	8	8192	5	2026-04-13_18:06:12	2026-04-13_18:06:59	47.34197235107422	250	577	4999173	0
POW_A_20000.csv-POW_B_1_20000.csv	1	200	0.1	0.1	1	8	8192	5	2026-04-13_18:07:17	2026-04-13_18:21:30	853.3474309444427	1000	3607	79995393	0
POW_A_20000.csv-POW_B_1_20000.csv	1	200	0.1	0.1	1	8	8192	5	2026-04-13_18:21:30	2026-04-13_18:35:45	854.9524967670441	1000	2433	79996567	0
POW_A_20000.csv-POW_B_1_20000.csv	1	200	0.1	0.1	1	8	8192	5	2026-04-13_18:35:47	2026-04-13_18:49:50	843.0710515975952	1000	2892	79996108	0
POW_A_2000.csv-POW_B_1_2000.csv	1	200	0.1	0.1	1	8	8192	10	2026-04-13_18:50:10	2026-04-13_18:50:22	11.547785997390747	100	1893	798007	0
POW_A_2000.csv-POW_B_1_2000.csv	1	200	0.1	0.1	1	8	8192	10	2026-04-13_18:50:22	2026-04-13_18:50:31	9.485388994216919	100	330	799570	0
POW_A_2000.csv-POW_B_1_2000.csv	1	200	0.1	0.1	1	8	8192	10	2026-04-13_18:50:31	2026-04-13_18:50:41	9.404073238372803	100	64	799836	0
POW_A_5000.csv-POW_B_1_5000.csv	1	200	0.1	0.1	1	8	8192	10	2026-04-13_18:50:59	2026-04-13_18:51:59	60.24419951438904	250	341	4999409	0
POW_A_5000.csv-POW_B_1_5000.csv	1	200	0.1	0.1	1	8	8192	10	2026-04-13_18:51:59	2026-04-13_18:52:55	55.37074160575867	250	392	4999358	0
POW_A_5000.csv-POW_B_1_5000.csv	1	200	0.1	0.1	1	8	8192	10	2026-04-13_18:52:55	2026-04-13_18:53:56	61.41447329521179	250	675	4999075	0
POW_A_20000.csv-POW_B_1_20000.csv	1	200	0.1	0.1	1	8	8192	10	2026-04-13_18:54:14	2026-04-13_19:11:09	1014.6877510547638	1000	1645	79997355	0
POW_A_20000.csv-POW_B_1_20000.csv	1	200	0.1	0.1	1	8	8192	10	2026-04-13_19:11:09	2026-04-13_19:29:13	1084.4323406219482	999	1048	79997952	1
POW_A_20000.csv-POW_B_1_20000.csv	1	200	0.1	0.1	1	8	8192	10	2026-04-13_19:29:14	2026-04-13_19:46:34	1040.1755678653717	1000	1380	79997620	0
POW_A_2000.csv-POW_B_1_2000.csv	1	200	0.1	0.1	1	8	8192	20	2026-04-13_19:46:54	2026-04-13_19:47:08	13.37056827545166	100	116	799784	0
POW_A_2000.csv-POW_B_1_2000.csv	1	200	0.1	0.1	1	8	8192	20	2026-04-13_19:47:08	2026-04-13_19:47:19	11.259494066238403	100	166	799734	0
POW_A_2000.csv-POW_B_1_2000.csv	1	200	0.1	0.1	1	8	8192	20	2026-04-13_19:47:19	2026-04-13_19:47:31	12.047863006591797	100	332	799568	0
POW_A_5000.csv-POW_B_1_5000.csv	1	200	0.1	0.1	1	8	8192	20	2026-04-13_19:47:49	2026-04-13_19:49:16	86.97216558456421	250	599	4999151	0
POW_A_5000.csv-POW_B_1_5000.csv	1	200	0.1	0.1	1	8	8192	20	2026-04-13_19:49:16	2026-04-13_19:50:41	84.43673729896545	250	434	4999316	0
POW_A_5000.csv-POW_B_1_5000.csv	1	200	0.1	0.1	1	8	8192	20	2026-04-13_19:50:41	2026-04-13_19:52:09	88.20267868041992	250	356	4999394	0
POW_A_20000.csv-POW_B_1_20000.csv	1	200	0.1	0.1	1	8	8192	20	2026-04-13_19:52:27	2026-04-13_20:16:35	1448.1478173732758	999	1110	79997890	1
POW_A_20000.csv-POW_B_1_20000.csv	1	200	0.1	0.1	1	8	8192	20	2026-04-13_20:16:35	2026-04-13_20:50:58	2062.486474752426	999	1003	79997997	1
POW_A_20000.csv-POW_B_1_20000.csv	1	200	0.1	0.1	1	8	8192	20	2026-04-13_20:50:58	2026-04-13_21:13:54	1376.2892436981201	999	1128	79997872	1
POW_A_2000.csv-POW_B_1_2000.csv	1	200	0.1	0.1	1	4	8192	5	2026-04-13_21:14:14	2026-04-13_21:14:25	10.332655429840088	99	5509	794391	1
POW_A_2000.csv-POW_B_1_2000.csv	1	200	0.1	0.1	1	4	8192	5	2026-04-13_21:14:25	2026-04-13_21:14:33	8.198931217193604	100	481	799419	0
POW_A_2000.csv-POW_B_1_2000.csv	1	200	0.1	0.1	1	4	8192	5	2026-04-13_21:14:33	2026-04-13_21:14:42	8.663873672485352	100	383	799517	0
POW_A_5000.csv-POW_B_1_5000.csv	1	200	0.1	0.1	1	4	8192	5	2026-04-13_21:15:00	2026-04-13_21:15:57	57.58096742630005	250	985	4998765	0
POW_A_5000.csv-POW_B_1_5000.csv	1	200	0.1	0.1	1	4	8192	5	2026-04-13_21:15:57	2026-04-13_21:16:52	55.0998637676239	250	611	4999139	0
POW_A_5000.csv-POW_B_1_5000.csv	1	200	0.1	0.1	1	4	8192	5	2026-04-13_21:16:53	2026-04-13_21:17:46	53.29578614234924	250	681	4999069	0
POW_A_20000.csv-POW_B_1_20000.csv	1	200	0.1	0.1	1	4	8192	5	2026-04-13_21:18:04	2026-04-13_21:35:29	1044.7859513759613	1000	2203	79996797	0
POW_A_20000.csv-POW_B_1_20000.csv	1	200	0.1	0.1	1	4	8192	5	2026-04-13_21:35:29	2026-04-13_21:52:53	1043.9604198932648	1000	2140	79996860	0
POW_A_20000.csv-POW_B_1_20000.csv	1	200	0.1	0.1	1	4	8192	5	2026-04-13_21:52:54	2026-04-13_22:09:56	1022.0355982780457	1000	2739	79996261	0
POW_A_2000.csv-POW_B_1_2000.csv	1	200	0.1	0.1	1	4	8192	10	2026-04-13_22:10:15	2026-04-13_22:10:28	13.081984281539917	100	419	799481	0
POW_A_2000.csv-POW_B_1_2000.csv	1	200	0.1	0.1	1	4	8192	10	2026-04-13_22:10:28	2026-04-13_22:10:39	10.740911722183228	100	544	799356	0
POW_A_2000.csv-POW_B_1_2000.csv	1	200	0.1	0.1	1	4	8192	10	2026-04-13_22:10:39	2026-04-13_22:10:50	10.923750877380371	100	254	799646	0
POW_A_5000.csv-POW_B_1_5000.csv	1	200	0.1	0.1	1	4	8192	10	2026-04-13_22:11:08	2026-04-13_22:12:19	70.8678195476532	250	225	4999525	0
POW_A_5000.csv-POW_B_1_5000.csv	1	200	0.1	0.1	1	4	8192	10	2026-04-13_22:12:19	2026-04-13_22:13:27	68.22236108779907	250	432	4999318	0
POW_A_5000.csv-POW_B_1_5000.csv	1	200	0.1	0.1	1	4	8192	10	2026-04-13_22:13:27	2026-04-13_22:14:36	68.66876983642578	250	1829	4997921	0
POW_A_20000.csv-POW_B_1_20000.csv	1	200	0.1	0.1	1	4	8192	10	2026-04-13_22:14:54	2026-04-13_22:36:10	1276.5062155723572	999	1167	79997833	1
POW_A_20000.csv-POW_B_1_20000.csv	1	200	0.1	0.1	1	4	8192	10	2026-04-13_22:36:11	2026-04-13_22:56:41	1229.9561009407043	1000	1460	79997540	0
POW_A_20000.csv-POW_B_1_20000.csv	1	200	0.1	0.1	1	4	8192	10	2026-04-13_22:56:41	2026-04-13_23:18:29	1307.7619462013245	1000	1464	79997536	0
POW_A_2000.csv-POW_B_1_2000.csv	1	200	0.1	0.1	1	4	8192	20	2026-04-13_23:18:49	2026-04-13_23:19:07	17.464733839035034	100	313	799587	0
POW_A_2000.csv-POW_B_1_2000.csv	1	200	0.1	0.1	1	4	8192	20	2026-04-13_23:19:07	2026-04-13_23:19:23	16.36812162399292	100	232	799668	0
POW_A_2000.csv-POW_B_1_2000.csv	1	200	0.1	0.1	1	4	8192	20	2026-04-13_23:19:23	2026-04-13_23:19:40	16.56118869781494	100	101	799799	0
POW_A_5000.csv-POW_B_1_5000.csv	1	200	0.1	0.1	1	4	8192	20	2026-04-13_23:19:58	2026-04-13_23:21:39	101.12954425811768	250	249	4999501	0
POW_A_5000.csv-POW_B_1_5000.csv	1	200	0.1	0.1	1	4	8192	20	2026-04-13_23:21:39	2026-04-13_23:23:19	100.27583813667297	250	294	4999456	0
POW_A_5000.csv-POW_B_1_5000.csv	1	200	0.1	0.1	1	4	8192	20	2026-04-13_23:23:20	2026-04-13_23:25:01	101.06361103057861	250	415	4999335	0
POW_A_20000.csv-POW_B_1_20000.csv	1	200	0.1	0.1	1	4	8192	20	2026-04-13_23:25:19	2026-04-13_23:54:53	1773.9103844165802	999	1097	79997903	1
POW_A_20000.csv-POW_B_1_20000.csv	1	200	0.1	0.1	1	4	8192	20	2026-04-13_23:54:53	2026-04-14_00:24:55	1802.3203675746918	1000	1250	79997750	0
POW_A_20000.csv-POW_B_1_20000.csv	1	200	0.1	0.1	1	4	8192	20	2026-04-14_00:24:56	2026-04-14_00:55:53	1857.3473525047302	1000	1473	79997527	0
POW_A_2000.csv-POW_B_1_2000.csv	1	200	0.1	0.1	2	16	8192	5	2026-04-14_00:56:13	2026-04-14_00:56:22	9.71022629737854	100	788	799112	0
POW_A_2000.csv-POW_B_1_2000.csv	1	200	0.1	0.1	2	16	8192	5	2026-04-14_00:56:22	2026-04-14_00:56:30	7.510408878326416	100	833	799067	0
POW_A_2000.csv-POW_B_1_2000.csv	1	200	0.1	0.1	2	16	8192	5	2026-04-14_00:56:30	2026-04-14_00:56:37	7.44458270072937	100	596	799304	0
POW_A_5000.csv-POW_B_1_5000.csv	1	200	0.1	0.1	2	16	8192	5	2026-04-14_00:56:56	2026-04-14_00:57:55	59.878687143325806	250	547	4999203	0
POW_A_5000.csv-POW_B_1_5000.csv	1	200	0.1	0.1	2	16	8192	5	2026-04-14_00:57:55	2026-04-14_00:58:51	55.41422486305237	250	326	4999424	0
POW_A_5000.csv-POW_B_1_5000.csv	1	200	0.1	0.1	2	16	8192	5	2026-04-14_00:58:51	2026-04-14_00:59:47	56.345999002456665	250	483	4999267	0
POW_A_20000.csv-POW_B_1_20000.csv	1	200	0.1	0.1	2	16	8192	5	2026-04-14_01:00:05	2026-04-14_01:14:42	876.5404245853424	1000	6977	79992023	0
POW_A_20000.csv-POW_B_1_20000.csv	1	200	0.1	0.1	2	16	8192	5	2026-04-14_01:14:42	2026-04-14_01:29:22	879.7723340988159	1000	4769	79994231	0
POW_A_20000.csv-POW_B_1_20000.csv	1	200	0.1	0.1	2	16	8192	5	2026-04-14_01:29:23	2026-04-14_01:45:58	995.288138628006	1000	1457	79997543	0
POW_A_2000.csv-POW_B_1_2000.csv	1	200	0.1	0.1	2	16	8192	10	2026-04-14_01:46:18	2026-04-14_01:46:29	10.938501834869385	100	288	799612	0
POW_A_2000.csv-POW_B_1_2000.csv	1	200	0.1	0.1	2	16	8192	10	2026-04-14_01:46:29	2026-04-14_01:46:40	11.347376346588135	100	125	799775	0
POW_A_2000.csv-POW_B_1_2000.csv	1	200	0.1	0.1	2	16	8192	10	2026-04-14_01:46:40	2026-04-14_01:46:49	8.80071496963501	100	163	799737	0
POW_A_5000.csv-POW_B_1_5000.csv	1	200	0.1	0.1	2	16	8192	10	2026-04-14_01:47:07	2026-04-14_01:48:23	75.81230306625366	250	188	4999562	0
POW_A_5000.csv-POW_B_1_5000.csv	1	200	0.1	0.1	2	16	8192	10	2026-04-14_01:48:23	2026-04-14_01:49:34	71.10104775428772	250	257	4999493	0
POW_A_5000.csv-POW_B_1_5000.csv	1	200	0.1	0.1	2	16	8192	10	2026-04-14_01:49:34	2026-04-14_01:50:46	71.96542978286743	250	181	4999569	0
POW_A_20000.csv-POW_B_1_20000.csv	1	200	0.1	0.1	2	16	8192	10	2026-04-14_01:51:04	2026-04-14_02:08:27	1042.3862009048462	999	1032	79997968	1
POW_A_20000.csv-POW_B_1_20000.csv	1	200	0.1	0.1	2	16	8192	10	2026-04-14_02:08:27	2026-04-14_02:26:30	1082.7841053009033	1000	1860	79997140	0
POW_A_20000.csv-POW_B_1_20000.csv	1	200	0.1	0.1	2	16	8192	10	2026-04-14_02:26:31	2026-04-14_02:45:38	1147.3781077861786	1000	3982	79995018	0
POW_A_2000.csv-POW_B_1_2000.csv	1	200	0.1	0.1	2	16	8192	20	2026-04-14_02:45:58	2026-04-14_02:46:17	19.433450937271118	100	49	799851	0
POW_A_2000.csv-POW_B_1_2000.csv	1	200	0.1	0.1	2	16	8192	20	2026-04-14_02:46:18	2026-04-14_02:46:35	17.246073007583618	100	47	799853	0
POW_A_2000.csv-POW_B_1_2000.csv	1	200	0.1	0.1	2	16	8192	20	2026-04-14_02:46:35	2026-04-14_02:46:52	17.25445580482483	100	1610	798290	0
POW_A_5000.csv-POW_B_1_5000.csv	1	200	0.1	0.1	2	16	8192	20	2026-04-14_02:47:10	2026-04-14_02:49:03	112.41667675971985	250	74	4999676	0
POW_A_5000.csv-POW_B_1_5000.csv	1	200	0.1	0.1	2	16	8192	20	2026-04-14_02:49:03	2026-04-14_02:50:40	97.54443073272705	250	221	4999529	0
POW_A_5000.csv-POW_B_1_5000.csv	1	200	0.1	0.1	2	16	8192	20	2026-04-14_02:50:40	2026-04-14_02:52:27	107.07477474212646	250	869	4998881	0
POW_A_20000.csv-POW_B_1_20000.csv	1	200	0.1	0.1	2	16	8192	20	2026-04-14_02:52:45	2026-04-14_03:16:42	1436.153579711914	1000	1224	79997776	0
POW_A_20000.csv-POW_B_1_20000.csv	1	200	0.1	0.1	2	16	8192	20	2026-04-14_03:16:42	2026-04-14_03:46:42	1800.1133420467377	998	377	79998623	2
POW_A_20000.csv-POW_B_1_20000.csv	1	200	0.1	0.1	2	16	8192	20	2026-04-14_03:46:43	2026-04-14_04:11:31	1487.3672142028809	1000	15560	79983440	0
POW_A_2000.csv-POW_B_1_2000.csv	1	200	0.1	0.1	2	8	8192	5	2026-04-14_04:11:50	2026-04-14_04:12:01	10.998799324035645	100	1372	798528	0
POW_A_2000.csv-POW_B_1_2000.csv	1	200	0.1	0.1	2	8	8192	5	2026-04-14_04:12:01	2026-04-14_04:12:09	7.841863632202148	100	901	798999	0
POW_A_2000.csv-POW_B_1_2000.csv	1	200	0.1	0.1	2	8	8192	5	2026-04-14_04:12:09	2026-04-14_04:12:17	7.824567794799805	100	349	799551	0
POW_A_5000.csv-POW_B_1_5000.csv	1	200	0.1	0.1	2	8	8192	5	2026-04-14_04:12:35	2026-04-14_04:13:34	58.87486958503723	250	430	4999320	0
POW_A_5000.csv-POW_B_1_5000.csv	1	200	0.1	0.1	2	8	8192	5	2026-04-14_04:13:34	2026-04-14_04:14:27	53.12459349632263	250	417	4999333	0
POW_A_5000.csv-POW_B_1_5000.csv	1	200	0.1	0.1	2	8	8192	5	2026-04-14_04:14:27	2026-04-14_04:15:23	55.63613963127136	250	754	4998996	0
POW_A_20000.csv-POW_B_1_20000.csv	1	200	0.1	0.1	2	8	8192	5	2026-04-14_04:15:41	2026-04-14_04:31:14	932.5438435077667	1000	1324	79997676	0
POW_A_20000.csv-POW_B_1_20000.csv	1	200	0.1	0.1	2	8	8192	5	2026-04-14_04:31:14	2026-04-14_04:46:33	918.7532823085785	1000	1233	79997767	0
POW_A_20000.csv-POW_B_1_20000.csv	1	200	0.1	0.1	2	8	8192	5	2026-04-14_04:46:33	2026-04-14_05:02:08	935.2265548706055	1000	1557	79997443	0
POW_A_2000.csv-POW_B_1_2000.csv	1	200	0.1	0.1	2	8	8192	10	2026-04-14_05:02:28	2026-04-14_05:02:41	12.821471929550171	100	127	799773	0
POW_A_2000.csv-POW_B_1_2000.csv	1	200	0.1	0.1	2	8	8192	10	2026-04-14_05:02:41	2026-04-14_05:02:51	9.922654151916504	100	222	799678	0
POW_A_2000.csv-POW_B_1_2000.csv	1	200	0.1	0.1	2	8	8192	10	2026-04-14_05:02:51	2026-04-14_05:03:01	9.770958423614502	100	1463	798437	0
POW_A_5000.csv-POW_B_1_5000.csv	1	200	0.1	0.1	2	8	8192	10	2026-04-14_05:03:19	2026-04-14_05:04:34	74.62195253372192	250	378	4999372	0
POW_A_5000.csv-POW_B_1_5000.csv	1	200	0.1	0.1	2	8	8192	10	2026-04-14_05:04:34	2026-04-14_05:05:46	72.06621193885803	250	435	4999315	0
POW_A_5000.csv-POW_B_1_5000.csv	1	200	0.1	0.1	2	8	8192	10	2026-04-14_05:05:46	2026-04-14_05:06:59	72.76744198799133	250	454	4999296	0
POW_A_20000.csv-POW_B_1_20000.csv	1	200	0.1	0.1	2	8	8192	10	2026-04-14_05:07:17	2026-04-14_05:28:23	1266.4039702415466	1000	1341	79997659	0
POW_A_20000.csv-POW_B_1_20000.csv	1	200	0.1	0.1	2	8	8192	10	2026-04-14_05:28:23	2026-04-14_05:48:45	1221.1865050792694	1000	2935	79996065	0
POW_A_20000.csv-POW_B_1_20000.csv	1	200	0.1	0.1	2	8	8192	10	2026-04-14_05:48:45	2026-04-14_06:10:28	1302.8076174259186	1000	4648	79994352	0
POW_A_2000.csv-POW_B_1_2000.csv	1	200	0.1	0.1	2	8	8192	20	2026-04-14_06:10:47	2026-04-14_06:11:03	15.146535158157349	100	82	799818	0
POW_A_2000.csv-POW_B_1_2000.csv	1	200	0.1	0.1	2	8	8192	20	2026-04-14_06:11:03	2026-04-14_06:11:16	12.959128618240356	100	96	799804	0
POW_A_2000.csv-POW_B_1_2000.csv	1	200	0.1	0.1	2	8	8192	20	2026-04-14_06:11:16	2026-04-14_06:11:30	13.854900598526001	100	76	799824	0
POW_A_5000.csv-POW_B_1_5000.csv	1	200	0.1	0.1	2	8	8192	20	2026-04-14_06:11:48	2026-04-14_06:13:36	108.89658880233765	250	235	4999515	0
POW_A_5000.csv-POW_B_1_5000.csv	1	200	0.1	0.1	2	8	8192	20	2026-04-14_06:13:37	2026-04-14_06:15:08	91.35523748397827	250	120	4999630	0
POW_A_5000.csv-POW_B_1_5000.csv	1	200	0.1	0.1	2	8	8192	20	2026-04-14_06:15:08	2026-04-14_06:16:43	95.3653929233551	250	117	4999633	0
POW_A_20000.csv-POW_B_1_20000.csv	1	200	0.1	0.1	2	8	8192	20	2026-04-14_06:17:01	2026-04-14_06:44:10	1629.0286965370178	1000	3212	79995788	0
POW_A_20000.csv-POW_B_1_20000.csv	1	200	0.1	0.1	2	8	8192	20	2026-04-14_06:44:11	2026-04-14_07:12:42	1711.8835575580597	999	726	79998274	1
POW_A_20000.csv-POW_B_1_20000.csv	1	200	0.1	0.1	2	8	8192	20	2026-04-14_07:12:44	2026-04-14_07:40:09	1645.6038596630096	1000	1275	79997725	0
POW_A_2000.csv-POW_B_1_2000.csv	1	200	0.1	0.1	2	4	8192	5	2026-04-14_07:40:30	2026-04-14_07:40:42	11.456091403961182	100	918	798982	0
POW_A_2000.csv-POW_B_1_2000.csv	1	200	0.1	0.1	2	4	8192	5	2026-04-14_07:40:42	2026-04-14_07:40:51	9.314725399017334	100	423	799477	0
POW_A_2000.csv-POW_B_1_2000.csv	1	200	0.1	0.1	2	4	8192	5	2026-04-14_07:40:51	2026-04-14_07:41:00	9.247911214828491	100	124	799776	0
POW_A_5000.csv-POW_B_1_5000.csv	1	200	0.1	0.1	2	4	8192	5	2026-04-14_07:41:19	2026-04-14_07:42:21	62.63645076751709	250	487	4999263	0
POW_A_5000.csv-POW_B_1_5000.csv	1	200	0.1	0.1	2	4	8192	5	2026-04-14_07:42:21	2026-04-14_07:43:21	59.71984100341797	250	2545	4997205	0
POW_A_5000.csv-POW_B_1_5000.csv	1	200	0.1	0.1	2	4	8192	5	2026-04-14_07:43:21	2026-04-14_07:44:21	59.82064437866211	250	894	4998856	0
POW_A_20000.csv-POW_B_1_20000.csv	1	200	0.1	0.1	2	4	8192	5	2026-04-14_07:44:39	2026-04-14_08:02:43	1083.8016741275787	1000	1327	79997673	0
POW_A_20000.csv-POW_B_1_20000.csv	1	200	0.1	0.1	2	4	8192	5	2026-04-14_08:02:43	2026-04-14_08:20:02	1039.1305556297302	1000	2448	79996552	0
POW_A_20000.csv-POW_B_1_20000.csv	1	200	0.1	0.1	2	4	8192	5	2026-04-14_08:20:03	2026-04-14_08:37:55	1072.3986911773682	1000	2428	79996572	0
POW_A_2000.csv-POW_B_1_2000.csv	1	200	0.1	0.1	2	4	8192	10	2026-04-14_08:38:14	2026-04-14_08:38:29	14.681498289108276	100	563	799337	0
POW_A_2000.csv-POW_B_1_2000.csv	1	200	0.1	0.1	2	4	8192	10	2026-04-14_08:38:29	2026-04-14_08:38:42	12.331615447998047	100	4063	795837	0
POW_A_2000.csv-POW_B_1_2000.csv	1	200	0.1	0.1	2	4	8192	10	2026-04-14_08:38:42	2026-04-14_08:38:54	12.369780778884888	100	427	799473	0
POW_A_5000.csv-POW_B_1_5000.csv	1	200	0.1	0.1	2	4	8192	10	2026-04-14_08:39:12	2026-04-14_08:40:34	82.35684990882874	250	305	4999445	0
POW_A_5000.csv-POW_B_1_5000.csv	1	200	0.1	0.1	2	4	8192	10	2026-04-14_08:40:35	2026-04-14_08:41:55	80.44406461715698	250	294	4999456	0
POW_A_5000.csv-POW_B_1_5000.csv	1	200	0.1	0.1	2	4	8192	10	2026-04-14_08:41:55	2026-04-14_08:43:16	80.52690601348877	250	296	4999454	0
POW_A_20000.csv-POW_B_1_20000.csv	1	200	0.1	0.1	2	4	8192	10	2026-04-14_08:43:34	2026-04-14_09:07:08	1414.6333584785461	1000	1245	79997755	0
POW_A_20000.csv-POW_B_1_20000.csv	1	200	0.1	0.1	2	4	8192	10	2026-04-14_09:07:08	2026-04-14_09:30:37	1408.3685791492462	1000	1215	79997785	0
POW_A_20000.csv-POW_B_1_20000.csv	1	200	0.1	0.1	2	4	8192	10	2026-04-14_09:30:38	2026-04-14_09:54:28	1430.9050228595734	1000	1370	79997630	0
POW_A_2000.csv-POW_B_1_2000.csv	1	200	0.1	0.1	2	4	8192	20	2026-04-14_09:54:48	2026-04-14_09:55:09	20.75724172592163	100	35	799865	0
POW_A_2000.csv-POW_B_1_2000.csv	1	200	0.1	0.1	2	4	8192	20	2026-04-14_09:55:09	2026-04-14_09:55:28	18.650973320007324	100	66	799834	0
POW_A_2000.csv-POW_B_1_2000.csv	1	200	0.1	0.1	2	4	8192	20	2026-04-14_09:55:28	2026-04-14_09:55:46	18.489701747894287	100	188	799712	0
POW_A_5000.csv-POW_B_1_5000.csv	1	200	0.1	0.1	2	4	8192	20	2026-04-14_09:56:05	2026-04-14_09:58:11	126.09721660614014	250	108	4999642	0
POW_A_5000.csv-POW_B_1_5000.csv	1	200	0.1	0.1	2	4	8192	20	2026-04-14_09:58:11	2026-04-14_10:00:13	122.41959476470947	250	204	4999546	0
POW_A_5000.csv-POW_B_1_5000.csv	1	200	0.1	0.1	2	4	8192	20	2026-04-14_10:00:13	2026-04-14_10:02:16	122.68913865089417	250	135	4999615	0
POW_A_20000.csv-POW_B_1_20000.csv	1	200	0.1	0.1	2	4	8192	20	2026-04-14_10:02:34	2026-04-14_10:38:46	2172.2552959918976	1000	1217	79997783	0
POW_A_20000.csv-POW_B_1_20000.csv	1	200	0.1	0.1	2	4	8192	20	2026-04-14_10:38:47	2026-04-14_11:14:23	2136.236364841461	1000	1655	79997345	0
POW_A_20000.csv-POW_B_1_20000.csv	1	200	0.1	0.1	2	4	8192	20	2026-04-14_11:14:23	2026-04-14_11:49:36	2112.9287724494934	1000	1610	79997390	0
POW_A_2000.csv-POW_B_1_2000.csv	1	200	0.1	0.1	3	16	8192	5	2026-04-14_11:49:56	2026-04-14_11:50:06	10.115285634994507	100	300	799600	0
POW_A_2000.csv-POW_B_1_2000.csv	1	200	0.1	0.1	3	16	8192	5	2026-04-14_11:50:06	2026-04-14_11:50:16	9.66749882698059	100	2277	797623	0
POW_A_2000.csv-POW_B_1_2000.csv	1	200	0.1	0.1	3	16	8192	5	2026-04-14_11:50:16	2026-04-14_11:50:24	7.961565971374512	100	167	799733	0
POW_A_5000.csv-POW_B_1_5000.csv	1	200	0.1	0.1	3	16	8192	5	2026-04-14_11:50:42	2026-04-14_11:51:46	64.65665102005005	250	450	4999300	0
POW_A_5000.csv-POW_B_1_5000.csv	1	200	0.1	0.1	3	16	8192	5	2026-04-14_11:51:46	2026-04-14_11:52:46	59.40542459487915	250	548	4999202	0
POW_A_5000.csv-POW_B_1_5000.csv	1	200	0.1	0.1	3	16	8192	5	2026-04-14_11:52:46	2026-04-14_11:53:47	61.54650950431824	250	819	4998931	0
POW_A_20000.csv-POW_B_1_20000.csv	1	200	0.1	0.1	3	16	8192	5	2026-04-14_11:54:06	2026-04-14_12:09:40	934.1756393909454	1000	4388	79994612	0
POW_A_20000.csv-POW_B_1_20000.csv	1	200	0.1	0.1	3	16	8192	5	2026-04-14_12:09:40	2026-04-14_12:28:16	1116.3071646690369	1000	7809	79991191	0
POW_A_20000.csv-POW_B_1_20000.csv	1	200	0.1	0.1	3	16	8192	5	2026-04-14_12:28:17	2026-04-14_12:46:46	1108.983666419983	1000	11477	79987523	0
POW_A_2000.csv-POW_B_1_2000.csv	1	200	0.1	0.1	3	16	8192	10	2026-04-14_12:47:06	2026-04-14_12:47:18	12.020871877670288	100	102	799798	0
POW_A_2000.csv-POW_B_1_2000.csv	1	200	0.1	0.1	3	16	8192	10	2026-04-14_12:47:18	2026-04-14_12:47:28	9.73190450668335	100	91	799809	0
POW_A_2000.csv-POW_B_1_2000.csv	1	200	0.1	0.1	3	16	8192	10	2026-04-14_12:47:28	2026-04-14_12:47:37	9.712567806243896	100	9980	789920	0
POW_A_5000.csv-POW_B_1_5000.csv	1	200	0.1	0.1	3	16	8192	10	2026-04-14_12:47:56	2026-04-14_12:49:21	85.74750185012817	250	450	4999300	0
POW_A_5000.csv-POW_B_1_5000.csv	1	200	0.1	0.1	3	16	8192	10	2026-04-14_12:49:21	2026-04-14_12:50:42	80.16391897201538	250	170	4999580	0
POW_A_5000.csv-POW_B_1_5000.csv	1	200	0.1	0.1	3	16	8192	10	2026-04-14_12:50:42	2026-04-14_12:51:59	77.49945068359375	250	244	4999506	0
POW_A_20000.csv-POW_B_1_20000.csv	1	200	0.1	0.1	3	16	8192	10	2026-04-14_12:52:17	2026-04-14_13:12:34	1216.7678351402283	1000	1362	79997638	0
POW_A_20000.csv-POW_B_1_20000.csv	1	200	0.1	0.1	3	16	8192	10	2026-04-14_13:12:34	2026-04-14_13:32:02	1168.179401397705	998	1098	79997902	2
POW_A_20000.csv-POW_B_1_20000.csv	1	200	0.1	0.1	3	16	8192	10	2026-04-14_13:32:03	2026-04-14_13:55:06	1382.556149482727	1000	15902	79983098	0
POW_A_2000.csv-POW_B_1_2000.csv	1	200	0.1	0.1	3	16	8192	20	2026-04-14_13:55:26	2026-04-14_13:55:41	15.206106185913086	100	60	799840	0
POW_A_2000.csv-POW_B_1_2000.csv	1	200	0.1	0.1	3	16	8192	20	2026-04-14_13:55:41	2026-04-14_13:56:01	19.966175079345703	100	53	799847	0
POW_A_2000.csv-POW_B_1_2000.csv	1	200	0.1	0.1	3	16	8192	20	2026-04-14_13:56:01	2026-04-14_13:56:21	20.051900386810303	100	59	799841	0
POW_A_5000.csv-POW_B_1_5000.csv	1	200	0.1	0.1	3	16	8192	20	2026-04-14_13:56:39	2026-04-14_13:58:54	134.90197491645813	250	135	4999615	0
POW_A_5000.csv-POW_B_1_5000.csv	1	200	0.1	0.1	3	16	8192	20	2026-04-14_13:58:54	2026-04-14_14:00:59	124.23800420761108	250	138	4999612	0
POW_A_5000.csv-POW_B_1_5000.csv	1	200	0.1	0.1	3	16	8192	20	2026-04-14_14:00:59	2026-04-14_14:03:07	128.711501121521	250	353	4999397	0
POW_A_20000.csv-POW_B_1_20000.csv	1	200	0.1	0.1	3	16	8192	20	2026-04-14_14:03:25	2026-04-14_14:37:00	2014.7554156780243	1000	5086	79993914	0
POW_A_20000.csv-POW_B_1_20000.csv	1	200	0.1	0.1	3	16	8192	20	2026-04-14_14:37:00	2026-04-14_15:11:47	2087.1398775577545	1000	13862	79985138	0
POW_A_20000.csv-POW_B_1_20000.csv	1	200	0.1	0.1	3	16	8192	20	2026-04-14_15:11:49	2026-04-14_15:53:21	2492.8445234298706	1000	10512	79988488	0
POW_A_2000.csv-POW_B_1_2000.csv	1	200	0.1	0.1	3	8	8192	5	2026-04-14_15:53:41	2026-04-14_15:53:52	10.695611000061035	100	310	799590	0
POW_A_2000.csv-POW_B_1_2000.csv	1	200	0.1	0.1	3	8	8192	5	2026-04-14_15:53:52	2026-04-14_15:54:01	8.8396897315979	100	890	799010	0
POW_A_2000.csv-POW_B_1_2000.csv	1	200	0.1	0.1	3	8	8192	5	2026-04-14_15:54:01	2026-04-14_15:54:10	9.372997045516968	100	84	799816	0
POW_A_5000.csv-POW_B_1_5000.csv	1	200	0.1	0.1	3	8	8192	5	2026-04-14_15:54:28	2026-04-14_15:55:30	61.75340390205383	250	335	4999415	0
POW_A_5000.csv-POW_B_1_5000.csv	1	200	0.1	0.1	3	8	8192	5	2026-04-14_15:55:30	2026-04-14_15:56:25	54.85200238227844	250	248	4999502	0
POW_A_5000.csv-POW_B_1_5000.csv	1	200	0.1	0.1	3	8	8192	5	2026-04-14_15:56:25	2026-04-14_15:57:25	60.270264863967896	250	405	4999345	0
POW_A_20000.csv-POW_B_1_20000.csv	1	200	0.1	0.1	3	8	8192	5	2026-04-14_15:57:43	2026-04-14_16:13:56	972.8131229877472	1000	2981	79996019	0
POW_A_20000.csv-POW_B_1_20000.csv	1	200	0.1	0.1	3	8	8192	5	2026-04-14_16:13:57	2026-04-14_16:31:01	1024.320865869522	999	1166	79997834	1
POW_A_20000.csv-POW_B_1_20000.csv	1	200	0.1	0.1	3	8	8192	5	2026-04-14_16:31:01	2026-04-14_16:49:17	1095.0732173919678	1000	1382	79997618	0
POW_A_2000.csv-POW_B_1_2000.csv	1	200	0.1	0.1	3	8	8192	10	2026-04-14_16:49:37	2026-04-14_16:49:50	13.129331350326538	100	510	799390	0
POW_A_2000.csv-POW_B_1_2000.csv	1	200	0.1	0.1	3	8	8192	10	2026-04-14_16:49:50	2026-04-14_16:50:02	12.591534852981567	100	147	799753	0
POW_A_2000.csv-POW_B_1_2000.csv	1	200	0.1	0.1	3	8	8192	10	2026-04-14_16:50:03	2026-04-14_16:50:16	13.22205662727356	100	2364	797536	0
POW_A_5000.csv-POW_B_1_5000.csv	1	200	0.1	0.1	3	8	8192	10	2026-04-14_16:50:34	2026-04-14_16:52:01	86.8823881149292	250	299	4999451	0
POW_A_5000.csv-POW_B_1_5000.csv	1	200	0.1	0.1	3	8	8192	10	2026-04-14_16:52:01	2026-04-14_16:53:24	83.6432204246521	250	230	4999520	0
POW_A_5000.csv-POW_B_1_5000.csv	1	200	0.1	0.1	3	8	8192	10	2026-04-14_16:53:25	2026-04-14_16:54:48	83.01530170440674	250	1263	4998487	0
POW_A_20000.csv-POW_B_1_20000.csv	1	200	0.1	0.1	3	8	8192	10	2026-04-14_16:55:06	2026-04-14_17:16:12	1265.9149045944214	1000	9657	79989343	0
POW_A_20000.csv-POW_B_1_20000.csv	1	200	0.1	0.1	3	8	8192	10	2026-04-14_17:16:12	2026-04-14_17:40:16	1444.4627649784088	1000	1363	79997637	0
POW_A_20000.csv-POW_B_1_20000.csv	1	200	0.1	0.1	3	8	8192	10	2026-04-14_17:40:17	2026-04-14_18:01:30	1273.5550796985626	1000	1737	79997263	0
POW_A_2000.csv-POW_B_1_2000.csv	1	200	0.1	0.1	3	8	8192	20	2026-04-14_18:01:51	2026-04-14_18:02:10	18.363616228103638	100	65	799835	0
POW_A_2000.csv-POW_B_1_2000.csv	1	200	0.1	0.1	3	8	8192	20	2026-04-14_18:02:10	2026-04-14_18:02:27	17.099720001220703	100	133	799767	0
POW_A_2000.csv-POW_B_1_2000.csv	1	200	0.1	0.1	3	8	8192	20	2026-04-14_18:02:27	2026-04-14_18:02:41	14.730998277664185	100	66	799834	0
POW_A_5000.csv-POW_B_1_5000.csv	1	200	0.1	0.1	3	8	8192	20	2026-04-14_18:03:00	2026-04-14_18:05:14	134.70340156555176	250	183	4999567	0
POW_A_5000.csv-POW_B_1_5000.csv	1	200	0.1	0.1	3	8	8192	20	2026-04-14_18:05:14	2026-04-14_18:07:11	116.73622703552246	250	65	4999685	0
POW_A_5000.csv-POW_B_1_5000.csv	1	200	0.1	0.1	3	8	8192	20	2026-04-14_18:07:11	2026-04-14_18:09:10	118.90957236289978	250	119	4999631	0
POW_A_20000.csv-POW_B_1_20000.csv	1	200	0.1	0.1	3	8	8192	20	2026-04-14_18:09:28	2026-04-14_18:44:02	2073.9973890781403	1000	1406	79997594	0
POW_A_20000.csv-POW_B_1_20000.csv	1	200	0.1	0.1	3	8	8192	20	2026-04-14_18:44:02	2026-04-14_19:15:56	1913.4356756210327	1000	1314	79997686	0
POW_A_20000.csv-POW_B_1_20000.csv	1	200	0.1	0.1	3	8	8192	20	2026-04-14_19:15:57	2026-04-14_19:47:56	1919.5903358459473	999	931	79998069	1
POW_A_2000.csv-POW_B_1_2000.csv	1	200	0.1	0.1	3	4	8192	5	2026-04-14_19:48:16	2026-04-14_19:48:28	12.634109258651733	100	238	799662	0
POW_A_2000.csv-POW_B_1_2000.csv	1	200	0.1	0.1	3	4	8192	5	2026-04-14_19:48:29	2026-04-14_19:48:39	10.456876039505005	100	140	799760	0
POW_A_2000.csv-POW_B_1_2000.csv	1	200	0.1	0.1	3	4	8192	5	2026-04-14_19:48:39	2026-04-14_19:48:50	10.671224117279053	100	318	799582	0
POW_A_5000.csv-POW_B_1_5000.csv	1	200	0.1	0.1	3	4	8192	5	2026-04-14_19:49:08	2026-04-14_19:50:22	74.36402726173401	250	404	4999346	0
POW_A_5000.csv-POW_B_1_5000.csv	1	200	0.1	0.1	3	4	8192	5	2026-04-14_19:50:22	2026-04-14_19:51:33	70.94796013832092	250	425	4999325	0
POW_A_5000.csv-POW_B_1_5000.csv	1	200	0.1	0.1	3	4	8192	5	2026-04-14_19:51:33	2026-04-14_19:52:44	71.01563668251038	250	309	4999441	0
POW_A_20000.csv-POW_B_1_20000.csv	1	200	0.1	0.1	3	4	8192	5	2026-04-14_19:53:02	2026-04-14_20:12:49	1186.197633266449	1000	3111	79995889	0
POW_A_20000.csv-POW_B_1_20000.csv	1	200	0.1	0.1	3	4	8192	5	2026-04-14_20:12:49	2026-04-14_20:32:31	1182.232535123825	1000	3384	79995616	0
POW_A_20000.csv-POW_B_1_20000.csv	1	200	0.1	0.1	3	4	8192	5	2026-04-14_20:32:32	2026-04-14_20:52:18	1186.247148990631	1000	2283	79996717	0
POW_A_2000.csv-POW_B_1_2000.csv	1	200	0.1	0.1	3	4	8192	10	2026-04-14_20:52:38	2026-04-14_20:52:54	15.91959023475647	100	640	799260	0
POW_A_2000.csv-POW_B_1_2000.csv	1	200	0.1	0.1	3	4	8192	10	2026-04-14_20:52:54	2026-04-14_20:53:08	14.700396537780762	100	457	799443	0
POW_A_2000.csv-POW_B_1_2000.csv	1	200	0.1	0.1	3	4	8192	10	2026-04-14_20:53:09	2026-04-14_20:53:23	14.59388279914856	100	59	799841	0
POW_A_5000.csv-POW_B_1_5000.csv	1	200	0.1	0.1	3	4	8192	10	2026-04-14_20:53:41	2026-04-14_20:55:20	98.60221648216248	250	273	4999477	0
POW_A_5000.csv-POW_B_1_5000.csv	1	200	0.1	0.1	3	4	8192	10	2026-04-14_20:55:20	2026-04-14_20:56:57	97.34301447868347	250	237	4999513	0
POW_A_5000.csv-POW_B_1_5000.csv	1	200	0.1	0.1	3	4	8192	10	2026-04-14_20:56:57	2026-04-14_20:58:34	96.48901653289795	250	396	4999354	0
POW_A_20000.csv-POW_B_1_20000.csv	1	200	0.1	0.1	3	4	8192	10	2026-04-14_20:58:52	2026-04-14_21:26:40	1668.5344498157501	1000	2359	79996641	0
POW_A_20000.csv-POW_B_1_20000.csv	1	200	0.1	0.1	3	4	8192	10	2026-04-14_21:26:41	2026-04-14_21:54:44	1683.0781788825989	1000	1197	79997803	0
POW_A_20000.csv-POW_B_1_20000.csv	1	200	0.1	0.1	3	4	8192	10	2026-04-14_21:54:44	2026-04-14_22:23:04	1699.9812724590302	1000	1687	79997313	0
POW_A_2000.csv-POW_B_1_2000.csv	1	200	0.1	0.1	3	4	8192	20	2026-04-14_22:23:25	2026-04-14_22:23:50	25.174676656723022	100	86	799814	0
POW_A_2000.csv-POW_B_1_2000.csv	1	200	0.1	0.1	3	4	8192	20	2026-04-14_22:23:50	2026-04-14_22:24:13	22.904563426971436	100	71	799829	0
POW_A_2000.csv-POW_B_1_2000.csv	1	200	0.1	0.1	3	4	8192	20	2026-04-14_22:24:13	2026-04-14_22:24:37	23.741560459136963	100	45	799855	0
POW_A_5000.csv-POW_B_1_5000.csv	1	200	0.1	0.1	3	4	8192	20	2026-04-14_22:24:55	2026-04-14_22:27:35	160.08213353157043	250	352	4999398	0
POW_A_5000.csv-POW_B_1_5000.csv	1	200	0.1	0.1	3	4	8192	20	2026-04-14_22:27:35	2026-04-14_22:30:12	156.9919924736023	250	122	4999628	0
POW_A_5000.csv-POW_B_1_5000.csv	1	200	0.1	0.1	3	4	8192	20	2026-04-14_22:30:12	2026-04-14_22:32:50	157.82571744918823	250	215	4999535	0
POW_A_20000.csv-POW_B_1_20000.csv	1	200	0.1	0.1	3	4	8192	20	2026-04-14_22:33:08	2026-04-14_23:19:46	2798.1838188171387	1000	1539	79997461	0
POW_A_20000.csv-POW_B_1_20000.csv	1	200	0.1	0.1	3	4	8192	20	2026-04-14_23:19:46	2026-04-15_00:04:48	2702.222278356552	1000	1372	79997628	0
POW_A_20000.csv-POW_B_1_20000.csv	1	200	0.1	0.1	3	4	8192	20	2026-04-15_00:04:49	2026-04-15_00:51:50	2820.7675845623016	1000	3588	79995412	0
POW_A_2000.csv-POW_B_1_2000.csv	1	200	0.01	0.0	1	16	8192	5	2026-04-15_00:52:09	2026-04-15_00:52:19	9.419017314910889	100	8	799892	0
POW_A_2000.csv-POW_B_1_2000.csv	1	200	0.01	0.0	1	16	8192	5	2026-04-15_00:52:19	2026-04-15_00:52:27	7.982102155685425	100	7	799893	0
POW_A_2000.csv-POW_B_1_2000.csv	1	200	0.01	0.0	1	16	8192	5	2026-04-15_00:52:27	2026-04-15_00:52:34	7.042308330535889	100	13	799887	0
POW_A_5000.csv-POW_B_1_5000.csv	1	200	0.01	0.0	1	16	8192	5	2026-04-15_00:52:52	2026-04-15_00:53:47	54.69151306152344	250	4	4999746	0
POW_A_5000.csv-POW_B_1_5000.csv	1	200	0.01	0.0	1	16	8192	5	2026-04-15_00:53:47	2026-04-15_00:54:38	50.89629817008972	250	4	4999746	0
POW_A_5000.csv-POW_B_1_5000.csv	1	200	0.01	0.0	1	16	8192	5	2026-04-15_00:54:38	2026-04-15_00:55:23	45.26609969139099	250	7	4999743	0
POW_A_20000.csv-POW_B_1_20000.csv	1	200	0.01	0.0	1	16	8192	5	2026-04-15_00:55:41	2026-04-15_01:09:35	834.0454361438751	1000	13	79998987	0
POW_A_20000.csv-POW_B_1_20000.csv	1	200	0.01	0.0	1	16	8192	5	2026-04-15_01:09:36	2026-04-15_01:22:54	798.5114240646362	1000	51	79998949	0
POW_A_20000.csv-POW_B_1_20000.csv	1	200	0.01	0.0	1	16	8192	5	2026-04-15_01:22:54	2026-04-15_01:36:39	824.3298599720001	1000	19	79998981	0
POW_A_2000.csv-POW_B_1_2000.csv	1	200	0.01	0.0	1	16	8192	10	2026-04-15_01:36:59	2026-04-15_01:37:09	10.093680620193481	100	4	799896	0
POW_A_2000.csv-POW_B_1_2000.csv	1	200	0.01	0.0	1	16	8192	10	2026-04-15_01:37:09	2026-04-15_01:37:17	7.853234052658081	100	7	799893	0
POW_A_2000.csv-POW_B_1_2000.csv	1	200	0.01	0.0	1	16	8192	10	2026-04-15_01:37:17	2026-04-15_01:37:24	7.830387830734253	100	6	799894	0
POW_A_5000.csv-POW_B_1_5000.csv	1	200	0.01	0.0	1	16	8192	10	2026-04-15_01:37:43	2026-04-15_01:38:47	64.28743529319763	250	7	4999743	0
POW_A_5000.csv-POW_B_1_5000.csv	1	200	0.01	0.0	1	16	8192	10	2026-04-15_01:38:47	2026-04-15_01:39:42	55.06205344200134	250	4	4999746	0
POW_A_5000.csv-POW_B_1_5000.csv	1	200	0.01	0.0	1	16	8192	10	2026-04-15_01:39:42	2026-04-15_01:40:33	50.52670884132385	250	2	4999748	0
POW_A_20000.csv-POW_B_1_20000.csv	1	200	0.01	0.0	1	16	8192	10	2026-04-15_01:40:51	2026-04-15_01:56:32	941.2858366966248	1000	48	79998952	0
POW_A_20000.csv-POW_B_1_20000.csv	1	200	0.01	0.0	1	16	8192	10	2026-04-15_01:56:32	2026-04-15_02:12:12	940.281745672226	1000	12	79998988	0
POW_A_20000.csv-POW_B_1_20000.csv	1	200	0.01	0.0	1	16	8192	10	2026-04-15_02:12:13	2026-04-15_02:30:39	1105.6561496257782	1000	9	79998991	0
POW_A_2000.csv-POW_B_1_2000.csv	1	200	0.01	0.0	1	16	8192	20	2026-04-15_02:30:58	2026-04-15_02:31:10	11.79736590385437	100	3	799897	0
POW_A_2000.csv-POW_B_1_2000.csv	1	200	0.01	0.0	1	16	8192	20	2026-04-15_02:31:10	2026-04-15_02:31:20	9.577000856399536	100	3	799897	0
POW_A_2000.csv-POW_B_1_2000.csv	1	200	0.01	0.0	1	16	8192	20	2026-04-15_02:31:20	2026-04-15_02:31:33	13.168617010116577	100	4	799896	0
POW_A_5000.csv-POW_B_1_5000.csv	1	200	0.01	0.0	1	16	8192	20	2026-04-15_02:31:51	2026-04-15_02:33:17	85.79921674728394	250	9	4999741	0
POW_A_5000.csv-POW_B_1_5000.csv	1	200	0.01	0.0	1	16	8192	20	2026-04-15_02:33:17	2026-04-15_02:34:41	83.60576891899109	250	1	4999749	0
POW_A_5000.csv-POW_B_1_5000.csv	1	200	0.01	0.0	1	16	8192	20	2026-04-15_02:34:41	2026-04-15_02:36:06	84.95210862159729	250	7	4999743	0
POW_A_20000.csv-POW_B_1_20000.csv	1	200	0.01	0.0	1	16	8192	20	2026-04-15_02:36:24	2026-04-15_02:55:21	1137.6681370735168	1000	111	79998889	0
POW_A_20000.csv-POW_B_1_20000.csv	1	200	0.01	0.0	1	16	8192	20	2026-04-15_02:55:22	2026-04-15_03:14:49	1167.2500364780426	1000	110	79998890	0
POW_A_20000.csv-POW_B_1_20000.csv	1	200	0.01	0.0	1	16	8192	20	2026-04-15_03:14:50	2026-04-15_03:39:51	1501.5262291431427	1000	33	79998967	0
POW_A_2000.csv-POW_B_1_2000.csv	1	200	0.01	0.0	1	8	8192	5	2026-04-15_03:40:11	2026-04-15_03:40:20	9.352166175842285	100	20	799880	0
POW_A_2000.csv-POW_B_1_2000.csv	1	200	0.01	0.0	1	8	8192	5	2026-04-15_03:40:20	2026-04-15_03:40:27	7.356024742126465	100	8	799892	0
POW_A_2000.csv-POW_B_1_2000.csv	1	200	0.01	0.0	1	8	8192	5	2026-04-15_03:40:27	2026-04-15_03:40:35	7.457873582839966	100	43	799857	0
POW_A_5000.csv-POW_B_1_5000.csv	1	200	0.01	0.0	1	8	8192	5	2026-04-15_03:40:53	2026-04-15_03:41:44	51.14281344413757	250	14	4999736	0
POW_A_5000.csv-POW_B_1_5000.csv	1	200	0.01	0.0	1	8	8192	5	2026-04-15_03:41:44	2026-04-15_03:42:32	47.85108184814453	250	14	4999736	0
POW_A_5000.csv-POW_B_1_5000.csv	1	200	0.01	0.0	1	8	8192	5	2026-04-15_03:42:32	2026-04-15_03:43:21	48.40345811843872	250	7	4999743	0
POW_A_20000.csv-POW_B_1_20000.csv	1	200	0.01	0.0	1	8	8192	5	2026-04-15_03:43:39	2026-04-15_03:58:01	862.3265664577484	1000	27	79998973	0
POW_A_20000.csv-POW_B_1_20000.csv	1	200	0.01	0.0	1	8	8192	5	2026-04-15_03:58:01	2026-04-15_04:12:48	886.3266670703888	1000	10	79998990	0
POW_A_20000.csv-POW_B_1_20000.csv	1	200	0.01	0.0	1	8	8192	5	2026-04-15_04:12:48	2026-04-15_04:28:00	911.7255055904388	1000	27	79998973	0
POW_A_2000.csv-POW_B_1_2000.csv	1	200	0.01	0.0	1	8	8192	10	2026-04-15_04:28:20	2026-04-15_04:28:31	11.268685817718506	100	10	799890	0
POW_A_2000.csv-POW_B_1_2000.csv	1	200	0.01	0.0	1	8	8192	10	2026-04-15_04:28:31	2026-04-15_04:28:40	9.074861526489258	100	6	799894	0
POW_A_2000.csv-POW_B_1_2000.csv	1	200	0.01	0.0	1	8	8192	10	2026-04-15_04:28:40	2026-04-15_04:28:49	8.744842052459717	100	12	799888	0
POW_A_5000.csv-POW_B_1_5000.csv	1	200	0.01	0.0	1	8	8192	10	2026-04-15_04:29:07	2026-04-15_04:30:14	67.36899518966675	250	5	4999745	0
POW_A_5000.csv-POW_B_1_5000.csv	1	200	0.01	0.0	1	8	8192	10	2026-04-15_04:30:15	2026-04-15_04:31:18	63.20854091644287	250	1	4999749	0
POW_A_5000.csv-POW_B_1_5000.csv	1	200	0.01	0.0	1	8	8192	10	2026-04-15_04:31:18	2026-04-15_04:32:20	61.92961263656616	250	1	4999749	0
POW_A_20000.csv-POW_B_1_20000.csv	1	200	0.01	0.0	1	8	8192	10	2026-04-15_04:32:38	2026-04-15_04:49:43	1025.1688063144684	1000	10	79998990	0
POW_A_20000.csv-POW_B_1_20000.csv	1	200	0.01	0.0	1	8	8192	10	2026-04-15_04:49:43	2026-04-15_05:07:05	1042.287024974823	1000	9	79998991	0
POW_A_20000.csv-POW_B_1_20000.csv	1	200	0.01	0.0	1	8	8192	10	2026-04-15_05:07:06	2026-04-15_05:25:10	1083.9352679252625	1000	17	79998983	0
POW_A_2000.csv-POW_B_1_2000.csv	1	200	0.01	0.0	1	8	8192	20	2026-04-15_05:25:30	2026-04-15_05:25:44	13.827068328857422	100	11	799889	0
POW_A_2000.csv-POW_B_1_2000.csv	1	200	0.01	0.0	1	8	8192	20	2026-04-15_05:25:44	2026-04-15_05:25:55	10.775572776794434	100	3	799897	0
POW_A_2000.csv-POW_B_1_2000.csv	1	200	0.01	0.0	1	8	8192	20	2026-04-15_05:25:55	2026-04-15_05:26:07	11.90314531326294	100	4	799896	0
POW_A_5000.csv-POW_B_1_5000.csv	1	200	0.01	0.0	1	8	8192	20	2026-04-15_05:26:25	2026-04-15_05:27:44	79.53204560279846	250	2	4999748	0
POW_A_5000.csv-POW_B_1_5000.csv	1	200	0.01	0.0	1	8	8192	20	2026-04-15_05:27:44	2026-04-15_05:29:12	87.78068208694458	250	12	4999738	0
POW_A_5000.csv-POW_B_1_5000.csv	1	200	0.01	0.0	1	8	8192	20	2026-04-15_05:29:12	2026-04-15_05:30:36	84.00771975517273	250	1	4999749	0
POW_A_20000.csv-POW_B_1_20000.csv	1	200	0.01	0.0	1	8	8192	20	2026-04-15_05:30:54	2026-04-15_05:55:27	1473.0022230148315	1000	42	79998958	0
POW_A_20000.csv-POW_B_1_20000.csv	1	200	0.01	0.0	1	8	8192	20	2026-04-15_05:55:27	2026-04-15_06:19:33	1445.2556812763214	1000	10	79998990	0
POW_A_20000.csv-POW_B_1_20000.csv	1	200	0.01	0.0	1	8	8192	20	2026-04-15_06:19:34	2026-04-15_06:42:18	1364.3489463329315	1000	10	79998990	0
POW_A_2000.csv-POW_B_1_2000.csv	1	200	0.01	0.0	1	4	8192	5	2026-04-15_06:42:38	2026-04-15_06:42:48	9.634022235870361	100	593	799307	0
POW_A_2000.csv-POW_B_1_2000.csv	1	200	0.01	0.0	1	4	8192	5	2026-04-15_06:42:48	2026-04-15_06:42:56	8.429219007492065	100	36	799864	0
POW_A_2000.csv-POW_B_1_2000.csv	1	200	0.01	0.0	1	4	8192	5	2026-04-15_06:42:56	2026-04-15_06:43:05	8.734777688980103	100	10	799890	0
POW_A_5000.csv-POW_B_1_5000.csv	1	200	0.01	0.0	1	4	8192	5	2026-04-15_06:43:23	2026-04-15_06:44:21	57.68792915344238	250	10	4999740	0
POW_A_5000.csv-POW_B_1_5000.csv	1	200	0.01	0.0	1	4	8192	5	2026-04-15_06:44:21	2026-04-15_06:45:13	52.66997218132019	250	181	4999569	0
POW_A_5000.csv-POW_B_1_5000.csv	1	200	0.01	0.0	1	4	8192	5	2026-04-15_06:45:13	2026-04-15_06:46:07	53.94697546958923	250	24	4999726	0
POW_A_20000.csv-POW_B_1_20000.csv	1	200	0.01	0.0	1	4	8192	5	2026-04-15_06:46:26	2026-04-15_07:03:50	1044.036984205246	1000	354	79998646	0
POW_A_20000.csv-POW_B_1_20000.csv	1	200	0.01	0.0	1	4	8192	5	2026-04-15_07:03:50	2026-04-15_07:21:18	1048.492921113968	1000	49	79998951	0
POW_A_20000.csv-POW_B_1_20000.csv	1	200	0.01	0.0	1	4	8192	5	2026-04-15_07:21:19	2026-04-15_07:38:45	1046.2527799606323	1000	48	79998952	0
POW_A_2000.csv-POW_B_1_2000.csv	1	200	0.01	0.0	1	4	8192	10	2026-04-15_07:39:05	2026-04-15_07:39:18	12.820935487747192	100	47	799853	0
POW_A_2000.csv-POW_B_1_2000.csv	1	200	0.01	0.0	1	4	8192	10	2026-04-15_07:39:18	2026-04-15_07:39:29	10.952220916748047	100	21	799879	0
POW_A_2000.csv-POW_B_1_2000.csv	1	200	0.01	0.0	1	4	8192	10	2026-04-15_07:39:29	2026-04-15_07:39:40	11.170729398727417	100	11	799889	0
POW_A_5000.csv-POW_B_1_5000.csv	1	200	0.01	0.0	1	4	8192	10	2026-04-15_07:39:58	2026-04-15_07:41:09	70.80378842353821	250	40	4999710	0
POW_A_5000.csv-POW_B_1_5000.csv	1	200	0.01	0.0	1	4	8192	10	2026-04-15_07:41:09	2026-04-15_07:42:18	68.50754237174988	250	7	4999743	0
POW_A_5000.csv-POW_B_1_5000.csv	1	200	0.01	0.0	1	4	8192	10	2026-04-15_07:42:18	2026-04-15_07:43:28	70.29393744468689	250	4	4999746	0
POW_A_20000.csv-POW_B_1_20000.csv	1	200	0.01	0.0	1	4	8192	10	2026-04-15_07:43:46	2026-04-15_08:04:29	1242.720404624939	1000	60	79998940	0
POW_A_20000.csv-POW_B_1_20000.csv	1	200	0.01	0.0	1	4	8192	10	2026-04-15_08:04:29	2026-04-15_08:25:24	1254.8354060649872	1000	11	79998989	0
POW_A_20000.csv-POW_B_1_20000.csv	1	200	0.01	0.0	1	4	8192	10	2026-04-15_08:25:25	2026-04-15_08:46:27	1261.572696685791	1000	12	79998988	0
POW_A_2000.csv-POW_B_1_2000.csv	1	200	0.01	0.0	1	4	8192	20	2026-04-15_08:46:46	2026-04-15_08:47:03	16.887393712997437	100	10	799890	0
POW_A_2000.csv-POW_B_1_2000.csv	1	200	0.01	0.0	1	4	8192	20	2026-04-15_08:47:03	2026-04-15_08:47:19	15.39844012260437	100	12	799888	0
POW_A_2000.csv-POW_B_1_2000.csv	1	200	0.01	0.0	1	4	8192	20	2026-04-15_08:47:19	2026-04-15_08:47:33	14.283447027206421	100	4	799896	0
POW_A_5000.csv-POW_B_1_5000.csv	1	200	0.01	0.0	1	4	8192	20	2026-04-15_08:47:51	2026-04-15_08:49:35	103.34658074378967	250	10	4999740	0
POW_A_5000.csv-POW_B_1_5000.csv	1	200	0.01	0.0	1	4	8192	20	2026-04-15_08:49:35	2026-04-15_08:51:16	101.46286487579346	250	1	4999749	0
POW_A_5000.csv-POW_B_1_5000.csv	1	200	0.01	0.0	1	4	8192	20	2026-04-15_08:51:16	2026-04-15_08:52:53	96.73796081542969	250	2	4999748	0
POW_A_20000.csv-POW_B_1_20000.csv	1	200	0.01	0.0	1	4	8192	20	2026-04-15_08:53:11	2026-04-15_09:25:17	1925.9859895706177	1000	10	79998990	0
POW_A_20000.csv-POW_B_1_20000.csv	1	200	0.01	0.0	1	4	8192	20	2026-04-15_09:25:17	2026-04-15_09:56:03	1845.477859735489	1000	18	79998982	0
POW_A_20000.csv-POW_B_1_20000.csv	1	200	0.01	0.0	1	4	8192	20	2026-04-15_09:56:04	2026-04-15_10:26:07	1802.7039561271667	1000	11	79998989	0
POW_A_2000.csv-POW_B_1_2000.csv	1	200	0.01	0.0	2	16	8192	5	2026-04-15_10:26:27	2026-04-15_10:26:37	9.735025644302368	100	15	799885	0
POW_A_2000.csv-POW_B_1_2000.csv	1	200	0.01	0.0	2	16	8192	5	2026-04-15_10:26:37	2026-04-15_10:26:44	7.540184259414673	100	7	799893	0
POW_A_2000.csv-POW_B_1_2000.csv	1	200	0.01	0.0	2	16	8192	5	2026-04-15_10:26:44	2026-04-15_10:26:53	8.741880655288696	100	9	799891	0
POW_A_5000.csv-POW_B_1_5000.csv	1	200	0.01	0.0	2	16	8192	5	2026-04-15_10:27:11	2026-04-15_10:28:09	58.085657596588135	250	9	4999741	0
POW_A_5000.csv-POW_B_1_5000.csv	1	200	0.01	0.0	2	16	8192	5	2026-04-15_10:28:09	2026-04-15_10:29:04	54.85923933982849	250	4	4999746	0
POW_A_5000.csv-POW_B_1_5000.csv	1	200	0.01	0.0	2	16	8192	5	2026-04-15_10:29:04	2026-04-15_10:29:59	54.66013765335083	250	3	4999747	0
POW_A_20000.csv-POW_B_1_20000.csv	1	200	0.01	0.0	2	16	8192	5	2026-04-15_10:30:17	2026-04-15_10:45:19	901.6818006038666	1000	165	79998835	0
POW_A_20000.csv-POW_B_1_20000.csv	1	200	0.01	0.0	2	16	8192	5	2026-04-15_10:45:19	2026-04-15_11:00:22	903.0612595081329	1000	10	79998990	0
POW_A_20000.csv-POW_B_1_20000.csv	1	200	0.01	0.0	2	16	8192	5	2026-04-15_11:00:22	2026-04-15_11:15:26	903.8543257713318	1000	69	79998931	0
POW_A_2000.csv-POW_B_1_2000.csv	1	200	0.01	0.0	2	16	8192	10	2026-04-15_11:15:46	2026-04-15_11:16:00	13.692612648010254	100	8	799892	0
POW_A_2000.csv-POW_B_1_2000.csv	1	200	0.01	0.0	2	16	8192	10	2026-04-15_11:16:00	2026-04-15_11:16:11	11.4873628616333	100	8	799892	0
POW_A_2000.csv-POW_B_1_2000.csv	1	200	0.01	0.0	2	16	8192	10	2026-04-15_11:16:11	2026-04-15_11:16:23	11.421898126602173	100	4	799896	0
POW_A_5000.csv-POW_B_1_5000.csv	1	200	0.01	0.0	2	16	8192	10	2026-04-15_11:16:41	2026-04-15_11:17:54	73.31753659248352	250	14	4999736	0
POW_A_5000.csv-POW_B_1_5000.csv	1	200	0.01	0.0	2	16	8192	10	2026-04-15_11:17:54	2026-04-15_11:19:03	69.26453709602356	250	3	4999747	0
POW_A_5000.csv-POW_B_1_5000.csv	1	200	0.01	0.0	2	16	8192	10	2026-04-15_11:19:03	2026-04-15_11:20:14	70.61047339439392	250	5	4999745	0
POW_A_20000.csv-POW_B_1_20000.csv	1	200	0.01	0.0	2	16	8192	10	2026-04-15_11:20:32	2026-04-15_11:42:39	1326.9662580490112	1000	28	79998972	0
POW_A_20000.csv-POW_B_1_20000.csv	1	200	0.01	0.0	2	16	8192	10	2026-04-15_11:42:39	2026-04-15_12:00:01	1041.486662387848	1000	1870	79997130	0
POW_A_20000.csv-POW_B_1_20000.csv	1	200	0.01	0.0	2	16	8192	10	2026-04-15_12:00:01	2026-04-15_12:18:17	1095.4649589061737	1000	2279	79996721	0
POW_A_2000.csv-POW_B_1_2000.csv	1	200	0.01	0.0	2	16	8192	20	2026-04-15_12:18:36	2026-04-15_12:18:50	13.644548177719116	100	3	799897	0
POW_A_2000.csv-POW_B_1_2000.csv	1	200	0.01	0.0	2	16	8192	20	2026-04-15_12:18:50	2026-04-15_12:19:02	11.538777589797974	100	0	799900	0
POW_A_2000.csv-POW_B_1_2000.csv	1	200	0.01	0.0	2	16	8192	20	2026-04-15_12:19:02	2026-04-15_12:19:13	11.577627420425415	100	3	799897	0
POW_A_5000.csv-POW_B_1_5000.csv	1	200	0.01	0.0	2	16	8192	20	2026-04-15_12:19:31	2026-04-15_12:21:29	117.41963863372803	250	1	4999749	0
POW_A_5000.csv-POW_B_1_5000.csv	1	200	0.01	0.0	2	16	8192	20	2026-04-15_12:21:29	2026-04-15_12:23:20	110.97520279884338	250	7	4999743	0
POW_A_5000.csv-POW_B_1_5000.csv	1	200	0.01	0.0	2	16	8192	20	2026-04-15_12:23:20	2026-04-15_12:25:12	112.33166456222534	250	1	4999749	0
POW_A_20000.csv-POW_B_1_20000.csv	1	200	0.01	0.0	2	16	8192	20	2026-04-15_12:25:30	2026-04-15_12:50:17	1486.407476902008	1000	164	79998836	0
POW_A_20000.csv-POW_B_1_20000.csv	1	200	0.01	0.0	2	16	8192	20	2026-04-15_12:50:17	2026-04-15_13:18:01	1664.3509793281555	1000	6	79998994	0
POW_A_20000.csv-POW_B_1_20000.csv	1	200	0.01	0.0	2	16	8192	20	2026-04-15_13:18:02	2026-04-15_13:44:56	1613.5918319225311	1000	14	79998986	0
POW_A_2000.csv-POW_B_1_2000.csv	1	200	0.01	0.0	2	8	8192	5	2026-04-15_13:45:16	2026-04-15_13:45:26	10.216506958007812	100	7	799893	0
POW_A_2000.csv-POW_B_1_2000.csv	1	200	0.01	0.0	2	8	8192	5	2026-04-15_13:45:26	2026-04-15_13:45:34	8.082309484481812	100	46	799854	0
POW_A_2000.csv-POW_B_1_2000.csv	1	200	0.01	0.0	2	8	8192	5	2026-04-15_13:45:34	2026-04-15_13:45:42	8.049567222595215	100	26	799874	0
POW_A_5000.csv-POW_B_1_5000.csv	1	200	0.01	0.0	2	8	8192	5	2026-04-15_13:46:00	2026-04-15_13:46:58	57.41072416305542	250	5	4999745	0
POW_A_5000.csv-POW_B_1_5000.csv	1	200	0.01	0.0	2	8	8192	5	2026-04-15_13:46:58	2026-04-15_13:47:54	56.4543354511261	250	2	4999748	0
POW_A_5000.csv-POW_B_1_5000.csv	1	200	0.01	0.0	2	8	8192	5	2026-04-15_13:47:54	2026-04-15_13:48:51	56.93331289291382	250	2	4999748	0
POW_A_20000.csv-POW_B_1_20000.csv	1	200	0.01	0.0	2	8	8192	5	2026-04-15_13:49:09	2026-04-15_14:05:05	955.6818182468414	1000	11	79998989	0
POW_A_20000.csv-POW_B_1_20000.csv	1	200	0.01	0.0	2	8	8192	5	2026-04-15_14:05:05	2026-04-15_14:20:43	937.9521243572235	1000	87	79998913	0
POW_A_20000.csv-POW_B_1_20000.csv	1	200	0.01	0.0	2	8	8192	5	2026-04-15_14:20:43	2026-04-15_14:36:19	936.0739352703094	1000	23	79998977	0
POW_A_2000.csv-POW_B_1_2000.csv	1	200	0.01	0.0	2	8	8192	10	2026-04-15_14:36:39	2026-04-15_14:36:51	11.886226892471313	100	6	799894	0
POW_A_2000.csv-POW_B_1_2000.csv	1	200	0.01	0.0	2	8	8192	10	2026-04-15_14:36:51	2026-04-15_14:37:02	11.494803667068481	100	0	799900	0
POW_A_2000.csv-POW_B_1_2000.csv	1	200	0.01	0.0	2	8	8192	10	2026-04-15_14:37:02	2026-04-15_14:37:14	11.5582914352417	100	6	799894	0
POW_A_5000.csv-POW_B_1_5000.csv	1	200	0.01	0.0	2	8	8192	10	2026-04-15_14:37:32	2026-04-15_14:38:46	74.03115248680115	250	3	4999747	0
POW_A_5000.csv-POW_B_1_5000.csv	1	200	0.01	0.0	2	8	8192	10	2026-04-15_14:38:46	2026-04-15_14:39:56	70.31943011283875	250	7	4999743	0
POW_A_5000.csv-POW_B_1_5000.csv	1	200	0.01	0.0	2	8	8192	10	2026-04-15_14:39:56	2026-04-15_14:41:09	72.3327112197876	250	1	4999749	0
POW_A_20000.csv-POW_B_1_20000.csv	1	200	0.01	0.0	2	8	8192	10	2026-04-15_14:41:27	2026-04-15_15:03:36	1329.5915355682373	1000	54	79998946	0
POW_A_20000.csv-POW_B_1_20000.csv	1	200	0.01	0.0	2	8	8192	10	2026-04-15_15:03:37	2026-04-15_15:22:58	1161.5931210517883	1000	10	79998990	0
POW_A_20000.csv-POW_B_1_20000.csv	1	200	0.01	0.0	2	8	8192	10	2026-04-15_15:22:59	2026-04-15_15:43:28	1229.0261135101318	1000	10	79998990	0
POW_A_2000.csv-POW_B_1_2000.csv	1	200	0.01	0.0	2	8	8192	20	2026-04-15_15:43:48	2026-04-15_15:44:04	15.942789077758789	100	3	799897	0
POW_A_2000.csv-POW_B_1_2000.csv	1	200	0.01	0.0	2	8	8192	20	2026-04-15_15:44:04	2026-04-15_15:44:19	14.667868852615356	100	4	799896	0
POW_A_2000.csv-POW_B_1_2000.csv	1	200	0.01	0.0	2	8	8192	20	2026-04-15_15:44:19	2026-04-15_15:44:36	17.038389921188354	100	2	799898	0
POW_A_5000.csv-POW_B_1_5000.csv	1	200	0.01	0.0	2	8	8192	20	2026-04-15_15:44:54	2026-04-15_15:46:37	102.7577075958252	250	1	4999749	0
POW_A_5000.csv-POW_B_1_5000.csv	1	200	0.01	0.0	2	8	8192	20	2026-04-15_15:46:37	2026-04-15_15:48:20	103.34713864326477	250	9	4999741	0
POW_A_5000.csv-POW_B_1_5000.csv	1	200	0.01	0.0	2	8	8192	20	2026-04-15_15:48:20	2026-04-15_15:50:10	109.83859872817993	250	4	4999746	0
POW_A_20000.csv-POW_B_1_20000.csv	1	200	0.01	0.0	2	8	8192	20	2026-04-15_15:50:28	2026-04-15_16:18:44	1695.9484148025513	1000	12	79998988	0
POW_A_20000.csv-POW_B_1_20000.csv	1	200	0.01	0.0	2	8	8192	20	2026-04-15_16:18:44	2026-04-15_16:48:57	1812.9080622196198	1000	22	79998978	0
POW_A_20000.csv-POW_B_1_20000.csv	1	200	0.01	0.0	2	8	8192	20	2026-04-15_16:48:58	2026-04-15_17:16:41	1662.9745700359344	1000	10	79998990	0
POW_A_2000.csv-POW_B_1_2000.csv	1	200	0.01	0.0	2	4	8192	5	2026-04-15_17:17:02	2026-04-15_17:17:14	11.56695294380188	100	53	799847	0
POW_A_2000.csv-POW_B_1_2000.csv	1	200	0.01	0.0	2	4	8192	5	2026-04-15_17:17:14	2026-04-15_17:17:23	9.273871183395386	100	20	799880	0
POW_A_2000.csv-POW_B_1_2000.csv	1	200	0.01	0.0	2	4	8192	5	2026-04-15_17:17:23	2026-04-15_17:17:32	9.2614164352417	100	104	799796	0
POW_A_5000.csv-POW_B_1_5000.csv	1	200	0.01	0.0	2	4	8192	5	2026-04-15_17:17:50	2026-04-15_17:18:53	63.07613277435303	250	0	4999750	0
POW_A_5000.csv-POW_B_1_5000.csv	1	200	0.01	0.0	2	4	8192	5	2026-04-15_17:18:54	2026-04-15_17:19:53	59.04770755767822	250	1	4999749	0
POW_A_5000.csv-POW_B_1_5000.csv	1	200	0.01	0.0	2	4	8192	5	2026-04-15_17:19:53	2026-04-15_17:20:52	59.44103193283081	250	12	4999738	0
POW_A_20000.csv-POW_B_1_20000.csv	1	200	0.01	0.0	2	4	8192	5	2026-04-15_17:21:10	2026-04-15_17:39:13	1083.0037548542023	1000	38	79998962	0
POW_A_20000.csv-POW_B_1_20000.csv	1	200	0.01	0.0	2	4	8192	5	2026-04-15_17:39:14	2026-04-15_17:56:51	1056.9462237358093	1000	127	79998873	0
POW_A_20000.csv-POW_B_1_20000.csv	1	200	0.01	0.0	2	4	8192	5	2026-04-15_17:56:51	2026-04-15_18:14:46	1074.9356410503387	1000	436	79998564	0
POW_A_2000.csv-POW_B_1_2000.csv	1	200	0.01	0.0	2	4	8192	10	2026-04-15_18:15:05	2026-04-15_18:15:20	15.273470640182495	100	1	799899	0
POW_A_2000.csv-POW_B_1_2000.csv	1	200	0.01	0.0	2	4	8192	10	2026-04-15_18:15:20	2026-04-15_18:15:33	13.001112937927246	100	0	799900	0
POW_A_2000.csv-POW_B_1_2000.csv	1	200	0.01	0.0	2	4	8192	10	2026-04-15_18:15:33	2026-04-15_18:15:47	13.150179862976074	100	26	799874	0
POW_A_5000.csv-POW_B_1_5000.csv	1	200	0.01	0.0	2	4	8192	10	2026-04-15_18:16:05	2026-04-15_18:17:31	86.50831341743469	250	440	4999310	0
POW_A_5000.csv-POW_B_1_5000.csv	1	200	0.01	0.0	2	4	8192	10	2026-04-15_18:17:31	2026-04-15_18:18:56	85.0104660987854	250	2	4999748	0
POW_A_5000.csv-POW_B_1_5000.csv	1	200	0.01	0.0	2	4	8192	10	2026-04-15_18:18:56	2026-04-15_18:20:21	85.20732951164246	250	1	4999749	0
POW_A_20000.csv-POW_B_1_20000.csv	1	200	0.01	0.0	2	4	8192	10	2026-04-15_18:20:40	2026-04-15_18:44:23	1423.6418278217316	1000	22	79998978	0
POW_A_20000.csv-POW_B_1_20000.csv	1	200	0.01	0.0	2	4	8192	10	2026-04-15_18:44:23	2026-04-15_19:08:28	1444.8535192012787	1000	34	79998966	0
POW_A_20000.csv-POW_B_1_20000.csv	1	200	0.01	0.0	2	4	8192	10	2026-04-15_19:08:29	2026-04-15_19:32:37	1448.1570391654968	1000	186	79998814	0
POW_A_2000.csv-POW_B_1_2000.csv	1	200	0.01	0.0	2	4	8192	20	2026-04-15_19:32:57	2026-04-15_19:33:17	19.741475343704224	100	3	799897	0
POW_A_2000.csv-POW_B_1_2000.csv	1	200	0.01	0.0	2	4	8192	20	2026-04-15_19:33:17	2026-04-15_19:33:35	18.459516286849976	100	6	799894	0
POW_A_2000.csv-POW_B_1_2000.csv	1	200	0.01	0.0	2	4	8192	20	2026-04-15_19:33:35	2026-04-15_19:33:54	18.306375980377197	100	1	799899	0
POW_A_5000.csv-POW_B_1_5000.csv	1	200	0.01	0.0	2	4	8192	20	2026-04-15_19:34:12	2026-04-15_19:36:18	126.73142004013062	250	3	4999747	0
POW_A_5000.csv-POW_B_1_5000.csv	1	200	0.01	0.0	2	4	8192	20	2026-04-15_19:36:19	2026-04-15_19:38:21	122.77490425109863	250	2	4999748	0
POW_A_5000.csv-POW_B_1_5000.csv	1	200	0.01	0.0	2	4	8192	20	2026-04-15_19:38:21	2026-04-15_19:40:25	123.43271780014038	250	14	4999736	0
POW_A_20000.csv-POW_B_1_20000.csv	1	200	0.01	0.0	2	4	8192	20	2026-04-15_19:40:43	2026-04-15_20:17:30	2207.30463719368	1000	10	79998990	0
POW_A_20000.csv-POW_B_1_20000.csv	1	200	0.01	0.0	2	4	8192	20	2026-04-15_20:17:31	2026-04-15_20:53:32	2161.211341381073	1000	55	79998945	0
POW_A_20000.csv-POW_B_1_20000.csv	1	200	0.01	0.0	2	4	8192	20	2026-04-15_20:53:33	2026-04-15_21:30:03	2189.571314096451	1000	77	79998923	0
POW_A_2000.csv-POW_B_1_2000.csv	1	200	0.01	0.0	3	16	8192	5	2026-04-15_21:30:23	2026-04-15_21:30:33	10.123188018798828	100	3	799897	0
POW_A_2000.csv-POW_B_1_2000.csv	1	200	0.01	0.0	3	16	8192	5	2026-04-15_21:30:33	2026-04-15_21:30:41	7.9751527309417725	100	7	799893	0
POW_A_2000.csv-POW_B_1_2000.csv	1	200	0.01	0.0	3	16	8192	5	2026-04-15_21:30:41	2026-04-15_21:30:49	7.915536642074585	100	14	799886	0
POW_A_5000.csv-POW_B_1_5000.csv	1	200	0.01	0.0	3	16	8192	5	2026-04-15_21:31:07	2026-04-15_21:32:10	63.30401062965393	250	4	4999746	0
POW_A_5000.csv-POW_B_1_5000.csv	1	200	0.01	0.0	3	16	8192	5	2026-04-15_21:32:10	2026-04-15_21:33:10	59.67342185974121	250	1	4999749	0
POW_A_5000.csv-POW_B_1_5000.csv	1	200	0.01	0.0	3	16	8192	5	2026-04-15_21:33:10	2026-04-15_21:34:08	58.3370156288147	250	7	4999743	0
POW_A_20000.csv-POW_B_1_20000.csv	1	200	0.01	0.0	3	16	8192	5	2026-04-15_21:34:26	2026-04-15_21:50:18	951.2877895832062	1000	103	79998897	0
POW_A_20000.csv-POW_B_1_20000.csv	1	200	0.01	0.0	3	16	8192	5	2026-04-15_21:50:18	2026-04-15_22:05:38	919.6992743015289	1000	12	79998988	0
POW_A_20000.csv-POW_B_1_20000.csv	1	200	0.01	0.0	3	16	8192	5	2026-04-15_22:05:38	2026-04-15_22:23:57	1099.4186384677887	1000	18	79998982	0
POW_A_2000.csv-POW_B_1_2000.csv	1	200	0.01	0.0	3	16	8192	10	2026-04-15_22:24:17	2026-04-15_22:24:29	12.052588701248169	100	4	799896	0
POW_A_2000.csv-POW_B_1_2000.csv	1	200	0.01	0.0	3	16	8192	10	2026-04-15_22:24:29	2026-04-15_22:24:42	13.266616106033325	100	4	799896	0
POW_A_2000.csv-POW_B_1_2000.csv	1	200	0.01	0.0	3	16	8192	10	2026-04-15_22:24:43	2026-04-15_22:24:52	9.910391807556152	100	4	799896	0
POW_A_5000.csv-POW_B_1_5000.csv	1	200	0.01	0.0	3	16	8192	10	2026-04-15_22:25:11	2026-04-15_22:26:32	81.7131199836731	250	19	4999731	0
POW_A_5000.csv-POW_B_1_5000.csv	1	200	0.01	0.0	3	16	8192	10	2026-04-15_22:26:32	2026-04-15_22:27:53	81.14265394210815	250	7	4999743	0
POW_A_5000.csv-POW_B_1_5000.csv	1	200	0.01	0.0	3	16	8192	10	2026-04-15_22:27:54	2026-04-15_22:29:15	81.49240303039551	250	7	4999743	0
POW_A_20000.csv-POW_B_1_20000.csv	1	200	0.01	0.0	3	16	8192	10	2026-04-15_22:29:33	2026-04-15_22:55:25	1551.6557004451752	1000	41	79998959	0
POW_A_20000.csv-POW_B_1_20000.csv	1	200	0.01	0.0	3	16	8192	10	2026-04-15_22:55:25	2026-04-15_23:20:29	1504.4705657958984	1000	462	79998538	0
POW_A_20000.csv-POW_B_1_20000.csv	1	200	0.01	0.0	3	16	8192	10	2026-04-15_23:20:30	2026-04-15_23:40:11	1180.4784824848175	1000	18	79998982	0
POW_A_2000.csv-POW_B_1_2000.csv	1	200	0.01	0.0	3	16	8192	20	2026-04-15_23:40:31	2026-04-15_23:40:47	16.075105667114258	100	6	799894	0
POW_A_2000.csv-POW_B_1_2000.csv	1	200	0.01	0.0	3	16	8192	20	2026-04-15_23:40:47	2026-04-15_23:41:00	13.107990264892578	100	4	799896	0
POW_A_2000.csv-POW_B_1_2000.csv	1	200	0.01	0.0	3	16	8192	20	2026-04-15_23:41:00	2026-04-15_23:41:13	13.121742725372314	100	1	799899	0
POW_A_5000.csv-POW_B_1_5000.csv	1	200	0.01	0.0	3	16	8192	20	2026-04-15_23:41:31	2026-04-15_23:43:50	138.56990575790405	250	1	4999749	0
POW_A_5000.csv-POW_B_1_5000.csv	1	200	0.01	0.0	3	16	8192	20	2026-04-15_23:43:50	2026-04-15_23:45:45	115.32993197441101	250	1	4999749	0
POW_A_5000.csv-POW_B_1_5000.csv	1	200	0.01	0.0	3	16	8192	20	2026-04-15_23:45:45	2026-04-15_23:47:50	124.30009508132935	250	10	4999740	0
POW_A_20000.csv-POW_B_1_20000.csv	1	200	0.01	0.0	3	16	8192	20	2026-04-15_23:48:08	2026-04-16_00:16:32	1704.2635264396667	1000	114	79998886	0
POW_A_20000.csv-POW_B_1_20000.csv	1	200	0.01	0.0	3	16	8192	20	2026-04-16_00:16:32	2026-04-16_00:50:12	2020.2419259548187	1000	30	79998970	0
POW_A_20000.csv-POW_B_1_20000.csv	1	200	0.01	0.0	3	16	8192	20	2026-04-16_00:50:13	2026-04-16_01:25:22	2109.1124527454376	1000	199	79998801	0
POW_A_2000.csv-POW_B_1_2000.csv	1	200	0.01	0.0	3	8	8192	5	2026-04-16_01:25:42	2026-04-16_01:25:53	11.23027753829956	100	13	799887	0
POW_A_2000.csv-POW_B_1_2000.csv	1	200	0.01	0.0	3	8	8192	5	2026-04-16_01:25:53	2026-04-16_01:26:02	9.13969898223877	100	44	799856	0
POW_A_2000.csv-POW_B_1_2000.csv	1	200	0.01	0.0	3	8	8192	5	2026-04-16_01:26:02	2026-04-16_01:26:12	9.68202519416809	100	105	799795	0
POW_A_5000.csv-POW_B_1_5000.csv	1	200	0.01	0.0	3	8	8192	5	2026-04-16_01:26:30	2026-04-16_01:27:34	63.55592083930969	250	27	4999723	0
POW_A_5000.csv-POW_B_1_5000.csv	1	200	0.01	0.0	3	8	8192	5	2026-04-16_01:27:34	2026-04-16_01:28:34	60.27088975906372	250	27	4999723	0
POW_A_5000.csv-POW_B_1_5000.csv	1	200	0.01	0.0	3	8	8192	5	2026-04-16_01:28:34	2026-04-16_01:29:31	56.61628222465515	250	679	4999071	0
POW_A_20000.csv-POW_B_1_20000.csv	1	200	0.01	0.0	3	8	8192	5	2026-04-16_01:29:49	2026-04-16_01:47:02	1033.453739643097	1000	84	79998916	0
POW_A_20000.csv-POW_B_1_20000.csv	1	200	0.01	0.0	3	8	8192	5	2026-04-16_01:47:02	2026-04-16_02:03:43	1000.4234237670898	1000	413	79998587	0
POW_A_20000.csv-POW_B_1_20000.csv	1	200	0.01	0.0	3	8	8192	5	2026-04-16_02:03:44	2026-04-16_02:22:15	1111.9352734088898	1000	410	79998590	0
POW_A_2000.csv-POW_B_1_2000.csv	1	200	0.01	0.0	3	8	8192	10	2026-04-16_02:22:35	2026-04-16_02:22:47	11.839514017105103	100	6	799894	0
POW_A_2000.csv-POW_B_1_2000.csv	1	200	0.01	0.0	3	8	8192	10	2026-04-16_02:22:47	2026-04-16_02:22:58	10.760862827301025	100	3	799897	0
POW_A_2000.csv-POW_B_1_2000.csv	1	200	0.01	0.0	3	8	8192	10	2026-04-16_02:22:58	2026-04-16_02:23:09	10.965378046035767	100	4	799896	0
POW_A_5000.csv-POW_B_1_5000.csv	1	200	0.01	0.0	3	8	8192	10	2026-04-16_02:23:27	2026-04-16_02:24:55	87.5579936504364	250	80	4999670	0
POW_A_5000.csv-POW_B_1_5000.csv	1	200	0.01	0.0	3	8	8192	10	2026-04-16_02:24:55	2026-04-16_02:26:17	81.86234974861145	250	5	4999745	0
POW_A_5000.csv-POW_B_1_5000.csv	1	200	0.01	0.0	3	8	8192	10	2026-04-16_02:26:17	2026-04-16_02:27:36	79.62059450149536	250	1	4999749	0
POW_A_20000.csv-POW_B_1_20000.csv	1	200	0.01	0.0	3	8	8192	10	2026-04-16_02:27:54	2026-04-16_02:50:10	1336.0038352012634	1000	1367	79997633	0
POW_A_20000.csv-POW_B_1_20000.csv	1	200	0.01	0.0	3	8	8192	10	2026-04-16_02:50:10	2026-04-16_03:12:38	1347.945242881775	1000	113	79998887	0
POW_A_20000.csv-POW_B_1_20000.csv	1	200	0.01	0.0	3	8	8192	10	2026-04-16_03:12:39	2026-04-16_03:36:13	1413.5901069641113	1000	330	79998670	0
POW_A_2000.csv-POW_B_1_2000.csv	1	200	0.01	0.0	3	8	8192	20	2026-04-16_03:36:33	2026-04-16_03:36:55	22.565998792648315	100	0	799900	0
POW_A_2000.csv-POW_B_1_2000.csv	1	200	0.01	0.0	3	8	8192	20	2026-04-16_03:36:55	2026-04-16_03:37:12	16.681184768676758	100	1	799899	0
POW_A_2000.csv-POW_B_1_2000.csv	1	200	0.01	0.0	3	8	8192	20	2026-04-16_03:37:12	2026-04-16_03:37:32	20.006394147872925	100	14	799886	0
POW_A_5000.csv-POW_B_1_5000.csv	1	200	0.01	0.0	3	8	8192	20	2026-04-16_03:37:50	2026-04-16_03:39:41	111.22046756744385	250	2	4999748	0
POW_A_5000.csv-POW_B_1_5000.csv	1	200	0.01	0.0	3	8	8192	20	2026-04-16_03:39:41	2026-04-16_03:41:33	111.5631992816925	250	7	4999743	0
POW_A_5000.csv-POW_B_1_5000.csv	1	200	0.01	0.0	3	8	8192	20	2026-04-16_03:41:33	2026-04-16_03:43:43	130.22307682037354	250	7	4999743	0
POW_A_20000.csv-POW_B_1_20000.csv	1	200	0.01	0.0	3	8	8192	20	2026-04-16_03:44:01	2026-04-16_04:17:29	2007.1022686958313	1000	26	79998974	0
POW_A_20000.csv-POW_B_1_20000.csv	1	200	0.01	0.0	3	8	8192	20	2026-04-16_04:17:29	2026-04-16_04:52:54	2125.2742512226105	1000	90	79998910	0
POW_A_20000.csv-POW_B_1_20000.csv	1	200	0.01	0.0	3	8	8192	20	2026-04-16_04:52:55	2026-04-16_05:30:41	2266.0306441783905	1000	15	79998985	0
POW_A_2000.csv-POW_B_1_2000.csv	1	200	0.01	0.0	3	4	8192	5	2026-04-16_05:31:01	2026-04-16_05:31:14	12.78606629371643	100	43	799857	0
POW_A_2000.csv-POW_B_1_2000.csv	1	200	0.01	0.0	3	4	8192	5	2026-04-16_05:31:14	2026-04-16_05:31:24	10.577974796295166	100	22	799878	0
POW_A_2000.csv-POW_B_1_2000.csv	1	200	0.01	0.0	3	4	8192	5	2026-04-16_05:31:24	2026-04-16_05:31:35	10.497580289840698	100	223	799677	0
POW_A_5000.csv-POW_B_1_5000.csv	1	200	0.01	0.0	3	4	8192	5	2026-04-16_05:31:53	2026-04-16_05:33:03	70.24832320213318	250	5	4999745	0
POW_A_5000.csv-POW_B_1_5000.csv	1	200	0.01	0.0	3	4	8192	5	2026-04-16_05:33:03	2026-04-16_05:34:10	66.96521329879761	250	7	4999743	0
POW_A_5000.csv-POW_B_1_5000.csv	1	200	0.01	0.0	3	4	8192	5	2026-04-16_05:34:10	2026-04-16_05:35:18	67.38025522232056	250	10	4999740	0
POW_A_20000.csv-POW_B_1_20000.csv	1	200	0.01	0.0	3	4	8192	5	2026-04-16_05:35:36	2026-04-16_05:55:49	1213.25457072258	1000	24	79998976	0
POW_A_20000.csv-POW_B_1_20000.csv	1	200	0.01	0.0	3	4	8192	5	2026-04-16_05:55:49	2026-04-16_06:15:57	1207.7941453456879	1000	43	79998957	0
POW_A_20000.csv-POW_B_1_20000.csv	1	200	0.01	0.0	3	4	8192	5	2026-04-16_06:15:58	2026-04-16_06:36:16	1217.7830879688263	1000	1528	79997472	0
POW_A_2000.csv-POW_B_1_2000.csv	1	200	0.01	0.0	3	4	8192	10	2026-04-16_06:36:35	2026-04-16_06:36:52	16.82072925567627	100	6	799894	0
POW_A_2000.csv-POW_B_1_2000.csv	1	200	0.01	0.0	3	4	8192	10	2026-04-16_06:36:52	2026-04-16_06:37:07	14.650788307189941	100	6	799894	0
POW_A_2000.csv-POW_B_1_2000.csv	1	200	0.01	0.0	3	4	8192	10	2026-04-16_06:37:07	2026-04-16_06:37:22	14.614091157913208	100	11	799889	0
POW_A_5000.csv-POW_B_1_5000.csv	1	200	0.01	0.0	3	4	8192	10	2026-04-16_06:37:40	2026-04-16_06:39:20	100.61532759666443	250	4	4999746	0
POW_A_5000.csv-POW_B_1_5000.csv	1	200	0.01	0.0	3	4	8192	10	2026-04-16_06:39:20	2026-04-16_06:40:58	97.61833572387695	250	307	4999443	0
POW_A_5000.csv-POW_B_1_5000.csv	1	200	0.01	0.0	3	4	8192	10	2026-04-16_06:40:58	2026-04-16_06:42:35	96.92531561851501	250	1	4999749	0
POW_A_20000.csv-POW_B_1_20000.csv	1	200	0.01	0.0	3	4	8192	10	2026-04-16_06:42:53	2026-04-16_07:11:37	1724.3971083164215	1000	621	79998379	0
POW_A_20000.csv-POW_B_1_20000.csv	1	200	0.01	0.0	3	4	8192	10	2026-04-16_07:11:38	2026-04-16_07:40:06	1708.1904699802399	1000	3454	79995546	0
POW_A_20000.csv-POW_B_1_20000.csv	1	200	0.01	0.0	3	4	8192	10	2026-04-16_07:40:07	2026-04-16_08:08:24	1697.5388267040253	1000	10	79998990	0
POW_A_2000.csv-POW_B_1_2000.csv	1	200	0.01	0.0	3	4	8192	20	2026-04-16_08:08:44	2026-04-16_08:09:10	25.695167303085327	100	1	799899	0
POW_A_2000.csv-POW_B_1_2000.csv	1	200	0.01	0.0	3	4	8192	20	2026-04-16_08:09:10	2026-04-16_08:09:34	23.65487027168274	100	43	799857	0
POW_A_2000.csv-POW_B_1_2000.csv	1	200	0.01	0.0	3	4	8192	20	2026-04-16_08:09:34	2026-04-16_08:09:58	23.668400287628174	100	362	799538	0
POW_A_5000.csv-POW_B_1_5000.csv	1	200	0.01	0.0	3	4	8192	20	2026-04-16_08:10:16	2026-04-16_08:12:55	159.49203300476074	250	1	4999749	0
POW_A_5000.csv-POW_B_1_5000.csv	1	200	0.01	0.0	3	4	8192	20	2026-04-16_08:12:55	2026-04-16_08:15:33	157.40968465805054	250	1	4999749	0
POW_A_5000.csv-POW_B_1_5000.csv	1	200	0.01	0.0	3	4	8192	20	2026-04-16_08:15:33	2026-04-16_08:18:10	157.0757236480713	250	10	4999740	0
POW_A_20000.csv-POW_B_1_20000.csv	1	200	0.01	0.0	3	4	8192	20	2026-04-16_08:18:28	2026-04-16_09:04:41	2772.934685945511	1000	8	79998992	0
POW_A_20000.csv-POW_B_1_20000.csv	1	200	0.01	0.0	3	4	8192	20	2026-04-16_09:04:41	2026-04-16_09:49:31	2690.321716785431	1000	77	79998923	0
POW_A_20000.csv-POW_B_1_20000.csv	1	200	0.01	0.0	3	4	8192	20	2026-04-16_09:49:32	2026-04-16_10:35:18	2745.6343626976013	1000	15	79998985	0
POW_A_2000.csv-POW_B_1_2000.csv	1	200	0.01	0.01	1	16	8192	5	2026-04-16_10:35:37	2026-04-16_10:35:47	9.24034333229065	100	7	799893	0
POW_A_2000.csv-POW_B_1_2000.csv	1	200	0.01	0.01	1	16	8192	5	2026-04-16_10:35:47	2026-04-16_10:35:54	7.0901572704315186	100	10	799890	0
POW_A_2000.csv-POW_B_1_2000.csv	1	200	0.01	0.01	1	16	8192	5	2026-04-16_10:35:54	2026-04-16_10:36:01	7.054912328720093	100	27	799873	0
POW_A_5000.csv-POW_B_1_5000.csv	1	200	0.01	0.01	1	16	8192	5	2026-04-16_10:36:19	2026-04-16_10:37:12	52.45897698402405	250	7	4999743	0
POW_A_5000.csv-POW_B_1_5000.csv	1	200	0.01	0.01	1	16	8192	5	2026-04-16_10:37:12	2026-04-16_10:37:58	46.699610471725464	250	11	4999739	0
POW_A_5000.csv-POW_B_1_5000.csv	1	200	0.01	0.01	1	16	8192	5	2026-04-16_10:37:58	2026-04-16_10:38:45	46.521929025650024	250	8	4999742	0
POW_A_20000.csv-POW_B_1_20000.csv	1	200	0.01	0.01	1	16	8192	5	2026-04-16_10:39:03	2026-04-16_10:52:34	810.7655875682831	1000	21	79998979	0
POW_A_20000.csv-POW_B_1_20000.csv	1	200	0.01	0.01	1	16	8192	5	2026-04-16_10:52:34	2026-04-16_11:06:10	816.4522647857666	1000	16	79998984	0
POW_A_20000.csv-POW_B_1_20000.csv	1	200	0.01	0.01	1	16	8192	5	2026-04-16_11:06:11	2026-04-16_11:19:57	825.5490431785583	1000	12	79998988	0
POW_A_2000.csv-POW_B_1_2000.csv	1	200	0.01	0.01	1	16	8192	10	2026-04-16_11:20:16	2026-04-16_11:20:26	9.98265814781189	100	9	799891	0
POW_A_2000.csv-POW_B_1_2000.csv	1	200	0.01	0.01	1	16	8192	10	2026-04-16_11:20:26	2026-04-16_11:20:34	7.91895318031311	100	6	799894	0
POW_A_2000.csv-POW_B_1_2000.csv	1	200	0.01	0.01	1	16	8192	10	2026-04-16_11:20:34	2026-04-16_11:20:42	7.892723083496094	100	6	799894	0
POW_A_5000.csv-POW_B_1_5000.csv	1	200	0.01	0.01	1	16	8192	10	2026-04-16_11:21:00	2026-04-16_11:22:06	65.58833956718445	250	6	4999744	0
POW_A_5000.csv-POW_B_1_5000.csv	1	200	0.01	0.01	1	16	8192	10	2026-04-16_11:22:06	2026-04-16_11:22:56	50.47201180458069	250	7	4999743	0
POW_A_5000.csv-POW_B_1_5000.csv	1	200	0.01	0.01	1	16	8192	10	2026-04-16_11:22:56	2026-04-16_11:23:55	58.18774962425232	250	6	4999744	0
POW_A_20000.csv-POW_B_1_20000.csv	1	200	0.01	0.01	1	16	8192	10	2026-04-16_11:24:13	2026-04-16_11:41:17	1024.467430114746	1000	9	79998991	0
POW_A_20000.csv-POW_B_1_20000.csv	1	200	0.01	0.01	1	16	8192	10	2026-04-16_11:41:18	2026-04-16_11:59:18	1079.5645959377289	1000	16	79998984	0
POW_A_20000.csv-POW_B_1_20000.csv	1	200	0.01	0.01	1	16	8192	10	2026-04-16_11:59:19	2026-04-16_12:19:28	1209.9455609321594	1000	1815	79997185	0
POW_A_2000.csv-POW_B_1_2000.csv	1	200	0.01	0.01	1	16	8192	20	2026-04-16_12:19:48	2026-04-16_12:20:00	11.726209163665771	100	6	799894	0
POW_A_2000.csv-POW_B_1_2000.csv	1	200	0.01	0.01	1	16	8192	20	2026-04-16_12:20:00	2026-04-16_12:20:10	9.385386943817139	100	6	799894	0
POW_A_2000.csv-POW_B_1_2000.csv	1	200	0.01	0.01	1	16	8192	20	2026-04-16_12:20:10	2026-04-16_12:20:19	9.463556051254272	100	4	799896	0
POW_A_5000.csv-POW_B_1_5000.csv	1	200	0.01	0.01	1	16	8192	20	2026-04-16_12:20:37	2026-04-16_12:21:52	74.53034782409668	250	3	4999747	0
POW_A_5000.csv-POW_B_1_5000.csv	1	200	0.01	0.01	1	16	8192	20	2026-04-16_12:21:52	2026-04-16_12:23:12	79.81609749794006	250	7	4999743	0
POW_A_5000.csv-POW_B_1_5000.csv	1	200	0.01	0.01	1	16	8192	20	2026-04-16_12:23:12	2026-04-16_12:24:32	80.65028667449951	250	7	4999743	0
POW_A_20000.csv-POW_B_1_20000.csv	1	200	0.01	0.01	1	16	8192	20	2026-04-16_12:24:50	2026-04-16_12:52:35	1664.0818140506744	1000	26	79998974	0
POW_A_20000.csv-POW_B_1_20000.csv	1	200	0.01	0.01	1	16	8192	20	2026-04-16_12:52:35	2026-04-16_13:12:53	1218.4649529457092	1000	8	79998992	0
POW_A_20000.csv-POW_B_1_20000.csv	1	200	0.01	0.01	1	16	8192	20	2026-04-16_13:12:54	2026-04-16_13:34:00	1265.8438351154327	1000	12	79998988	0
POW_A_2000.csv-POW_B_1_2000.csv	1	200	0.01	0.01	1	8	8192	5	2026-04-16_13:34:20	2026-04-16_13:34:30	9.71561598777771	100	12	799888	0
POW_A_2000.csv-POW_B_1_2000.csv	1	200	0.01	0.01	1	8	8192	5	2026-04-16_13:34:30	2026-04-16_13:34:37	7.532116889953613	100	21	799879	0
POW_A_2000.csv-POW_B_1_2000.csv	1	200	0.01	0.01	1	8	8192	5	2026-04-16_13:34:37	2026-04-16_13:34:45	7.488572835922241	100	70	799830	0
POW_A_5000.csv-POW_B_1_5000.csv	1	200	0.01	0.01	1	8	8192	5	2026-04-16_13:35:03	2026-04-16_13:35:58	55.40182828903198	250	7	4999743	0
POW_A_5000.csv-POW_B_1_5000.csv	1	200	0.01	0.01	1	8	8192	5	2026-04-16_13:35:58	2026-04-16_13:36:49	50.198524951934814	250	6	4999744	0
POW_A_5000.csv-POW_B_1_5000.csv	1	200	0.01	0.01	1	8	8192	5	2026-04-16_13:36:49	2026-04-16_13:37:41	52.58213782310486	250	45	4999705	0
POW_A_20000.csv-POW_B_1_20000.csv	1	200	0.01	0.01	1	8	8192	5	2026-04-16_13:37:59	2026-04-16_13:53:50	951.0268733501434	1000	32	79998968	0
POW_A_20000.csv-POW_B_1_20000.csv	1	200	0.01	0.01	1	8	8192	5	2026-04-16_13:53:51	2026-04-16_14:08:20	869.7851929664612	1000	27	79998973	0
POW_A_20000.csv-POW_B_1_20000.csv	1	200	0.01	0.01	1	8	8192	5	2026-04-16_14:08:21	2026-04-16_14:23:17	896.328403711319	1000	23	79998977	0
POW_A_2000.csv-POW_B_1_2000.csv	1	200	0.01	0.01	1	8	8192	10	2026-04-16_14:23:37	2026-04-16_14:23:49	11.95303225517273	100	7	799893	0
POW_A_2000.csv-POW_B_1_2000.csv	1	200	0.01	0.01	1	8	8192	10	2026-04-16_14:23:49	2026-04-16_14:23:58	8.900689601898193	100	6	799894	0
POW_A_2000.csv-POW_B_1_2000.csv	1	200	0.01	0.01	1	8	8192	10	2026-04-16_14:23:58	2026-04-16_14:24:08	9.944536685943604	100	6	799894	0
POW_A_5000.csv-POW_B_1_5000.csv	1	200	0.01	0.01	1	8	8192	10	2026-04-16_14:24:26	2026-04-16_14:25:27	61.358664751052856	250	3	4999747	0
POW_A_5000.csv-POW_B_1_5000.csv	1	200	0.01	0.01	1	8	8192	10	2026-04-16_14:25:27	2026-04-16_14:26:30	62.90298295021057	250	6	4999744	0
POW_A_5000.csv-POW_B_1_5000.csv	1	200	0.01	0.01	1	8	8192	10	2026-04-16_14:26:30	2026-04-16_14:27:32	61.95699858665466	250	6	4999744	0
POW_A_20000.csv-POW_B_1_20000.csv	1	200	0.01	0.01	1	8	8192	10	2026-04-16_14:27:51	2026-04-16_14:45:48	1077.2919416427612	1000	21	79998979	0
POW_A_20000.csv-POW_B_1_20000.csv	1	200	0.01	0.01	1	8	8192	10	2026-04-16_14:45:48	2026-04-16_15:02:37	1008.9789321422577	1000	50	79998950	0
POW_A_20000.csv-POW_B_1_20000.csv	1	200	0.01	0.01	1	8	8192	10	2026-04-16_15:02:38	2026-04-16_15:20:01	1043.5249722003937	1000	14	79998986	0
POW_A_2000.csv-POW_B_1_2000.csv	1	200	0.01	0.01	1	8	8192	20	2026-04-16_15:20:22	2026-04-16_15:20:36	14.093756437301636	100	9	799891	0
POW_A_2000.csv-POW_B_1_2000.csv	1	200	0.01	0.01	1	8	8192	20	2026-04-16_15:20:36	2026-04-16_15:20:47	11.171865940093994	100	8	799892	0
POW_A_2000.csv-POW_B_1_2000.csv	1	200	0.01	0.01	1	8	8192	20	2026-04-16_15:20:47	2026-04-16_15:20:58	10.900399446487427	100	5	799895	0
POW_A_5000.csv-POW_B_1_5000.csv	1	200	0.01	0.01	1	8	8192	20	2026-04-16_15:21:16	2026-04-16_15:22:41	84.71367835998535	250	4	4999746	0
POW_A_5000.csv-POW_B_1_5000.csv	1	200	0.01	0.01	1	8	8192	20	2026-04-16_15:22:41	2026-04-16_15:24:05	83.70093297958374	250	18	4999732	0
POW_A_5000.csv-POW_B_1_5000.csv	1	200	0.01	0.01	1	8	8192	20	2026-04-16_15:24:05	2026-04-16_15:25:28	83.27023506164551	250	5	4999745	0
POW_A_20000.csv-POW_B_1_20000.csv	1	200	0.01	0.01	1	8	8192	20	2026-04-16_15:25:46	2026-04-16_15:50:17	1470.6458773612976	1000	24	79998976	0
POW_A_20000.csv-POW_B_1_20000.csv	1	200	0.01	0.01	1	8	8192	20	2026-04-16_15:50:17	2026-04-16_16:13:40	1403.2225914001465	1000	348	79998652	0
POW_A_20000.csv-POW_B_1_20000.csv	1	200	0.01	0.01	1	8	8192	20	2026-04-16_16:13:41	2026-04-16_16:36:04	1343.1447048187256	1000	147	79998853	0
POW_A_2000.csv-POW_B_1_2000.csv	1	200	0.01	0.01	1	4	8192	5	2026-04-16_16:36:24	2026-04-16_16:36:35	10.82906436920166	100	151	799749	0
POW_A_2000.csv-POW_B_1_2000.csv	1	200	0.01	0.01	1	4	8192	5	2026-04-16_16:36:35	2026-04-16_16:36:43	8.58226227760315	100	17	799883	0
POW_A_2000.csv-POW_B_1_2000.csv	1	200	0.01	0.01	1	4	8192	5	2026-04-16_16:36:43	2026-04-16_16:36:52	8.647125005722046	100	7	799893	0
POW_A_5000.csv-POW_B_1_5000.csv	1	200	0.01	0.01	1	4	8192	5	2026-04-16_16:37:10	2026-04-16_16:38:08	57.462897539138794	250	11	4999739	0
POW_A_5000.csv-POW_B_1_5000.csv	1	200	0.01	0.01	1	4	8192	5	2026-04-16_16:38:08	2026-04-16_16:39:02	54.29137110710144	250	69	4999681	0
POW_A_5000.csv-POW_B_1_5000.csv	1	200	0.01	0.01	1	4	8192	5	2026-04-16_16:39:02	2026-04-16_16:39:57	54.74970006942749	250	74	4999676	0
POW_A_20000.csv-POW_B_1_20000.csv	1	200	0.01	0.01	1	4	8192	5	2026-04-16_16:40:15	2026-04-16_16:57:28	1033.483880996704	1000	27	79998973	0
POW_A_20000.csv-POW_B_1_20000.csv	1	200	0.01	0.01	1	4	8192	5	2026-04-16_16:57:29	2026-04-16_17:14:53	1044.8808391094208	1000	33	79998967	0
POW_A_20000.csv-POW_B_1_20000.csv	1	200	0.01	0.01	1	4	8192	5	2026-04-16_17:14:54	2026-04-16_17:32:15	1041.081561088562	1000	37	79998963	0
POW_A_2000.csv-POW_B_1_2000.csv	1	200	0.01	0.01	1	4	8192	10	2026-04-16_17:32:36	2026-04-16_17:32:48	12.378881931304932	100	16	799884	0
POW_A_2000.csv-POW_B_1_2000.csv	1	200	0.01	0.01	1	4	8192	10	2026-04-16_17:32:48	2026-04-16_17:32:59	11.00001049041748	100	111	799789	0
POW_A_2000.csv-POW_B_1_2000.csv	1	200	0.01	0.01	1	4	8192	10	2026-04-16_17:32:59	2026-04-16_17:33:10	10.840667247772217	100	25	799875	0
POW_A_5000.csv-POW_B_1_5000.csv	1	200	0.01	0.01	1	4	8192	10	2026-04-16_17:33:28	2026-04-16_17:34:41	72.96800231933594	250	8	4999742	0
POW_A_5000.csv-POW_B_1_5000.csv	1	200	0.01	0.01	1	4	8192	10	2026-04-16_17:34:41	2026-04-16_17:35:49	67.95050716400146	250	20	4999730	0
POW_A_5000.csv-POW_B_1_5000.csv	1	200	0.01	0.01	1	4	8192	10	2026-04-16_17:35:49	2026-04-16_17:36:58	68.26364421844482	250	20	4999730	0
POW_A_20000.csv-POW_B_1_20000.csv	1	200	0.01	0.01	1	4	8192	10	2026-04-16_17:37:16	2026-04-16_17:57:50	1234.18607711792	1000	19	79998981	0
POW_A_20000.csv-POW_B_1_20000.csv	1	200	0.01	0.01	1	4	8192	10	2026-04-16_17:57:50	2026-04-16_18:18:12	1221.6732847690582	1000	20	79998980	0
POW_A_20000.csv-POW_B_1_20000.csv	1	200	0.01	0.01	1	4	8192	10	2026-04-16_18:18:12	2026-04-16_18:39:00	1247.6897790431976	1000	23	79998977	0
POW_A_2000.csv-POW_B_1_2000.csv	1	200	0.01	0.01	1	4	8192	20	2026-04-16_18:39:20	2026-04-16_18:39:36	16.338318824768066	100	12	799888	0
POW_A_2000.csv-POW_B_1_2000.csv	1	200	0.01	0.01	1	4	8192	20	2026-04-16_18:39:36	2026-04-16_18:39:52	15.494891881942749	100	13	799887	0
POW_A_2000.csv-POW_B_1_2000.csv	1	200	0.01	0.01	1	4	8192	20	2026-04-16_18:39:52	2026-04-16_18:40:07	15.324571371078491	100	9	799891	0
POW_A_5000.csv-POW_B_1_5000.csv	1	200	0.01	0.01	1	4	8192	20	2026-04-16_18:40:25	2026-04-16_18:42:06	101.09074544906616	250	7	4999743	0
POW_A_5000.csv-POW_B_1_5000.csv	1	200	0.01	0.01	1	4	8192	20	2026-04-16_18:42:06	2026-04-16_18:43:45	98.56232213973999	250	8	4999742	0
POW_A_5000.csv-POW_B_1_5000.csv	1	200	0.01	0.01	1	4	8192	20	2026-04-16_18:43:45	2026-04-16_18:45:25	99.64879775047302	250	6	4999744	0
POW_A_20000.csv-POW_B_1_20000.csv	1	200	0.01	0.01	1	4	8192	20	2026-04-16_18:45:43	2026-04-16_19:15:16	1773.2371730804443	1000	65	79998935	0
POW_A_20000.csv-POW_B_1_20000.csv	1	200	0.01	0.01	1	4	8192	20	2026-04-16_19:15:16	2026-04-16_19:48:22	1986.2876029014587	1000	13	79998987	0
POW_A_20000.csv-POW_B_1_20000.csv	1	200	0.01	0.01	1	4	8192	20	2026-04-16_19:48:24	2026-04-16_20:20:06	1902.8229746818542	1000	12	79998988	0
POW_A_2000.csv-POW_B_1_2000.csv	1	200	0.01	0.01	2	16	8192	5	2026-04-16_20:20:26	2026-04-16_20:20:37	10.965646982192993	100	10	799890	0
POW_A_2000.csv-POW_B_1_2000.csv	1	200	0.01	0.01	2	16	8192	5	2026-04-16_20:20:37	2026-04-16_20:20:45	7.510635614395142	100	6	799894	0
POW_A_2000.csv-POW_B_1_2000.csv	1	200	0.01	0.01	2	16	8192	5	2026-04-16_20:20:45	2026-04-16_20:20:52	7.437255382537842	100	8	799892	0
POW_A_5000.csv-POW_B_1_5000.csv	1	200	0.01	0.01	2	16	8192	5	2026-04-16_20:21:10	2026-04-16_20:22:02	52.05849528312683	250	18	4999732	0
POW_A_5000.csv-POW_B_1_5000.csv	1	200	0.01	0.01	2	16	8192	5	2026-04-16_20:22:02	2026-04-16_20:22:58	55.09253931045532	250	7	4999743	0
POW_A_5000.csv-POW_B_1_5000.csv	1	200	0.01	0.01	2	16	8192	5	2026-04-16_20:22:58	2026-04-16_20:23:46	48.3501513004303	250	8	4999742	0
POW_A_20000.csv-POW_B_1_20000.csv	1	200	0.01	0.01	2	16	8192	5	2026-04-16_20:24:04	2026-04-16_20:38:40	876.0139033794403	1000	27	79998973	0
POW_A_20000.csv-POW_B_1_20000.csv	1	200	0.01	0.01	2	16	8192	5	2026-04-16_20:38:40	2026-04-16_20:55:32	1012.0793721675873	1000	604	79998396	0
POW_A_20000.csv-POW_B_1_20000.csv	1	200	0.01	0.01	2	16	8192	5	2026-04-16_20:55:33	2026-04-16_21:10:21	887.1468999385834	1000	20	79998980	0
POW_A_2000.csv-POW_B_1_2000.csv	1	200	0.01	0.01	2	16	8192	10	2026-04-16_21:10:41	2026-04-16_21:10:55	13.73935604095459	100	6	799894	0
POW_A_2000.csv-POW_B_1_2000.csv	1	200	0.01	0.01	2	16	8192	10	2026-04-16_21:10:55	2026-04-16_21:11:04	8.806652784347534	100	6	799894	0
POW_A_2000.csv-POW_B_1_2000.csv	1	200	0.01	0.01	2	16	8192	10	2026-04-16_21:11:04	2026-04-16_21:11:13	8.853182077407837	100	6	799894	0
POW_A_5000.csv-POW_B_1_5000.csv	1	200	0.01	0.01	2	16	8192	10	2026-04-16_21:11:31	2026-04-16_21:12:45	74.35868978500366	250	4	4999746	0
POW_A_5000.csv-POW_B_1_5000.csv	1	200	0.01	0.01	2	16	8192	10	2026-04-16_21:12:45	2026-04-16_21:13:56	70.59243774414062	250	6	4999744	0
POW_A_5000.csv-POW_B_1_5000.csv	1	200	0.01	0.01	2	16	8192	10	2026-04-16_21:13:56	2026-04-16_21:14:53	56.89044499397278	250	6	4999744	0
POW_A_20000.csv-POW_B_1_20000.csv	1	200	0.01	0.01	2	16	8192	10	2026-04-16_21:15:11	2026-04-16_21:32:51	1060.5117893218994	1000	29	79998971	0
POW_A_20000.csv-POW_B_1_20000.csv	1	200	0.01	0.01	2	16	8192	10	2026-04-16_21:32:52	2026-04-16_21:54:41	1309.5311813354492	1000	13	79998987	0
POW_A_20000.csv-POW_B_1_20000.csv	1	200	0.01	0.01	2	16	8192	10	2026-04-16_21:54:41	2026-04-16_22:12:27	1065.5540690422058	1000	31	79998969	0
POW_A_2000.csv-POW_B_1_2000.csv	1	200	0.01	0.01	2	16	8192	20	2026-04-16_22:12:47	2026-04-16_22:13:00	12.929742097854614	100	5	799895	0
POW_A_2000.csv-POW_B_1_2000.csv	1	200	0.01	0.01	2	16	8192	20	2026-04-16_22:13:00	2026-04-16_22:13:12	11.623661279678345	100	4	799896	0
POW_A_2000.csv-POW_B_1_2000.csv	1	200	0.01	0.01	2	16	8192	20	2026-04-16_22:13:12	2026-04-16_22:13:23	11.642147064208984	100	3	799897	0
POW_A_5000.csv-POW_B_1_5000.csv	1	200	0.01	0.01	2	16	8192	20	2026-04-16_22:13:42	2026-04-16_22:15:39	117.43256664276123	250	5	4999745	0
POW_A_5000.csv-POW_B_1_5000.csv	1	200	0.01	0.01	2	16	8192	20	2026-04-16_22:15:39	2026-04-16_22:17:29	110.36891508102417	250	4	4999746	0
POW_A_5000.csv-POW_B_1_5000.csv	1	200	0.01	0.01	2	16	8192	20	2026-04-16_22:17:29	2026-04-16_22:19:11	101.62043738365173	250	6	4999744	0
POW_A_20000.csv-POW_B_1_20000.csv	1	200	0.01	0.01	2	16	8192	20	2026-04-16_22:19:29	2026-04-16_22:53:39	2050.092809200287	1000	82	79998918	0
POW_A_20000.csv-POW_B_1_20000.csv	1	200	0.01	0.01	2	16	8192	20	2026-04-16_22:53:39	2026-04-16_23:28:34	2094.664055109024	1000	52	79998948	0
POW_A_20000.csv-POW_B_1_20000.csv	1	200	0.01	0.01	2	16	8192	20	2026-04-16_23:28:35	2026-04-17_00:02:10	2015.1954622268677	1000	12	79998988	0
POW_A_2000.csv-POW_B_1_2000.csv	1	200	0.01	0.01	2	8	8192	5	2026-04-17_00:02:30	2026-04-17_00:02:39	9.110454559326172	100	119	799781	0
POW_A_2000.csv-POW_B_1_2000.csv	1	200	0.01	0.01	2	8	8192	5	2026-04-17_00:02:39	2026-04-17_00:02:47	8.385648727416992	100	10	799890	0
POW_A_2000.csv-POW_B_1_2000.csv	1	200	0.01	0.01	2	8	8192	5	2026-04-17_00:02:47	2026-04-17_00:02:56	8.118288040161133	100	32	799868	0
POW_A_5000.csv-POW_B_1_5000.csv	1	200	0.01	0.01	2	8	8192	5	2026-04-17_00:03:14	2026-04-17_00:04:17	63.7979154586792	250	39	4999711	0
POW_A_5000.csv-POW_B_1_5000.csv	1	200	0.01	0.01	2	8	8192	5	2026-04-17_00:04:18	2026-04-17_00:05:19	61.263535499572754	250	238	4999512	0
POW_A_5000.csv-POW_B_1_5000.csv	1	200	0.01	0.01	2	8	8192	5	2026-04-17_00:05:19	2026-04-17_00:06:16	56.65863847732544	250	21	4999729	0
POW_A_20000.csv-POW_B_1_20000.csv	1	200	0.01	0.01	2	8	8192	5	2026-04-17_00:06:34	2026-04-17_00:23:09	994.8562428951263	1000	14	79998986	0
POW_A_20000.csv-POW_B_1_20000.csv	1	200	0.01	0.01	2	8	8192	5	2026-04-17_00:23:09	2026-04-17_00:39:47	998.0136938095093	1000	26	79998974	0
POW_A_20000.csv-POW_B_1_20000.csv	1	200	0.01	0.01	2	8	8192	5	2026-04-17_00:39:48	2026-04-17_00:56:29	1000.7578783035278	1000	20	79998980	0
POW_A_2000.csv-POW_B_1_2000.csv	1	200	0.01	0.01	2	8	8192	10	2026-04-17_00:56:49	2026-04-17_00:57:03	13.6244535446167	100	43	799857	0
POW_A_2000.csv-POW_B_1_2000.csv	1	200	0.01	0.01	2	8	8192	10	2026-04-17_00:57:03	2026-04-17_00:57:13	10.04259729385376	100	43	799857	0
POW_A_2000.csv-POW_B_1_2000.csv	1	200	0.01	0.01	2	8	8192	10	2026-04-17_00:57:13	2026-04-17_00:57:24	11.480466365814209	100	26	799874	0
POW_A_5000.csv-POW_B_1_5000.csv	1	200	0.01	0.01	2	8	8192	10	2026-04-17_00:57:42	2026-04-17_00:59:02	80.00430107116699	250	11	4999739	0
POW_A_5000.csv-POW_B_1_5000.csv	1	200	0.01	0.01	2	8	8192	10	2026-04-17_00:59:02	2026-04-17_01:00:19	76.47958636283875	250	1	4999749	0
POW_A_5000.csv-POW_B_1_5000.csv	1	200	0.01	0.01	2	8	8192	10	2026-04-17_01:00:19	2026-04-17_01:01:26	67.0912766456604	250	6	4999744	0
POW_A_20000.csv-POW_B_1_20000.csv	1	200	0.01	0.01	2	8	8192	10	2026-04-17_01:01:44	2026-04-17_01:22:01	1216.8443014621735	1000	19	79998981	0
POW_A_20000.csv-POW_B_1_20000.csv	1	200	0.01	0.01	2	8	8192	10	2026-04-17_01:22:01	2026-04-17_01:42:00	1199.3294513225555	1000	19	79998981	0
POW_A_20000.csv-POW_B_1_20000.csv	1	200	0.01	0.01	2	8	8192	10	2026-04-17_01:42:01	2026-04-17_02:01:37	1176.3202636241913	1000	237	79998763	0
POW_A_2000.csv-POW_B_1_2000.csv	1	200	0.01	0.01	2	8	8192	20	2026-04-17_02:01:57	2026-04-17_02:02:13	15.5881986618042	100	7	799893	0
POW_A_2000.csv-POW_B_1_2000.csv	1	200	0.01	0.01	2	8	8192	20	2026-04-17_02:02:13	2026-04-17_02:02:29	15.9066162109375	100	14	799886	0
POW_A_2000.csv-POW_B_1_2000.csv	1	200	0.01	0.01	2	8	8192	20	2026-04-17_02:02:29	2026-04-17_02:02:42	13.24573540687561	100	7	799893	0
POW_A_5000.csv-POW_B_1_5000.csv	1	200	0.01	0.01	2	8	8192	20	2026-04-17_02:03:00	2026-04-17_02:04:43	103.20087456703186	250	5	4999745	0
POW_A_5000.csv-POW_B_1_5000.csv	1	200	0.01	0.01	2	8	8192	20	2026-04-17_02:04:43	2026-04-17_02:06:33	109.61498641967773	250	12	4999738	0
POW_A_5000.csv-POW_B_1_5000.csv	1	200	0.01	0.01	2	8	8192	20	2026-04-17_02:06:33	2026-04-17_02:08:22	109.00111746788025	250	9	4999741	0
POW_A_20000.csv-POW_B_1_20000.csv	1	200	0.01	0.01	2	8	8192	20	2026-04-17_02:08:40	2026-04-17_02:38:31	1790.3259797096252	1000	11	79998989	0
POW_A_20000.csv-POW_B_1_20000.csv	1	200	0.01	0.01	2	8	8192	20	2026-04-17_02:38:31	2026-04-17_03:07:40	1749.3402905464172	1000	22	79998978	0
POW_A_20000.csv-POW_B_1_20000.csv	1	200	0.01	0.01	2	8	8192	20	2026-04-17_03:07:41	2026-04-17_03:37:42	1800.7815673351288	1000	18	79998982	0
POW_A_2000.csv-POW_B_1_2000.csv	1	200	0.01	0.01	2	4	8192	5	2026-04-17_03:38:02	2026-04-17_03:38:13	11.447834014892578	100	17	799883	0
POW_A_2000.csv-POW_B_1_2000.csv	1	200	0.01	0.01	2	4	8192	5	2026-04-17_03:38:14	2026-04-17_03:38:23	9.298529863357544	100	5	799895	0
POW_A_2000.csv-POW_B_1_2000.csv	1	200	0.01	0.01	2	4	8192	5	2026-04-17_03:38:23	2026-04-17_03:38:33	9.644681930541992	100	4	799896	0
POW_A_5000.csv-POW_B_1_5000.csv	1	200	0.01	0.01	2	4	8192	5	2026-04-17_03:38:51	2026-04-17_03:39:54	63.30429816246033	250	9	4999741	0
POW_A_5000.csv-POW_B_1_5000.csv	1	200	0.01	0.01	2	4	8192	5	2026-04-17_03:39:54	2026-04-17_03:40:54	60.035194396972656	250	21	4999729	0
POW_A_5000.csv-POW_B_1_5000.csv	1	200	0.01	0.01	2	4	8192	5	2026-04-17_03:40:54	2026-04-17_03:41:54	59.80318474769592	250	60	4999690	0
POW_A_20000.csv-POW_B_1_20000.csv	1	200	0.01	0.01	2	4	8192	5	2026-04-17_03:42:12	2026-04-17_04:00:05	1072.4874758720398	1000	280	79998720	0
POW_A_20000.csv-POW_B_1_20000.csv	1	200	0.01	0.01	2	4	8192	5	2026-04-17_04:00:05	2026-04-17_04:17:59	1074.5877735614777	1000	20	79998980	0
POW_A_20000.csv-POW_B_1_20000.csv	1	200	0.01	0.01	2	4	8192	5	2026-04-17_04:18:00	2026-04-17_04:35:35	1054.868014574051	1000	25	79998975	0
POW_A_2000.csv-POW_B_1_2000.csv	1	200	0.01	0.01	2	4	8192	10	2026-04-17_04:35:55	2026-04-17_04:36:09	14.676343441009521	100	9	799891	0
POW_A_2000.csv-POW_B_1_2000.csv	1	200	0.01	0.01	2	4	8192	10	2026-04-17_04:36:09	2026-04-17_04:36:22	12.341861248016357	100	6	799894	0
POW_A_2000.csv-POW_B_1_2000.csv	1	200	0.01	0.01	2	4	8192	10	2026-04-17_04:36:22	2026-04-17_04:36:34	12.395651817321777	100	29	799871	0
POW_A_5000.csv-POW_B_1_5000.csv	1	200	0.01	0.01	2	4	8192	10	2026-04-17_04:36:52	2026-04-17_04:38:15	82.16611337661743	250	25	4999725	0
POW_A_5000.csv-POW_B_1_5000.csv	1	200	0.01	0.01	2	4	8192	10	2026-04-17_04:38:15	2026-04-17_04:39:35	80.3574869632721	250	8	4999742	0
POW_A_5000.csv-POW_B_1_5000.csv	1	200	0.01	0.01	2	4	8192	10	2026-04-17_04:39:35	2026-04-17_04:40:56	80.50170540809631	250	22	4999728	0
POW_A_20000.csv-POW_B_1_20000.csv	1	200	0.01	0.01	2	4	8192	10	2026-04-17_04:41:14	2026-04-17_05:05:18	1444.3564631938934	1000	20	79998980	0
POW_A_20000.csv-POW_B_1_20000.csv	1	200	0.01	0.01	2	4	8192	10	2026-04-17_05:05:18	2026-04-17_05:29:25	1446.5058221817017	1000	22	79998978	0
POW_A_20000.csv-POW_B_1_20000.csv	1	200	0.01	0.01	2	4	8192	10	2026-04-17_05:29:25	2026-04-17_05:53:22	1436.606217622757	1000	26	79998974	0
POW_A_2000.csv-POW_B_1_2000.csv	1	200	0.01	0.01	2	4	8192	20	2026-04-17_05:53:42	2026-04-17_05:54:03	21.289662837982178	100	15	799885	0
POW_A_2000.csv-POW_B_1_2000.csv	1	200	0.01	0.01	2	4	8192	20	2026-04-17_05:54:03	2026-04-17_05:54:22	18.309369325637817	100	4	799896	0
POW_A_2000.csv-POW_B_1_2000.csv	1	200	0.01	0.01	2	4	8192	20	2026-04-17_05:54:22	2026-04-17_05:54:40	18.496010303497314	100	166	799734	0
POW_A_5000.csv-POW_B_1_5000.csv	1	200	0.01	0.01	2	4	8192	20	2026-04-17_05:54:58	2026-04-17_05:57:05	126.99283194541931	250	7	4999743	0
POW_A_5000.csv-POW_B_1_5000.csv	1	200	0.01	0.01	2	4	8192	20	2026-04-17_05:57:05	2026-04-17_05:59:08	122.9282660484314	250	7	4999743	0
POW_A_5000.csv-POW_B_1_5000.csv	1	200	0.01	0.01	2	4	8192	20	2026-04-17_05:59:08	2026-04-17_06:01:13	124.3499813079834	250	6	4999744	0
POW_A_20000.csv-POW_B_1_20000.csv	1	200	0.01	0.01	2	4	8192	20	2026-04-17_06:01:31	2026-04-17_06:37:44	2173.6894500255585	1000	22	79998978	0
POW_A_20000.csv-POW_B_1_20000.csv	1	200	0.01	0.01	2	4	8192	20	2026-04-17_06:37:45	2026-04-17_07:14:02	2177.0563366413116	1000	20	79998980	0
POW_A_20000.csv-POW_B_1_20000.csv	1	200	0.01	0.01	2	4	8192	20	2026-04-17_07:14:02	2026-04-17_07:51:56	2274.150515794754	1000	22	79998978	0
POW_A_2000.csv-POW_B_1_2000.csv	1	200	0.01	0.01	3	16	8192	5	2026-04-17_07:52:16	2026-04-17_07:52:26	9.263561010360718	100	6	799894	0
POW_A_2000.csv-POW_B_1_2000.csv	1	200	0.01	0.01	3	16	8192	5	2026-04-17_07:52:26	2026-04-17_07:52:34	8.011106014251709	100	8	799892	0
POW_A_2000.csv-POW_B_1_2000.csv	1	200	0.01	0.01	3	16	8192	5	2026-04-17_07:52:34	2026-04-17_07:52:42	8.005171537399292	100	39	799861	0
POW_A_5000.csv-POW_B_1_5000.csv	1	200	0.01	0.01	3	16	8192	5	2026-04-17_07:53:00	2026-04-17_07:54:03	63.35784411430359	250	33	4999717	0
POW_A_5000.csv-POW_B_1_5000.csv	1	200	0.01	0.01	3	16	8192	5	2026-04-17_07:54:03	2026-04-17_07:55:05	61.70668292045593	250	7	4999743	0
POW_A_5000.csv-POW_B_1_5000.csv	1	200	0.01	0.01	3	16	8192	5	2026-04-17_07:55:05	2026-04-17_07:56:05	59.89680027961731	250	10	4999740	0
POW_A_20000.csv-POW_B_1_20000.csv	1	200	0.01	0.01	3	16	8192	5	2026-04-17_07:56:23	2026-04-17_08:16:15	1191.7730388641357	1000	18	79998982	0
POW_A_20000.csv-POW_B_1_20000.csv	1	200	0.01	0.01	3	16	8192	5	2026-04-17_08:16:15	2026-04-17_08:35:49	1173.8363025188446	1000	52	79998948	0
POW_A_20000.csv-POW_B_1_20000.csv	1	200	0.01	0.01	3	16	8192	5	2026-04-17_08:35:50	2026-04-17_08:54:21	1110.844923734665	1000	2287	79996713	0
POW_A_2000.csv-POW_B_1_2000.csv	1	200	0.01	0.01	3	16	8192	10	2026-04-17_08:54:41	2026-04-17_08:54:53	12.06877326965332	100	6	799894	0
POW_A_2000.csv-POW_B_1_2000.csv	1	200	0.01	0.01	3	16	8192	10	2026-04-17_08:54:53	2026-04-17_08:55:03	9.898232698440552	100	5	799895	0
POW_A_2000.csv-POW_B_1_2000.csv	1	200	0.01	0.01	3	16	8192	10	2026-04-17_08:55:03	2026-04-17_08:55:13	9.845016479492188	100	0	799900	0
POW_A_5000.csv-POW_B_1_5000.csv	1	200	0.01	0.01	3	16	8192	10	2026-04-17_08:55:31	2026-04-17_08:56:52	81.3677933216095	250	8	4999742	0
POW_A_5000.csv-POW_B_1_5000.csv	1	200	0.01	0.01	3	16	8192	10	2026-04-17_08:56:52	2026-04-17_08:58:12	79.45851635932922	250	6	4999744	0
POW_A_5000.csv-POW_B_1_5000.csv	1	200	0.01	0.01	3	16	8192	10	2026-04-17_08:58:12	2026-04-17_08:59:35	83.54070711135864	250	152	4999598	0
POW_A_20000.csv-POW_B_1_20000.csv	1	200	0.01	0.01	3	16	8192	10	2026-04-17_08:59:53	2026-04-17_09:19:47	1193.9922502040863	1000	59	79998941	0
POW_A_20000.csv-POW_B_1_20000.csv	1	200	0.01	0.01	3	16	8192	10	2026-04-17_09:19:48	2026-04-17_09:42:16	1348.6787400245667	1000	14	79998986	0
POW_A_20000.csv-POW_B_1_20000.csv	1	200	0.01	0.01	3	16	8192	10	2026-04-17_09:42:18	2026-04-17_10:03:48	1290.3995699882507	1000	15	79998985	0
POW_A_2000.csv-POW_B_1_2000.csv	1	200	0.01	0.01	3	16	8192	20	2026-04-17_10:04:09	2026-04-17_10:04:31	22.253443956375122	100	1	799899	0
POW_A_2000.csv-POW_B_1_2000.csv	1	200	0.01	0.01	3	16	8192	20	2026-04-17_10:04:31	2026-04-17_10:04:44	13.34343671798706	100	4	799896	0
POW_A_2000.csv-POW_B_1_2000.csv	1	200	0.01	0.01	3	16	8192	20	2026-04-17_10:04:44	2026-04-17_10:04:58	13.44882583618164	100	9	799891	0
POW_A_5000.csv-POW_B_1_5000.csv	1	200	0.01	0.01	3	16	8192	20	2026-04-17_10:05:16	2026-04-17_10:07:24	128.11821484565735	250	4	4999746	0
POW_A_5000.csv-POW_B_1_5000.csv	1	200	0.01	0.01	3	16	8192	20	2026-04-17_10:07:24	2026-04-17_10:09:35	131.3150794506073	250	4	4999746	0
POW_A_5000.csv-POW_B_1_5000.csv	1	200	0.01	0.01	3	16	8192	20	2026-04-17_10:09:35	2026-04-17_10:11:32	116.57481694221497	250	6	4999744	0
POW_A_20000.csv-POW_B_1_20000.csv	1	200	0.01	0.01	3	16	8192	20	2026-04-17_10:11:50	2026-04-17_10:52:10	2419.3887991905212	1000	15	79998985	0
POW_A_20000.csv-POW_B_1_20000.csv	1	200	0.01	0.01	3	16	8192	20	2026-04-17_10:52:10	2026-04-17_11:21:39	1769.823729276657	1000	2512	79996488	0
POW_A_20000.csv-POW_B_1_20000.csv	1	200	0.01	0.01	3	16	8192	20	2026-04-17_11:21:40	2026-04-17_11:49:20	1660.5747866630554	1000	13	79998987	0
POW_A_2000.csv-POW_B_1_2000.csv	1	200	0.01	0.01	3	8	8192	5	2026-04-17_11:49:41	2026-04-17_11:49:51	10.529173374176025	100	21	799879	0
POW_A_2000.csv-POW_B_1_2000.csv	1	200	0.01	0.01	3	8	8192	5	2026-04-17_11:49:51	2026-04-17_11:50:00	8.58618450164795	100	11	799889	0
POW_A_2000.csv-POW_B_1_2000.csv	1	200	0.01	0.01	3	8	8192	5	2026-04-17_11:50:00	2026-04-17_11:50:09	8.799911737442017	100	5	799895	0
POW_A_5000.csv-POW_B_1_5000.csv	1	200	0.01	0.01	3	8	8192	5	2026-04-17_11:50:27	2026-04-17_11:51:32	64.74918818473816	250	4	4999746	0
POW_A_5000.csv-POW_B_1_5000.csv	1	200	0.01	0.01	3	8	8192	5	2026-04-17_11:51:32	2026-04-17_11:52:36	64.26029109954834	250	30	4999720	0
POW_A_5000.csv-POW_B_1_5000.csv	1	200	0.01	0.01	3	8	8192	5	2026-04-17_11:52:36	2026-04-17_11:53:34	57.74804639816284	250	4	4999746	0
POW_A_20000.csv-POW_B_1_20000.csv	1	200	0.01	0.01	3	8	8192	5	2026-04-17_11:53:52	2026-04-17_12:10:44	1012.2269616127014	1000	20	79998980	0
POW_A_20000.csv-POW_B_1_20000.csv	1	200	0.01	0.01	3	8	8192	5	2026-04-17_12:10:44	2026-04-17_12:27:32	1007.6760556697845	1000	27	79998973	0
POW_A_20000.csv-POW_B_1_20000.csv	1	200	0.01	0.01	3	8	8192	5	2026-04-17_12:27:33	2026-04-17_12:44:42	1029.1320118904114	1000	36	79998964	0
POW_A_2000.csv-POW_B_1_2000.csv	1	200	0.01	0.01	3	8	8192	10	2026-04-17_12:45:01	2026-04-17_12:45:14	12.983975410461426	100	36	799864	0
POW_A_2000.csv-POW_B_1_2000.csv	1	200	0.01	0.01	3	8	8192	10	2026-04-17_12:45:14	2026-04-17_12:45:26	11.512611865997314	100	5	799895	0
POW_A_2000.csv-POW_B_1_2000.csv	1	200	0.01	0.01	3	8	8192	10	2026-04-17_12:45:26	2026-04-17_12:45:39	13.395232915878296	100	5	799895	0
POW_A_5000.csv-POW_B_1_5000.csv	1	200	0.01	0.01	3	8	8192	10	2026-04-17_12:45:57	2026-04-17_12:47:18	80.80935788154602	250	11	4999739	0
POW_A_5000.csv-POW_B_1_5000.csv	1	200	0.01	0.01	3	8	8192	10	2026-04-17_12:47:18	2026-04-17_12:48:35	76.68872857093811	250	4	4999746	0
POW_A_5000.csv-POW_B_1_5000.csv	1	200	0.01	0.01	3	8	8192	10	2026-04-17_12:48:35	2026-04-17_12:49:49	74.56304836273193	250	6	4999744	0
POW_A_20000.csv-POW_B_1_20000.csv	1	200	0.01	0.01	3	8	8192	10	2026-04-17_12:50:07	2026-04-17_13:13:03	1376.1278998851776	1000	408	79998592	0
POW_A_20000.csv-POW_B_1_20000.csv	1	200	0.01	0.01	3	8	8192	10	2026-04-17_13:13:04	2026-04-17_13:36:29	1405.3530440330505	1000	14	79998986	0
POW_A_20000.csv-POW_B_1_20000.csv	1	200	0.01	0.01	3	8	8192	10	2026-04-17_13:36:29	2026-04-17_13:58:45	1335.50479722023	1000	30	79998970	0
POW_A_2000.csv-POW_B_1_2000.csv	1	200	0.01	0.01	3	8	8192	20	2026-04-17_13:59:05	2026-04-17_13:59:24	18.852712869644165	100	6	799894	0
POW_A_2000.csv-POW_B_1_2000.csv	1	200	0.01	0.01	3	8	8192	20	2026-04-17_13:59:24	2026-04-17_13:59:39	15.04642939567566	100	6	799894	0
POW_A_2000.csv-POW_B_1_2000.csv	1	200	0.01	0.01	3	8	8192	20	2026-04-17_13:59:39	2026-04-17_13:59:55	15.750164270401001	100	13	799887	0
POW_A_5000.csv-POW_B_1_5000.csv	1	200	0.01	0.01	3	8	8192	20	2026-04-17_14:00:13	2026-04-17_14:02:29	135.87865495681763	250	5	4999745	0
POW_A_5000.csv-POW_B_1_5000.csv	1	200	0.01	0.01	3	8	8192	20	2026-04-17_14:02:29	2026-04-17_14:04:32	122.93512225151062	250	6	4999744	0
POW_A_5000.csv-POW_B_1_5000.csv	1	200	0.01	0.01	3	8	8192	20	2026-04-17_14:04:32	2026-04-17_14:06:34	121.87313532829285	250	28	4999722	0
POW_A_20000.csv-POW_B_1_20000.csv	1	200	0.01	0.01	3	8	8192	20	2026-04-17_14:06:52	2026-04-17_14:40:55	2043.5308783054352	1000	13	79998987	0
POW_A_20000.csv-POW_B_1_20000.csv	1	200	0.01	0.01	3	8	8192	20	2026-04-17_14:40:56	2026-04-17_15:14:07	1991.375313282013	1000	11	79998989	0
POW_A_20000.csv-POW_B_1_20000.csv	1	200	0.01	0.01	3	8	8192	20	2026-04-17_15:14:08	2026-04-17_15:47:57	2029.8626408576965	1000	570	79998430	0
POW_A_2000.csv-POW_B_1_2000.csv	1	200	0.01	0.01	3	4	8192	5	2026-04-17_15:48:17	2026-04-17_15:48:30	12.541998147964478	100	74	799826	0
POW_A_2000.csv-POW_B_1_2000.csv	1	200	0.01	0.01	3	4	8192	5	2026-04-17_15:48:30	2026-04-17_15:48:40	10.535943984985352	100	154	799746	0
POW_A_2000.csv-POW_B_1_2000.csv	1	200	0.01	0.01	3	4	8192	5	2026-04-17_15:48:40	2026-04-17_15:48:51	10.654458999633789	100	19	799881	0
POW_A_5000.csv-POW_B_1_5000.csv	1	200	0.01	0.01	3	4	8192	5	2026-04-17_15:49:09	2026-04-17_15:50:20	70.99302244186401	250	100	4999650	0
POW_A_5000.csv-POW_B_1_5000.csv	1	200	0.01	0.01	3	4	8192	5	2026-04-17_15:50:20	2026-04-17_15:51:28	67.22994923591614	250	418	4999332	0
POW_A_5000.csv-POW_B_1_5000.csv	1	200	0.01	0.01	3	4	8192	5	2026-04-17_15:51:28	2026-04-17_15:52:35	67.67379832267761	250	43	4999707	0
POW_A_20000.csv-POW_B_1_20000.csv	1	200	0.01	0.01	3	4	8192	5	2026-04-17_15:52:53	2026-04-17_16:13:47	1253.1520857810974	1000	37	79998963	0
POW_A_20000.csv-POW_B_1_20000.csv	1	200	0.01	0.01	3	4	8192	5	2026-04-17_16:13:47	2026-04-17_16:34:30	1242.7723989486694	1000	32	79998968	0
POW_A_20000.csv-POW_B_1_20000.csv	1	200	0.01	0.01	3	4	8192	5	2026-04-17_16:34:30	2026-04-17_16:55:26	1256.3196122646332	1000	22	79998978	0
POW_A_2000.csv-POW_B_1_2000.csv	1	200	0.01	0.01	3	4	8192	10	2026-04-17_16:55:47	2026-04-17_16:56:03	16.859639406204224	100	4	799896	0
POW_A_2000.csv-POW_B_1_2000.csv	1	200	0.01	0.01	3	4	8192	10	2026-04-17_16:56:04	2026-04-17_16:56:18	14.731952667236328	100	43	799857	0
POW_A_2000.csv-POW_B_1_2000.csv	1	200	0.01	0.01	3	4	8192	10	2026-04-17_16:56:18	2026-04-17_16:56:33	14.834393501281738	100	55	799845	0
POW_A_5000.csv-POW_B_1_5000.csv	1	200	0.01	0.01	3	4	8192	10	2026-04-17_16:56:51	2026-04-17_16:58:35	103.45983171463013	250	74	4999676	0
POW_A_5000.csv-POW_B_1_5000.csv	1	200	0.01	0.01	3	4	8192	10	2026-04-17_16:58:35	2026-04-17_17:00:14	99.59649777412415	250	6	4999744	0
POW_A_5000.csv-POW_B_1_5000.csv	1	200	0.01	0.01	3	4	8192	10	2026-04-17_17:00:15	2026-04-17_17:01:54	99.10333347320557	250	11	4999739	0
POW_A_20000.csv-POW_B_1_20000.csv	1	200	0.01	0.01	3	4	8192	10	2026-04-17_17:02:12	2026-04-17_17:31:07	1735.5104908943176	1000	18	79998982	0
POW_A_20000.csv-POW_B_1_20000.csv	1	200	0.01	0.01	3	4	8192	10	2026-04-17_17:31:07	2026-04-17_18:00:00	1732.3616263866425	1000	104	79998896	0
POW_A_20000.csv-POW_B_1_20000.csv	1	200	0.01	0.01	3	4	8192	10	2026-04-17_18:00:00	2026-04-17_18:28:38	1718.0531733036041	1000	19	79998981	0
POW_A_2000.csv-POW_B_1_2000.csv	1	200	0.01	0.01	3	4	8192	20	2026-04-17_18:28:59	2026-04-17_18:29:24	25.37269425392151	100	0	799900	0
POW_A_2000.csv-POW_B_1_2000.csv	1	200	0.01	0.01	3	4	8192	20	2026-04-17_18:29:24	2026-04-17_18:29:47	23.173147201538086	100	6	799894	0
POW_A_2000.csv-POW_B_1_2000.csv	1	200	0.01	0.01	3	4	8192	20	2026-04-17_18:29:47	2026-04-17_18:30:11	23.264172792434692	100	13	799887	0
POW_A_5000.csv-POW_B_1_5000.csv	1	200	0.01	0.01	3	4	8192	20	2026-04-17_18:30:29	2026-04-17_18:33:12	163.39067673683167	250	93	4999657	0
POW_A_5000.csv-POW_B_1_5000.csv	1	200	0.01	0.01	3	4	8192	20	2026-04-17_18:33:12	2026-04-17_18:35:53	160.90195775032043	250	104	4999646	0
POW_A_5000.csv-POW_B_1_5000.csv	1	200	0.01	0.01	3	4	8192	20	2026-04-17_18:35:53	2026-04-17_18:38:34	161.18762612342834	250	3	4999747	0
POW_A_20000.csv-POW_B_1_20000.csv	1	200	0.01	0.01	3	4	8192	20	2026-04-17_18:38:52	2026-04-17_19:23:17	2664.7345838546753	1000	12	79998988	0
POW_A_20000.csv-POW_B_1_20000.csv	1	200	0.01	0.01	3	4	8192	20	2026-04-17_19:23:17	2026-04-17_20:09:01	2743.362585544586	1000	55	79998945	0
POW_A_20000.csv-POW_B_1_20000.csv	1	200	0.01	0.01	3	4	8192	20	2026-04-17_20:09:01	2026-04-17_20:54:31	2729.439162492752	1000	62	79998938	0
POW_A_2000.csv-POW_B_1_2000.csv	1	200	0.01	0.1	1	16	8192	5	2026-04-17_20:54:51	2026-04-17_20:55:01	10.224327564239502	100	34	799866	0
POW_A_2000.csv-POW_B_1_2000.csv	1	200	0.01	0.1	1	16	8192	5	2026-04-17_20:55:01	2026-04-17_20:55:08	7.01913595199585	100	58	799842	0
POW_A_2000.csv-POW_B_1_2000.csv	1	200	0.01	0.1	1	16	8192	5	2026-04-17_20:55:08	2026-04-17_20:55:15	6.998595952987671	100	67	799833	0
POW_A_5000.csv-POW_B_1_5000.csv	1	200	0.01	0.1	1	16	8192	5	2026-04-17_20:55:33	2026-04-17_20:56:27	54.152228355407715	250	284	4999466	0
POW_A_5000.csv-POW_B_1_5000.csv	1	200	0.01	0.1	1	16	8192	5	2026-04-17_20:56:27	2026-04-17_20:57:15	47.66533064842224	250	129	4999621	0
POW_A_5000.csv-POW_B_1_5000.csv	1	200	0.01	0.1	1	16	8192	5	2026-04-17_20:57:15	2026-04-17_20:58:05	49.81564712524414	250	227	4999523	0
POW_A_20000.csv-POW_B_1_20000.csv	1	200	0.01	0.1	1	16	8192	5	2026-04-17_20:58:23	2026-04-17_21:12:06	822.8726561069489	1000	550	79998450	0
POW_A_20000.csv-POW_B_1_20000.csv	1	200	0.01	0.1	1	16	8192	5	2026-04-17_21:12:06	2026-04-17_21:27:41	934.8722598552704	1000	610	79998390	0
POW_A_20000.csv-POW_B_1_20000.csv	1	200	0.01	0.1	1	16	8192	5	2026-04-17_21:27:41	2026-04-17_21:42:42	900.8728377819061	1000	641	79998359	0
POW_A_2000.csv-POW_B_1_2000.csv	1	200	0.01	0.1	1	16	8192	10	2026-04-17_21:43:02	2026-04-17_21:43:11	9.047796487808228	100	46	799854	0
POW_A_2000.csv-POW_B_1_2000.csv	1	200	0.01	0.1	1	16	8192	10	2026-04-17_21:43:11	2026-04-17_21:43:21	9.603776216506958	100	44	799856	0
POW_A_2000.csv-POW_B_1_2000.csv	1	200	0.01	0.1	1	16	8192	10	2026-04-17_21:43:21	2026-04-17_21:43:30	9.656891345977783	100	30	799870	0
POW_A_5000.csv-POW_B_1_5000.csv	1	200	0.01	0.1	1	16	8192	10	2026-04-17_21:43:48	2026-04-17_21:44:52	63.601569175720215	250	158	4999592	0
POW_A_5000.csv-POW_B_1_5000.csv	1	200	0.01	0.1	1	16	8192	10	2026-04-17_21:44:52	2026-04-17_21:45:42	50.22785925865173	250	118	4999632	0
POW_A_5000.csv-POW_B_1_5000.csv	1	200	0.01	0.1	1	16	8192	10	2026-04-17_21:45:42	2026-04-17_21:46:43	60.372721910476685	250	160	4999590	0
POW_A_20000.csv-POW_B_1_20000.csv	1	200	0.01	0.1	1	16	8192	10	2026-04-17_21:47:01	2026-04-17_22:02:38	936.8981287479401	1000	2277	79996723	0
POW_A_20000.csv-POW_B_1_20000.csv	1	200	0.01	0.1	1	16	8192	10	2026-04-17_22:02:38	2026-04-17_22:20:07	1048.9831802845001	1000	406	79998594	0
POW_A_20000.csv-POW_B_1_20000.csv	1	200	0.01	0.1	1	16	8192	10	2026-04-17_22:20:07	2026-04-17_22:35:31	923.2613792419434	1000	781	79998219	0
POW_A_2000.csv-POW_B_1_2000.csv	1	200	0.01	0.1	1	16	8192	20	2026-04-17_22:35:51	2026-04-17_22:36:02	11.702387571334839	100	20	799880	0
POW_A_2000.csv-POW_B_1_2000.csv	1	200	0.01	0.1	1	16	8192	20	2026-04-17_22:36:02	2026-04-17_22:36:12	9.634768962860107	100	18	799882	0
POW_A_2000.csv-POW_B_1_2000.csv	1	200	0.01	0.1	1	16	8192	20	2026-04-17_22:36:12	2026-04-17_22:36:22	9.596994400024414	100	36	799864	0
POW_A_5000.csv-POW_B_1_5000.csv	1	200	0.01	0.1	1	16	8192	20	2026-04-17_22:36:40	2026-04-17_22:37:59	79.12208366394043	250	109	4999641	0
POW_A_5000.csv-POW_B_1_5000.csv	1	200	0.01	0.1	1	16	8192	20	2026-04-17_22:37:59	2026-04-17_22:39:15	76.26492404937744	250	118	4999632	0
POW_A_5000.csv-POW_B_1_5000.csv	1	200	0.01	0.1	1	16	8192	20	2026-04-17_22:39:15	2026-04-17_22:40:40	84.59707188606262	250	177	4999573	0
POW_A_20000.csv-POW_B_1_20000.csv	1	200	0.01	0.1	1	16	8192	20	2026-04-17_22:40:58	2026-04-17_23:17:12	2174.4568617343903	1000	7479	79991521	0
POW_A_20000.csv-POW_B_1_20000.csv	1	200	0.01	0.1	1	16	8192	20	2026-04-17_23:17:13	2026-04-17_23:42:40	1526.8494346141815	1000	1388	79997612	0
POW_A_20000.csv-POW_B_1_20000.csv	1	200	0.01	0.1	1	16	8192	20	2026-04-17_23:42:40	2026-04-18_00:02:24	1183.8302524089813	1000	1324	79997676	0
POW_A_2000.csv-POW_B_1_2000.csv	1	200	0.01	0.1	1	8	8192	5	2026-04-18_00:02:44	2026-04-18_00:02:53	8.9258291721344	100	56	799844	0
POW_A_2000.csv-POW_B_1_2000.csv	1	200	0.01	0.1	1	8	8192	5	2026-04-18_00:02:53	2026-04-18_00:03:01	7.459374666213989	100	210	799690	0
POW_A_2000.csv-POW_B_1_2000.csv	1	200	0.01	0.1	1	8	8192	5	2026-04-18_00:03:01	2026-04-18_00:03:09	7.9136903285980225	100	47	799853	0
POW_A_5000.csv-POW_B_1_5000.csv	1	200	0.01	0.1	1	8	8192	5	2026-04-18_00:03:27	2026-04-18_00:04:20	52.8058807849884	250	239	4999511	0
POW_A_5000.csv-POW_B_1_5000.csv	1	200	0.01	0.1	1	8	8192	5	2026-04-18_00:04:20	2026-04-18_00:05:08	48.63756322860718	250	108	4999642	0
POW_A_5000.csv-POW_B_1_5000.csv	1	200	0.01	0.1	1	8	8192	5	2026-04-18_00:05:08	2026-04-18_00:05:57	49.01819705963135	250	1106	4998644	0
POW_A_20000.csv-POW_B_1_20000.csv	1	200	0.01	0.1	1	8	8192	5	2026-04-18_00:06:15	2026-04-18_00:22:15	959.5250060558319	1000	617	79998383	0
POW_A_20000.csv-POW_B_1_20000.csv	1	200	0.01	0.1	1	8	8192	5	2026-04-18_00:22:15	2026-04-18_00:38:05	950.1164836883545	1000	915	79998085	0
POW_A_20000.csv-POW_B_1_20000.csv	1	200	0.01	0.1	1	8	8192	5	2026-04-18_00:38:06	2026-04-18_00:53:41	935.4717493057251	1000	1520	79997480	0
POW_A_2000.csv-POW_B_1_2000.csv	1	200	0.01	0.1	1	8	8192	10	2026-04-18_00:54:01	2026-04-18_00:54:11	10.5827054977417	100	66	799834	0
POW_A_2000.csv-POW_B_1_2000.csv	1	200	0.01	0.1	1	8	8192	10	2026-04-18_00:54:11	2026-04-18_00:54:20	8.54758358001709	100	40	799860	0
POW_A_2000.csv-POW_B_1_2000.csv	1	200	0.01	0.1	1	8	8192	10	2026-04-18_00:54:20	2026-04-18_00:54:28	8.387596130371094	100	57	799843	0
POW_A_5000.csv-POW_B_1_5000.csv	1	200	0.01	0.1	1	8	8192	10	2026-04-18_00:54:46	2026-04-18_00:55:51	64.48258829116821	250	221	4999529	0
POW_A_5000.csv-POW_B_1_5000.csv	1	200	0.01	0.1	1	8	8192	10	2026-04-18_00:55:51	2026-04-18_00:56:50	59.234219789505005	250	227	4999523	0
POW_A_5000.csv-POW_B_1_5000.csv	1	200	0.01	0.1	1	8	8192	10	2026-04-18_00:56:50	2026-04-18_00:57:50	59.583324670791626	250	215	4999535	0
POW_A_20000.csv-POW_B_1_20000.csv	1	200	0.01	0.1	1	8	8192	10	2026-04-18_00:58:08	2026-04-18_01:15:31	1043.1887247562408	1000	512	79998488	0
POW_A_20000.csv-POW_B_1_20000.csv	1	200	0.01	0.1	1	8	8192	10	2026-04-18_01:15:31	2026-04-18_01:33:26	1074.606602191925	1000	552	79998448	0
POW_A_20000.csv-POW_B_1_20000.csv	1	200	0.01	0.1	1	8	8192	10	2026-04-18_01:33:26	2026-04-18_01:51:18	1071.9496231079102	1000	599	79998401	0
POW_A_2000.csv-POW_B_1_2000.csv	1	200	0.01	0.1	1	8	8192	20	2026-04-18_01:51:39	2026-04-18_01:51:52	13.333011865615845	100	35	799865	0
POW_A_2000.csv-POW_B_1_2000.csv	1	200	0.01	0.1	1	8	8192	20	2026-04-18_01:51:52	2026-04-18_01:52:04	11.75938892364502	100	30	799870	0
POW_A_2000.csv-POW_B_1_2000.csv	1	200	0.01	0.1	1	8	8192	20	2026-04-18_01:52:04	2026-04-18_01:52:18	14.269964933395386	100	25	799875	0
POW_A_5000.csv-POW_B_1_5000.csv	1	200	0.01	0.1	1	8	8192	20	2026-04-18_01:52:36	2026-04-18_01:53:52	75.21224451065063	250	170	4999580	0
POW_A_5000.csv-POW_B_1_5000.csv	1	200	0.01	0.1	1	8	8192	20	2026-04-18_01:53:52	2026-04-18_01:55:13	81.49295854568481	250	143	4999607	0
POW_A_5000.csv-POW_B_1_5000.csv	1	200	0.01	0.1	1	8	8192	20	2026-04-18_01:55:13	2026-04-18_01:56:40	87.21008491516113	250	115	4999635	0
POW_A_20000.csv-POW_B_1_20000.csv	1	200	0.01	0.1	1	8	8192	20	2026-04-18_01:56:59	2026-04-18_02:24:03	1624.7030730247498	1000	1549	79997451	0
POW_A_20000.csv-POW_B_1_20000.csv	1	200	0.01	0.1	1	8	8192	20	2026-04-18_02:24:03	2026-04-18_02:48:04	1440.3955068588257	999	732	79998268	1
POW_A_20000.csv-POW_B_1_20000.csv	1	200	0.01	0.1	1	8	8192	20	2026-04-18_02:48:04	2026-04-18_03:10:19	1335.3865008354187	1000	411	79998589	0
POW_A_2000.csv-POW_B_1_2000.csv	1	200	0.01	0.1	1	4	8192	5	2026-04-18_03:10:39	2026-04-18_03:10:49	10.325916290283203	100	188	799712	0
POW_A_2000.csv-POW_B_1_2000.csv	1	200	0.01	0.1	1	4	8192	5	2026-04-18_03:10:49	2026-04-18_03:10:57	8.383148193359375	100	216	799684	0
POW_A_2000.csv-POW_B_1_2000.csv	1	200	0.01	0.1	1	4	8192	5	2026-04-18_03:10:57	2026-04-18_03:11:06	8.617222547531128	100	37	799863	0
POW_A_5000.csv-POW_B_1_5000.csv	1	200	0.01	0.1	1	4	8192	5	2026-04-18_03:11:24	2026-04-18_03:12:22	58.117852210998535	250	638	4999112	0
POW_A_5000.csv-POW_B_1_5000.csv	1	200	0.01	0.1	1	4	8192	5	2026-04-18_03:12:22	2026-04-18_03:13:18	55.42617440223694	250	142	4999608	0
POW_A_5000.csv-POW_B_1_5000.csv	1	200	0.01	0.1	1	4	8192	5	2026-04-18_03:13:18	2026-04-18_03:14:12	54.36782646179199	250	431	4999319	0
POW_A_20000.csv-POW_B_1_20000.csv	1	200	0.01	0.1	1	4	8192	5	2026-04-18_03:14:30	2026-04-18_03:30:32	961.7286171913147	1000	789	79998211	0
POW_A_20000.csv-POW_B_1_20000.csv	1	200	0.01	0.1	1	4	8192	5	2026-04-18_03:30:32	2026-04-18_03:46:52	979.7910780906677	1000	828	79998172	0
POW_A_20000.csv-POW_B_1_20000.csv	1	200	0.01	0.1	1	4	8192	5	2026-04-18_03:46:53	2026-04-18_04:02:41	948.6118469238281	1000	758	79998242	0
POW_A_2000.csv-POW_B_1_2000.csv	1	200	0.01	0.1	1	4	8192	10	2026-04-18_04:03:01	2026-04-18_04:03:13	12.045053958892822	100	146	799754	0
POW_A_2000.csv-POW_B_1_2000.csv	1	200	0.01	0.1	1	4	8192	10	2026-04-18_04:03:13	2026-04-18_04:03:24	10.967414855957031	100	142	799758	0
POW_A_2000.csv-POW_B_1_2000.csv	1	200	0.01	0.1	1	4	8192	10	2026-04-18_04:03:24	2026-04-18_04:03:35	10.937478065490723	100	466	799434	0
POW_A_5000.csv-POW_B_1_5000.csv	1	200	0.01	0.1	1	4	8192	10	2026-04-18_04:03:53	2026-04-18_04:05:05	71.58432197570801	250	199	4999551	0
POW_A_5000.csv-POW_B_1_5000.csv	1	200	0.01	0.1	1	4	8192	10	2026-04-18_04:05:05	2026-04-18_04:06:14	69.01907181739807	250	342	4999408	0
POW_A_5000.csv-POW_B_1_5000.csv	1	200	0.01	0.1	1	4	8192	10	2026-04-18_04:06:14	2026-04-18_04:07:24	69.86693167686462	250	454	4999296	0
POW_A_20000.csv-POW_B_1_20000.csv	1	200	0.01	0.1	1	4	8192	10	2026-04-18_04:07:42	2026-04-18_04:28:24	1242.4208438396454	1000	1165	79997835	0
POW_A_20000.csv-POW_B_1_20000.csv	1	200	0.01	0.1	1	4	8192	10	2026-04-18_04:28:25	2026-04-18_04:49:06	1241.708343744278	1000	1322	79997678	0
POW_A_20000.csv-POW_B_1_20000.csv	1	200	0.01	0.1	1	4	8192	10	2026-04-18_04:49:07	2026-04-18_05:09:34	1227.2630519866943	1000	606	79998394	0
POW_A_2000.csv-POW_B_1_2000.csv	1	200	0.01	0.1	1	4	8192	20	2026-04-18_05:09:54	2026-04-18_05:10:11	16.76224660873413	100	142	799758	0
POW_A_2000.csv-POW_B_1_2000.csv	1	200	0.01	0.1	1	4	8192	20	2026-04-18_05:10:11	2026-04-18_05:10:25	14.267414331436157	100	288	799612	0
POW_A_2000.csv-POW_B_1_2000.csv	1	200	0.01	0.1	1	4	8192	20	2026-04-18_05:10:25	2026-04-18_05:10:41	16.03642463684082	100	153	799747	0
POW_A_5000.csv-POW_B_1_5000.csv	1	200	0.01	0.1	1	4	8192	20	2026-04-18_05:11:00	2026-04-18_05:12:43	103.63380479812622	250	159	4999591	0
POW_A_5000.csv-POW_B_1_5000.csv	1	200	0.01	0.1	1	4	8192	20	2026-04-18_05:12:43	2026-04-18_05:14:21	98.15174698829651	250	108	4999642	0
POW_A_5000.csv-POW_B_1_5000.csv	1	200	0.01	0.1	1	4	8192	20	2026-04-18_05:14:22	2026-04-18_05:16:01	99.38244724273682	250	135	4999615	0
POW_A_20000.csv-POW_B_1_20000.csv	1	200	0.01	0.1	1	4	8192	20	2026-04-18_05:16:19	2026-04-18_05:46:13	1793.8796169757843	1000	728	79998272	0
POW_A_20000.csv-POW_B_1_20000.csv	1	200	0.01	0.1	1	4	8192	20	2026-04-18_05:46:13	2026-04-18_06:17:16	1863.4256336688995	1000	628	79998372	0
POW_A_20000.csv-POW_B_1_20000.csv	1	200	0.01	0.1	1	4	8192	20	2026-04-18_06:17:17	2026-04-18_06:47:15	1797.9187333583832	1000	634	79998366	0
POW_A_2000.csv-POW_B_1_2000.csv	1	200	0.01	0.1	2	16	8192	5	2026-04-18_06:47:34	2026-04-18_06:47:44	9.66905927658081	100	62	799838	0
POW_A_2000.csv-POW_B_1_2000.csv	1	200	0.01	0.1	2	16	8192	5	2026-04-18_06:47:44	2026-04-18_06:47:51	7.5005457401275635	100	83	799817	0
POW_A_2000.csv-POW_B_1_2000.csv	1	200	0.01	0.1	2	16	8192	5	2026-04-18_06:47:52	2026-04-18_06:47:59	7.498901128768921	100	59	799841	0
POW_A_5000.csv-POW_B_1_5000.csv	1	200	0.01	0.1	2	16	8192	5	2026-04-18_06:48:17	2026-04-18_06:49:16	59.307861328125	250	171	4999579	0
POW_A_5000.csv-POW_B_1_5000.csv	1	200	0.01	0.1	2	16	8192	5	2026-04-18_06:49:16	2026-04-18_06:50:10	53.056203842163086	250	310	4999440	0
POW_A_5000.csv-POW_B_1_5000.csv	1	200	0.01	0.1	2	16	8192	5	2026-04-18_06:50:10	2026-04-18_06:51:04	54.68266296386719	250	155	4999595	0
POW_A_20000.csv-POW_B_1_20000.csv	1	200	0.01	0.1	2	16	8192	5	2026-04-18_06:51:22	2026-04-18_07:07:11	948.535736322403	1000	1828	79997172	0
POW_A_20000.csv-POW_B_1_20000.csv	1	200	0.01	0.1	2	16	8192	5	2026-04-18_07:07:11	2026-04-18_07:23:11	959.4417161941528	1000	332	79998668	0
POW_A_20000.csv-POW_B_1_20000.csv	1	200	0.01	0.1	2	16	8192	5	2026-04-18_07:23:11	2026-04-18_07:40:52	1060.7373485565186	999	3611	79995389	1
POW_A_2000.csv-POW_B_1_2000.csv	1	200	0.01	0.1	2	16	8192	10	2026-04-18_07:41:11	2026-04-18_07:41:22	10.957129001617432	100	44	799856	0
POW_A_2000.csv-POW_B_1_2000.csv	1	200	0.01	0.1	2	16	8192	10	2026-04-18_07:41:22	2026-04-18_07:41:31	8.853187799453735	100	34	799866	0
POW_A_2000.csv-POW_B_1_2000.csv	1	200	0.01	0.1	2	16	8192	10	2026-04-18_07:41:31	2026-04-18_07:41:40	8.835541725158691	100	35	799865	0
POW_A_5000.csv-POW_B_1_5000.csv	1	200	0.01	0.1	2	16	8192	10	2026-04-18_07:41:58	2026-04-18_07:43:11	72.63918352127075	250	143	4999607	0
POW_A_5000.csv-POW_B_1_5000.csv	1	200	0.01	0.1	2	16	8192	10	2026-04-18_07:43:11	2026-04-18_07:44:15	63.89103841781616	250	119	4999631	0
POW_A_5000.csv-POW_B_1_5000.csv	1	200	0.01	0.1	2	16	8192	10	2026-04-18_07:44:15	2026-04-18_07:45:22	67.0482530593872	250	132	4999618	0
POW_A_20000.csv-POW_B_1_20000.csv	1	200	0.01	0.1	2	16	8192	10	2026-04-18_07:45:40	2026-04-18_08:03:46	1085.8311228752136	1000	745	79998255	0
POW_A_20000.csv-POW_B_1_20000.csv	1	200	0.01	0.1	2	16	8192	10	2026-04-18_08:03:46	2026-04-18_08:24:15	1229.16716837883	1000	4111	79994889	0
POW_A_20000.csv-POW_B_1_20000.csv	1	200	0.01	0.1	2	16	8192	10	2026-04-18_08:24:16	2026-04-18_08:42:00	1064.3556349277496	1000	270	79998730	0
POW_A_2000.csv-POW_B_1_2000.csv	1	200	0.01	0.1	2	16	8192	20	2026-04-18_08:42:20	2026-04-18_08:42:32	12.550145626068115	100	38	799862	0
POW_A_2000.csv-POW_B_1_2000.csv	1	200	0.01	0.1	2	16	8192	20	2026-04-18_08:42:32	2026-04-18_08:42:44	11.242719650268555	100	19	799881	0
POW_A_2000.csv-POW_B_1_2000.csv	1	200	0.01	0.1	2	16	8192	20	2026-04-18_08:42:44	2026-04-18_08:42:55	11.261300325393677	100	12	799888	0
POW_A_5000.csv-POW_B_1_5000.csv	1	200	0.01	0.1	2	16	8192	20	2026-04-18_08:43:13	2026-04-18_08:44:44	90.66341018676758	250	130	4999620	0
POW_A_5000.csv-POW_B_1_5000.csv	1	200	0.01	0.1	2	16	8192	20	2026-04-18_08:44:44	2026-04-18_08:46:27	103.5299379825592	250	101	4999649	0
POW_A_5000.csv-POW_B_1_5000.csv	1	200	0.01	0.1	2	16	8192	20	2026-04-18_08:46:27	2026-04-18_08:48:03	95.68057370185852	250	50	4999700	0
POW_A_20000.csv-POW_B_1_20000.csv	1	200	0.01	0.1	2	16	8192	20	2026-04-18_08:48:21	2026-04-18_09:14:06	1545.3413197994232	1000	4778	79994222	0
POW_A_20000.csv-POW_B_1_20000.csv	1	200	0.01	0.1	2	16	8192	20	2026-04-18_09:14:07	2026-04-18_09:46:07	1920.792679309845	1000	941	79998059	0
POW_A_20000.csv-POW_B_1_20000.csv	1	200	0.01	0.1	2	16	8192	20	2026-04-18_09:46:09	2026-04-18_10:22:42	2193.21063375473	1000	2201	79996799	0
POW_A_2000.csv-POW_B_1_2000.csv	1	200	0.01	0.1	2	8	8192	5	2026-04-18_10:23:02	2026-04-18_10:23:12	10.117343425750732	100	125	799775	0
POW_A_2000.csv-POW_B_1_2000.csv	1	200	0.01	0.1	2	8	8192	5	2026-04-18_10:23:12	2026-04-18_10:23:21	8.891737461090088	100	118	799782	0
POW_A_2000.csv-POW_B_1_2000.csv	1	200	0.01	0.1	2	8	8192	5	2026-04-18_10:23:21	2026-04-18_10:23:30	8.796201467514038	100	265	799635	0
POW_A_5000.csv-POW_B_1_5000.csv	1	200	0.01	0.1	2	8	8192	5	2026-04-18_10:23:48	2026-04-18_10:24:48	59.90285325050354	250	824	4998926	0
POW_A_5000.csv-POW_B_1_5000.csv	1	200	0.01	0.1	2	8	8192	5	2026-04-18_10:24:48	2026-04-18_10:25:41	53.094106912612915	250	243	4999507	0
POW_A_5000.csv-POW_B_1_5000.csv	1	200	0.01	0.1	2	8	8192	5	2026-04-18_10:25:41	2026-04-18_10:26:37	56.059120893478394	250	210	4999540	0
POW_A_20000.csv-POW_B_1_20000.csv	1	200	0.01	0.1	2	8	8192	5	2026-04-18_10:26:55	2026-04-18_10:42:51	955.2185969352722	1000	868	79998132	0
POW_A_20000.csv-POW_B_1_20000.csv	1	200	0.01	0.1	2	8	8192	5	2026-04-18_10:42:51	2026-04-18_10:58:44	953.5913500785828	1000	4424	79994576	0
POW_A_20000.csv-POW_B_1_20000.csv	1	200	0.01	0.1	2	8	8192	5	2026-04-18_10:58:45	2026-04-18_11:15:00	975.3975431919098	1000	1177	79997823	0
POW_A_2000.csv-POW_B_1_2000.csv	1	200	0.01	0.1	2	8	8192	10	2026-04-18_11:15:19	2026-04-18_11:15:32	12.110658645629883	100	86	799814	0
POW_A_2000.csv-POW_B_1_2000.csv	1	200	0.01	0.1	2	8	8192	10	2026-04-18_11:15:32	2026-04-18_11:15:42	9.919638395309448	100	72	799828	0
POW_A_2000.csv-POW_B_1_2000.csv	1	200	0.01	0.1	2	8	8192	10	2026-04-18_11:15:42	2026-04-18_11:15:53	10.89085578918457	100	78	799822	0
POW_A_5000.csv-POW_B_1_5000.csv	1	200	0.01	0.1	2	8	8192	10	2026-04-18_11:16:11	2026-04-18_11:17:25	74.32645153999329	250	181	4999569	0
POW_A_5000.csv-POW_B_1_5000.csv	1	200	0.01	0.1	2	8	8192	10	2026-04-18_11:17:25	2026-04-18_11:18:29	64.20146608352661	250	57	4999693	0
POW_A_5000.csv-POW_B_1_5000.csv	1	200	0.01	0.1	2	8	8192	10	2026-04-18_11:18:29	2026-04-18_11:19:36	66.55727863311768	250	130	4999620	0
POW_A_20000.csv-POW_B_1_20000.csv	1	200	0.01	0.1	2	8	8192	10	2026-04-18_11:19:54	2026-04-18_11:40:37	1242.6577188968658	1000	929	79998071	0
POW_A_20000.csv-POW_B_1_20000.csv	1	200	0.01	0.1	2	8	8192	10	2026-04-18_11:40:37	2026-04-18_11:59:40	1143.3072774410248	1000	5204	79993796	0
POW_A_20000.csv-POW_B_1_20000.csv	1	200	0.01	0.1	2	8	8192	10	2026-04-18_11:59:41	2026-04-18_12:19:22	1181.1303369998932	1000	752	79998248	0
POW_A_2000.csv-POW_B_1_2000.csv	1	200	0.01	0.1	2	8	8192	20	2026-04-18_12:19:42	2026-04-18_12:19:58	16.332277536392212	100	30	799870	0
POW_A_2000.csv-POW_B_1_2000.csv	1	200	0.01	0.1	2	8	8192	20	2026-04-18_12:19:58	2026-04-18_12:20:11	13.105396747589111	100	38	799862	0
POW_A_2000.csv-POW_B_1_2000.csv	1	200	0.01	0.1	2	8	8192	20	2026-04-18_12:20:11	2026-04-18_12:20:25	13.38985538482666	100	17	799883	0
POW_A_5000.csv-POW_B_1_5000.csv	1	200	0.01	0.1	2	8	8192	20	2026-04-18_12:20:43	2026-04-18_12:22:18	94.89315128326416	250	120	4999630	0
POW_A_5000.csv-POW_B_1_5000.csv	1	200	0.01	0.1	2	8	8192	20	2026-04-18_12:22:18	2026-04-18_12:24:05	107.33507418632507	250	62	4999688	0
POW_A_5000.csv-POW_B_1_5000.csv	1	200	0.01	0.1	2	8	8192	20	2026-04-18_12:24:05	2026-04-18_12:25:37	91.32853317260742	250	74	4999676	0
POW_A_20000.csv-POW_B_1_20000.csv	1	200	0.01	0.1	2	8	8192	20	2026-04-18_12:25:55	2026-04-18_12:55:37	1782.5604803562164	1000	856	79998144	0
POW_A_20000.csv-POW_B_1_20000.csv	1	200	0.01	0.1	2	8	8192	20	2026-04-18_12:55:37	2026-04-18_13:29:45	2047.7334320545197	1000	604	79998396	0
POW_A_20000.csv-POW_B_1_20000.csv	1	200	0.01	0.1	2	8	8192	20	2026-04-18_13:29:46	2026-04-18_13:57:19	1653.347068786621	1000	2453	79996547	0
POW_A_2000.csv-POW_B_1_2000.csv	1	200	0.01	0.1	2	4	8192	5	2026-04-18_13:57:39	2026-04-18_13:57:51	11.546530723571777	100	99	799801	0
POW_A_2000.csv-POW_B_1_2000.csv	1	200	0.01	0.1	2	4	8192	5	2026-04-18_13:57:51	2026-04-18_13:58:00	9.345034122467041	100	605	799295	0
POW_A_2000.csv-POW_B_1_2000.csv	1	200	0.01	0.1	2	4	8192	5	2026-04-18_13:58:00	2026-04-18_13:58:09	9.462759971618652	100	257	799643	0
POW_A_5000.csv-POW_B_1_5000.csv	1	200	0.01	0.1	2	4	8192	5	2026-04-18_13:58:28	2026-04-18_13:59:30	62.938334226608276	250	164	4999586	0
POW_A_5000.csv-POW_B_1_5000.csv	1	200	0.01	0.1	2	4	8192	5	2026-04-18_13:59:31	2026-04-18_14:00:31	60.1494665145874	250	409	4999341	0
POW_A_5000.csv-POW_B_1_5000.csv	1	200	0.01	0.1	2	4	8192	5	2026-04-18_14:00:31	2026-04-18_14:01:30	59.69507169723511	250	539	4999211	0
POW_A_20000.csv-POW_B_1_20000.csv	1	200	0.01	0.1	2	4	8192	5	2026-04-18_14:01:49	2026-04-18_14:19:23	1054.1626951694489	1000	759	79998241	0
POW_A_20000.csv-POW_B_1_20000.csv	1	200	0.01	0.1	2	4	8192	5	2026-04-18_14:19:23	2026-04-18_14:37:13	1070.2734286785126	1000	2703	79996297	0
POW_A_20000.csv-POW_B_1_20000.csv	1	200	0.01	0.1	2	4	8192	5	2026-04-18_14:37:13	2026-04-18_14:54:45	1051.2162449359894	1000	1513	79997487	0
POW_A_2000.csv-POW_B_1_2000.csv	1	200	0.01	0.1	2	4	8192	10	2026-04-18_14:55:05	2026-04-18_14:55:20	15.038617372512817	100	136	799764	0
POW_A_2000.csv-POW_B_1_2000.csv	1	200	0.01	0.1	2	4	8192	10	2026-04-18_14:55:20	2026-04-18_14:55:32	12.233831405639648	100	107	799793	0
POW_A_2000.csv-POW_B_1_2000.csv	1	200	0.01	0.1	2	4	8192	10	2026-04-18_14:55:33	2026-04-18_14:55:45	12.279763460159302	100	118	799782	0
POW_A_5000.csv-POW_B_1_5000.csv	1	200	0.01	0.1	2	4	8192	10	2026-04-18_14:56:03	2026-04-18_14:57:26	82.86417412757874	250	121	4999629	0
POW_A_5000.csv-POW_B_1_5000.csv	1	200	0.01	0.1	2	4	8192	10	2026-04-18_14:57:26	2026-04-18_14:58:48	81.7366111278534	250	58	4999692	0
POW_A_5000.csv-POW_B_1_5000.csv	1	200	0.01	0.1	2	4	8192	10	2026-04-18_14:58:48	2026-04-18_15:00:09	81.32317566871643	250	154	4999596	0
POW_A_20000.csv-POW_B_1_20000.csv	1	200	0.01	0.1	2	4	8192	10	2026-04-18_15:00:27	2026-04-18_15:24:21	1434.3826439380646	1000	551	79998449	0
POW_A_20000.csv-POW_B_1_20000.csv	1	200	0.01	0.1	2	4	8192	10	2026-04-18_15:24:22	2026-04-18_15:48:10	1427.8752505779266	1000	852	79998148	0
POW_A_20000.csv-POW_B_1_20000.csv	1	200	0.01	0.1	2	4	8192	10	2026-04-18_15:48:10	2026-04-18_16:12:14	1443.8346014022827	1000	812	79998188	0
POW_A_2000.csv-POW_B_1_2000.csv	1	200	0.01	0.1	2	4	8192	20	2026-04-18_16:12:34	2026-04-18_16:12:54	19.91336750984192	100	68	799832	0
POW_A_2000.csv-POW_B_1_2000.csv	1	200	0.01	0.1	2	4	8192	20	2026-04-18_16:12:54	2026-04-18_16:13:12	18.23610210418701	100	22	799878	0
POW_A_2000.csv-POW_B_1_2000.csv	1	200	0.01	0.1	2	4	8192	20	2026-04-18_16:13:12	2026-04-18_16:13:31	18.262981414794922	100	14	799886	0
POW_A_5000.csv-POW_B_1_5000.csv	1	200	0.01	0.1	2	4	8192	20	2026-04-18_16:13:49	2026-04-18_16:15:56	126.787668466568	250	101	4999649	0
POW_A_5000.csv-POW_B_1_5000.csv	1	200	0.01	0.1	2	4	8192	20	2026-04-18_16:15:56	2026-04-18_16:18:00	123.9109377861023	250	157	4999593	0
POW_A_5000.csv-POW_B_1_5000.csv	1	200	0.01	0.1	2	4	8192	20	2026-04-18_16:18:00	2026-04-18_16:20:05	125.23050594329834	250	77	4999673	0
POW_A_20000.csv-POW_B_1_20000.csv	1	200	0.01	0.1	2	4	8192	20	2026-04-18_16:20:23	2026-04-18_16:56:18	2154.8408925533295	1000	1156	79997844	0
POW_A_20000.csv-POW_B_1_20000.csv	1	200	0.01	0.1	2	4	8192	20	2026-04-18_16:56:18	2026-04-18_17:33:53	2255.2368705272675	1000	2124	79996876	0
POW_A_20000.csv-POW_B_1_20000.csv	1	200	0.01	0.1	2	4	8192	20	2026-04-18_17:33:54	2026-04-18_18:10:09	2175.151683807373	1000	959	79998041	0
POW_A_2000.csv-POW_B_1_2000.csv	1	200	0.01	0.1	3	16	8192	5	2026-04-18_18:10:28	2026-04-18_18:10:38	10.121360301971436	100	39	799861	0
POW_A_2000.csv-POW_B_1_2000.csv	1	200	0.01	0.1	3	16	8192	5	2026-04-18_18:10:38	2026-04-18_18:10:46	8.02389907836914	100	49	799851	0
POW_A_2000.csv-POW_B_1_2000.csv	1	200	0.01	0.1	3	16	8192	5	2026-04-18_18:10:46	2026-04-18_18:10:55	8.027499675750732	100	47	799853	0
POW_A_5000.csv-POW_B_1_5000.csv	1	200	0.01	0.1	3	16	8192	5	2026-04-18_18:11:13	2026-04-18_18:12:17	64.87740111351013	250	158	4999592	0
POW_A_5000.csv-POW_B_1_5000.csv	1	200	0.01	0.1	3	16	8192	5	2026-04-18_18:12:18	2026-04-18_18:13:13	55.47531175613403	250	118	4999632	0
POW_A_5000.csv-POW_B_1_5000.csv	1	200	0.01	0.1	3	16	8192	5	2026-04-18_18:13:13	2026-04-18_18:14:06	53.2912654876709	250	181	4999569	0
POW_A_20000.csv-POW_B_1_20000.csv	1	200	0.01	0.1	3	16	8192	5	2026-04-18_18:14:24	2026-04-18_18:29:53	928.1335968971252	1000	2480	79996520	0
POW_A_20000.csv-POW_B_1_20000.csv	1	200	0.01	0.1	3	16	8192	5	2026-04-18_18:29:53	2026-04-18_18:45:32	939.0714664459229	1000	1477	79997523	0
POW_A_20000.csv-POW_B_1_20000.csv	1	200	0.01	0.1	3	16	8192	5	2026-04-18_18:45:33	2026-04-18_19:01:28	955.8985271453857	1000	349	79998651	0
POW_A_2000.csv-POW_B_1_2000.csv	1	200	0.01	0.1	3	16	8192	10	2026-04-18_19:01:48	2026-04-18_19:02:00	11.926797866821289	100	24	799876	0
POW_A_2000.csv-POW_B_1_2000.csv	1	200	0.01	0.1	3	16	8192	10	2026-04-18_19:02:00	2026-04-18_19:02:10	9.643826961517334	100	34	799866	0
POW_A_2000.csv-POW_B_1_2000.csv	1	200	0.01	0.1	3	16	8192	10	2026-04-18_19:02:10	2026-04-18_19:02:19	9.639990329742432	100	39	799861	0
POW_A_5000.csv-POW_B_1_5000.csv	1	200	0.01	0.1	3	16	8192	10	2026-04-18_19:02:37	2026-04-18_19:04:03	85.89460182189941	250	123	4999627	0
POW_A_5000.csv-POW_B_1_5000.csv	1	200	0.01	0.1	3	16	8192	10	2026-04-18_19:04:03	2026-04-18_19:05:21	77.62907004356384	250	246	4999504	0
POW_A_5000.csv-POW_B_1_5000.csv	1	200	0.01	0.1	3	16	8192	10	2026-04-18_19:05:21	2026-04-18_19:06:37	75.6072006225586	250	155	4999595	0
POW_A_20000.csv-POW_B_1_20000.csv	1	200	0.01	0.1	3	16	8192	10	2026-04-18_19:06:55	2026-04-18_19:26:19	1164.5131969451904	1000	4106	79994894	0
POW_A_20000.csv-POW_B_1_20000.csv	1	200	0.01	0.1	3	16	8192	10	2026-04-18_19:26:19	2026-04-18_19:46:05	1185.2157661914825	1000	690	79998310	0
POW_A_20000.csv-POW_B_1_20000.csv	1	200	0.01	0.1	3	16	8192	10	2026-04-18_19:46:05	2026-04-18_20:08:15	1330.539544582367	1000	3273	79995727	0
POW_A_2000.csv-POW_B_1_2000.csv	1	200	0.01	0.1	3	16	8192	20	2026-04-18_20:08:36	2026-04-18_20:08:51	15.383840799331665	100	15	799885	0
POW_A_2000.csv-POW_B_1_2000.csv	1	200	0.01	0.1	3	16	8192	20	2026-04-18_20:08:51	2026-04-18_20:09:04	13.19923710823059	100	44	799856	0
POW_A_2000.csv-POW_B_1_2000.csv	1	200	0.01	0.1	3	16	8192	20	2026-04-18_20:09:04	2026-04-18_20:09:18	13.268673181533813	100	19	799881	0
POW_A_5000.csv-POW_B_1_5000.csv	1	200	0.01	0.1	3	16	8192	20	2026-04-18_20:09:36	2026-04-18_20:11:52	136.07053184509277	250	96	4999654	0
POW_A_5000.csv-POW_B_1_5000.csv	1	200	0.01	0.1	3	16	8192	20	2026-04-18_20:11:52	2026-04-18_20:14:01	129.13139247894287	250	104	4999646	0
POW_A_5000.csv-POW_B_1_5000.csv	1	200	0.01	0.1	3	16	8192	20	2026-04-18_20:14:01	2026-04-18_20:16:09	127.92862629890442	250	101	4999649	0
POW_A_20000.csv-POW_B_1_20000.csv	1	200	0.01	0.1	3	16	8192	20	2026-04-18_20:16:27	2026-04-18_20:43:31	1623.748993396759	1000	3511	79995489	0
POW_A_20000.csv-POW_B_1_20000.csv	1	200	0.01	0.1	3	16	8192	20	2026-04-18_20:43:31	2026-04-18_21:12:15	1723.8912482261658	1000	436	79998564	0
POW_A_20000.csv-POW_B_1_20000.csv	1	200	0.01	0.1	3	16	8192	20	2026-04-18_21:12:15	2026-04-18_21:47:04	2089.0754911899567	1000	3937	79995063	0
POW_A_2000.csv-POW_B_1_2000.csv	1	200	0.01	0.1	3	8	8192	5	2026-04-18_21:47:24	2026-04-18_21:47:36	11.842588901519775	100	122	799778	0
POW_A_2000.csv-POW_B_1_2000.csv	1	200	0.01	0.1	3	8	8192	5	2026-04-18_21:47:36	2026-04-18_21:47:46	9.710391998291016	100	130	799770	0
POW_A_2000.csv-POW_B_1_2000.csv	1	200	0.01	0.1	3	8	8192	5	2026-04-18_21:47:46	2026-04-18_21:47:55	9.587152004241943	100	113	799787	0
POW_A_5000.csv-POW_B_1_5000.csv	1	200	0.01	0.1	3	8	8192	5	2026-04-18_21:48:14	2026-04-18_21:49:14	60.8048882484436	250	335	4999415	0
POW_A_5000.csv-POW_B_1_5000.csv	1	200	0.01	0.1	3	8	8192	5	2026-04-18_21:49:14	2026-04-18_21:50:10	55.638819456100464	250	121	4999629	0
POW_A_5000.csv-POW_B_1_5000.csv	1	200	0.01	0.1	3	8	8192	5	2026-04-18_21:50:10	2026-04-18_21:51:11	60.90909171104431	250	158	4999592	0
POW_A_20000.csv-POW_B_1_20000.csv	1	200	0.01	0.1	3	8	8192	5	2026-04-18_21:51:29	2026-04-18_22:07:45	975.8595898151398	1000	689	79998311	0
POW_A_20000.csv-POW_B_1_20000.csv	1	200	0.01	0.1	3	8	8192	5	2026-04-18_22:07:45	2026-04-18_22:25:39	1073.0332100391388	1000	8218	79990782	0
POW_A_20000.csv-POW_B_1_20000.csv	1	200	0.01	0.1	3	8	8192	5	2026-04-18_22:25:39	2026-04-18_22:42:51	1032.6577715873718	1000	2954	79996046	0
POW_A_2000.csv-POW_B_1_2000.csv	1	200	0.01	0.1	3	8	8192	10	2026-04-18_22:43:12	2026-04-18_22:43:25	12.949723958969116	100	19	799881	0
POW_A_2000.csv-POW_B_1_2000.csv	1	200	0.01	0.1	3	8	8192	10	2026-04-18_22:43:25	2026-04-18_22:43:36	11.291848182678223	100	15	799885	0
POW_A_2000.csv-POW_B_1_2000.csv	1	200	0.01	0.1	3	8	8192	10	2026-04-18_22:43:36	2026-04-18_22:43:48	11.899425029754639	100	56	799844	0
POW_A_5000.csv-POW_B_1_5000.csv	1	200	0.01	0.1	3	8	8192	10	2026-04-18_22:44:06	2026-04-18_22:45:25	78.97582817077637	250	208	4999542	0
POW_A_5000.csv-POW_B_1_5000.csv	1	200	0.01	0.1	3	8	8192	10	2026-04-18_22:45:25	2026-04-18_22:46:47	81.91161561012268	250	107	4999643	0
POW_A_5000.csv-POW_B_1_5000.csv	1	200	0.01	0.1	3	8	8192	10	2026-04-18_22:46:47	2026-04-18_22:48:04	76.92673683166504	250	117	4999633	0
POW_A_20000.csv-POW_B_1_20000.csv	1	200	0.01	0.1	3	8	8192	10	2026-04-18_22:48:22	2026-04-18_23:10:26	1324.1698725223541	1000	369	79998631	0
POW_A_20000.csv-POW_B_1_20000.csv	1	200	0.01	0.1	3	8	8192	10	2026-04-18_23:10:26	2026-04-18_23:32:28	1321.2539434432983	1000	2376	79996624	0
POW_A_20000.csv-POW_B_1_20000.csv	1	200	0.01	0.1	3	8	8192	10	2026-04-18_23:32:28	2026-04-18_23:54:13	1305.1280562877655	1000	826	79998174	0
POW_A_2000.csv-POW_B_1_2000.csv	1	200	0.01	0.1	3	8	8192	20	2026-04-18_23:54:33	2026-04-18_23:54:51	18.01350998878479	100	14	799886	0
POW_A_2000.csv-POW_B_1_2000.csv	1	200	0.01	0.1	3	8	8192	20	2026-04-18_23:54:51	2026-04-18_23:55:07	15.857932567596436	100	26	799874	0
POW_A_2000.csv-POW_B_1_2000.csv	1	200	0.01	0.1	3	8	8192	20	2026-04-18_23:55:07	2026-04-18_23:55:25	17.984851121902466	100	25	799875	0
POW_A_5000.csv-POW_B_1_5000.csv	1	200	0.01	0.1	3	8	8192	20	2026-04-18_23:55:43	2026-04-18_23:57:54	130.83503341674805	250	145	4999605	0
POW_A_5000.csv-POW_B_1_5000.csv	1	200	0.01	0.1	3	8	8192	20	2026-04-18_23:57:54	2026-04-18_23:59:54	120.46146893501282	250	117	4999633	0
POW_A_5000.csv-POW_B_1_5000.csv	1	200	0.01	0.1	3	8	8192	20	2026-04-18_23:59:55	2026-04-19_00:02:06	131.42651629447937	250	872	4998878	0
POW_A_20000.csv-POW_B_1_20000.csv	1	200	0.01	0.1	3	8	8192	20	2026-04-19_00:02:24	2026-04-19_00:47:30	2705.4756379127502	1000	4399	79994601	0
POW_A_20000.csv-POW_B_1_20000.csv	1	200	0.01	0.1	3	8	8192	20	2026-04-19_00:47:30	2026-04-19_01:22:33	2103.4699354171753	1000	501	79998499	0
POW_A_20000.csv-POW_B_1_20000.csv	1	200	0.01	0.1	3	8	8192	20	2026-04-19_01:22:34	2026-04-19_01:56:19	2025.808849811554	1000	3499	79995501	0
POW_A_2000.csv-POW_B_1_2000.csv	1	200	0.01	0.1	3	4	8192	5	2026-04-19_01:56:39	2026-04-19_01:56:51	12.594308137893677	100	11	799889	0
POW_A_2000.csv-POW_B_1_2000.csv	1	200	0.01	0.1	3	4	8192	5	2026-04-19_01:56:52	2026-04-19_01:57:02	10.45372724533081	100	51	799849	0
POW_A_2000.csv-POW_B_1_2000.csv	1	200	0.01	0.1	3	4	8192	5	2026-04-19_01:57:02	2026-04-19_01:57:13	10.44909119606018	0	0	799900	100
POW_A_5000.csv-POW_B_1_5000.csv	1	200	0.01	0.1	3	4	8192	5	2026-04-19_01:57:31	2026-04-19_01:58:41	70.17367267608643	250	170	4999580	0
POW_A_5000.csv-POW_B_1_5000.csv	1	200	0.01	0.1	3	4	8192	5	2026-04-19_01:58:41	2026-04-19_01:59:48	66.7674515247345	250	524	4999226	0
POW_A_5000.csv-POW_B_1_5000.csv	1	200	0.01	0.1	3	4	8192	5	2026-04-19_01:59:48	2026-04-19_02:00:56	67.81837701797485	250	150	4999600	0
POW_A_20000.csv-POW_B_1_20000.csv	1	200	0.01	0.1	3	4	8192	5	2026-04-19_02:01:14	2026-04-19_02:21:14	1199.9398119449615	1000	1050	79997950	0
POW_A_20000.csv-POW_B_1_20000.csv	1	200	0.01	0.1	3	4	8192	5	2026-04-19_02:21:14	2026-04-19_02:41:22	1207.9311356544495	1000	821	79998179	0
POW_A_20000.csv-POW_B_1_20000.csv	1	200	0.01	0.1	3	4	8192	5	2026-04-19_02:41:22	2026-04-19_03:01:33	1210.4975368976593	1000	3610	79995390	0
POW_A_2000.csv-POW_B_1_2000.csv	1	200	0.01	0.1	3	4	8192	10	2026-04-19_03:01:53	2026-04-19_03:02:10	16.88549041748047	100	124	799776	0
POW_A_2000.csv-POW_B_1_2000.csv	1	200	0.01	0.1	3	4	8192	10	2026-04-19_03:02:10	2026-04-19_03:02:24	14.757907629013062	100	113	799787	0
POW_A_2000.csv-POW_B_1_2000.csv	1	200	0.01	0.1	3	4	8192	10	2026-04-19_03:02:24	2026-04-19_03:02:39	14.902946710586548	100	22	799878	0
POW_A_5000.csv-POW_B_1_5000.csv	1	200	0.01	0.1	3	4	8192	10	2026-04-19_03:02:57	2026-04-19_03:04:36	98.80630898475647	250	268	4999482	0
POW_A_5000.csv-POW_B_1_5000.csv	1	200	0.01	0.1	3	4	8192	10	2026-04-19_03:04:36	2026-04-19_03:06:14	97.82397150993347	250	113	4999637	0
POW_A_5000.csv-POW_B_1_5000.csv	1	200	0.01	0.1	3	4	8192	10	2026-04-19_03:06:14	2026-04-19_03:07:52	97.8143539428711	250	305	4999445	0
POW_A_20000.csv-POW_B_1_20000.csv	1	200	0.01	0.1	3	4	8192	10	2026-04-19_03:08:10	2026-04-19_03:36:58	1728.3216602802277	1000	1654	79997346	0
POW_A_20000.csv-POW_B_1_20000.csv	1	200	0.01	0.1	3	4	8192	10	2026-04-19_03:36:59	2026-04-19_04:05:17	1697.9183435440063	1000	2837	79996163	0
POW_A_20000.csv-POW_B_1_20000.csv	1	200	0.01	0.1	3	4	8192	10	2026-04-19_04:05:17	2026-04-19_04:34:02	1725.4705669879913	1000	3248	79995752	0
POW_A_2000.csv-POW_B_1_2000.csv	1	200	0.01	0.1	3	4	8192	20	2026-04-19_04:34:23	2026-04-19_04:34:48	25.376193046569824	100	24	799876	0
POW_A_2000.csv-POW_B_1_2000.csv	1	200	0.01	0.1	3	4	8192	20	2026-04-19_04:34:48	2026-04-19_04:35:11	23.197763442993164	100	131	799769	0
POW_A_2000.csv-POW_B_1_2000.csv	1	200	0.01	0.1	3	4	8192	20	2026-04-19_04:35:11	2026-04-19_04:35:35	23.45112681388855	100	52	799848	0
POW_A_5000.csv-POW_B_1_5000.csv	1	200	0.01	0.1	3	4	8192	20	2026-04-19_04:35:53	2026-04-19_04:38:33	159.90794348716736	250	138	4999612	0
POW_A_5000.csv-POW_B_1_5000.csv	1	200	0.01	0.1	3	4	8192	20	2026-04-19_04:38:33	2026-04-19_04:41:12	159.52466011047363	250	109	4999641	0
POW_A_5000.csv-POW_B_1_5000.csv	1	200	0.01	0.1	3	4	8192	20	2026-04-19_04:41:13	2026-04-19_04:43:54	161.5957806110382	250	53	4999697	0
POW_A_20000.csv-POW_B_1_20000.csv	1	200	0.01	0.1	3	4	8192	20	2026-04-19_04:44:12	2026-04-19_05:28:25	2652.927027463913	1000	1630	79997370	0
POW_A_20000.csv-POW_B_1_20000.csv	1	200	0.01	0.1	3	4	8192	20	2026-04-19_05:28:25	2026-04-19_06:13:59	2733.761475801468	1000	651	79998349	0
POW_A_20000.csv-POW_B_1_20000.csv	1	200	0.01	0.1	3	4	8192	20	2026-04-19_06:14:00	2026-04-19_06:59:02	2702.0881791114807	1000	488	79998512	0
