N,faults_per_record,capacity,error_rate,flip_probability,num_hidden_layers,num_of_neurons_in_hidden_layer,epochs,n_replicates,precision_mean,precision_std,recall_mean,recall_std,f1_mean,f1_std,TP_mean,FP_mean,TN_mean,FN_mean,nn_runtime_mean,nn_runtime_std,nn_energy_mean,nn_energy_std,nn_power_mean,nn_power_std,fg_runtime_mean,fg_runtime_std,fg_energy_mean,fg_energy_std,fg_power_mean,fg_power_std,total_energy_mean,total_runtime_mean
2000,1,100,0.01,0.0,1,4,5,3,0.6599960059781488,0.2598269904819774,1.0,0.0,0.7746317681267415,0.19764113431934158,100.0,71.0,799829.0,0.0,8.809648513793945,1.119545788534089,439.3145446777344,29.839735667266453,49.15982437133789,2.585936491179561,15.618643760681152,0.3104936067081176,573.4871826171875,2.8200405972514258,36.77949142456055,0.5370358291127897,1012.8017272949219,24.428292274475098
2000,1,100,0.01,0.0,1,4,10,3,0.6330246894970654,0.27686194253662955,1.0,0.0,0.7498863623571879,0.2253816046513453,100.0,86.66666666666667,799813.3333333334,0.0,11.484349250793455,1.5295508719575934,656.991943359375,31.639122282104506,55.92314910888672,4.315303782627622,15.618643760681152,0.3104936067081176,573.4871826171875,2.8200405972514258,36.77949142456055,0.5370358291127897,1230.4791259765625,27.10299301147461
2000,1,100,0.01,0.0,1,4,20,3,0.9375727929187049,0.010086482690245023,1.0,0.0,0.9677620114513319,0.005389752326266175,100.0,6.666666666666667,799893.3333333334,0.0,15.991305351257324,1.7226371723027871,1083.3617350260415,46.54442497035379,65.88027445475261,4.325168718825276,15.618643760681152,0.3104936067081176,573.4871826171875,2.8200405972514258,36.77949142456055,0.5370358291127897,1656.848917643229,31.609949111938477
2000,1,100,0.01,0.0,1,8,5,3,0.7899036093617154,0.27367488572462806,1.0,0.0,0.8631901197418618,0.19062975988284422,100.0,40.666666666666664,799859.3333333334,0.0,8.264907836914062,1.375900434085292,373.7317199707031,25.713504722074774,45.0898551940918,4.186885000170489,15.618643760681152,0.3104936067081176,573.4871826171875,2.8200405972514258,36.77949142456055,0.5370358291127897,947.2189025878906,23.883551597595215
2000,1,100,0.01,0.0,1,8,10,3,0.9405677015739909,0.013452416911714813,1.0,0.0,0.9693406680145964,0.007159830420327294,100.0,6.333333333333333,799893.6666666666,0.0,9.6943941116333,2.2253055712774783,496.4465637207031,81.99319641048899,50.25571950276693,2.3766006804501205,15.618643760681152,0.3104936067081176,573.4871826171875,2.8200405972514258,36.77949142456055,0.5370358291127897,1069.9337463378906,25.313037872314453
2000,1,100,0.01,0.0,1,8,20,3,0.9741704192824062,0.014562866198818712,1.0,0.0,0.9868795691204943,0.007455908701385796,100.0,2.6666666666666665,799897.3333333334,0.0,12.088704427083334,1.4628750543804478,683.8145141601562,21.8815152590579,54.84593836466471,4.053983387611247,15.618643760681152,0.3104936067081176,573.4871826171875,2.8200405972514258,36.77949142456055,0.5370358291127897,1257.3016967773438,27.707348187764488
2000,1,100,0.01,0.0,1,16,5,3,0.8124833636863862,0.1138540050616797,1.0,0.0,0.8936716152546053,0.06857073900843254,100.0,24.666666666666668,799875.3333333334,0.0,7.708470185597737,1.5497090867958436,327.89844767252606,33.16721161651192,43.43659591674805,3.8255222708948633,15.618643760681152,0.3104936067081176,573.4871826171875,2.8200405972514258,36.77949142456055,0.5370358291127897,901.3856302897136,23.32711394627889
2000,1,100,0.01,0.0,1,16,10,3,0.9465047090686308,0.013745698198398309,1.0,0.0,0.9724831727165797,0.0072397198643202815,100.0,5.666666666666667,799894.3333333334,0.0,9.15820280710856,1.4872083361092856,427.8221435546875,26.41007998722357,46.49266815185547,3.776206639045881,15.618643760681152,0.3104936067081176,573.4871826171875,2.8200405972514258,36.77949142456055,0.5370358291127897,1001.309326171875,24.77684656778971
2000,1,100,0.01,0.0,1,16,20,3,0.9709348016029912,0.009426995756112522,1.0,0.0,0.985237613880194,0.004853446148397233,100.0,3.0,799897.0,0.0,10.07625929514567,1.5450734051124364,587.4434611002604,26.14179551089135,57.17162322998047,5.233698717177479,15.618643760681152,0.3104936067081176,573.4871826171875,2.8200405972514258,36.77949142456055,0.5370358291127897,1160.9306437174478,25.69490305582682
2000,1,100,0.01,0.0,2,4,5,3,0.716785089848888,0.20062857537889736,1.0,0.0,0.824870657443206,0.13053865109821342,100.0,46.333333333333336,799853.6666666666,0.0,9.61501407623291,1.07185406470473,531.9386088053385,25.69475984827578,54.29271570841471,3.4004853991960435,15.618643760681152,0.3104936067081176,573.4871826171875,2.8200405972514258,36.77949142456055,0.5370358291127897,1105.425791422526,25.233657836914062
2000,1,100,0.01,0.0,2,4,10,3,0.8846408474015227,0.05540815037127009,1.0,0.0,0.9381813782503374,0.031048533875152173,100.0,13.333333333333334,799886.6666666666,0.0,12.9221617380778,1.5712377007955995,816.7131754557291,32.05526915510434,61.7874387105306,4.800466761776564,15.618643760681152,0.3104936067081176,573.4871826171875,2.8200405972514258,36.77949142456055,0.5370358291127897,1390.2003580729165,28.540805498758953
2000,1,100,0.01,0.0,2,4,20,3,0.9587231118862639,0.019296164329082675,1.0,0.0,0.978860850802106,0.010016462308346895,100.0,4.333333333333333,799895.6666666666,0.0,19.24427541097005,1.562216972989639,1436.2214762369792,31.03570767832962,72.22509002685547,3.806703240448807,15.618643760681152,0.3104936067081176,573.4871826171875,2.8200405972514258,36.77949142456055,0.5370358291127897,2009.7086588541667,34.8629191716512
2000,1,100,0.01,0.0,2,8,5,3,0.8941066708132483,0.040399256901777626,1.0,0.0,0.9437689302488916,0.02280914982971179,100.0,12.0,799888.0,0.0,8.911432266235352,1.3582218377906838,435.75229899088544,34.91512031609324,48.689290364583336,4.657217096446579,15.618643760681152,0.3104936067081176,573.4871826171875,2.8200405972514258,36.77949142456055,0.5370358291127897,1009.239481608073,24.530076026916504
2000,1,100,0.01,0.0,2,8,10,3,0.921780798729117,0.045442617948404894,1.0,0.0,0.9589053668816209,0.024944033817645594,100.0,8.666666666666666,799891.3333333334,0.0,10.929691314697266,1.2460517702117404,620.398193359375,63.240035147225335,55.108481089274086,5.395448781608041,15.618643760681152,0.3104936067081176,573.4871826171875,2.8200405972514258,36.77949142456055,0.5370358291127897,1193.8853759765625,26.548335075378418
2000,1,100,0.01,0.0,2,8,20,3,0.9615977334423936,0.009246559492847892,1.0,0.0,0.9804078626123843,0.004805978636846814,100.0,4.0,799896.0,0.0,14.10741106669108,2.0930291807025307,933.8788452148438,72.33831563565299,64.30168533325195,3.547371728281939,15.618643760681152,0.3104936067081176,573.4871826171875,2.8200405972514258,36.77949142456055,0.5370358291127897,1507.3660278320312,29.72605482737223
2000,1,100,0.01,0.0,2,16,5,3,0.8666099446787685,0.05243241735797652,1.0,0.0,0.9279823432548743,0.029720097505814495,100.0,15.666666666666666,799884.3333333334,0.0,8.16503095626831,1.5443893695900777,385.44720458984375,30.579553701908,47.01704915364584,3.731385936684087,15.618643760681152,0.3104936067081176,573.4871826171875,2.8200405972514258,36.77949142456055,0.5370358291127897,958.9343872070312,23.783674716949463
2000,1,100,0.01,0.0,2,16,10,3,0.9524385467781694,0.00907125469016433,1.0,0.0,0.975625233122691,0.004759204101872462,100.0,5.0,799895.0,0.0,10.331563631693522,1.398454681349833,601.4984944661459,96.38943543269696,57.06268437703451,7.054152949615916,15.618643760681152,0.3104936067081176,573.4871826171875,2.8200405972514258,36.77949142456055,0.5370358291127897,1174.9856770833335,25.950207392374672
2000,1,100,0.01,0.0,2,16,20,3,0.9837553144235041,0.014851505012589207,1.0,0.0,0.9917735615926125,0.007530127215880095,100.0,1.6666666666666667,799898.3333333334,0.0,12.138858795166016,1.4532632901918514,831.6194458007812,20.958677319126043,65.74702453613281,5.1635914700395045,15.618643760681152,0.3104936067081176,573.4871826171875,2.8200405972514258,36.77949142456055,0.5370358291127897,1405.1066284179688,27.757502555847168
2000,1,100,0.01,0.0,3,4,5,3,0.39076681386430095,0.13366356842869853,1.0,0.0,0.5533018725630863,0.13503220043134972,100.0,175.66666666666666,799724.3333333334,0.0,10.742095629374186,1.118883712171635,647.6647542317709,24.31262010578656,58.76807022094727,3.564812846229521,15.618643760681152,0.3104936067081176,573.4871826171875,2.8200405972514258,36.77949142456055,0.5370358291127897,1221.1519368489585,26.360739390055336
2000,1,100,0.01,0.0,3,4,10,3,0.9745961277592797,0.02874356034034373,1.0,0.0,0.986990932102919,0.014809766718427403,100.0,2.6666666666666665,799897.3333333334,0.0,15.23586654663086,1.5530502466388294,1057.4198404947915,20.79897438053856,67.01877975463867,4.633650523793253,15.618643760681152,0.3104936067081176,573.4871826171875,2.8200405972514258,36.77949142456055,0.5370358291127897,1630.907023111979,30.85451030731201
2000,1,100,0.01,0.0,3,4,20,3,0.8802491144357208,0.1268395964569443,1.0,0.0,0.9329542922915728,0.07465167198160234,100.0,15.333333333333334,799884.6666666666,0.0,24.440167744954422,1.5531788494211765,1902.106689453125,91.8041890165198,76.4365717569987,4.601378331085334,15.618643760681152,0.3104936067081176,573.4871826171875,2.8200405972514258,36.77949142456055,0.5370358291127897,2475.5938720703125,40.058811505635575
2000,1,100,0.01,0.0,3,8,5,3,0.9158677820520649,0.07278533846020381,1.0,0.0,0.9550621234585078,0.04045342863966022,100.0,9.666666666666666,799890.3333333334,0.0,9.917554219563804,1.4233718149356591,496.3109334309896,23.501848829011696,49.95787684122721,4.235171204082538,15.618643760681152,0.3104936067081176,573.4871826171875,2.8200405972514258,36.77949142456055,0.5370358291127897,1069.7981160481772,25.536197980244957
2000,1,100,0.01,0.0,3,8,10,3,0.811403099053317,0.13631587570378315,1.0,0.0,0.8916625129047636,0.08421138961579784,100.0,25.666666666666668,799874.3333333334,0.0,11.378600120544434,1.3628403030902172,695.6098022460938,18.95667947316616,59.6485481262207,5.296962984379749,15.618643760681152,0.3104936067081176,573.4871826171875,2.8200405972514258,36.77949142456055,0.5370358291127897,1269.0969848632812,26.997243881225586
2000,1,100,0.01,0.0,3,8,20,3,0.9681230075746171,0.02347259219758851,1.0,0.0,0.983706778968835,0.01214660280762579,100.0,3.3333333333333335,799896.6666666666,0.0,16.35118865966797,2.4394462309770546,1197.360595703125,98.57561108985436,71.72217305501302,4.202004169926427,15.618643760681152,0.3104936067081176,573.4871826171875,2.8200405972514258,36.77949142456055,0.5370358291127897,1770.8477783203125,31.96983242034912
2000,1,100,0.01,0.0,3,16,5,3,0.9434522060161278,0.008900888590689701,1.0,0.0,0.9708890391281849,0.00471310911971368,100.0,6.0,799894.0,0.0,9.406572659810385,1.5440294309966427,459.8805643717448,28.95624444059261,48.93481063842773,4.125426907589513,15.618643760681152,0.3104936067081176,573.4871826171875,2.8200405972514258,36.77949142456055,0.5370358291127897,1033.3677469889324,25.02521642049154
2000,1,100,0.01,0.0,3,16,10,3,0.9525554130793186,0.015864176658443647,1.0,0.0,0.9756564158974604,0.008283757269926273,100.0,5.0,799895.0,0.0,10.31113338470459,1.4790526684114231,629.1343994140625,27.534218025530347,59.44473139444987,4.83554286087249,15.618643760681152,0.3104936067081176,573.4871826171875,2.8200405972514258,36.77949142456055,0.5370358291127897,1202.62158203125,25.929777145385742
2000,1,100,0.01,0.0,3,16,20,3,0.968006141273468,0.019673233761564945,1.0,0.0,0.9836755961940655,0.010115455843304758,100.0,3.3333333333333335,799896.6666666666,0.0,13.81796932220459,1.4971619332679946,1035.6944376627605,24.1422384202507,73.2543207804362,5.452258732729135,15.618643760681152,0.3104936067081176,573.4871826171875,2.8200405972514258,36.77949142456055,0.5370358291127897,1609.181620279948,29.436613082885742
2000,1,100,0.01,0.01,1,4,5,3,0.6682886286309869,0.23097711795317197,1.0,0.0,0.7843508215528731,0.1822388547184203,100.0,66.0,799834.0,0.0,9.920451800028482,1.4846106661223155,489.8791605631511,31.149286688663643,49.1625010172526,4.288687687735125,14.893156369527182,0.0329199596928719,538.5170288085938,1.5284839343477234,36.199212392171226,0.0515463732714849,1028.3961893717449,24.813608169555664
2000,1,100,0.01,0.01,1,4,10,3,0.8387984016914835,0.18262082386551,1.0,0.0,0.904710463533993,0.11514329845789678,100.0,23.666666666666668,799876.3333333334,0.0,11.528009096781412,1.6405778164224347,663.1943766276041,42.26801991359499,56.25148900349935,3.668512816649677,14.893156369527182,0.0329199596928719,538.5170288085938,1.5284839343477234,36.199212392171226,0.0515463732714849,1201.7114054361978,26.421165466308594
2000,1,100,0.01,0.01,1,4,20,3,0.9084434084434084,0.053421746522489814,1.0,0.0,0.9514773651396041,0.029377009500332254,100.0,10.333333333333334,799889.6666666666,0.0,16.05600420633952,1.1740729162443904,1082.8201904296875,21.0606843192178,65.95241419474284,4.8206592556744665,14.893156369527182,0.0329199596928719,538.5170288085938,1.5284839343477234,36.199212392171226,0.0515463732714849,1621.3372192382812,30.9491605758667
2000,1,100,0.01,0.01,1,8,5,3,0.8711171869066606,0.10550682825937792,1.0,0.0,0.9287866023969865,0.062079488958897325,100.0,16.0,799884.0,0.0,8.255073070526123,1.3372896028993908,372.7503153483073,22.111383741433304,45.1928965250651,4.440729294378894,14.893156369527182,0.0329199596928719,538.5170288085938,1.5284839343477234,36.199212392171226,0.0515463732714849,911.2673441569011,23.148229440053306
2000,1,100,0.01,0.01,1,8,10,3,0.8693008909889003,0.12078180129893851,1.0,0.0,0.9269797392756928,0.07200307706897885,100.0,16.666666666666668,799883.3333333334,0.0,9.609626134236654,1.2901910237712926,493.2883911132813,45.407074843862176,50.36131286621094,5.147567950178811,14.893156369527182,0.0329199596928719,538.5170288085938,1.5284839343477234,36.199212392171226,0.0515463732714849,1031.805419921875,24.502782503763836
2000,1,100,0.01,0.01,1,8,20,3,0.9407886268713689,0.0221689529184942,1.0,0.0,0.9694012474378582,0.011796313129400007,100.0,6.333333333333333,799893.6666666666,0.0,11.685009320576986,1.5787550162293382,692.0467732747396,33.40898779750101,58.156044006347656,4.436127183991089,14.893156369527182,0.0329199596928719,538.5170288085938,1.5284839343477234,36.199212392171226,0.0515463732714849,1230.5638020833335,26.578165690104168
2000,1,100,0.01,0.01,1,16,5,3,0.9175870858113848,0.014715809749947985,1.0,0.0,0.9569818265470439,0.007968947814901659,100.0,9.0,799891.0,0.0,8.252904097239176,1.0793512285689997,381.67417399088544,7.124237698830766,46.55150985717773,5.94199613065197,14.893156369527182,0.0329199596928719,538.5170288085938,1.5284839343477234,36.199212392171226,0.0515463732714849,920.1912027994792,23.146060466766357
2000,1,100,0.01,0.01,1,16,10,3,0.9375183683065891,0.0050903744418059164,1.0,0.0,0.9677469787220737,0.002707894888558833,100.0,6.666666666666667,799893.3333333334,0.0,8.678888956705729,1.782297351120823,416.0166320800781,34.89096138048781,48.33285268147787,4.854750239262971,14.893156369527182,0.0329199596928719,538.5170288085938,1.5284839343477234,36.199212392171226,0.0515463732714849,954.5336608886719,23.57204532623291
2000,1,100,0.01,0.01,1,16,20,3,0.9554910498306725,0.010474424332177526,1.0,0.0,0.9772193667110857,0.005495433744428144,100.0,4.666666666666667,799895.3333333334,0.0,10.007147471110024,1.4257383237374477,590.5769449869791,27.54773894363341,57.36943817138672,5.004589776794693,14.893156369527182,0.0329199596928719,538.5170288085938,1.5284839343477234,36.199212392171226,0.0515463732714849,1129.0939737955728,24.900303840637207
2000,1,100,0.01,0.01,2,4,5,3,0.7709859723575884,0.04535611730296458,1.0,0.0,0.870194541080617,0.028762321564906972,100.0,30.0,799870.0,0.0,10.033369700113932,1.5768901296579598,547.6594645182291,32.90058793941994,54.12890752156576,4.685518564515033,14.893156369527182,0.0329199596928719,538.5170288085938,1.5284839343477234,36.199212392171226,0.0515463732714849,1086.1764933268228,24.926526069641113
2000,1,100,0.01,0.01,2,4,10,3,0.7399010955921526,0.23140786434249774,1.0,0.0,0.8359166991453987,0.16477549012164305,100.0,46.333333333333336,799853.6666666666,0.0,13.008123079935707,1.4939164375681684,844.0640869140625,28.608479573176595,63.56855010986328,5.1198098237840215,14.893156369527182,0.0329199596928719,538.5170288085938,1.5284839343477234,36.199212392171226,0.0515463732714849,1382.5811157226562,27.90127944946289
2000,1,100,0.01,0.01,2,4,20,3,0.7436158812305601,0.24871651146904586,1.0,0.0,0.8358425342760801,0.18005691469533053,100.0,48.0,799852.0,0.0,19.10081164042155,1.642237598302163,1444.2864583333333,31.70214280118953,73.59579467773438,4.386787044201448,14.893156369527182,0.0329199596928719,538.5170288085938,1.5284839343477234,36.199212392171226,0.0515463732714849,1982.803487141927,33.99396800994873
2000,1,100,0.01,0.01,2,8,5,3,0.6631468891297446,0.16561711194453368,1.0,0.0,0.789500354717746,0.12010050118040762,100.0,57.333333333333336,799842.6666666666,0.0,9.148030598958334,1.2249892128442643,449.19496663411456,15.025294558799535,48.56727854410807,5.018348880126418,14.893156369527182,0.0329199596928719,538.5170288085938,1.5284839343477234,36.199212392171226,0.0515463732714849,987.7119954427083,24.041186968485516
2000,1,100,0.01,0.01,2,8,10,3,0.9064597482028676,0.012496528984048308,1.0,0.0,0.9509049926130363,0.006890383896199929,100.0,10.333333333333334,799889.6666666666,0.0,10.26938501993815,0.7782948260764002,589.3163655598959,8.450397333174328,56.22961934407552,3.9302324440504495,14.893156369527182,0.0329199596928719,538.5170288085938,1.5284839343477234,36.199212392171226,0.0515463732714849,1127.8333943684897,25.162541389465332
2000,1,100,0.01,0.01,2,8,20,3,0.9554910498306725,0.010474424332177535,1.0,0.0,0.9772193667110857,0.00549543374442816,100.0,4.666666666666667,799895.3333333334,0.0,16.57428518931071,2.592089793947648,1146.7162272135415,136.34007433653414,67.5438346862793,3.3854316698881064,14.893156369527182,0.0329199596928719,538.5170288085938,1.5284839343477234,36.199212392171226,0.0515463732714849,1685.2332560221353,31.46744155883789
2000,1,100,0.01,0.01,2,16,5,3,0.8893985728848115,0.048553921720840096,1.0,0.0,0.9409888357256778,0.027624414793762014,100.0,12.666666666666666,799887.3333333334,0.0,8.117783705393473,1.5046428406709755,380.5769348144531,30.26964020233584,46.74058532714844,3.733335631917676,14.893156369527182,0.0329199596928719,538.5170288085938,1.5284839343477234,36.199212392171226,0.0515463732714849,919.0939636230469,23.010940074920654
2000,1,100,0.01,0.01,2,16,10,3,0.9406812755722412,0.018573838538242782,1.0,0.0,0.9693713977601446,0.009822785647936332,100.0,6.333333333333333,799893.6666666666,0.0,9.399243354797363,1.4433483890275307,521.0729471842448,26.397417821835575,54.606527964274086,4.664714897994147,14.893156369527182,0.0329199596928719,538.5170288085938,1.5284839343477234,36.199212392171226,0.0515463732714849,1059.5899759928384,24.292399724324547
2000,1,100,0.01,0.01,2,16,20,3,0.9615384615384616,0.0,1.0,0.0,0.9803921568627451,0.0,100.0,4.0,799896.0,0.0,12.200056711832682,1.5410080402354642,829.6875813802084,24.19762037633012,65.43079121907552,4.993142505181216,14.893156369527182,0.0329199596928719,538.5170288085938,1.5284839343477234,36.199212392171226,0.0515463732714849,1368.2046101888022,27.093213081359863
2000,1,100,0.01,0.01,3,4,5,3,0.5595454478284642,0.4093479761755676,1.0,0.0,0.6545693939216465,0.36420091619507444,100.0,213.33333333333334,799686.6666666666,0.0,11.692869504292808,1.4512417550501229,675.0768432617188,25.665342746419096,56.76943588256836,4.364512152672432,14.893156369527182,0.0329199596928719,538.5170288085938,1.5284839343477234,36.199212392171226,0.0515463732714849,1213.5938720703125,26.58602587381999
2000,1,100,0.01,0.01,3,4,10,3,0.7241309163678554,0.14784088829716252,1.0,0.0,0.8345225846816776,0.09575956574533866,100.0,41.666666666666664,799858.3333333334,0.0,15.28050963083903,1.532935924618685,1074.109130859375,23.99542798159844,68.04175313313802,4.458325042181433,14.893156369527182,0.0329199596928719,538.5170288085938,1.5284839343477234,36.199212392171226,0.0515463732714849,1612.6261596679688,30.17366600036621
2000,1,100,0.01,0.01,3,4,20,3,0.9584859584859585,0.005287090377194469,1.0,0.0,0.9787980232743504,0.002761120369151674,100.0,4.333333333333333,799895.6666666666,0.0,24.23047129313151,1.05531687982542,1901.2184651692708,44.54890659154087,76.56924438476562,1.945232950359672,14.893156369527182,0.0329199596928719,538.5170288085938,1.5284839343477234,36.199212392171226,0.0515463732714849,2439.7354939778643,39.12362766265869
2000,1,100,0.01,0.01,3,8,5,3,0.7275893733573984,0.08638075010897572,1.0,0.0,0.8404346353926186,0.056488608428929644,100.0,38.666666666666664,799861.3333333334,0.0,9.53530979156494,1.3504928427767942,504.2155253092448,33.299722406238125,51.81024932861328,4.945420291744926,14.893156369527182,0.0329199596928719,538.5170288085938,1.5284839343477234,36.199212392171226,0.0515463732714849,1042.7325541178386,24.42846616109212
2000,1,100,0.01,0.01,3,8,10,3,0.8086890159905665,0.1201107112442144,1.0,0.0,0.890845001248881,0.07639272291526812,100.0,25.666666666666668,799874.3333333334,0.0,12.209551811218262,2.7149862709922745,769.7696736653646,127.89291115558515,61.72695795694987,3.463420114750278,14.893156369527182,0.0329199596928719,538.5170288085938,1.5284839343477234,36.199212392171226,0.0515463732714849,1308.2867024739585,27.102708180745445
2000,1,100,0.01,0.01,3,8,20,3,0.9724770642201834,0.04767112314409751,1.0,0.0,0.9856459330143541,0.024861973314385808,100.0,3.0,799897.0,0.0,17.281192779541016,1.6466067845104249,1278.5620930989585,79.94198960609894,71.66839090983073,5.41737655218057,14.893156369527182,0.0329199596928719,538.5170288085938,1.5284839343477234,36.199212392171226,0.0515463732714849,1817.0791219075522,32.1743491490682
2000,1,100,0.01,0.01,3,16,5,3,0.9378496978171161,0.022234741628304796,1.0,0.0,0.9678378435950115,0.011814363246550654,100.0,6.666666666666667,799893.3333333334,0.0,9.851027329762776,1.989835843454569,548.7825724283854,85.94400380824257,54.7386360168457,4.1147152851641335,14.893156369527182,0.0329199596928719,538.5170288085938,1.5284839343477234,36.199212392171226,0.0515463732714849,1087.299601236979,24.744183699289955
2000,1,100,0.01,0.01,3,16,10,3,0.8861236802413274,0.13062223284833158,1.0,0.0,0.9360806469480448,0.07674978653235298,100.0,14.666666666666666,799885.3333333334,0.0,10.178449630737305,1.0570750279093628,643.8815714518229,24.87663983792373,61.43710072835287,3.4048567771922764,14.893156369527182,0.0329199596928719,538.5170288085938,1.5284839343477234,36.199212392171226,0.0515463732714849,1182.3986002604165,25.071606000264488
2000,1,100,0.01,0.01,3,16,20,3,0.9615977334423936,0.009246559492847892,1.0,0.0,0.9804078626123843,0.004805978636846842,100.0,4.0,799896.0,0.0,14.075729688008629,1.4753357258098498,1071.9783528645833,20.92723689656668,73.56636810302734,5.879568104185247,14.893156369527182,0.0329199596928719,538.5170288085938,1.5284839343477234,36.199212392171226,0.0515463732714849,1610.495381673177,28.968886057535812
2000,1,100,0.01,0.1,1,4,5,3,0.2581436043610807,0.28342929006707274,1.0,0.0,0.3585450286187492,0.34704164312850205,100.0,1848.0,798052.0,0.0,8.758855183919271,1.0950142127144038,438.1364339192708,24.58739749336988,48.90646998087565,2.7116541014140485,14.85191790262858,0.1314859771361242,544.7311808268229,4.814147496232328,36.76615524291992,0.2404402232786232,982.8676147460938,23.61077308654785
2000,1,100,0.01,0.1,1,4,10,3,0.5232598089740947,0.10282558438863601,1.0,0.0,0.6829042801151086,0.09162665544225462,100.0,96.66666666666667,799803.3333333334,0.0,11.635498046875,1.381367933072451,668.674560546875,18.39852980761309,56.40755462646485,4.568825256092869,14.85191790262858,0.1314859771361242,544.7311808268229,4.814147496232328,36.76615524291992,0.2404402232786232,1213.4057413736978,26.48741594950358
2000,1,100,0.01,0.1,1,4,20,3,0.6489644573384784,0.20519126586577352,1.0,0.0,0.7735178150202495,0.16396889879331325,100.0,67.66666666666667,799832.3333333334,0.0,16.21884886423747,2.16824137085658,1078.9326578776042,60.72245420545904,64.65064366658528,4.589979296143262,14.85191790262858,0.1314859771361242,544.7311808268229,4.814147496232328,36.76615524291992,0.2404402232786232,1623.6638387044272,31.07076676686605
2000,1,100,0.01,0.1,1,8,5,3,0.3818488643079627,0.30548473826173955,1.0,0.0,0.49664096661485696,0.3802203591546851,100.0,1135.3333333333333,798764.6666666666,0.0,7.926355679829915,1.1119250961920244,355.33716837565106,23.772561457952243,44.740918477376304,2.5776637617671505,14.85191790262858,0.1314859771361242,544.7311808268229,4.814147496232328,36.76615524291992,0.2404402232786232,900.0683492024739,22.778273582458496
2000,1,100,0.01,0.1,1,8,10,3,0.6626625649602886,0.05878761680885337,1.0,0.0,0.7961251660586055,0.04178620600702591,100.0,51.666666666666664,799848.3333333334,0.0,9.3643372853597,1.594593776535817,464.3794962565104,29.98614761966349,49.18900680541992,4.172316769596107,14.85191790262858,0.1314859771361242,544.7311808268229,4.814147496232328,36.76615524291992,0.2404402232786232,1009.1106770833333,24.21625518798828
2000,1,100,0.01,0.1,1,8,20,3,0.6360425436917975,0.11280024247087371,1.0,0.0,0.7736274538500566,0.08514097294981003,100.0,60.666666666666664,799839.3333333334,0.0,11.88726552327474,1.4269000237898712,699.3383585611979,20.656273366831044,57.53364690144857,4.429952032136045,14.85191790262858,0.1314859771361242,544.7311808268229,4.814147496232328,36.76615524291992,0.2404402232786232,1244.0695393880208,26.73918342590332
2000,1,100,0.01,0.1,1,16,5,3,0.650008775008775,0.025344247342009945,1.0,0.0,0.7876946523123816,0.018612152528446946,100.0,54.0,799846.0,0.0,7.969111442565918,1.3149239298201587,349.92844645182294,34.94579982254613,44.317657470703125,4.9194552321595095,14.85191790262858,0.1314859771361242,544.7311808268229,4.814147496232328,36.76615524291992,0.2404402232786232,894.6596272786458,22.821029345194496
2000,1,100,0.01,0.1,1,16,10,3,0.6348382957875837,0.09326105296545163,1.0,0.0,0.7740497202830129,0.06805290126100721,100.0,59.666666666666664,799840.3333333334,0.0,9.801314989725748,0.7628367160020086,513.4150797526041,40.05543860645033,51.431288401285805,6.74774616109652,14.85191790262858,0.1314859771361242,544.7311808268229,4.814147496232328,36.76615524291992,0.2404402232786232,1058.146260579427,24.65323289235433
2000,1,100,0.01,0.1,1,16,20,3,0.7494051607031613,0.038408999843212215,1.0,0.0,0.8563912477354184,0.024801032706109158,100.0,33.666666666666664,799866.3333333334,0.0,11.386068979899088,1.5804595078105448,691.8395792643229,136.71096191205234,58.66843668619792,7.13067797719949,14.85191790262858,0.1314859771361242,544.7311808268229,4.814147496232328,36.76615524291992,0.2404402232786232,1236.5707600911458,26.237986882527668
2000,1,100,0.01,0.1,2,4,5,3,0.24714171105712016,0.2630050777635994,0.6666666666666666,0.5773502691896258,0.3483556588327626,0.3437395569398148,66.66666666666667,150.0,799750.0,33.333333333333336,9.927024523417154,1.5633941840883945,541.8188069661459,32.671912733636255,53.970680236816406,4.806474883147555,14.85191790262858,0.1314859771361242,544.7311808268229,4.814147496232328,36.76615524291992,0.2404402232786232,1086.5499877929688,24.778942426045734
2000,1,100,0.01,0.1,2,4,10,3,0.5123629035383482,0.19097585822416013,1.0,0.0,0.6634564486108977,0.16804717755311763,100.0,115.33333333333333,799784.6666666666,0.0,13.068484942118326,1.660832322876131,840.7239379882812,27.49756884832811,63.33065923055013,5.48160338747853,14.85191790262858,0.1314859771361242,544.7311808268229,4.814147496232328,36.76615524291992,0.2404402232786232,1385.455118815104,27.920402844746906
2000,1,100,0.01,0.1,2,4,20,3,0.7211842024445673,0.09390533030714612,1.0,0.0,0.8356495074052326,0.06489736143318887,100.0,40.333333333333336,799859.6666666666,0.0,19.83433469136556,1.6761927909543366,1468.703369140625,33.252856352531424,72.37347666422527,4.724428646401442,14.85191790262858,0.1314859771361242,544.7311808268229,4.814147496232328,36.76615524291992,0.2404402232786232,2013.4345499674478,34.68625259399414
2000,1,100,0.01,0.1,2,8,5,3,0.4963023735457332,0.017836932944187707,1.0,0.0,0.6632444290228302,0.01602310335596473,100.0,101.66666666666667,799798.3333333334,0.0,9.037769794464111,1.8913880245000037,442.4776407877605,59.106586155101006,48.91692352294922,3.427345383104436,14.85191790262858,0.1314859771361242,544.7311808268229,4.814147496232328,36.76615524291992,0.2404402232786232,987.2088216145834,23.88968769709269
2000,1,100,0.01,0.1,2,8,10,3,0.5558114933114934,0.044618645239761966,1.0,0.0,0.7138009579821011,0.03641899268570507,100.0,80.66666666666667,799819.3333333334,0.0,10.94568379720052,2.361767256078587,625.4455159505209,94.30181577802924,55.65728886922201,2.999109502773482,14.85191790262858,0.1314859771361242,544.7311808268229,4.814147496232328,36.76615524291992,0.2404402232786232,1170.1766967773438,25.7976016998291
2000,1,100,0.01,0.1,2,8,20,3,0.8023809523809525,0.08930952063576694,1.0,0.0,0.8885394828791057,0.05503227845366351,100.0,25.666666666666668,799874.3333333334,0.0,15.314190864562988,3.2549961252830397,1032.0883382161458,163.74349778558192,66.02730560302734,2.772776740431373,14.85191790262858,0.1314859771361242,544.7311808268229,4.814147496232328,36.76615524291992,0.2404402232786232,1576.8195190429688,30.166108767191567
2000,1,100,0.01,0.1,2,16,5,3,0.628963578262619,0.07032074643518638,1.0,0.0,0.7706973059422282,0.053115655722749115,100.0,60.333333333333336,799839.6666666666,0.0,8.213433583577475,1.5914240526773835,377.2946980794271,28.683108191505585,45.92837142944336,4.018458811605586,14.85191790262858,0.1314859771361242,544.7311808268229,4.814147496232328,36.76615524291992,0.2404402232786232,922.02587890625,23.065351486206055
2000,1,100,0.01,0.1,2,16,10,3,0.8131514703576789,0.013223723167080486,1.0,0.0,0.896909083667195,0.008044351178714616,100.0,23.0,799877.0,0.0,9.735677401224772,1.0113217844211324,529.7531331380209,25.012831714119717,53.05036926269531,2.779838716862507,14.85191790262858,0.1314859771361242,544.7311808268229,4.814147496232328,36.76615524291992,0.2404402232786232,1074.4843139648438,24.58759530385335
2000,1,100,0.01,0.1,2,16,20,3,0.8158187080697307,0.07663318476416721,1.0,0.0,0.8972344349749469,0.04742040383913552,100.0,23.333333333333332,799876.6666666666,0.0,13.93970266977946,4.038732763402158,980.8023071289062,240.30283319810712,67.73551686604817,1.6222565180422062,14.85191790262858,0.1314859771361242,544.7311808268229,4.814147496232328,36.76615524291992,0.2404402232786232,1525.533487955729,28.791620572408043
2000,1,100,0.01,0.1,3,4,5,3,0.4444545934315755,0.15499242835791174,1.0,0.0,0.60417263048842,0.157012404067252,100.0,149.0,799751.0,0.0,11.249554634094238,1.5642825761870651,668.1303507486979,32.53868428561669,57.78439966837565,4.191005159256914,14.85191790262858,0.1314859771361242,544.7311808268229,4.814147496232328,36.76615524291992,0.2404402232786232,1212.8615315755208,26.101472536722817
2000,1,100,0.01,0.1,3,4,10,3,0.35792873903541905,0.2991832577868077,1.0,0.0,0.4709604772195272,0.38303720644479583,100.0,2190.0,797710.0,0.0,15.236233393351236,1.6444199179204682,1063.4050699869792,31.165628812302145,68.10761006673177,4.778627360931724,14.85191790262858,0.1314859771361242,544.7311808268229,4.814147496232328,36.76615524291992,0.2404402232786232,1608.1362508138022,30.088151295979817
2000,1,100,0.01,0.1,3,4,20,3,0.6540365692556515,0.19593220054058316,1.0,0.0,0.7800607074090941,0.13653875132564441,100.0,61.333333333333336,799838.6666666666,0.0,24.015308380126957,1.3240399689341742,1904.5670166015625,58.32300004849813,77.60641479492188,3.781375153197315,14.85191790262858,0.1314859771361242,544.7311808268229,4.814147496232328,36.76615524291992,0.2404402232786232,2449.2981974283853,38.86722628275554
2000,1,100,0.01,0.1,3,8,5,3,0.42371839208797724,0.21276631258523482,1.0,0.0,0.572539690525025,0.2281201591778528,100.0,202.66666666666666,799697.3333333334,0.0,9.11902141571045,1.5017230926650382,467.06398518880206,26.949168075335344,50.806329091389976,4.617572056246836,14.85191790262858,0.1314859771361242,544.7311808268229,4.814147496232328,36.76615524291992,0.2404402232786232,1011.795166015625,23.970939318339028
2000,1,100,0.01,0.1,3,8,10,3,0.7927702219040803,0.03816306263832816,1.0,0.0,0.8840723811102058,0.02365552729055772,100.0,26.333333333333332,799873.6666666666,0.0,11.479643821716309,1.2599962961912468,713.9649861653646,32.128368171636005,60.6435178120931,3.494183331245346,14.85191790262858,0.1314859771361242,544.7311808268229,4.814147496232328,36.76615524291992,0.2404402232786232,1258.6961669921875,26.331561724344887
2000,1,100,0.01,0.1,3,8,20,3,0.7840716054179806,0.13505427850316126,1.0,0.0,0.8745224668101059,0.08813989048013612,100.0,30.333333333333332,799869.6666666666,0.0,16.16992982228597,1.3946448387827712,1187.0294596354167,15.004911631981209,71.46192296346028,5.453545740609852,14.85191790262858,0.1314859771361242,544.7311808268229,4.814147496232328,36.76615524291992,0.2404402232786232,1731.7606404622397,31.02184772491455
2000,1,100,0.01,0.1,3,16,5,3,0.7242063492063492,0.10452037453226923,1.0,0.0,0.8372183372183372,0.07001096072626298,100.0,40.0,799860.0,0.0,9.217580954233805,2.3000326419262143,493.6861063639323,97.15626505845168,53.14900970458984,2.420501688557801,14.85191790262858,0.1314859771361242,544.7311808268229,4.814147496232328,36.76615524291992,0.2404402232786232,1038.4172871907551,24.069498856862385
2000,1,100,0.01,0.1,3,16,10,3,0.823255082169659,0.04050387770647128,1.0,0.0,0.9026987613158924,0.02444624729854459,100.0,21.666666666666668,799878.3333333334,0.0,11.543695449829102,1.5236877157175397,742.2432047526041,131.95680290723044,62.38942337036133,7.15197738507934,14.85191790262858,0.1314859771361242,544.7311808268229,4.814147496232328,36.76615524291992,0.2404402232786232,1286.974385579427,26.39561335245768
2000,1,100,0.01,0.1,3,16,20,3,0.8566371681415929,0.04904922640903015,1.0,0.0,0.9222743870631195,0.028912689536882637,100.0,17.0,799883.0,0.0,14.069841384887695,1.5065808111744006,1069.0017496744792,24.212014494360226,73.37501271565755,5.646397358188048,14.85191790262858,0.1314859771361242,544.7311808268229,4.814147496232328,36.76615524291992,0.2404402232786232,1613.7329305013022,28.921759287516274
2000,1,100,0.1,0.0,1,4,5,3,0.7741287173645263,0.032868381134107755,1.0,0.0,0.8724278060197413,0.020912326925500494,100.0,29.333333333333332,799870.6666666666,0.0,9.012632687886557,1.5926629896789382,443.452128092448,38.50583625404919,48.71619669596354,3.838107456730675,10.8316863377889,0.1154200718767074,400.0553487141927,3.472553453895446,36.92132441202799,0.1176700198762389,843.5074768066406,19.844319025675457
2000,1,100,0.1,0.0,1,4,10,3,0.8656374664279802,0.03738238926522743,1.0,0.0,0.927692410761115,0.021557496040461182,100.0,15.666666666666666,799884.3333333334,0.0,11.386829058329264,1.7286495856368067,668.5313517252604,53.99565578531201,57.70502726236979,3.8916205369234858,10.8316863377889,0.1154200718767074,400.0553487141927,3.472553453895446,36.92132441202799,0.1176700198762389,1068.5867004394531,22.218515396118164
2000,1,100,0.1,0.0,1,4,20,3,0.9405677015739909,0.013452416911714813,1.0,0.0,0.9693406680145964,0.007159830420327294,100.0,6.333333333333333,799893.6666666666,0.0,15.704773902893066,1.33193781453891,1018.701619466146,120.13017986507316,62.86421839396159,5.422517778092229,10.8316863377889,0.1154200718767074,400.0553487141927,3.472553453895446,36.92132441202799,0.1176700198762389,1418.7569681803386,26.53646024068197
2000,1,100,0.1,0.0,1,8,5,3,0.5306021031390706,0.37798345358500024,1.0,0.0,0.6400660870960931,0.32659832194704047,100.0,186.0,799714.0,0.0,8.079112529754639,1.5011252495140135,345.29990641276044,29.8395825338257,42.94465001424154,3.670943749536451,10.8316863377889,0.1154200718767074,400.0553487141927,3.472553453895446,36.92132441202799,0.1176700198762389,745.3552551269531,18.91079886754354
2000,1,100,0.1,0.0,1,8,10,3,0.9174826758924618,0.008417626497487363,1.0,0.0,0.9569524043208254,0.00457877204914918,100.0,9.0,799891.0,0.0,9.27043088277181,1.5103749879250552,449.8892822265625,26.952202002678288,47.92211786905924,4.196073072129537,10.8316863377889,0.1154200718767074,400.0553487141927,3.472553453895446,36.92132441202799,0.1176700198762389,849.9446309407551,20.10211722056071
2000,1,100,0.1,0.0,1,8,20,3,0.9146510981373367,0.004815264964050336,1.0,0.0,0.9554188501556923,0.0026308966470250292,100.0,9.333333333333334,799890.6666666666,0.0,12.669851303100586,0.3878456133387947,773.6939493815104,68.73177463039127,58.85676829020182,4.14365778557854,10.8316863377889,0.1154200718767074,400.0553487141927,3.472553453895446,36.92132441202799,0.1176700198762389,1173.7492980957031,23.501537640889488
2000,1,100,0.1,0.0,1,16,5,3,0.8934169278996865,0.027148131780076475,1.0,0.0,0.9435626102292769,0.015273816645228177,100.0,12.0,799888.0,0.0,7.265955607096354,0.8125914458689665,306.0843912760417,17.618804399940817,42.36453374226888,1.898560283356408,10.8316863377889,0.1154200718767074,400.0553487141927,3.472553453895446,36.92132441202799,0.1176700198762389,706.1397399902344,18.097641944885254
2000,1,100,0.1,0.0,1,16,10,3,0.931961120640366,0.019806184191753926,1.0,0.0,0.9647095083988289,0.010676842703460507,100.0,7.333333333333333,799892.6666666666,0.0,9.182146549224854,1.390445378946092,459.8089090983073,62.57776530049885,49.58197148640951,5.820120577147872,10.8316863377889,0.1154200718767074,400.0553487141927,3.472553453895446,36.92132441202799,0.1176700198762389,859.8642578125,20.013832887013756
2000,1,100,0.1,0.0,1,16,20,3,0.9434522060161278,0.00890088859068966,1.0,0.0,0.9708890391281849,0.004713109119713624,100.0,6.0,799894.0,0.0,10.837422370910645,1.6199497437639052,595.1581827799479,30.015197381765805,54.18981424967448,4.815576766705918,10.8316863377889,0.1154200718767074,400.0553487141927,3.472553453895446,36.92132441202799,0.1176700198762389,995.2135314941406,21.669108708699547
2000,1,100,0.1,0.0,2,4,5,3,0.7901090489277065,0.35500180132743103,1.0,0.0,0.8486630209832381,0.2578267531415039,100.0,54.666666666666664,799845.3333333334,0.0,9.954063733418783,1.456976281617791,538.7712198893229,24.29478396489108,53.55358123779297,5.098694163554603,10.8316863377889,0.1154200718767074,400.0553487141927,3.472553453895446,36.92132441202799,0.1176700198762389,938.8265686035156,20.785750071207683
2000,1,100,0.1,0.0,2,4,10,3,0.8537434966896384,0.1254544824290402,1.0,0.0,0.9176656308648296,0.07616888434130514,100.0,19.0,799881.0,0.0,13.09332243601481,1.4665779752152492,841.4469197591146,20.530438439676317,61.694254557291664,4.4279771472312905,10.8316863377889,0.1154200718767074,400.0553487141927,3.472553453895446,36.92132441202799,0.1176700198762389,1241.5022684733074,23.92500877380371
2000,1,100,0.1,0.0,2,4,20,3,0.8999815875415491,0.04861366590845045,1.0,0.0,0.94689531048309,0.027140318842659092,100.0,11.333333333333334,799888.6666666666,0.0,19.97179730733236,1.7050233394547505,1472.3993326822915,24.897027427575207,72.27915954589844,4.730364788074377,10.8316863377889,0.1154200718767074,400.0553487141927,3.472553453895446,36.92132441202799,0.1176700198762389,1872.4546813964841,30.80348364512126
2000,1,100,0.1,0.0,2,8,5,3,0.7669215227074436,0.1590144260765904,1.0,0.0,0.8616792893522454,0.10686937156094944,100.0,34.666666666666664,799865.3333333334,0.0,8.586318492889404,1.532538203498367,396.3626302083333,29.088429346322386,46.31110763549805,4.19620480350567,10.8316863377889,0.1154200718767074,400.0553487141927,3.472553453895446,36.92132441202799,0.1176700198762389,796.417978922526,19.418004830678306
2000,1,100,0.1,0.0,2,8,10,3,0.9265498652291105,0.029178753496780226,1.0,0.0,0.9617145997435429,0.015864176658443533,100.0,8.0,799892.0,0.0,12.1110471089681,1.5961806467089563,717.5367838541666,27.19440690551337,57.918450673421226,4.719358682324149,10.8316863377889,0.1154200718767074,400.0553487141927,3.472553453895446,36.92132441202799,0.1176700198762389,1117.5921325683594,22.942733446757
2000,1,100,0.1,0.0,2,8,20,3,0.9101308788223164,0.03745297598282778,1.0,0.0,0.952681381196788,0.020652243908331095,100.0,10.0,799890.0,0.0,13.926819801330566,1.146480746228589,910.2649129231772,1.371243319575314,63.07922490437826,4.396265248752006,10.8316863377889,0.1154200718767074,400.0553487141927,3.472553453895446,36.92132441202799,0.1176700198762389,1310.3202616373699,24.75850613911947
2000,1,100,0.1,0.0,2,16,5,3,0.8789948464077865,0.04934890280218013,1.0,0.0,0.935117169979191,0.027641663686650258,100.0,14.0,799886.0,0.0,8.574275493621826,1.2855968650412526,414.0519307454427,44.42488447940471,47.92164993286133,5.603233095399064,10.8316863377889,0.1154200718767074,400.0553487141927,3.472553453895446,36.92132441202799,0.1176700198762389,814.1072794596354,19.40596183141073
2000,1,100,0.1,0.0,2,16,10,3,0.923610936174858,0.026995940186255653,1.0,0.0,0.9601511959006962,0.014698512608192564,100.0,8.333333333333334,799891.6666666666,0.0,10.41597048441569,1.414363000650071,597.211171468099,94.1677468844405,55.57299931844076,6.12385827143359,10.8316863377889,0.1154200718767074,400.0553487141927,3.472553453895446,36.92132441202799,0.1176700198762389,997.2665201822917,21.24765682220459
2000,1,100,0.1,0.0,2,16,20,3,0.9433962264150942,0.0,1.0,0.0,0.970873786407767,0.0,100.0,6.0,799894.0,0.0,12.036410967508951,1.517744737099413,807.3720703125,30.023064282501668,65.69048817952473,5.657207761277236,10.8316863377889,0.1154200718767074,400.0553487141927,3.472553453895446,36.92132441202799,0.1176700198762389,1207.4274190266926,22.86809730529785
2000,1,100,0.1,0.0,3,4,5,3,0.4541528931772834,0.4147972846619858,0.6666666666666666,0.5773502691896258,0.5353602815677045,0.47303305547937785,66.66666666666667,35.0,799865.0,33.333333333333336,11.125608444213867,1.512304591815926,659.7231648763021,29.934893798993983,57.62321217854818,4.3238944123730745,10.8316863377889,0.1154200718767074,400.0553487141927,3.472553453895446,36.92132441202799,0.1176700198762389,1059.7785135904949,21.95729478200277
2000,1,100,0.1,0.0,3,4,10,3,0.8493905877514957,0.048881598023297716,1.0,0.0,0.9180518155007197,0.028992848551757055,100.0,18.0,799882.0,0.0,15.252256075541178,1.4464636108016793,1068.09228515625,14.861038616621062,67.75343577067058,4.823229130860355,10.8316863377889,0.1154200718767074,400.0553487141927,3.472553453895446,36.92132441202799,0.1176700198762389,1468.1476338704426,26.083942413330078
2000,1,100,0.1,0.0,3,4,20,3,0.9052633439794464,0.07533982350777929,1.0,0.0,0.9491588775476244,0.04239215945221906,100.0,11.0,799889.0,0.0,23.76569430033366,1.4461793195349677,1869.5923665364585,51.620301411170765,76.53501892089844,3.09365072913547,10.8316863377889,0.1154200718767074,400.0553487141927,3.472553453895446,36.92132441202799,0.1176700198762389,2269.6477152506513,34.59738063812256
2000,1,100,0.1,0.0,3,8,5,3,0.6744740837128606,0.19562770681541622,1.0,0.0,0.7944260325212706,0.14370722649380044,100.0,57.666666666666664,799842.3333333334,0.0,9.57052739461263,1.3435428200919917,489.53647867838544,40.82483109710163,50.123531341552734,5.022347122556091,10.8316863377889,0.1154200718767074,400.0553487141927,3.472553453895446,36.92132441202799,0.1176700198762389,889.5918273925781,20.40221373240153
2000,1,100,0.1,0.0,3,8,10,3,0.8844325260867268,0.05311424752034339,1.0,0.0,0.9381161178932406,0.02961365096997476,100.0,13.333333333333334,799886.6666666666,0.0,12.262991587320965,2.5595569334857795,748.8635864257812,111.08974837251192,59.70317840576172,2.922994447403881,10.8316863377889,0.1154200718767074,400.0553487141927,3.472553453895446,36.92132441202799,0.1176700198762389,1148.9189351399739,23.094677925109863
2000,1,100,0.1,0.0,3,8,20,3,0.9421174597244092,0.04863354407947474,1.0,0.0,0.9697649628149173,0.025832179003127943,100.0,6.333333333333333,799893.6666666666,0.0,17.10491116841634,0.439701745960023,1213.7859700520833,80.1715705731938,68.59420394897461,5.455301456242966,10.8316863377889,0.1154200718767074,400.0553487141927,3.472553453895446,36.92132441202799,0.1176700198762389,1613.841318766276,27.93659750620524
2000,1,100,0.1,0.0,3,16,5,3,0.7322814231846335,0.10402552241288016,1.0,0.0,0.8427303997141605,0.06803634623043127,100.0,38.333333333333336,799861.6666666666,0.0,8.670531113942465,1.326403517540141,477.1156514485677,20.776318751342316,55.42796325683594,8.16634689775338,10.8316863377889,0.1154200718767074,400.0553487141927,3.472553453895446,36.92132441202799,0.1176700198762389,877.1710001627604,19.502217451731365
2000,1,100,0.1,0.0,3,16,10,3,0.943620204626494,0.017807324275924106,1.0,0.0,0.9709348016029912,0.009426995756112605,100.0,6.0,799894.0,0.0,11.520355542500814,1.5033509440948998,730.2111002604166,124.31833833090892,61.427207946777344,6.924973054420231,10.8316863377889,0.1154200718767074,400.0553487141927,3.472553453895446,36.92132441202799,0.1176700198762389,1130.2664489746094,22.352041880289715
2000,1,100,0.1,0.0,3,16,20,3,0.9622995740782277,0.03293454135890879,1.0,0.0,0.9805950040123997,0.017215967719174753,100.0,4.0,799896.0,0.0,16.05393886566162,2.733141391259068,1216.8899332682292,258.27735878382526,72.9073371887207,6.816868448291937,10.8316863377889,0.1154200718767074,400.0553487141927,3.472553453895446,36.92132441202799,0.1176700198762389,1616.9452819824219,26.885625203450523
2000,1,100,0.1,0.01,1,4,5,3,0.3902157685928085,0.2556074394940487,1.0,0.0,0.529154112110387,0.2642469581076326,100.0,259.6666666666667,799640.3333333334,0.0,9.230829238891602,1.5876705818435617,453.7060852050781,31.01055298022087,48.45244598388672,3.83015028632905,10.899897575378418,0.1480971523102063,396.6375732421875,0.93485089809933,36.45920689900717,0.3262500632988214,850.3436584472656,20.13072681427002
2000,1,100,0.1,0.01,1,4,10,3,0.7746798840806538,0.2115810508757282,1.0,0.0,0.8615688908508666,0.14436536290264101,100.0,37.0,799863.0,0.0,11.442591667175291,1.2959866820645285,663.1392822265625,20.424606278687172,56.571797688802086,4.706622968145878,10.899897575378418,0.1480971523102063,396.6375732421875,0.93485089809933,36.45920689900717,0.3262500632988214,1059.77685546875,22.34248924255371
2000,1,100,0.1,0.01,1,4,20,3,0.9101308788223164,0.03745297598282778,1.0,0.0,0.952681381196788,0.020652243908331112,100.0,10.0,799890.0,0.0,16.252529462178547,1.4907896131589238,1105.9833170572915,27.567130839859164,66.52237955729167,4.606117221925072,10.899897575378418,0.1480971523102063,396.6375732421875,0.93485089809933,36.45920689900717,0.3262500632988214,1502.620890299479,27.152427037556965
2000,1,100,0.1,0.01,1,8,5,3,0.8410028069652483,0.11960117148411693,1.0,0.0,0.9104603229817637,0.07332158353748619,100.0,20.666666666666668,799879.3333333334,0.0,8.553770542144775,1.7273883655589737,385.3749593098958,45.013372007410645,44.947348276774086,3.366571925167466,10.899897575378418,0.1480971523102063,396.6375732421875,0.93485089809933,36.45920689900717,0.3262500632988214,782.0125325520833,19.453668117523193
2000,1,100,0.1,0.01,1,8,10,3,0.8499126146184969,0.00829347510148136,1.0,0.0,0.9188533271608833,0.004859543961362894,100.0,17.666666666666668,799882.3333333334,0.0,9.0275239944458,0.9468956966950938,463.4051818847656,29.000061075181627,50.4754384358724,3.2709146186109166,10.899897575378418,0.1480971523102063,396.6375732421875,0.93485089809933,36.45920689900717,0.3262500632988214,860.0427551269531,19.92742156982422
2000,1,100,0.1,0.01,1,8,20,3,0.9262921888561105,0.022427038636133455,1.0,0.0,0.9616415532883976,0.012157182677811696,100.0,8.0,799892.0,0.0,12.777302424112955,1.8768005365049727,737.1598103841146,57.97990291003696,56.53085708618164,3.3225518936936784,10.899897575378418,0.1480971523102063,396.6375732421875,0.93485089809933,36.45920689900717,0.3262500632988214,1133.7973836263022,23.67719999949137
2000,1,100,0.1,0.01,1,16,5,3,0.8559780794852284,0.040271458625314026,1.0,0.0,0.9220610462960352,0.0235071288827123,100.0,17.0,799883.0,0.0,8.440642833709717,1.5856122819686655,341.92462158203125,32.45465246655734,41.460341135660805,3.428216466735629,10.899897575378418,0.1480971523102063,396.6375732421875,0.93485089809933,36.45920689900717,0.3262500632988214,738.5621948242188,19.340540409088135
2000,1,100,0.1,0.01,1,16,10,3,0.8794850666435367,0.054374410736105064,1.0,0.0,0.9352785296181523,0.03112316164826078,100.0,14.0,799886.0,0.0,8.478905518849691,1.5016646879053612,403.6194763183594,30.169136747170786,47.73092142740885,4.055643560536628,10.899897575378418,0.1480971523102063,396.6375732421875,0.93485089809933,36.45920689900717,0.3262500632988214,800.2570495605469,19.37880309422811
2000,1,100,0.1,0.01,1,16,20,3,0.9292311179103633,0.024534687624920393,1.0,0.0,0.9632049571312443,0.013282801941508928,100.0,7.666666666666667,799892.3333333334,0.0,11.392034530639648,1.622004287919482,691.1366170247396,137.8511260847573,58.53120549519857,7.107617045947206,10.899897575378418,0.1480971523102063,396.6375732421875,0.93485089809933,36.45920689900717,0.3262500632988214,1087.7741902669272,22.291932106018066
2000,1,100,0.1,0.01,2,4,5,3,0.27612618192328336,0.2718453488138799,0.6666666666666666,0.5773502691896258,0.3825614440523406,0.35604033346936803,66.66666666666667,111.66666666666667,799788.3333333334,33.333333333333336,9.884669303894045,1.5199044229795915,536.4078572591146,29.630105750038275,53.64358139038086,4.7943947889548735,10.899897575378418,0.1480971523102063,396.6375732421875,0.93485089809933,36.45920689900717,0.3262500632988214,933.0454305013021,20.78456687927246
2000,1,100,0.1,0.01,2,4,10,3,0.8261105979311202,0.14816546468190997,1.0,0.0,0.899989375509792,0.08858687849763304,100.0,23.666666666666668,799876.3333333334,0.0,13.075180689493816,1.530347805722987,841.9018961588541,31.89719074427597,62.48075739542643,4.460637516651711,10.899897575378418,0.1480971523102063,396.6375732421875,0.93485089809933,36.45920689900717,0.3262500632988214,1238.5394694010415,23.975078264872234
2000,1,100,0.1,0.01,2,4,20,3,0.7882770482444665,0.23870639449147374,1.0,0.0,0.8670291585390681,0.16379865899983648,100.0,37.0,799863.0,0.0,18.71119944254557,1.1923247883954653,1429.9925537109375,31.07764014992157,74.67880503336589,3.3913916684706824,10.899897575378418,0.1480971523102063,396.6375732421875,0.93485089809933,36.45920689900717,0.3262500632988214,1826.630126953125,29.61109701792399
2000,1,100,0.1,0.01,2,8,5,3,0.8658283420723577,0.040167211114693784,1.0,0.0,0.9277547544887433,0.02336132058620677,100.0,15.666666666666666,799884.3333333334,0.0,8.440033435821533,1.408212633647434,394.75433349609375,24.980164612138257,46.86721165974935,4.132309214781568,10.899897575378418,0.1480971523102063,396.6375732421875,0.93485089809933,36.45920689900717,0.3262500632988214,791.3919067382812,19.33993101119995
2000,1,100,0.1,0.01,2,8,10,3,0.8723316912972084,0.017775562475050105,1.0,0.0,0.9317493594223154,0.010086482690245096,100.0,14.666666666666666,799885.3333333334,0.0,10.30747095743815,1.188508961293384,580.4129028320312,11.285239859209984,55.205282847086586,4.54542335356757,10.899897575378418,0.1480971523102063,396.6375732421875,0.93485089809933,36.45920689900717,0.3262500632988214,977.0504760742188,21.207368532816567
2000,1,100,0.1,0.01,2,8,20,3,0.8126135569531797,0.12495428684462503,1.0,0.0,0.893144935481399,0.07569062417371301,100.0,25.0,799875.0,0.0,14.734718322753906,1.6399557165976504,965.8794759114584,72.2379822625101,63.69650904337565,2.46784955900588,10.899897575378418,0.1480971523102063,396.6375732421875,0.93485089809933,36.45920689900717,0.3262500632988214,1362.517049153646,25.634615898132324
2000,1,100,0.1,0.01,2,16,5,3,0.8278338945005612,0.08755848935530908,1.0,0.0,0.9041654386481972,0.05146430694267974,100.0,21.666666666666668,799878.3333333334,0.0,8.741720040639242,1.5119883538438277,396.4542643229167,29.391226519835406,45.87534713745117,3.8916010405529846,10.899897575378418,0.1480971523102063,396.6375732421875,0.93485089809933,36.45920689900717,0.3262500632988214,793.0918375651042,19.641617616017662
2000,1,100,0.1,0.01,2,16,10,3,0.8777239709443099,0.06503939249913712,1.0,0.0,0.9340439526163401,0.03623778548400978,100.0,14.333333333333334,799885.6666666666,0.0,9.433728218078612,1.5081356307480092,519.0793863932291,27.72487812444225,54.27666473388672,4.7746810609116,10.899897575378418,0.1480971523102063,396.6375732421875,0.93485089809933,36.45920689900717,0.3262500632988214,915.7169596354166,20.33362579345703
2000,1,100,0.1,0.01,2,16,20,3,0.9080076690139584,0.04698420148256478,1.0,0.0,0.9513570780404478,0.026139425547153417,100.0,10.333333333333334,799889.6666666666,0.0,12.09965960184733,1.3793369716900683,828.8439127604166,22.743511802217835,65.5947494506836,4.9688176683519245,10.899897575378418,0.1480971523102063,396.6375732421875,0.93485089809933,36.45920689900717,0.3262500632988214,1225.481486002604,22.999557177225746
2000,1,100,0.1,0.01,3,4,5,3,0.7812155579696332,0.1577836821321925,1.0,0.0,0.870996335652913,0.10460070491442537,100.0,32.0,799868.0,0.0,10.89591916402181,1.189396222180156,655.5320434570312,27.81476030741957,58.56413777669271,3.420017512102836,10.899897575378418,0.1480971523102063,396.6375732421875,0.93485089809933,36.45920689900717,0.3262500632988214,1052.1696166992188,21.79581673940023
2000,1,100,0.1,0.01,3,4,10,3,0.8482451221791528,0.0319782838902725,1.0,0.0,0.9176784736022516,0.01855089362611304,100.0,18.0,799882.0,0.0,15.291040738423666,1.5204490875275052,1063.6110026041667,27.73245861333633,67.33598709106445,4.288059944749862,10.899897575378418,0.1480971523102063,396.6375732421875,0.93485089809933,36.45920689900717,0.3262500632988214,1460.2485758463542,26.190938313802086
2000,1,100,0.1,0.01,3,4,20,3,0.8974358974358975,0.11102889792108186,1.0,0.0,0.9434498437055981,0.0639859633372986,100.0,12.666666666666666,799887.3333333334,0.0,23.699307759602863,1.468622066650235,1878.415079752604,19.5749905872072,77.5948486328125,3.671076429213625,10.899897575378418,0.1480971523102063,396.6375732421875,0.93485089809933,36.45920689900717,0.3262500632988214,2275.0526529947915,34.59920533498128
2000,1,100,0.1,0.01,3,8,5,3,0.6031570402356407,0.2727137894844382,1.0,0.0,0.7270728285221039,0.2248397585564604,100.0,96.33333333333333,799803.6666666666,0.0,9.479976018269856,1.9911591253717165,491.5317993164063,67.96284845523088,50.56517028808594,2.7796785007798808,10.899897575378418,0.1480971523102063,396.6375732421875,0.93485089809933,36.45920689900717,0.3262500632988214,888.1693725585938,20.379873593648274
2000,1,100,0.1,0.01,3,8,10,3,0.850488169328749,0.10970561516494745,1.0,0.0,0.9165806315234807,0.06638254796428077,100.0,19.0,799881.0,0.0,12.075939496358236,1.5315896557739976,702.5196533203125,31.46734173494607,56.95880254109701,4.728812870792529,10.899897575378418,0.1480971523102063,396.6375732421875,0.93485089809933,36.45920689900717,0.3262500632988214,1099.1572265625,22.975837071736656
2000,1,100,0.1,0.01,3,8,20,3,0.704129625098551,0.1414023267325487,1.0,0.0,0.8207718455068278,0.10144231188418855,100.0,46.333333333333336,799853.6666666666,0.0,16.88035233815511,2.4416154146876314,1210.97509765625,108.7605377097702,70.0828348795573,3.731332147122026,10.899897575378418,0.1480971523102063,396.6375732421875,0.93485089809933,36.45920689900717,0.3262500632988214,1607.6126708984375,27.780249913533527
2000,1,100,0.1,0.01,3,16,5,3,0.9127458684980808,0.035238712341349475,1.0,0.0,0.9541480636086649,0.01911168245280853,100.0,9.666666666666666,799890.3333333334,0.0,9.303242365519203,1.4601195247250824,456.7848612467448,27.05155030228458,48.90414047241211,3.9971724667077,10.899897575378418,0.1480971523102063,396.6375732421875,0.93485089809933,36.45920689900717,0.3262500632988214,853.4224344889324,20.20313994089762
2000,1,100,0.1,0.01,3,16,10,3,0.9205761066588486,0.02142150871628405,1.0,0.0,0.9585596280096761,0.01158867410279218,100.0,8.666666666666666,799891.3333333334,0.0,11.980653444925943,0.9782048308838528,777.2833251953125,95.47168582486644,63.04603958129883,7.095917749135027,10.899897575378418,0.1480971523102063,396.6375732421875,0.93485089809933,36.45920689900717,0.3262500632988214,1173.9208984375,22.88055102030436
2000,1,100,0.1,0.01,3,16,20,3,0.9433962264150942,0.0,1.0,0.0,0.970873786407767,0.0,100.0,6.0,799894.0,0.0,13.980130831400553,1.5901896848728798,1050.7931315104167,26.55991748453981,73.34529113769531,6.1837138210952585,10.899897575378418,0.1480971523102063,396.6375732421875,0.93485089809933,36.45920689900717,0.3262500632988214,1447.4307047526042,24.88002840677897
2000,1,100,0.1,0.1,1,4,5,3,0.4442274763587379,0.2542179720548408,1.0,0.0,0.5827937974767785,0.2761079863781434,100.0,231.33333333333334,799668.6666666666,0.0,9.068763415018717,1.1003287200891962,441.9664713541667,4.160282445788474,48.12273915608724,4.736263713424633,11.849102338155111,0.1712425880236735,492.61081949869794,14.016185995537649,41.56583913167318,0.5397981541420277,934.5772908528646,20.917865753173828
2000,1,100,0.1,0.1,1,4,10,3,0.4700210211226558,0.3100382538090774,0.9966666666666667,0.005773502691896279,0.594622708565066,0.32010556372691745,99.66666666666667,253.0,799647.0,0.3333333333333333,11.31592305501302,1.714455210139633,646.8397420247396,52.457871100630086,56.129859924316406,4.231570505757722,11.849102338155111,0.1712425880236735,492.61081949869794,14.016185995537649,41.56583913167318,0.5397981541420277,1139.4505615234375,23.16502539316813
2000,1,100,0.1,0.1,1,4,20,3,0.6329458743896195,0.17622372365420721,1.0,0.0,0.7656688607587591,0.13300885461174922,100.0,66.66666666666667,799833.3333333334,0.0,15.19301986694336,1.7395939925287969,1022.854960123698,45.50714947743688,65.56822331746419,4.150808228869112,11.849102338155111,0.1712425880236735,492.61081949869794,14.016185995537649,41.56583913167318,0.5397981541420277,1515.465779622396,27.042122205098472
2000,1,100,0.1,0.1,1,8,5,3,0.7422450945895211,0.09962627723627873,1.0,0.0,0.8495715413345949,0.06520126352173766,100.0,36.333333333333336,799863.6666666666,0.0,8.089594205220541,1.490378454601671,352.42026774088544,26.276174186463575,43.34280649820963,3.52199280677989,11.849102338155111,0.1712425880236735,492.61081949869794,14.016185995537649,41.56583913167318,0.5397981541420277,845.0310872395834,19.938696543375652
2000,1,100,0.1,0.1,1,8,10,3,0.6507579337830932,0.07590678745094548,0.9966666666666667,0.0057735026918962545,0.7855917427008355,0.05645427241782887,99.66666666666667,55.0,799845.0,0.3333333333333333,9.191319465637209,1.2150725154582578,454.67429606119794,15.379262282601347,48.90129852294922,4.265206231994171,11.849102338155111,0.1712425880236735,492.61081949869794,14.016185995537649,41.56583913167318,0.5397981541420277,947.2851155598959,21.04042180379232
2000,1,100,0.1,0.1,1,8,20,3,0.8482141043299488,0.0307187876573474,1.0,0.0,0.9176731568708486,0.018152041082060935,100.0,18.0,799882.0,0.0,13.852837244669596,2.226624600924755,827.4000040690104,104.10635485010046,58.24520619710287,3.458640399389959,11.849102338155111,0.1712425880236735,492.61081949869794,14.016185995537649,41.56583913167318,0.5397981541420277,1320.0108235677083,25.701939582824707
2000,1,100,0.1,0.1,1,16,5,3,0.6732398036745862,0.04513879531517728,1.0,0.0,0.8041246866278794,0.032771407361409155,100.0,49.0,799851.0,0.0,7.585452397664388,1.457668108017478,318.8734232584636,27.08268642247834,43.047723134358726,4.1297492311726005,11.849102338155111,0.1712425880236735,492.61081949869794,14.016185995537649,41.56583913167318,0.5397981541420277,811.4842427571616,19.4345547358195
2000,1,100,0.1,0.1,1,16,10,3,0.8033821753276538,0.038580363046940486,1.0,0.0,0.8906333392634762,0.02379862384611069,100.0,24.666666666666668,799875.3333333334,0.0,8.174190044403076,1.083727308646462,404.0031636555989,28.926126580216483,49.03882344563802,2.6012338217197697,11.849102338155111,0.1712425880236735,492.61081949869794,14.016185995537649,41.56583913167318,0.5397981541420277,896.6139831542969,20.02329238255819
2000,1,100,0.1,0.1,1,16,20,3,0.8586593321664809,0.044045476388349436,1.0,0.0,0.9235514036837368,0.025585928430737523,100.0,16.666666666666668,799883.3333333334,0.0,10.096431096394856,1.4938253250163642,586.0300903320312,23.89871381220808,56.067282358805336,4.71623885554324,11.849102338155111,0.1712425880236735,492.61081949869794,14.016185995537649,41.56583913167318,0.5397981541420277,1078.6409098307292,21.945533434549965
2000,1,100,0.1,0.1,2,4,5,3,0.0374704320540671,0.03627186221394382,0.6666666666666666,0.5773502691896258,0.07065565539569592,0.06773974783197095,66.66666666666667,1227.0,798673.0,33.333333333333336,9.945592880249023,1.5166750875735566,541.2695719401041,29.65350896482639,53.810715993245445,4.904367140227277,11.849102338155111,0.1712425880236735,492.61081949869794,14.016185995537649,41.56583913167318,0.5397981541420277,1033.880391438802,21.794695218404136
2000,1,100,0.1,0.1,2,4,10,3,0.41308117681115397,0.19954043491329554,1.0,0.0,0.5641863918025182,0.21763824176014065,100.0,205.0,799695.0,0.0,13.1391871770223,1.7360645880694443,832.5749308268229,23.977900897176458,62.50183868408203,5.902988330341925,11.849102338155111,0.1712425880236735,492.61081949869794,14.016185995537649,41.56583913167318,0.5397981541420277,1325.1857503255208,24.988289515177414
2000,1,100,0.1,0.1,2,4,20,3,0.7747735403821269,0.10226935040063863,1.0,0.0,0.8705425212729331,0.06648304308050294,100.0,30.666666666666668,799869.3333333334,0.0,18.899808247884117,1.551635529598159,1429.3479817708333,16.479276103344763,73.87496693929036,5.537169272726799,11.849102338155111,0.1712425880236735,492.61081949869794,14.016185995537649,41.56583913167318,0.5397981541420277,1921.9588012695312,30.74891058603923
2000,1,100,0.1,0.1,2,8,5,3,0.5165962942371936,0.09314172579761844,1.0,0.0,0.6779060602770447,0.08190426372736304,100.0,98.0,799802.0,0.0,8.562560558319092,1.4095446555725792,405.557861328125,25.174598633566987,47.42629877726237,4.3675446681225285,11.849102338155111,0.1712425880236735,492.61081949869794,14.016185995537649,41.56583913167318,0.5397981541420277,898.168680826823,20.411662896474205
2000,1,100,0.1,0.1,2,8,10,3,0.6393298059964727,0.10383431954085479,1.0,0.0,0.7766709945340295,0.07862734605451777,100.0,59.333333333333336,799840.6666666666,0.0,11.111308097839355,2.3434197796351928,639.3694458007812,95.1612940268187,56.35197067260742,3.0253908537041165,11.849102338155111,0.1712425880236735,492.61081949869794,14.016185995537649,41.56583913167318,0.5397981541420277,1131.9802652994792,22.96041043599447
2000,1,100,0.1,0.1,2,8,20,3,0.8562032952276853,0.043965643248327295,1.0,0.0,0.9221290904334665,0.02550640537716211,100.0,17.0,799883.0,0.0,15.54399871826172,1.6768426328093204,1065.6047770182292,99.83202389267724,66.11346944173177,4.587072258871786,11.849102338155111,0.1712425880236735,492.61081949869794,14.016185995537649,41.56583913167318,0.5397981541420277,1558.2155965169272,27.393101056416832
2000,1,100,0.1,0.1,2,16,5,3,0.6338951718191475,0.13302194604024328,1.0,0.0,0.7707418337987049,0.09561312477678367,100.0,62.0,799838.0,0.0,8.251765410105387,1.5213408433052242,387.6339925130208,29.32429412358865,47.16897964477539,4.021423122724234,11.849102338155111,0.1712425880236735,492.61081949869794,14.016185995537649,41.56583913167318,0.5397981541420277,880.2448120117188,20.100867748260498
2000,1,100,0.1,0.1,2,16,10,3,0.8537888860336152,0.0442871134775455,1.0,0.0,0.9207198259286115,0.025661689311748028,100.0,17.333333333333332,799882.6666666666,0.0,11.745970726013184,2.2394693273441173,690.0472615559896,115.25830423041384,57.13831456502279,3.742147958214836,11.849102338155111,0.1712425880236735,492.61081949869794,14.016185995537649,41.56583913167318,0.5397981541420277,1182.6580810546875,23.595073064168297
2000,1,100,0.1,0.1,2,16,20,3,0.8962985974480228,0.03217629167513494,1.0,0.0,0.9451105620141954,0.01796560242660992,100.0,11.666666666666666,799888.3333333334,0.0,15.467140197753906,3.4965508802653225,1136.3375244140625,235.95822037772243,71.30537414550781,4.156162685985599,11.849102338155111,0.1712425880236735,492.61081949869794,14.016185995537649,41.56583913167318,0.5397981541420277,1628.9483439127605,27.31624253590902
2000,1,100,0.1,0.1,3,4,5,3,0.7027027027027026,0.18286291108274272,1.0,0.0,0.8165405615143705,0.12388738462877003,100.0,48.666666666666664,799851.3333333334,0.0,11.094321886698404,1.519064047649652,640.7947998046875,25.69064701092952,56.36097717285156,4.692178540983414,11.849102338155111,0.1712425880236735,492.61081949869794,14.016185995537649,41.56583913167318,0.5397981541420277,1133.4056193033855,22.943424224853516
2000,1,100,0.1,0.1,3,4,10,3,0.6159313327119399,0.1462025522400792,1.0,0.0,0.7557025101355602,0.10988616901140649,100.0,68.33333333333333,799831.6666666666,0.0,15.202635447184244,1.4667633363038652,1043.2684122721355,19.295420974793757,66.29850387573242,4.480747741465674,11.849102338155111,0.1712425880236735,492.61081949869794,14.016185995537649,41.56583913167318,0.5397981541420277,1535.8792317708335,27.051737785339355
2000,1,100,0.1,0.1,3,4,20,3,0.7118980315238224,0.15241407281726893,1.0,0.0,0.8252788199858475,0.1083661184945753,100.0,45.333333333333336,799854.6666666666,0.0,23.88525009155273,1.26995794709132,1882.5016682942708,29.845200299068512,76.88472493489583,3.398880199316692,11.849102338155111,0.1712425880236735,492.61081949869794,14.016185995537649,41.56583913167318,0.5397981541420277,2375.1124877929688,35.73435242970784
2000,1,100,0.1,0.1,3,8,5,3,0.6566051697287922,0.16297388498241133,1.0,0.0,0.7846798466976762,0.12262778873082986,100.0,59.333333333333336,799840.6666666666,0.0,9.386977354685463,1.588465602111459,483.95229085286456,36.74873564000875,51.39325078328451,4.678595352796572,11.849102338155111,0.1712425880236735,492.61081949869794,14.016185995537649,41.56583913167318,0.5397981541420277,976.5631103515625,21.236079692840576
2000,1,100,0.1,0.1,3,8,10,3,0.7670437876387534,0.09622954069108042,1.0,0.0,0.8659869470652767,0.060028668221243905,100.0,31.666666666666668,799868.3333333334,0.0,12.09680143992106,1.5245882855649122,702.6680704752604,29.55543375637497,56.86455790201823,4.431074042406012,11.849102338155111,0.1712425880236735,492.61081949869794,14.016185995537649,41.56583913167318,0.5397981541420277,1195.2788899739583,23.945903778076172
2000,1,100,0.1,0.1,3,8,20,3,0.8645860145860146,0.05607753980824493,1.0,0.0,0.9267174712940608,0.032836699844237996,100.0,16.0,799884.0,0.0,16.252983411153156,1.084202080269861,1153.4173990885415,56.16009245475127,69.14963277180989,5.634769649635485,11.849102338155111,0.1712425880236735,492.61081949869794,14.016185995537649,41.56583913167318,0.5397981541420277,1646.0282185872395,28.102085749308266
2000,1,100,0.1,0.1,3,16,5,3,0.8401202146284757,0.05273960416221211,1.0,0.0,0.9125284759941423,0.030669724115060866,100.0,19.333333333333332,799880.6666666666,0.0,9.18418518702189,1.2591628435160849,489.3146667480469,61.6804459823012,52.506524403889976,5.946514731355242,11.849102338155111,0.1712425880236735,492.61081949869794,14.016185995537649,41.56583913167318,0.5397981541420277,981.9254862467449,21.033287525177002
2000,1,100,0.1,0.1,3,16,10,3,0.8852756697584283,0.020496069188263286,1.0,0.0,0.9390631503064064,0.01159472379529763,100.0,13.0,799887.0,0.0,10.42526912689209,1.5321179896317525,641.13916015625,29.248345929475985,60.14225641886393,5.003244673408427,11.849102338155111,0.1712425880236735,492.61081949869794,14.016185995537649,41.56583913167318,0.5397981541420277,1133.749979654948,22.274371465047203
2000,1,100,0.1,0.1,3,16,20,3,0.8852756697584283,0.020496069188263327,1.0,0.0,0.9390631503064064,0.01159472379529763,100.0,13.0,799887.0,0.0,13.97939936319987,1.490026762473856,1055.8894449869792,19.591461445057277,73.65614827473958,6.513209978067349,11.849102338155111,0.1712425880236735,492.61081949869794,14.016185995537649,41.56583913167318,0.5397981541420277,1548.5002644856772,25.82850170135498
2000,1,200,0.01,0.0,1,4,5,3,0.5962283903460374,0.400912316921833,1.0,0.0,0.6840151296944851,0.3776189150897978,100.0,213.0,799687.0,0.0,8.926837921142578,1.1104118345952592,442.2949727376302,20.53635515853253,49.07922871907552,3.388479959205742,24.19353802998861,0.1737024845457461,996.413065592448,3.058794909120357,41.23600006103516,0.1609037082755594,1438.7080383300781,33.12037595113119
2000,1,200,0.01,0.0,1,4,10,3,0.8025397635787246,0.11224039893143103,1.0,0.0,0.8875204244446978,0.07071041501908336,100.0,26.333333333333332,799873.6666666666,0.0,11.597312291463217,1.3792366150231816,658.2613932291666,17.463195964956515,55.69647979736328,4.74545334268601,24.19353802998861,0.1737024845457461,996.413065592448,3.058794909120357,41.23600006103516,0.1609037082755594,1654.6744588216147,35.79085032145183
2000,1,200,0.01,0.0,1,4,20,3,0.9211621711621713,0.03589662114943456,1.0,0.0,0.9587231118862639,0.019296164329082658,100.0,8.666666666666666,799891.3333333334,0.0,15.506800015767416,1.626639624329724,1021.6329345703124,38.74346347727404,64.76901372273763,5.065139812315363,24.19353802998861,0.1737024845457461,996.413065592448,3.058794909120357,41.23600006103516,0.1609037082755594,2018.0460001627603,39.70033804575603
2000,1,200,0.01,0.0,1,8,5,3,0.8195199861866529,0.11394233083134586,1.0,0.0,0.8978915460396942,0.06992253212678179,100.0,23.666666666666668,799876.3333333334,0.0,7.973975340525309,1.4174368055070643,348.73468017578125,23.524873258529343,44.03720474243164,4.146331791619195,24.19353802998861,0.1737024845457461,996.413065592448,3.058794909120357,41.23600006103516,0.1609037082755594,1345.1477457682292,32.167513370513916
2000,1,200,0.01,0.0,1,8,10,3,0.915114759454382,0.02580241891025984,1.0,0.0,0.9555503217346045,0.01401027310092964,100.0,9.333333333333334,799890.6666666666,0.0,9.668561299641928,1.6955575120999558,489.0477091471354,40.07009233953386,49.99429194132487,4.239319400325762,24.19353802998861,0.1737024845457461,996.413065592448,3.058794909120357,41.23600006103516,0.1609037082755594,1485.4607747395835,33.86209932963054
2000,1,200,0.01,0.0,1,8,20,3,0.9444377162823766,0.037991812180710495,1.0,0.0,0.971160376772597,0.020316414050956293,100.0,6.0,799894.0,0.0,12.136823018391928,1.8059061876077485,709.4542846679688,44.19893819203256,57.48247273763021,5.437357582742987,24.19353802998861,0.1737024845457461,996.413065592448,3.058794909120357,41.23600006103516,0.1609037082755594,1705.8673502604167,36.33036104838054
2000,1,200,0.01,0.0,1,16,5,3,0.9151537057968838,0.02650769932946001,1.0,0.0,0.955563057522641,0.014558939663878704,100.0,9.333333333333334,799890.6666666666,0.0,8.141802310943604,1.5572499584057535,355.62034098307294,36.77130113769635,44.65111923217773,5.365685759471226,24.19353802998861,0.1737024845457461,996.413065592448,3.058794909120357,41.23600006103516,0.1609037082755594,1352.033406575521,32.33534034093221
2000,1,200,0.01,0.0,1,16,10,3,0.9465047090686308,0.013745698198398309,1.0,0.0,0.9724831727165797,0.0072397198643202815,100.0,5.666666666666667,799894.3333333334,0.0,8.566458702087402,1.6433756884758537,410.4464518229167,34.167747780866954,48.13049825032552,4.300680412597286,24.19353802998861,0.1737024845457461,996.413065592448,3.058794909120357,41.23600006103516,0.1609037082755594,1406.8595174153647,32.75999673207601
2000,1,200,0.01,0.0,1,16,20,3,0.9677620114513319,0.005389752326266119,1.0,0.0,0.9836118355388132,0.0027883235254980983,100.0,3.3333333333333335,799896.6666666666,0.0,11.479708353678385,1.647952678702972,702.5900472005209,138.0757259980558,59.289693196614586,7.379680442056586,24.19353802998861,0.1737024845457461,996.413065592448,3.058794909120357,41.23600006103516,0.1609037082755594,1699.0031127929688,35.67324638366699
2000,1,200,0.01,0.0,2,4,5,3,0.659041394335512,0.17163345595412563,1.0,0.0,0.7858331599750364,0.12566348224545248,100.0,59.0,799841.0,0.0,10.02761427561442,1.686222302416404,534.8718872070312,31.535432889588023,53.09236907958984,4.98292903982135,24.19353802998861,0.1737024845457461,996.413065592448,3.058794909120357,41.23600006103516,0.1609037082755594,1531.2849527994792,34.22115230560303
2000,1,200,0.01,0.0,2,4,10,3,0.9279166011839278,0.11638293562902026,1.0,0.0,0.9599935426114267,0.06503222629298336,100.0,9.0,799891.0,0.0,13.715973218282064,1.522113445341766,852.8271484375,31.60538544940701,60.93593978881836,4.022235828892732,24.19353802998861,0.1737024845457461,996.413065592448,3.058794909120357,41.23600006103516,0.1609037082755594,1849.240214029948,37.909511248270675
2000,1,200,0.01,0.0,2,4,20,3,0.9681230075746171,0.023472592197588522,1.0,0.0,0.983706778968835,0.012146602807625818,100.0,3.3333333333333335,799896.6666666666,0.0,18.76784324645996,1.1596451883598689,1421.0134684244792,21.15428797799033,73.40712992350261,3.3028923109977844,24.19353802998861,0.1737024845457461,996.413065592448,3.058794909120357,41.23600006103516,0.1609037082755594,2417.4265340169272,42.96138127644857
2000,1,200,0.01,0.0,2,8,5,3,0.8043872465841484,0.12516978910451393,1.0,0.0,0.8880491523909724,0.07663456182271343,100.0,26.333333333333332,799873.6666666666,0.0,8.761354287465414,1.6092148294268245,411.0296020507813,32.16360824127667,46.987875620524086,4.338737574477336,24.19353802998861,0.1737024845457461,996.413065592448,3.058794909120357,41.23600006103516,0.1609037082755594,1407.4426676432292,32.954892317454025
2000,1,200,0.01,0.0,2,8,10,3,0.9622641509433962,0.0326802039163939,1.0,0.0,0.9805825242718447,0.016816027257950256,100.0,4.0,799896.0,0.0,11.550695101420084,0.6582584565926187,669.0122680664062,49.113181035664624,55.81640752156576,6.144924792932055,24.19353802998861,0.1737024845457461,996.413065592448,3.058794909120357,41.23600006103516,0.1609037082755594,1665.4253336588542,35.74423313140869
2000,1,200,0.01,0.0,2,8,20,3,0.9709348016029912,0.009426995756112494,1.0,0.0,0.985237613880194,0.004853446148397219,100.0,3.0,799897.0,0.0,15.87727165222168,1.1611753584176772,1078.255594889323,99.10245409096107,65.9978256225586,5.568294341280161,24.19353802998861,0.1737024845457461,996.413065592448,3.058794909120357,41.23600006103516,0.1609037082755594,2074.668660481771,40.07080968221029
2000,1,200,0.01,0.0,2,16,5,3,0.9071919497680637,0.03369486358938677,1.0,0.0,0.9511179773539413,0.018668734411423752,100.0,10.333333333333334,799889.6666666666,0.0,8.663296381632486,1.4465775689713298,410.6010233561198,43.41265569890904,47.2873649597168,5.746021586779659,24.19353802998861,0.1737024845457461,996.413065592448,3.058794909120357,41.23600006103516,0.1609037082755594,1407.0140889485679,32.856834411621094
2000,1,200,0.01,0.0,2,16,10,3,0.9377967711301044,0.020560907022422567,1.0,0.0,0.9678230266465561,0.010885186070694343,100.0,6.666666666666667,799893.3333333334,0.0,12.185038566589355,1.6522154481103222,747.6867879231771,28.829448533294624,59.92996470133463,4.945345669757183,24.19353802998861,0.1737024845457461,996.413065592448,3.058794909120357,41.23600006103516,0.1609037082755594,1744.099853515625,36.378576596577965
2000,1,200,0.01,0.0,2,16,20,3,0.9805825242718447,0.016816027257950256,1.0,0.0,0.9901477832512317,0.008532269988024,100.0,2.0,799898.0,0.0,12.16852124532064,1.483039781142181,819.3356323242188,24.881678572917338,64.78196970621745,4.821056474061856,24.19353802998861,0.1737024845457461,996.413065592448,3.058794909120357,41.23600006103516,0.1609037082755594,1815.7486979166667,36.36205927530925
2000,1,200,0.01,0.0,3,4,5,3,0.6095234512226848,0.26662519032811216,1.0,0.0,0.7322531357204328,0.22802887977279532,100.0,96.0,799804.0,0.0,11.269136110941568,1.656736532202835,667.9386800130209,31.458205767200784,57.57114791870117,4.423678685872792,24.19353802998861,0.1737024845457461,996.413065592448,3.058794909120357,41.23600006103516,0.1609037082755594,1664.3517456054688,35.462674140930176
2000,1,200,0.01,0.0,3,4,10,3,0.9292311179103633,0.024534687624920337,1.0,0.0,0.9632049571312443,0.01328280194150896,100.0,7.666666666666667,799892.3333333334,0.0,15.32345453898112,1.5944849462353337,1071.2940266927085,23.312713403537515,67.7905502319336,4.648091066402068,24.19353802998861,0.1737024845457461,996.413065592448,3.058794909120357,41.23600006103516,0.1609037082755594,2067.7070922851562,39.51699256896973
2000,1,200,0.01,0.0,3,4,20,3,0.6352833085506352,0.3907771534273648,1.0,0.0,0.724647343077533,0.3307427242486994,100.0,135.33333333333334,799764.6666666666,0.0,24.303564071655277,1.5242102525725627,1895.613199869792,6.722085176227761,75.94969177246094,3.988042680805356,24.19353802998861,0.1737024845457461,996.413065592448,3.058794909120357,41.23600006103516,0.1609037082755594,2892.02626546224,48.49710210164389
2000,1,200,0.01,0.0,3,8,5,3,0.6890683582352048,0.19863001016821846,1.0,0.0,0.8047923240719362,0.14219980370234192,100.0,54.0,799846.0,0.0,10.0101588567098,1.4878239256103545,531.4311930338541,25.94224219031698,52.31249109903971,5.349446113762175,24.19353802998861,0.1737024845457461,996.413065592448,3.058794909120357,41.23600006103516,0.1609037082755594,1527.8442586263022,34.20369688669841
2000,1,200,0.01,0.0,3,8,10,3,0.9586028247871076,0.013972027345366024,1.0,0.0,0.9788292060491198,0.0073005196605892605,100.0,4.333333333333333,799895.6666666666,0.0,11.105691274007162,0.9612305586652412,677.3346761067709,22.035905998113275,59.21807734171549,2.907170616916535,24.19353802998861,0.1737024845457461,996.413065592448,3.058794909120357,41.23600006103516,0.1609037082755594,1673.7477416992188,35.29922930399577
2000,1,200,0.01,0.0,3,8,20,3,0.9557639974523768,0.06822434095972851,1.0,0.0,0.9765347716247423,0.03641943713875467,100.0,5.0,799895.0,0.0,19.66345342000325,2.8263771088017537,1467.9446207682292,156.76078906541963,72.68591817220052,4.68646214130178,24.19353802998861,0.1737024845457461,996.413065592448,3.058794909120357,41.23600006103516,0.1609037082755594,2464.3576863606772,43.85699144999186
2000,1,200,0.01,0.0,3,16,5,3,0.927548736038748,0.04723448261613498,1.0,0.0,0.961994896336137,0.02557963600630646,100.0,8.0,799892.0,0.0,8.645938237508139,1.614837208544606,437.3127543131511,35.67658611186934,50.64476903279623,4.427961781205493,24.19353802998861,0.1737024845457461,996.413065592448,3.058794909120357,41.23600006103516,0.1609037082755594,1433.725819905599,32.83947626749675
2000,1,200,0.01,0.0,3,16,10,3,0.9615384615384616,0.0,1.0,0.0,0.9803921568627451,0.0,100.0,4.0,799896.0,0.0,11.736560503641764,1.607190326706526,754.6100870768229,126.84541926822314,62.7362912495931,7.141319018344405,24.19353802998861,0.1737024845457461,996.413065592448,3.058794909120357,41.23600006103516,0.1609037082755594,1751.023152669271,35.93009853363037
2000,1,200,0.01,0.0,3,16,20,3,0.965011232618182,0.023544268953648192,1.0,0.0,0.9820969396308009,0.012165463031542735,100.0,3.6666666666666665,799896.3333333334,0.0,14.0851837793986,1.9897147719489392,1061.438232421875,58.73428864636356,73.72462463378906,5.321871811575797,24.19353802998861,0.1737024845457461,996.413065592448,3.058794909120357,41.23600006103516,0.1609037082755594,2057.851298014323,38.27872180938721
2000,1,200,0.01,0.01,1,4,5,3,0.729228889485061,0.28927115200496445,1.0,0.0,0.8192143769516372,0.21714291410960201,100.0,58.333333333333336,799841.6666666666,0.0,9.269464174906412,1.5407964208175229,456.6688944498698,26.86431490770547,48.69338734944662,4.209313246163711,24.568051020304363,0.3640366780356171,1023.403361002604,9.87935638826776,41.77800496419271,0.2066591056296938,1480.0722554524739,33.83751519521078
2000,1,200,0.01,0.01,1,4,10,3,0.7120008716021137,0.20849494208486372,1.0,0.0,0.8193005438450239,0.15372505894785676,100.0,50.666666666666664,799849.3333333334,0.0,11.40045166015625,1.3014930563677407,668.8242390950521,33.05137567355429,57.129931131998696,3.3484826945915,24.568051020304363,0.3640366780356171,1023.403361002604,9.87935638826776,41.77800496419271,0.2066591056296938,1692.2276000976562,35.96850268046062
2000,1,200,0.01,0.01,1,4,20,3,0.8984146959100276,0.016936007647236014,1.0,0.0,0.9464337205361305,0.009362476120311781,100.0,11.333333333333334,799888.6666666666,0.0,15.63470204671224,0.9407002184323472,1046.7768961588542,23.001905315359167,65.08414459228516,4.72797882568134,24.568051020304363,0.3640366780356171,1023.403361002604,9.87935638826776,41.77800496419271,0.2066591056296938,2070.180257161458,40.2027530670166
2000,1,200,0.01,0.01,1,8,5,3,0.7691795726555085,0.16018184851947784,1.0,0.0,0.863038114240482,0.1076405485811464,100.0,34.333333333333336,799865.6666666666,0.0,8.235471884409586,1.6409909431028935,366.40374755859375,34.75203591542357,44.581679026285805,3.537253773545172,24.568051020304363,0.3640366780356171,1023.403361002604,9.87935638826776,41.77800496419271,0.2066591056296938,1389.8071085611978,32.80352290471395
2000,1,200,0.01,0.01,1,8,10,3,0.9404572973608417,0.0050903744418059485,1.0,0.0,0.9693103825649203,0.002707894888558889,100.0,6.333333333333333,799893.6666666666,0.0,10.218003590901692,1.7922800783841306,525.8653462727865,44.28601357213164,51.24996439615885,5.476202826167075,24.568051020304363,0.3640366780356171,1023.403361002604,9.87935638826776,41.77800496419271,0.2066591056296938,1549.2687072753906,34.786054611206055
2000,1,200,0.01,0.01,1,8,20,3,0.9319126903224763,0.01822779298443199,1.0,0.0,0.9646953388930282,0.009728047133679732,100.0,7.333333333333333,799892.6666666666,0.0,12.049162228902182,2.055939656296108,717.1611328125,62.367705189514986,58.54742177327474,4.057917775455562,24.568051020304363,0.3640366780356171,1023.403361002604,9.87935638826776,41.77800496419271,0.2066591056296938,1740.564493815104,36.61721324920654
2000,1,200,0.01,0.01,1,16,5,3,0.8770239743821318,0.07865460680830172,1.0,0.0,0.9332072653275487,0.045687467716979034,100.0,14.666666666666666,799885.3333333334,0.0,7.764631907145183,1.600599444972555,322.8747863769531,30.171437246865334,42.57204818725586,4.106214552269635,24.568051020304363,0.3640366780356171,1023.403361002604,9.87935638826776,41.77800496419271,0.2066591056296938,1346.2781473795571,32.33268292744955
2000,1,200,0.01,0.01,1,16,10,3,0.9347412151635798,0.0149909192277036,1.0,0.0,0.9662284572861988,0.008045946056435502,100.0,7.0,799893.0,0.0,8.532787481943766,1.5062026461120217,404.13672892252606,30.066349539368687,47.47375742594401,4.1137740320530245,24.568051020304363,0.3640366780356171,1023.403361002604,9.87935638826776,41.77800496419271,0.2066591056296938,1427.5400899251301,33.10083850224813
2000,1,200,0.01,0.01,1,16,20,3,0.9494436381228835,0.010474424332177526,1.0,0.0,0.9740465765594264,0.005495433744428144,100.0,5.333333333333333,799894.6666666666,0.0,10.185946146647137,1.696382871540436,583.2459513346354,34.251965594214035,56.3411610921224,4.960200390249239,24.568051020304363,0.3640366780356171,1023.403361002604,9.87935638826776,41.77800496419271,0.2066591056296938,1606.6493123372393,34.7539971669515
2000,1,200,0.01,0.01,2,4,5,3,0.9228734228734229,0.059216461241153755,1.0,0.0,0.959220299711807,0.032616821507022456,100.0,8.666666666666666,799891.3333333334,0.0,10.037501653035482,1.429224376290527,573.4048461914062,39.44349209667977,56.11989084879557,6.922109476471525,24.568051020304363,0.3640366780356171,1023.403361002604,9.87935638826776,41.77800496419271,0.2066591056296938,1596.8082071940103,34.605552673339844
2000,1,200,0.01,0.01,2,4,10,3,0.8786737391750857,0.09055174953516498,1.0,0.0,0.9337246769552254,0.05273757847453735,100.0,14.666666666666666,799885.3333333334,0.0,13.13868808746338,1.7093850168803306,842.8150431315104,32.1525564174076,63.2410774230957,5.296396041195996,24.568051020304363,0.3640366780356171,1023.403361002604,9.87935638826776,41.77800496419271,0.2066591056296938,1866.2184041341143,37.706739107767746
2000,1,200,0.01,0.01,2,4,20,3,0.7356811761846087,0.3149208407463621,1.0,0.0,0.8190242674779912,0.23738645029253883,100.0,61.666666666666664,799838.3333333334,0.0,19.33509953816732,1.9404348571919716,1456.2635498046875,42.64961445424706,73.28599039713542,4.922453166907432,24.568051020304363,0.3640366780356171,1023.403361002604,9.87935638826776,41.77800496419271,0.2066591056296938,2479.6669108072915,43.90315055847168
2000,1,200,0.01,0.01,2,8,5,3,0.7077625570776256,0.23031124556358057,1.0,0.0,0.8138030551823654,0.16799410719730326,100.0,53.666666666666664,799846.3333333334,0.0,8.517337958017984,1.0058876609105762,424.8035685221354,15.181447355126751,49.58640925089518,3.984536079799145,24.568051020304363,0.3640366780356171,1023.403361002604,9.87935638826776,41.77800496419271,0.2066591056296938,1448.2069295247393,33.08538897832235
2000,1,200,0.01,0.01,2,8,10,3,0.7307507307507307,0.05447305237109355,1.0,0.0,0.8436820957306045,0.03574403502029803,100.0,37.333333333333336,799862.6666666666,0.0,11.659995079040527,1.9773370732915072,683.302978515625,73.81903975026395,57.03602981567383,3.774393550829457,24.568051020304363,0.3640366780356171,1023.403361002604,9.87935638826776,41.77800496419271,0.2066591056296938,1706.706339518229,36.228046099344894
2000,1,200,0.01,0.01,2,8,20,3,0.915450620320271,0.033132086279122674,1.0,0.0,0.9556488630035967,0.01824665621169078,100.0,9.333333333333334,799890.6666666666,0.0,14.90310287475586,1.5369969731764932,1002.065897623698,89.18674790158295,65.68407185872395,6.017422945657606,24.568051020304363,0.3640366780356171,1023.403361002604,9.87935638826776,41.77800496419271,0.2066591056296938,2025.469258626302,39.471153895060226
2000,1,200,0.01,0.01,2,16,5,3,0.9261376871439765,0.01715363901008662,1.0,0.0,0.9615977334423936,0.009246559492847892,100.0,8.0,799892.0,0.0,8.620526949564615,2.2395937155758205,412.953369140625,83.74438347171711,47.77767817179362,2.371146590742012,24.568051020304363,0.3640366780356171,1023.403361002604,9.87935638826776,41.77800496419271,0.2066591056296938,1436.356730143229,33.18857796986898
2000,1,200,0.01,0.01,2,16,10,3,0.9433962264150942,0.0,1.0,0.0,0.970873786407767,0.0,100.0,6.0,799894.0,0.0,10.467988014221191,2.9352827968542665,601.5874938964844,141.37089689517663,56.3979008992513,1.9313230224126696,24.568051020304363,0.3640366780356171,1023.403361002604,9.87935638826776,41.77800496419271,0.2066591056296938,1624.9908548990884,35.03603903452556
2000,1,200,0.01,0.01,2,16,20,3,0.9615977334423936,0.00924655949284792,1.0,0.0,0.9804078626123843,0.004805978636846814,100.0,4.0,799896.0,0.0,12.06306012471517,1.2316991522709286,838.2164510091146,27.77089461353285,66.93340682983398,3.5001788144319783,24.568051020304363,0.3640366780356171,1023.403361002604,9.87935638826776,41.77800496419271,0.2066591056296938,1861.6198120117188,36.63111114501953
2000,1,200,0.01,0.01,3,4,5,3,0.6029165218445057,0.2246494544102607,1.0,0.0,0.7360469226147065,0.17421576600781072,100.0,82.33333333333333,799817.6666666666,0.0,11.158737500508629,1.4102022260787173,688.7457071940104,20.66559878525391,59.80773162841797,4.943619039931436,24.568051020304363,0.3640366780356171,1023.403361002604,9.87935638826776,41.77800496419271,0.2066591056296938,1712.1490681966143,35.72678852081299
2000,1,200,0.01,0.01,3,4,10,3,0.7686668170539138,0.16921102900152615,1.0,0.0,0.8625837166142176,0.10384678392592708,100.0,34.0,799866.0,0.0,15.457513491312662,1.5730700872524614,1116.5492350260415,30.096922118909745,70.26392110188802,4.621049298309571,24.568051020304363,0.3640366780356171,1023.403361002604,9.87935638826776,41.77800496419271,0.2066591056296938,2139.9525960286455,40.02556451161703
2000,1,200,0.01,0.01,3,4,20,3,0.9427839928758278,0.05752456744456439,1.0,0.0,0.9699469741860005,0.030526985653627974,100.0,6.333333333333333,799893.6666666666,0.0,23.91197840372721,1.6044660059932834,1893.5688883463545,41.00057559223957,77.44723765055339,3.899894357815613,24.568051020304363,0.3640366780356171,1023.403361002604,9.87935638826776,41.77800496419271,0.2066591056296938,2916.9722493489585,48.48002942403157
2000,1,200,0.01,0.01,3,8,5,3,0.8932427114245295,0.06331564786069481,1.0,0.0,0.9428181434137902,0.03558586476128207,100.0,12.333333333333334,799887.6666666666,0.0,9.29604689280192,1.473479161530558,469.1712646484375,17.56636210530696,50.084520975748696,5.070915799104472,24.568051020304363,0.3640366780356171,1023.403361002604,9.87935638826776,41.77800496419271,0.2066591056296938,1492.5746256510415,33.864097913106285
2000,1,200,0.01,0.01,3,8,10,3,0.8800186741363212,0.1253351424711372,1.0,0.0,0.9328923797712553,0.07398866616320131,100.0,15.333333333333334,799884.6666666666,0.0,12.536062240600586,1.0634538645953593,785.4975179036459,78.19316148891835,60.76655069986979,6.277533008823944,24.568051020304363,0.3640366780356171,1023.403361002604,9.87935638826776,41.77800496419271,0.2066591056296938,1808.90087890625,37.10411326090495
2000,1,200,0.01,0.01,3,8,20,3,0.923916068347526,0.033740623512501074,1.0,0.0,0.960238236321923,0.018421313115125505,100.0,8.333333333333334,799891.6666666666,0.0,16.55411688486735,2.272338739687821,1208.7660725911458,74.02577303825124,71.42245737711589,4.800886100127407,24.568051020304363,0.3640366780356171,1023.403361002604,9.87935638826776,41.77800496419271,0.2066591056296938,2232.16943359375,41.122167905171715
2000,1,200,0.01,0.01,3,16,5,3,0.8629155375908916,0.1245735516393188,1.0,0.0,0.9230774438760788,0.07484675152163316,100.0,17.666666666666668,799882.3333333334,0.0,8.3744265238444,1.1436469265134162,434.3013102213542,30.11475265382591,51.36297607421875,2.917144641426862,24.568051020304363,0.3640366780356171,1023.403361002604,9.87935638826776,41.77800496419271,0.2066591056296938,1457.7046712239583,32.942477544148765
2000,1,200,0.01,0.01,3,16,10,3,0.9652590595986822,0.03042007610355909,1.0,0.0,0.9821611808351093,0.01562929794085184,100.0,3.6666666666666665,799896.3333333334,0.0,10.599886576334637,1.6517796781170604,636.9433186848959,31.94139520607292,59.06512196858724,5.035604025177951,24.568051020304363,0.3640366780356171,1023.403361002604,9.87935638826776,41.77800496419271,0.2066591056296938,1660.3466796875,35.167937596639
2000,1,200,0.01,0.01,3,16,20,3,0.9563562213666673,0.036610034492214054,1.0,0.0,0.9774516105092327,0.01921305442201344,100.0,4.666666666666667,799895.3333333334,0.0,16.331356366475422,4.761733431967844,1246.6260579427085,297.131074938936,74.16823069254558,3.313810147297197,24.568051020304363,0.3640366780356171,1023.403361002604,9.87935638826776,41.77800496419271,0.2066591056296938,2270.0294189453125,40.899407386779785
2000,1,200,0.01,0.1,1,4,5,3,0.4645349752413413,0.23035047816470358,1.0,0.0,0.6133716682783628,0.20037999024759037,100.0,147.0,799753.0,0.0,9.037917296091717,1.3849560016210458,446.61147054036456,20.238877714049583,49.05233383178711,4.593161697794412,24.92126210530599,0.2434571031083603,1028.8069254557292,11.084581654383651,41.49957784016927,0.2265621531694985,1475.4183959960938,33.959179401397705
2000,1,200,0.01,0.1,1,4,10,3,0.3321352169220667,0.1346714238155478,1.0,0.0,0.4877101013395507,0.16233684642120472,100.0,251.33333333333334,799648.6666666666,0.0,11.309610366821287,1.1224101533036286,672.1265869140625,22.60477527679504,58.06136957804362,3.192326791825077,24.92126210530599,0.2434571031083603,1028.8069254557292,11.084581654383651,41.49957784016927,0.2265621531694985,1700.9335123697917,36.230872472127274
2000,1,200,0.01,0.1,1,4,20,3,0.3554040054182672,0.08506214093296453,1.0,0.0,0.5204012083905124,0.0961847612631047,100.0,194.33333333333334,799705.6666666666,0.0,15.670876820882162,1.5294893925214483,1069.3508911132812,62.31395511965242,66.80032475789388,5.275427891940911,24.92126210530599,0.2434571031083603,1028.8069254557292,11.084581654383651,41.49957784016927,0.2265621531694985,2098.1578165690107,40.59213892618815
2000,1,200,0.01,0.1,1,8,5,3,0.5479594650101562,0.19616773597203996,1.0,0.0,0.6929238257463547,0.1782075302723911,100.0,104.33333333333333,799795.6666666666,0.0,8.086968739827475,1.2048251517274704,375.9592895507813,32.87661677218336,46.13865280151367,2.748511118447934,24.92126210530599,0.2434571031083603,1028.8069254557292,11.084581654383651,41.49957784016927,0.2265621531694985,1404.7662150065105,33.00823084513346
2000,1,200,0.01,0.1,1,8,10,3,0.6512126759997222,0.057286898792486156,1.0,0.0,0.787807716437657,0.04156632130116168,100.0,54.333333333333336,799845.6666666666,0.0,9.09978485107422,1.5132580847622676,451.0411885579427,28.38373567042891,49.20017623901367,4.34691149190551,24.92126210530599,0.2434571031083603,1028.8069254557292,11.084581654383651,41.49957784016927,0.2265621531694985,1479.8481140136719,34.02104695638021
2000,1,200,0.01,0.1,1,8,20,3,0.7699905033238367,0.02963693386482741,1.0,0.0,0.8698393120224758,0.018914019136900734,100.0,30.0,799870.0,0.0,13.255047798156738,1.4038418219102522,774.5092569986979,91.42124576430749,57.28106816609701,6.30034655256219,24.92126210530599,0.2434571031083603,1028.8069254557292,11.084581654383651,41.49957784016927,0.2265621531694985,1803.3161824544272,38.17630990346272
2000,1,200,0.01,0.1,1,16,5,3,0.6593274814436874,0.07720059514520021,1.0,0.0,0.7929861078541508,0.055020254284947404,100.0,53.0,799847.0,0.0,8.061931292215982,2.1120213534411056,355.4761555989583,72.43046678009765,44.60885492960612,2.6595077729325878,24.92126210530599,0.2434571031083603,1028.8069254557292,11.084581654383651,41.49957784016927,0.2265621531694985,1384.2830810546875,32.98319339752197
2000,1,200,0.01,0.1,1,16,10,3,0.716202240174843,0.04616971589471424,1.0,0.0,0.8340818262067153,0.03090963466334792,100.0,40.0,799860.0,0.0,9.392848014831545,0.2846721779167215,518.5107828776041,46.26107713836759,53.529379526774086,5.408746341521011,24.92126210530599,0.2434571031083603,1028.8069254557292,11.084581654383651,41.49957784016927,0.2265621531694985,1547.3177083333335,34.314110120137535
2000,1,200,0.01,0.1,1,16,20,3,0.8053616926996788,0.06108987415316336,1.0,0.0,0.8913265762900345,0.03821980649554669,100.0,24.666666666666668,799875.3333333334,0.0,10.299458185831703,1.5819927540933956,602.6055908203125,30.017672115023814,57.119754791259766,4.600568495210186,24.92126210530599,0.2434571031083603,1028.8069254557292,11.084581654383651,41.49957784016927,0.2265621531694985,1631.4125162760417,35.220720291137695
2000,1,200,0.01,0.1,2,4,5,3,0.3081561930877344,0.18196239681756307,1.0,0.0,0.4516600958423811,0.21057505844092939,100.0,320.3333333333333,799579.6666666666,0.0,10.089614868164062,1.592193015044223,544.5897827148438,27.87429146234131,53.2766367594401,4.727624914549147,24.92126210530599,0.2434571031083603,1028.8069254557292,11.084581654383651,41.49957784016927,0.2265621531694985,1573.396708170573,35.01087697347005
2000,1,200,0.01,0.1,2,4,10,3,0.4551787324430703,0.029839113954598328,1.0,0.0,0.6252115702979203,0.028297760356236715,100.0,120.33333333333333,799779.6666666666,0.0,13.165429751078287,1.896490189797789,826.0391438802084,30.07866806965704,61.97728474934896,5.765761726582426,24.92126210530599,0.2434571031083603,1028.8069254557292,11.084581654383651,41.49957784016927,0.2265621531694985,1854.8460693359375,38.08669185638428
2000,1,200,0.01,0.1,2,4,20,3,0.7640344029472589,0.1489842515368704,1.0,0.0,0.8605829989565517,0.10042105166606305,100.0,34.666666666666664,799865.3333333334,0.0,18.7951774597168,1.396825403772496,1450.7839762369792,32.622461904490976,75.58016713460286,3.8516628838367946,24.92126210530599,0.2434571031083603,1028.8069254557292,11.084581654383651,41.49957784016927,0.2265621531694985,2479.5909016927085,43.71643956502279
2000,1,200,0.01,0.1,2,8,5,3,0.39237754783814854,0.10278966247564711,1.0,0.0,0.5581409866254662,0.11108690295956677,100.0,169.33333333333334,799730.6666666666,0.0,9.25458526611328,1.2057912648807294,488.1223653157552,29.442032305229407,51.94575881958008,3.0183865562040246,24.92126210530599,0.2434571031083603,1028.8069254557292,11.084581654383651,41.49957784016927,0.2265621531694985,1516.9292907714844,34.175847371419266
2000,1,200,0.01,0.1,2,8,10,3,0.5602758367494496,0.02192013101998501,1.0,0.0,0.7180064257931376,0.01803856030122798,100.0,78.66666666666667,799821.3333333334,0.0,10.888871192932127,1.356771089713439,621.728515625,36.32460719727932,55.98049672444662,5.018692389204793,24.92126210530599,0.2434571031083603,1028.8069254557292,11.084581654383651,41.49957784016927,0.2265621531694985,1650.5354410807292,35.810133298238114
2000,1,200,0.01,0.1,2,8,20,3,0.7828564350303481,0.06609350463002153,1.0,0.0,0.8771867793400671,0.04119366101630961,100.0,28.333333333333332,799871.6666666666,0.0,14.26548989613851,2.061679021201332,955.5511271158854,64.53400754540915,65.62200164794922,4.886880647481619,24.92126210530599,0.2434571031083603,1028.8069254557292,11.084581654383651,41.49957784016927,0.2265621531694985,1984.3580525716147,39.186752001444496
2000,1,200,0.01,0.1,2,16,5,3,0.5975542852196803,0.044640732150642966,1.0,0.0,0.7474244439151514,0.035532573419336716,100.0,68.0,799832.0,0.0,8.13724660873413,1.5238001951387237,386.20167032877606,27.267312206357325,47.1930300394694,4.093678488890447,24.92126210530599,0.2434571031083603,1028.8069254557292,11.084581654383651,41.49957784016927,0.2265621531694985,1415.0085957845054,33.058508714040116
2000,1,200,0.01,0.1,2,16,10,3,0.7271512806338677,0.028459485481994593,1.0,0.0,0.8418122718785432,0.019259967841276735,100.0,37.666666666666664,799862.3333333334,0.0,9.472800890604654,1.5062227381260034,529.3570861816406,28.507038882511964,55.15617116292318,4.80137504911952,24.92126210530599,0.2434571031083603,1028.8069254557292,11.084581654383651,41.49957784016927,0.2265621531694985,1558.1640116373699,34.394062995910645
2000,1,200,0.01,0.1,2,16,20,3,0.8192769861567816,0.08606429351777756,1.0,0.0,0.8989914566670986,0.052987303412645306,100.0,23.0,799877.0,0.0,11.639903704325356,1.1725435609820658,813.1387532552084,25.975212789684324,67.976136525472,4.510759466897658,24.92126210530599,0.2434571031083603,1028.8069254557292,11.084581654383651,41.49957784016927,0.2265621531694985,1841.9456787109375,36.56116580963135
2000,1,200,0.01,0.1,3,4,5,3,0.52105085217668,0.4667535307662157,0.6666666666666666,0.5773502691896258,0.5815600158607277,0.5092773392491704,66.66666666666667,20.666666666666668,799879.3333333334,33.333333333333336,11.133570671081545,1.580114519067103,657.5586547851562,30.000304354714917,57.16971079508463,4.23219438949297,24.92126210530599,0.2434571031083603,1028.8069254557292,11.084581654383651,41.49957784016927,0.2265621531694985,1686.3655802408855,36.054832776387535
2000,1,200,0.01,0.1,3,4,10,3,0.5785280902170766,0.20915477420990938,1.0,0.0,0.7190541624336442,0.15785699608315978,100.0,86.33333333333333,799813.6666666666,0.0,15.500272432963053,1.5742307078168216,1081.6514485677085,24.726380668508583,67.9573860168457,4.848640952383774,24.92126210530599,0.2434571031083603,1028.8069254557292,11.084581654383651,41.49957784016927,0.2265621531694985,2110.4583740234375,40.42153453826904
2000,1,200,0.01,0.1,3,4,20,3,0.6324155942152546,0.18807448272458252,1.0,0.0,0.7635791812528973,0.146644774818986,100.0,69.0,799831.0,0.0,23.991078058878585,1.562397426565659,1957.798828125,27.47410754441998,79.4817403157552,4.409214131986841,24.92126210530599,0.2434571031083603,1028.8069254557292,11.084581654383651,41.49957784016927,0.2265621531694985,2986.6057535807295,48.91234016418457
2000,1,200,0.01,0.1,3,8,5,3,0.45157220907374,0.01737765525813298,1.0,0.0,0.622052084755238,0.016478382195299755,100.0,121.66666666666667,799778.3333333334,0.0,10.300549189249674,1.5426714705299749,554.6807657877604,30.57142683258531,52.7523676554362,4.04721752810743,24.92126210530599,0.2434571031083603,1028.8069254557292,11.084581654383651,41.49957784016927,0.2265621531694985,1583.4876912434897,35.221811294555664
2000,1,200,0.01,0.1,3,8,10,3,0.7836423309569089,0.12437131907138277,1.0,0.0,0.8749081890906517,0.08155404328845976,100.0,30.0,799870.0,0.0,12.036696751912435,1.2672448547752104,729.8904825846354,37.89594478850309,59.3766975402832,3.118340201861724,24.92126210530599,0.2434571031083603,1028.8069254557292,11.084581654383651,41.49957784016927,0.2265621531694985,1758.6974080403647,36.95795885721842
2000,1,200,0.01,0.1,3,8,20,3,0.8236145920356446,0.0465087201001543,1.0,0.0,0.9028080267845383,0.02758503903709805,100.0,21.666666666666668,799878.3333333334,0.0,17.261226018269856,1.39742833744133,1261.5033772786458,67.97736925453253,71.24010213216145,4.9348663419429535,24.92126210530599,0.2434571031083603,1028.8069254557292,11.084581654383651,41.49957784016927,0.2265621531694985,2290.310302734375,42.182488123575844
2000,1,200,0.01,0.1,3,16,5,3,0.6902791696241692,0.02565015682487065,1.0,0.0,0.8165831780926381,0.017824812612940236,100.0,45.0,799855.0,0.0,8.624833583831787,1.4714888516607731,444.8494567871094,29.34704212266272,51.48213958740234,4.656049878387343,24.92126210530599,0.2434571031083603,1028.8069254557292,11.084581654383651,41.49957784016927,0.2265621531694985,1473.6563822428386,33.54609568913777
2000,1,200,0.01,0.1,3,16,10,3,0.7573815766837662,0.04456516643610836,1.0,0.0,0.8614593604133353,0.028623347984619196,100.0,32.333333333333336,799867.6666666666,0.0,10.338292121887209,1.6063433752775735,635.0564371744791,34.72523758707373,59.79358800252279,4.772477220232913,24.92126210530599,0.2434571031083603,1028.8069254557292,11.084581654383651,41.49957784016927,0.2265621531694985,1663.8633626302085,35.2595542271932
2000,1,200,0.01,0.1,3,16,20,3,0.8014485987631769,0.09381365360885623,1.0,0.0,0.8877155661398319,0.05953655577083197,100.0,26.0,799874.0,0.0,13.9500363667806,1.6311769269561922,1051.2921549479167,22.68852467940642,73.63308715820312,6.52007877204609,24.92126210530599,0.2434571031083603,1028.8069254557292,11.084581654383651,41.49957784016927,0.2265621531694985,2080.099080403646,38.871298472086586
2000,1,200,0.1,0.0,1,4,5,3,0.6347772177407903,0.25916943886632976,1.0,0.0,0.7555218237373357,0.2001851625734894,100.0,78.66666666666667,799821.3333333334,0.0,9.78177007039388,1.4016583722105014,468.260009765625,20.423441271759927,47.79860560099284,4.136389185190617,15.716140111287435,0.0979350155510538,668.8067220052084,2.568730435724876,42.5467046101888,0.3020101423216736,1137.0667317708335,25.497910181681316
2000,1,200,0.1,0.0,1,4,10,3,0.8921965012420063,0.051533222044389045,1.0,0.0,0.9425040073184272,0.02882624635928417,100.0,12.333333333333334,799887.6666666666,0.0,11.4808562596639,1.3057099517699684,663.3742472330729,13.142634867845818,56.55025355021159,5.045821048991765,15.716140111287435,0.0979350155510538,668.8067220052084,2.568730435724876,42.5467046101888,0.3020101423216736,1332.1809692382812,27.196996370951336
2000,1,200,0.1,0.0,1,4,20,3,0.961958729565679,0.024780796157162003,1.0,0.0,0.9805028060424061,0.01279746970612557,100.0,4.0,799896.0,0.0,16.199419657389324,1.2949577001736765,1105.8483479817708,22.791568090105365,66.99728647867839,4.704397857613937,15.716140111287435,0.0979350155510538,668.8067220052084,2.568730435724876,42.5467046101888,0.3020101423216736,1774.655069986979,31.915559768676758
2000,1,200,0.1,0.0,1,8,5,3,0.8439894528909867,0.1502531269403169,1.0,0.0,0.9103414789521507,0.09303741218434299,100.0,21.333333333333332,799878.6666666666,0.0,8.226715087890625,1.803897079060688,367.5142110188802,55.072444985368485,44.632485707600914,2.702556253436045,15.716140111287435,0.0979350155510538,668.8067220052084,2.568730435724876,42.5467046101888,0.3020101423216736,1036.3209330240886,23.942855199178062
2000,1,200,0.1,0.0,1,8,10,3,0.9496164840250659,0.018929833924536524,1.0,0.0,0.9740930120546137,0.009918914920687362,100.0,5.333333333333333,799894.6666666666,0.0,9.481876055399576,1.4830598184410526,478.0155741373698,26.286998328622097,49.95907084147135,4.233381285187566,15.716140111287435,0.0979350155510538,668.8067220052084,2.568730435724876,42.5467046101888,0.3020101423216736,1146.8222961425781,25.19801616668701
2000,1,200,0.1,0.0,1,8,20,3,0.9709348016029912,0.009426995756112467,1.0,0.0,0.985237613880194,0.004853446148397219,100.0,3.0,799897.0,0.0,13.287148793538412,0.2587451814557782,822.9457600911459,67.7425720542155,59.54752349853516,5.391696238127533,15.716140111287435,0.0979350155510538,668.8067220052084,2.568730435724876,42.5467046101888,0.3020101423216736,1491.7524820963542,29.003288904825848
2000,1,200,0.1,0.0,1,16,5,3,0.9090428624279902,0.059501771836571536,1.0,0.0,0.9516631939826513,0.03327372212379813,100.0,10.333333333333334,799889.6666666666,0.0,7.782767613728841,1.667231144194169,328.9691975911458,32.03155786418022,43.524346669514976,4.201739982084523,15.716140111287435,0.0979350155510538,668.8067220052084,2.568730435724876,42.5467046101888,0.3020101423216736,997.7759195963542,23.498907725016277
2000,1,200,0.1,0.0,1,16,10,3,0.9494436381228835,0.010474424332177495,1.0,0.0,0.9740465765594264,0.0054954337444282,100.0,5.333333333333333,799894.6666666666,0.0,9.685007413228352,0.62009317193949,518.3861287434896,47.73268426767461,52.396629333496094,7.005417107069752,15.716140111287435,0.0979350155510538,668.8067220052084,2.568730435724876,42.5467046101888,0.3020101423216736,1187.192850748698,25.401147524515785
2000,1,200,0.1,0.0,1,16,20,3,0.9617145997435429,0.015864176658443647,1.0,0.0,0.9804390453871538,0.008283757269926209,100.0,4.0,799896.0,0.0,10.192995389302572,1.545554850102718,594.5250854492188,27.40482376066461,56.70610936482748,4.601793189577536,15.716140111287435,0.0979350155510538,668.8067220052084,2.568730435724876,42.5467046101888,0.3020101423216736,1263.3318074544272,25.909135500590008
2000,1,200,0.1,0.0,2,4,5,3,0.6032664944913574,0.36466154934942896,1.0,0.0,0.7010552240408213,0.3396411678158085,100.0,164.33333333333334,799735.6666666666,0.0,10.001829147338867,1.5301298749980583,537.3768717447916,22.17159143730578,53.35176086425781,5.402808124133205,15.716140111287435,0.0979350155510538,668.8067220052084,2.568730435724876,42.5467046101888,0.3020101423216736,1206.18359375,25.717969258626304
2000,1,200,0.1,0.0,2,4,10,3,0.672900801892235,0.3212107274252039,1.0,0.0,0.7712636088058016,0.25996393549061686,100.0,85.66666666666667,799814.3333333334,0.0,12.97978687286377,1.5695681997830446,827.6395467122396,28.970602845468797,62.533041636149086,5.122944706681756,15.716140111287435,0.0979350155510538,668.8067220052084,2.568730435724876,42.5467046101888,0.3020101423216736,1496.446268717448,28.695926984151207
2000,1,200,0.1,0.0,2,4,20,3,0.6926171001224857,0.2549360940181811,1.0,0.0,0.8014101215927498,0.1694429667439494,100.0,56.666666666666664,799843.3333333334,0.0,19.04351234436035,1.5756919335350514,1422.911865234375,24.260654847671265,73.23631032307942,4.836758836895896,15.716140111287435,0.0979350155510538,668.8067220052084,2.568730435724876,42.5467046101888,0.3020101423216736,2091.7185872395835,34.75965245564779
2000,1,200,0.1,0.0,2,8,5,3,0.8663907631084443,0.04902261700267121,1.0,0.0,0.9279215419566297,0.028071700177496217,100.0,15.666666666666666,799884.3333333334,0.0,8.405331134796143,0.9627668184154448,419.8879903157552,15.113475790222193,49.43122482299805,3.3301448653226973,15.716140111287435,0.0979350155510538,668.8067220052084,2.568730435724876,42.5467046101888,0.3020101423216736,1088.6947123209636,24.12147124608358
2000,1,200,0.1,0.0,2,8,10,3,0.9433962264150942,0.0,1.0,0.0,0.970873786407767,0.0,100.0,6.0,799894.0,0.0,10.438464800516764,1.6941338815237548,579.9186808268229,42.4470870615917,54.288866678873696,3.854656255953961,15.716140111287435,0.0979350155510538,668.8067220052084,2.568730435724876,42.5467046101888,0.3020101423216736,1248.7254028320312,26.1546049118042
2000,1,200,0.1,0.0,2,8,20,3,0.96171802054155,0.01617227644788869,1.0,0.0,0.9804395073653707,0.008365374583766549,100.0,4.0,799896.0,0.0,15.161673863728842,1.1577624000681048,979.9955240885416,33.16762770768946,63.42793655395508,4.858591310361382,15.716140111287435,0.0979350155510538,668.8067220052084,2.568730435724876,42.5467046101888,0.3020101423216736,1648.80224609375,30.877813975016277
2000,1,200,0.1,0.0,2,16,5,3,0.9622641509433962,0.0326802039163939,1.0,0.0,0.9805825242718447,0.016816027257950256,100.0,4.0,799896.0,0.0,8.123284498850504,1.4464179639836223,382.3538004557292,25.06248945820453,46.88227971394857,4.176305106156306,15.716140111287435,0.0979350155510538,668.8067220052084,2.568730435724876,42.5467046101888,0.3020101423216736,1051.1605224609375,23.83942461013794
2000,1,200,0.1,0.0,2,16,10,3,0.9615384615384616,0.0,1.0,0.0,0.9803921568627451,0.0,100.0,4.0,799896.0,0.0,10.27108065287272,2.744160220453306,595.2140197753906,135.59174327286198,56.47992960611979,1.8966850536724444,15.716140111287435,0.0979350155510538,668.8067220052084,2.568730435724876,42.5467046101888,0.3020101423216736,1264.020741780599,25.987220764160156
2000,1,200,0.1,0.0,2,16,20,3,0.9803921568627451,0.0,1.0,0.0,0.99009900990099,0.0,100.0,2.0,799898.0,0.0,13.675272941589355,2.1527243624549057,963.4241943359376,207.03424524041307,67.46205647786458,7.140123508553751,15.716140111287435,0.0979350155510538,668.8067220052084,2.568730435724876,42.5467046101888,0.3020101423216736,1632.230916341146,29.391413052876793
2000,1,200,0.1,0.0,3,4,5,3,0.360238939083845,0.3738022206902253,0.6666666666666666,0.5773502691896258,0.4519846625109783,0.42947517318516665,66.66666666666667,4322.333333333333,795577.6666666666,33.333333333333336,11.153565724690756,1.4976370091610938,650.6640625,27.87160768776886,56.52580769856771,4.089523669373423,15.716140111287435,0.0979350155510538,668.8067220052084,2.568730435724876,42.5467046101888,0.3020101423216736,1319.4707845052085,26.86970583597819
2000,1,200,0.1,0.0,3,4,10,3,0.8199150243324235,0.1851880353283087,1.0,0.0,0.8931279048176233,0.11687414496427206,100.0,26.666666666666668,799873.3333333334,0.0,16.02242437998454,1.577117716789718,1084.5703531901042,25.963664783847804,66.41618092854817,4.8810763575284914,15.716140111287435,0.0979350155510538,668.8067220052084,2.568730435724876,42.5467046101888,0.3020101423216736,1753.3770751953125,31.738564491271973
2000,1,200,0.1,0.0,3,4,20,3,0.9714233376076203,0.02830588809600859,1.0,0.0,0.9853651537615381,0.014563636880870747,100.0,3.0,799897.0,0.0,24.082550684611004,1.28808893776485,1889.8245849609373,59.81081898048363,76.92868550618489,4.12976285959019,15.716140111287435,0.0979350155510538,668.8067220052084,2.568730435724876,42.5467046101888,0.3020101423216736,2558.6313069661455,39.79869079589844
2000,1,200,0.1,0.0,3,8,5,3,0.8706389349451872,0.06887336259016044,1.0,0.0,0.9298856183969453,0.03915876071934705,100.0,15.333333333333334,799884.6666666666,0.0,9.610958417256674,1.353543054652799,497.3714803059896,39.43462615726086,50.8579355875651,4.957079931679743,15.716140111287435,0.0979350155510538,668.8067220052084,2.568730435724876,42.5467046101888,0.3020101423216736,1166.178202311198,25.32709852854411
2000,1,200,0.1,0.0,3,8,10,3,0.9494996177239168,0.013708529742839828,1.0,0.0,0.9740618292798443,0.007229661718942575,100.0,5.333333333333333,799894.6666666666,0.0,12.42329247792562,1.36908883811455,760.3203125,70.21367663230986,59.86814498901367,5.226140726097751,15.716140111287435,0.0979350155510538,668.8067220052084,2.568730435724876,42.5467046101888,0.3020101423216736,1429.1270345052085,28.139432589213058
2000,1,200,0.1,0.0,3,8,20,3,0.9376693766937669,0.10795980643383248,1.0,0.0,0.9656203288490284,0.059547337180992754,100.0,7.666666666666667,799892.3333333334,0.0,19.06441179911296,0.5129594705527702,1382.3600667317708,156.1651718840426,70.17608133951823,6.163613200333037,15.716140111287435,0.0979350155510538,668.8067220052084,2.568730435724876,42.5467046101888,0.3020101423216736,2051.166788736979,34.7805519104004
2000,1,200,0.1,0.0,3,16,5,3,0.9347412151635798,0.0149909192277036,1.0,0.0,0.9662284572861988,0.00804594605643555,100.0,7.0,799893.0,0.0,8.687264601389566,1.536997018714255,442.34116617838544,32.22027451030284,50.91089121500651,4.465923150812961,15.716140111287435,0.0979350155510538,668.8067220052084,2.568730435724876,42.5467046101888,0.3020101423216736,1111.1478881835938,24.403404712677002
2000,1,200,0.1,0.0,3,16,10,3,0.9713064713064713,0.025267646015353955,1.0,0.0,0.9853339709867687,0.012924285068521807,100.0,3.0,799897.0,0.0,10.926750818888346,1.4633817521006005,645.0437622070312,24.424642423202844,58.41338094075521,4.987063041483881,15.716140111287435,0.0979350155510538,668.8067220052084,2.568730435724876,42.5467046101888,0.3020101423216736,1313.8504842122397,26.64289093017578
2000,1,200,0.1,0.0,3,16,20,3,0.9713064713064713,0.025267646015353955,1.0,0.0,0.9853339709867687,0.012924285068521807,100.0,3.0,799897.0,0.0,14.005511601765951,1.7780127522204112,1033.915547688802,22.103318630661743,72.29121398925781,6.830980809655592,15.716140111287435,0.0979350155510538,668.8067220052084,2.568730435724876,42.5467046101888,0.3020101423216736,1702.7222696940103,29.721651713053387
2000,1,200,0.1,0.01,1,4,5,3,0.5063075766312997,0.07013967629644902,1.0,0.0,0.6703475685971784,0.06130086811450755,100.0,100.0,799800.0,0.0,8.973803202311197,1.1717891775016391,457.9298909505208,30.04703409775893,49.85937881469727,2.52608045363317,15.90215301513672,0.1972393995059828,673.5237426757812,4.388225110805137,42.49954605102539,0.2722971249387809,1131.453633626302,24.875956217447918
2000,1,200,0.1,0.01,1,4,10,3,0.787659468709386,0.13636681578293047,1.0,0.0,0.8770273911866987,0.08243290252526027,100.0,29.333333333333332,799870.6666666666,0.0,11.40825049082438,1.4110050530601932,657.0063883463541,26.545219254604223,56.306626637776695,4.685217460322425,15.90215301513672,0.1972393995059828,673.5237426757812,4.388225110805137,42.49954605102539,0.2722971249387809,1330.5301310221353,27.310403505961098
2000,1,200,0.1,0.01,1,4,20,3,0.9067085953878408,0.0635448409485437,1.0,0.0,0.9502794939688144,0.03567036085019756,100.0,10.666666666666666,799889.3333333334,0.0,16.11537520090739,0.960265130119291,1122.6490478515625,11.509929397965385,67.65950266520183,3.236544715889538,15.90215301513672,0.1972393995059828,673.5237426757812,4.388225110805137,42.49954605102539,0.2722971249387809,1796.1727905273438,32.01752821604411
2000,1,200,0.1,0.01,1,8,5,3,0.6672413251887428,0.11228897450268462,1.0,0.0,0.7968268347251454,0.07993564788132437,100.0,52.666666666666664,799847.3333333334,0.0,8.243505160013834,1.363169273210623,365.1588846842448,23.872622556773383,44.76948165893555,4.803536702914308,15.90215301513672,0.1972393995059828,673.5237426757812,4.388225110805137,42.49954605102539,0.2722971249387809,1038.6826273600261,24.145658175150555
2000,1,200,0.1,0.01,1,8,10,3,0.8948090928568856,0.0766467033328204,1.0,0.0,0.9433048347147123,0.04375187688960125,100.0,12.333333333333334,799887.6666666666,0.0,9.859343846638998,2.117457079756214,502.5461832682292,73.50880583899814,50.33582433064779,2.8423908275923653,15.90215301513672,0.1972393995059828,673.5237426757812,4.388225110805137,42.49954605102539,0.2722971249387809,1176.0699259440105,25.76149686177572
2000,1,200,0.1,0.01,1,8,20,3,0.9352209352209352,0.02972202157990351,1.0,0.0,0.9663622702577737,0.016017115316785367,100.0,7.0,799893.0,0.0,11.953812599182127,1.8417203618215097,710.2369588216146,52.17266228929848,58.395886739095054,4.145924757678676,15.90215301513672,0.1972393995059828,673.5237426757812,4.388225110805137,42.49954605102539,0.2722971249387809,1383.760701497396,27.855965614318848
2000,1,200,0.1,0.01,1,16,5,3,0.8984146959100276,0.016936007647236028,1.0,0.0,0.9464337205361305,0.009362476120311793,100.0,11.333333333333334,799888.6666666666,0.0,7.704583168029785,1.6139980505491092,325.1750793457031,33.61100111828208,43.29320398966471,4.020550192115703,15.90215301513672,0.1972393995059828,673.5237426757812,4.388225110805137,42.49954605102539,0.2722971249387809,998.6988220214844,23.606736183166504
2000,1,200,0.1,0.01,1,16,10,3,0.8914281513151568,0.040082642352555535,1.0,0.0,0.9422789842590703,0.022578413023596606,100.0,12.333333333333334,799887.6666666666,0.0,8.743956724802652,1.915381285889676,458.5204671223958,101.21292407751012,51.36075719197592,0.0870633174993575,15.90215301513672,0.1972393995059828,673.5237426757812,4.388225110805137,42.49954605102539,0.2722971249387809,1132.044209798177,24.646109739939373
2000,1,200,0.1,0.01,1,16,20,3,0.9525554130793186,0.015864176658443647,1.0,0.0,0.9756564158974604,0.008283757269926226,100.0,5.0,799895.0,0.0,10.135594685872396,1.4535679863714015,590.9105631510416,24.218785177447977,56.48604329427084,4.644375008298299,15.90215301513672,0.1972393995059828,673.5237426757812,4.388225110805137,42.49954605102539,0.2722971249387809,1264.4343058268228,26.037747701009117
2000,1,200,0.1,0.01,2,4,5,3,0.5437521309732264,0.1781022011893643,1.0,0.0,0.6931467831040581,0.14730833617816214,100.0,97.33333333333333,799802.6666666666,0.0,9.98089853922526,1.567842362499212,538.1870930989584,29.060246510812224,53.5180778503418,4.914366378610725,15.90215301513672,0.1972393995059828,673.5237426757812,4.388225110805137,42.49954605102539,0.2722971249387809,1211.7108357747397,25.88305155436198
2000,1,200,0.1,0.01,2,4,10,3,0.6519620243746372,0.24789882263459406,1.0,0.0,0.7694556935495865,0.19880499246536049,100.0,74.0,799826.0,0.0,13.062454223632812,1.5291779794885902,829.782958984375,24.07761800567648,62.3586057027181,5.309679449940727,15.90215301513672,0.1972393995059828,673.5237426757812,4.388225110805137,42.49954605102539,0.2722971249387809,1503.3067016601562,28.96460723876953
2000,1,200,0.1,0.01,2,4,20,3,0.931961120640366,0.019806184191753957,1.0,0.0,0.9647095083988289,0.010676842703460532,100.0,7.333333333333333,799892.6666666666,0.0,19.31041145324707,1.4493212777924982,1449.2128499348958,9.858948042065576,72.89964294433594,4.748523944839049,15.90215301513672,0.1972393995059828,673.5237426757812,4.388225110805137,42.49954605102539,0.2722971249387809,2122.736592610677,35.21256446838379
2000,1,200,0.1,0.01,2,8,5,3,0.8218050465794517,0.17509405310208728,1.0,0.0,0.8950082032967268,0.11207076666555289,100.0,26.0,799874.0,0.0,9.101737022399902,1.7643285766173196,434.57521565755206,54.88776508587565,47.37585957845052,3.208083134917601,15.90215301513672,0.1972393995059828,673.5237426757812,4.388225110805137,42.49954605102539,0.2722971249387809,1108.0989583333333,25.00389003753662
2000,1,200,0.1,0.01,2,8,10,3,0.8821663193247892,0.05554912813290386,1.0,0.0,0.9367688870058538,0.03180580913277209,100.0,13.666666666666666,799886.3333333334,0.0,10.741075197855633,1.5248365350614168,595.3981526692709,39.76438601653182,54.10879643758138,4.106241653926279,15.90215301513672,0.1972393995059828,673.5237426757812,4.388225110805137,42.49954605102539,0.2722971249387809,1268.9218953450522,26.643228212992355
2000,1,200,0.1,0.01,2,8,20,3,0.9651840785203646,0.028193709637713293,1.0,0.0,0.9821433751259883,0.014664995879620822,100.0,3.6666666666666665,799896.3333333334,0.0,16.59683132171631,1.3641474810524297,1097.7035319010415,69.72039111585094,64.4090576171875,4.302007351142307,15.90215301513672,0.1972393995059828,673.5237426757812,4.388225110805137,42.49954605102539,0.2722971249387809,1771.2272745768228,32.49898433685303
2000,1,200,0.1,0.01,2,16,5,3,0.8670252626733056,0.05618410518077854,1.0,0.0,0.9281247937175138,0.03252429032338225,100.0,15.666666666666666,799884.3333333334,0.0,8.125741322835287,1.585157705070552,380.5359802246094,30.38616895908755,47.25208791097005,4.348169483128855,15.90215301513672,0.1972393995059828,673.5237426757812,4.388225110805137,42.49954605102539,0.2722971249387809,1054.0597229003906,24.027894337972008
2000,1,200,0.1,0.01,2,16,10,3,0.9585452303898906,0.010676842703460532,1.0,0.0,0.9788137290239898,0.005549443894649836,100.0,4.333333333333333,799895.6666666666,0.0,9.54049015045166,1.5966383277600384,529.3191935221354,32.045647458977164,54.83930333455404,4.836706863156267,15.90215301513672,0.1972393995059828,673.5237426757812,4.388225110805137,42.49954605102539,0.2722971249387809,1202.8429361979165,25.44264316558838
2000,1,200,0.1,0.01,2,16,20,3,0.9466151132817799,0.018493156803982645,1.0,0.0,0.9725134581662558,0.009800803666270532,100.0,5.666666666666667,799894.3333333334,0.0,12.182292938232422,1.5264292835330762,818.7728881835938,24.626615672845457,64.62818400065105,4.904932898419824,15.90215301513672,0.1972393995059828,673.5237426757812,4.388225110805137,42.49954605102539,0.2722971249387809,1492.296630859375,28.08444595336914
2000,1,200,0.1,0.01,3,4,5,3,0.43190525949146635,0.37636900478551305,0.6666666666666666,0.5773502691896258,0.5236811705814401,0.4545661783095481,66.66666666666667,36.666666666666664,799863.3333333334,33.333333333333336,11.009563446044922,1.5405713808062331,648.0408121744791,27.54958330933084,58.02658208211263,5.257252610788568,15.90215301513672,0.1972393995059828,673.5237426757812,4.388225110805137,42.49954605102539,0.2722971249387809,1321.5645548502603,26.91171646118164
2000,1,200,0.1,0.01,3,4,10,3,0.8340643274853802,0.19118397071849455,1.0,0.0,0.9012700694943686,0.118935886311535,100.0,24.666666666666668,799875.3333333334,0.0,14.972914377848308,1.321552977925822,1057.9624837239585,29.08189523336455,67.94847869873047,3.025522899943951,15.90215301513672,0.1972393995059828,673.5237426757812,4.388225110805137,42.49954605102539,0.2722971249387809,1731.4862263997397,30.87506739298503
2000,1,200,0.1,0.01,3,4,20,3,0.7999343291774484,0.24271256086747892,1.0,0.0,0.8740871542517074,0.16423282538319517,100.0,35.0,799865.0,0.0,24.087854385375977,1.5199025092500855,1895.5148111979167,66.07733693974289,76.71247863769531,4.070204357781078,15.90215301513672,0.1972393995059828,673.5237426757812,4.388225110805137,42.49954605102539,0.2722971249387809,2569.038553873698,39.990007400512695
2000,1,200,0.1,0.01,3,8,5,3,0.8737471337145521,0.09091902124403548,1.0,0.0,0.9308955304378644,0.0533144123712805,100.0,15.333333333333334,799884.6666666666,0.0,9.19609006245931,1.6039283100769115,472.0102030436198,35.00993589306046,50.33851750691732,3.811576955162452,15.90215301513672,0.1972393995059828,673.5237426757812,4.388225110805137,42.49954605102539,0.2722971249387809,1145.5339457194011,25.09824307759603
2000,1,200,0.1,0.01,3,8,10,3,0.9242739461186064,0.041164822698082915,1.0,0.0,0.9603329512242981,0.02201744192589403,100.0,8.333333333333334,799891.6666666666,0.0,12.341896057128906,1.2534626983820247,753.2742919921875,78.21403970703446,59.58021672566732,5.517770152931821,15.90215301513672,0.1972393995059828,673.5237426757812,4.388225110805137,42.49954605102539,0.2722971249387809,1426.7980346679688,28.244049072265625
2000,1,200,0.1,0.01,3,8,20,3,0.9514652014652015,0.05427707513823236,1.0,0.0,0.97459612775928,0.028743560340343616,100.0,5.333333333333333,799894.6666666666,0.0,18.329358736673992,3.4029809831108806,1358.2078450520833,174.50142227119528,72.27720133463542,4.046397540860533,15.90215301513672,0.1972393995059828,673.5237426757812,4.388225110805137,42.49954605102539,0.2722971249387809,2031.7315877278645,34.231511751810714
2000,1,200,0.1,0.01,3,16,5,3,0.7950419224929028,0.09880685671452819,1.0,0.0,0.8836341364289435,0.059563786834588225,100.0,27.0,799873.0,0.0,8.67887020111084,1.4850826528577128,442.0171203613281,28.68052025953256,50.826333363850914,4.612704613205768,15.90215301513672,0.1972393995059828,673.5237426757812,4.388225110805137,42.49954605102539,0.2722971249387809,1115.5408630371094,24.58102321624756
2000,1,200,0.1,0.01,3,16,10,3,0.9090501189033966,0.06190161940624756,1.0,0.0,0.9516370024309536,0.033379909493901426,100.0,10.333333333333334,799889.6666666666,0.0,13.780713081359863,1.5414079487464585,933.9515787760416,26.12613569211887,66.31641387939453,4.8078140675384615,15.90215301513672,0.1972393995059828,673.5237426757812,4.388225110805137,42.49954605102539,0.2722971249387809,1607.4753214518228,29.682866096496582
2000,1,200,0.1,0.01,3,16,20,3,0.9742907063815625,0.01958529395367763,1.0,0.0,0.9869112138734805,0.010092484786748747,100.0,2.6666666666666665,799897.3333333334,0.0,14.108182271321615,1.515728368360447,1061.4574381510415,24.157448415719355,72.75729115804036,5.638536694361385,15.90215301513672,0.1972393995059828,673.5237426757812,4.388225110805137,42.49954605102539,0.2722971249387809,1734.9811808268228,30.010335286458336
2000,1,200,0.1,0.1,1,4,5,3,0.13226990980493983,0.10078495995879948,0.9966666666666667,0.0057735026918962545,0.22380902881844822,0.16563306913511827,99.66666666666667,2124.3333333333335,797775.6666666666,0.3333333333333333,9.086767196655272,1.5612282772886044,452.6786804199219,37.70796046709607,49.69946034749349,3.464467640680489,16.653141657511394,0.0827202875804023,702.2683308919271,2.4827968777039096,42.11317698160807,0.1585894806403655,1154.947011311849,25.739908854166664
2000,1,200,0.1,0.1,1,4,10,3,0.21014786872403768,0.06537779886616886,1.0,0.0,0.3441492052406942,0.0877692968987413,100.0,405.6666666666667,799494.3333333334,0.0,11.517512321472168,1.5864850784375353,665.7366943359375,33.67242590714664,56.592978159586586,4.201000726941809,16.653141657511394,0.0827202875804023,702.2683308919271,2.4827968777039096,42.11317698160807,0.1585894806403655,1368.0050252278647,28.170653978983562
2000,1,200,0.1,0.1,1,4,20,3,0.34694933589779353,0.13369507148972312,1.0,0.0,0.5057594459879242,0.14220877267949458,100.0,215.33333333333334,799684.6666666666,0.0,16.738891283671062,1.008825072197559,1109.0810953776042,26.093581442056934,64.49386469523112,5.073582268660641,16.653141657511394,0.0827202875804023,702.2683308919271,2.4827968777039096,42.11317698160807,0.1585894806403655,1811.3494262695312,33.39203294118246
2000,1,200,0.1,0.1,1,8,5,3,0.1329040792471544,0.09580417626624299,1.0,0.0,0.22581291813618318,0.15637570336026016,100.0,1608.6666666666667,798291.3333333334,0.0,8.792178948720297,1.63851562919768,410.0614725748698,33.61995825398442,46.76266606648763,4.240514369255932,16.653141657511394,0.0827202875804023,702.2683308919271,2.4827968777039096,42.11317698160807,0.1585894806403655,1112.3298034667969,25.44532060623169
2000,1,200,0.1,0.1,1,8,10,3,0.29749661724904625,0.28538628843943564,1.0,0.0,0.41016362181251437,0.3322265311520811,100.0,762.3333333333334,799137.6666666666,0.0,10.11666742960612,1.5694337444074171,496.6749979654948,26.992177212740483,48.69562276204427,4.080761829550437,16.653141657511394,0.0827202875804023,702.2683308919271,2.4827968777039096,42.11317698160807,0.1585894806403655,1198.9433288574219,26.769809087117515
2000,1,200,0.1,0.1,1,8,20,3,0.35679476468950155,0.1169222809180481,1.0,0.0,0.5184331098202725,0.13075634851791543,100.0,204.66666666666666,799695.3333333334,0.0,12.170767148335775,1.3900676782469323,736.6943562825521,29.426411675198025,59.19516245524088,5.134136025734194,16.653141657511394,0.0827202875804023,702.2683308919271,2.4827968777039096,42.11317698160807,0.1585894806403655,1438.9626871744792,28.823908805847168
2000,1,200,0.1,0.1,1,16,5,3,0.2541802095489778,0.04852592426335635,1.0,0.0,0.4037711159247972,0.06054817204021239,100.0,302.3333333333333,799597.6666666666,0.0,7.693003177642822,1.61470019773366,323.9918619791667,32.92969262882098,43.191200256347656,4.079142101844033,16.653141657511394,0.0827202875804023,702.2683308919271,2.4827968777039096,42.11317698160807,0.1585894806403655,1026.2601928710938,24.346144835154217
2000,1,200,0.1,0.1,1,16,10,3,0.25204541365642646,0.07158586535196829,1.0,0.0,0.399206781529331,0.08940821319037576,100.0,317.0,799583.0,0.0,8.263400554656982,1.203865750654027,406.9688720703125,30.32046973590803,48.95019022623698,2.894929918056786,16.653141657511394,0.0827202875804023,702.2683308919271,2.4827968777039096,42.11317698160807,0.1585894806403655,1109.2372029622397,24.916542212168377
2000,1,200,0.1,0.1,1,16,20,3,0.3865937180772549,0.1991956455663595,1.0,0.0,0.5358051953378536,0.22786045749287986,100.0,243.33333333333334,799656.6666666666,0.0,11.18647321065267,1.561476460042878,689.9231770833334,134.06522316356924,59.24546559651693,5.747175114253205,16.653141657511394,0.0827202875804023,702.2683308919271,2.4827968777039096,42.11317698160807,0.1585894806403655,1392.1915079752605,27.839614868164062
2000,1,200,0.1,0.1,2,4,5,3,0.24528832915022983,0.18028874453757876,1.0,0.0,0.3724007048340004,0.2236661415246696,100.0,488.3333333333333,799411.6666666666,0.0,9.989260991414389,1.6190495241118166,527.9312438964844,27.84319806596599,52.571309407552086,4.990081820090583,16.653141657511394,0.0827202875804023,702.2683308919271,2.4827968777039096,42.11317698160807,0.1585894806403655,1230.1995747884116,26.64240264892578
2000,1,200,0.1,0.1,2,4,10,3,0.12153467395978339,0.08666274816450482,1.0,0.0,0.2093392607006601,0.14350716371596484,100.0,1684.3333333333333,798215.6666666666,0.0,13.038057963053385,1.5942024013346296,819.4984944661459,27.93440696133487,61.71370697021485,5.136736727896567,16.653141657511394,0.0827202875804023,702.2683308919271,2.4827968777039096,42.11317698160807,0.1585894806403655,1521.766825358073,29.69119962056478
2000,1,200,0.1,0.1,2,4,20,3,0.5634575338390599,0.19963004771466097,1.0,0.0,0.7061358155203759,0.17241288365823512,100.0,96.33333333333333,799803.6666666666,0.0,19.2338809967041,1.5615141080755024,1431.3072509765625,16.77067119379823,72.01760355631511,4.267902176104953,16.653141657511394,0.0827202875804023,702.2683308919271,2.4827968777039096,42.11317698160807,0.1585894806403655,2133.5755818684897,35.8870226542155
2000,1,200,0.1,0.1,2,8,5,3,0.1301840105764285,0.08171432975846932,1.0,0.0,0.22439274358241781,0.12418061788807215,100.0,874.0,799026.0,0.0,8.876018842061361,2.0961219696235456,426.2810872395833,75.08279099267553,47.88836669921875,2.463489852046118,16.653141657511394,0.0827202875804023,702.2683308919271,2.4827968777039096,42.11317698160807,0.1585894806403655,1128.5494181315105,25.529160499572754
2000,1,200,0.1,0.1,2,8,10,3,0.27168905570797236,0.19126019564239516,1.0,0.0,0.40193967549223686,0.2534661342610145,100.0,604.0,799296.0,0.0,10.809844334920248,1.982269313330086,620.9430135091146,90.06176347596467,56.00260798136393,1.6352116085050237,16.653141657511394,0.0827202875804023,702.2683308919271,2.4827968777039096,42.11317698160807,0.1585894806403655,1323.2113444010417,27.46298599243164
2000,1,200,0.1,0.1,2,8,20,3,0.5426121497550069,0.02958762015840575,1.0,0.0,0.7031777383303748,0.025033974998753688,100.0,84.66666666666667,799815.3333333334,0.0,13.909961382548014,1.3858058847287669,910.2100830078124,36.12897169931639,63.736036936442055,4.625360430913905,16.653141657511394,0.0827202875804023,702.2683308919271,2.4827968777039096,42.11317698160807,0.1585894806403655,1612.4784138997395,30.56310304005941
2000,1,200,0.1,0.1,2,16,5,3,0.12115730321739858,0.019691800525914814,1.0,0.0,0.21576542447058988,0.03105062530372259,100.0,739.0,799161.0,0.0,8.132950782775879,1.5526725166808024,379.0406494140625,27.70666015450345,46.94439061482748,4.489017598003425,16.653141657511394,0.0827202875804023,702.2683308919271,2.4827968777039096,42.11317698160807,0.1585894806403655,1081.3089803059897,24.786092440287273
2000,1,200,0.1,0.1,2,16,10,3,0.3608015133631534,0.0948600724928961,1.0,0.0,0.5253949560954032,0.10513272930775691,100.0,192.0,799708.0,0.0,10.348111470540363,1.4528446750953032,594.8717244466146,92.85993342502526,56.43254852294922,6.910891558577858,16.653141657511394,0.0827202875804023,702.2683308919271,2.4827968777039096,42.11317698160807,0.1585894806403655,1297.1400553385417,27.001253128051758
2000,1,200,0.1,0.1,2,16,20,3,0.46996419353486524,0.35638541562573983,1.0,0.0,0.5744755627216557,0.4018301747534236,100.0,568.6666666666666,799331.3333333334,0.0,17.899983723958332,1.5366667157282714,1293.0028889973958,22.75106778458376,70.50122197469075,4.979241634332984,16.653141657511394,0.0827202875804023,702.2683308919271,2.4827968777039096,42.11317698160807,0.1585894806403655,1995.2712198893228,34.55312538146973
2000,1,200,0.1,0.1,3,4,5,3,0.3172530348643709,0.09063034214028458,1.0,0.0,0.47698556159474775,0.10259467163070926,100.0,232.0,799668.0,0.0,11.185134251912435,1.500626828314631,642.4616902669271,28.30422144153201,55.66863886515299,4.125155258167185,16.653141657511394,0.0827202875804023,702.2683308919271,2.4827968777039096,42.11317698160807,0.1585894806403655,1344.7300211588542,27.838275909423828
2000,1,200,0.1,0.1,3,4,10,3,0.3145330554632408,0.2731799077092398,1.0,0.0,0.43823667111338344,0.2911160597724173,100.0,385.3333333333333,799514.6666666666,0.0,15.057655016581217,1.195897170871752,1049.7428385416667,23.42855539293631,67.357359568278,3.11444226848584,16.653141657511394,0.0827202875804023,702.2683308919271,2.4827968777039096,42.11317698160807,0.1585894806403655,1752.0111694335938,31.710796674092613
2000,1,200,0.1,0.1,3,4,20,3,0.6040283008844568,0.07781393689761704,1.0,0.0,0.7512115366622484,0.05961982566184474,100.0,67.33333333333333,799832.6666666666,0.0,23.911506017049152,1.4874852320435084,1877.3063557942708,38.791513925675744,76.73407491048177,3.822895046267477,16.653141657511394,0.0827202875804023,702.2683308919271,2.4827968777039096,42.11317698160807,0.1585894806403655,2579.5746866861978,40.56464767456055
2000,1,200,0.1,0.1,3,8,5,3,0.2961302669680188,0.22581037981265842,1.0,0.0,0.42662281779662803,0.262074860767642,100.0,428.0,799472.0,0.0,9.615740776062012,1.3602937934282722,493.7069091796875,21.58279825014218,51.10988108317057,5.706236733112057,16.653141657511394,0.0827202875804023,702.2683308919271,2.4827968777039096,42.11317698160807,0.1585894806403655,1195.9752400716147,26.268882433573406
2000,1,200,0.1,0.1,3,8,10,3,0.2031257138030218,0.18527232229698362,1.0,0.0,0.3120207123501891,0.25056349365628056,100.0,1007.0,798893.0,0.0,12.974876085917154,0.7646096370673391,793.1251424153646,45.23718062756127,59.493306477864586,5.482527693578161,16.653141657511394,0.0827202875804023,702.2683308919271,2.4827968777039096,42.11317698160807,0.1585894806403655,1495.3934733072917,29.62801774342855
2000,1,200,0.1,0.1,3,8,20,3,0.5458849313236821,0.10108198036468359,1.0,0.0,0.7023990936602655,0.08817149445277785,100.0,88.0,799812.0,0.0,16.7211119333903,2.014321092717636,1187.1278889973958,71.67389626382561,69.15195592244466,5.361244803043428,16.653141657511394,0.0827202875804023,702.2683308919271,2.4827968777039096,42.11317698160807,0.1585894806403655,1889.3962198893228,33.374253590901695
2000,1,200,0.1,0.1,3,16,5,3,0.22220055704454414,0.16796532979313045,1.0,0.0,0.3419006540462904,0.23749914189757532,100.0,914.6666666666666,798985.3333333334,0.0,9.218713442484535,1.384231945993694,482.0922139485677,60.61104329982121,51.64616266886393,5.815402389144483,16.653141657511394,0.0827202875804023,702.2683308919271,2.4827968777039096,42.11317698160807,0.1585894806403655,1184.3605448404949,25.87185509999593
2000,1,200,0.1,0.1,3,16,10,3,0.34284344976507125,0.28867181287814053,1.0,0.0,0.4563944148064112,0.37844195573295825,100.0,3391.0,796509.0,0.0,10.483447074890137,1.6933911840282525,628.0372924804688,32.130160859607734,58.71279271443685,5.0834094682449775,16.653141657511394,0.0827202875804023,702.2683308919271,2.4827968777039096,42.11317698160807,0.1585894806403655,1330.305623372396,27.13658873240153
2000,1,200,0.1,0.1,3,16,20,3,0.6358418629506309,0.015499585361153687,1.0,0.0,0.7773151251412121,0.011526476734381385,100.0,57.333333333333336,799842.6666666666,0.0,18.348613103230797,1.7242426312948866,1423.1763916015625,259.74624020440666,74.65494791666667,6.998364015922801,16.653141657511394,0.0827202875804023,702.2683308919271,2.4827968777039096,42.11317698160807,0.1585894806403655,2125.4447224934897,35.00175476074219
5000,1,100,0.01,0.0,1,4,5,3,0.7369824395264709,0.09827966790883554,1.0,0.0,0.8461924633477834,0.06324008850281065,250.0,93.0,4999657.0,0.0,55.110107421875,2.5399033907781146,2846.3726399739585,81.98871333412245,51.27910486857096,0.8371480812560845,92.02478535970052,0.6365640427787883,3399.4657389322915,35.27890984964477,36.93659210205078,0.1487828666280977,6245.83837890625,147.1348927815755
5000,1,100,0.01,0.0,1,4,10,3,0.9126697838000487,0.12476474683727912,1.0,0.0,0.9512541677642913,0.07099075015353688,250.0,27.666666666666668,4999722.333333333,0.0,69.02194468180339,2.0447085356914934,4108.061360677083,74.14505543291357,59.03329086303711,1.1899319223517573,92.02478535970052,0.6365640427787883,3399.4657389322915,35.27890984964477,36.93659210205078,0.1487828666280977,7507.527099609375,161.0467300415039
5000,1,100,0.01,0.0,1,4,20,3,0.9907668404117391,0.004545850347146034,1.0,0.0,0.9953585208641695,0.0022910452224363404,250.0,2.3333333333333335,4999747.666666667,0.0,101.24737040201823,3.048350765146772,6231.512369791667,262.31774800820165,61.18361282348633,0.6360892028443357,92.02478535970052,0.6365640427787883,3399.4657389322915,35.27890984964477,36.93659210205078,0.1487828666280977,9630.978108723959,193.27215576171875
5000,1,100,0.01,0.0,1,8,5,3,0.9267344800053174,0.06431936118125782,1.0,0.0,0.9611887023203693,0.0352987079965256,250.0,20.666666666666668,4999729.333333333,0.0,49.70447667439779,2.4248822431656274,2372.2228190104165,77.30400774001879,47.439544677734375,0.9745956314337209,92.02478535970052,0.6365640427787883,3399.4657389322915,35.27890984964477,36.93659210205078,0.1487828666280977,5771.688557942708,141.7292620340983
5000,1,100,0.01,0.0,1,8,10,3,0.9934019281845369,0.006041098019819152,1.0,0.0,0.9966839071810835,0.003037697014268012,250.0,1.6666666666666667,4999748.333333333,0.0,60.30928421020508,1.2750939026477908,3340.2882486979165,237.5367388148058,54.94048436482748,2.8593883854122693,92.02478535970052,0.6365640427787883,3399.4657389322915,35.27890984964477,36.93659210205078,0.1487828666280977,6739.753987630208,152.33406956990558
5000,1,100,0.01,0.0,1,8,20,3,0.9920739069361969,0.003936832214632173,1.0,0.0,0.9960185711864061,0.0019841046760652385,250.0,2.0,4999748.0,0.0,80.16146850585938,6.6778433240798725,4869.509765625,536.8907149669425,60.20413716634115,1.5251822999956932,92.02478535970052,0.6365640427787883,3399.4657389322915,35.27890984964477,36.93659210205078,0.1487828666280977,8268.975504557291,172.18625386555988
5000,1,100,0.01,0.0,1,16,5,3,0.9677932326530206,0.008607276252510192,1.0,0.0,0.9836200563281702,0.004456978189415692,250.0,8.333333333333334,4999741.666666667,0.0,49.21465428670248,0.3691790840280591,2382.697672526041,166.1468401571638,48.07066090901693,2.9824145576301477,92.02478535970052,0.6365640427787883,3399.4657389322915,35.27890984964477,36.93659210205078,0.1487828666280977,5782.163411458332,141.239439646403
5000,1,100,0.01,0.0,1,16,10,3,0.9921051535224764,0.007874098409222577,1.0,0.0,0.9960264761061574,0.003968264466099793,250.0,2.0,4999748.0,0.0,60.344950358072914,3.0438960054527446,3475.939778645833,147.45728435975934,57.08796183268229,1.2878122401436485,92.02478535970052,0.6365640427787883,3399.4657389322915,35.27890984964477,36.93659210205078,0.1487828666280977,6875.405517578125,152.36973571777344
5000,1,100,0.01,0.0,1,16,20,3,0.9960264761061574,0.003968264466099821,1.0,0.0,0.9980066427569826,0.0019920331952345766,250.0,1.0,4999749.0,0.0,83.28251647949219,2.8302900276422767,5243.198404947917,326.5557670598436,62.50358454386393,1.969381408926053,92.02478535970052,0.6365640427787883,3399.4657389322915,35.27890984964477,36.93659210205078,0.1487828666280977,8642.664143880209,175.3073018391927
5000,1,100,0.01,0.0,2,4,5,3,0.8996208787455547,0.0689260474125382,1.0,0.0,0.9462285715914804,0.03844490318605793,250.0,29.0,4999721.0,0.0,60.51437632242838,1.7039748093267362,3451.3663736979165,10.114744841192689,56.5840950012207,1.5426464216352191,92.02478535970052,0.6365640427787883,3399.4657389322915,35.27890984964477,36.93659210205078,0.1487828666280977,6850.832112630208,152.5391616821289
5000,1,100,0.01,0.0,2,4,10,3,0.9491318666467504,0.06770752596951925,1.0,0.0,0.9730593749267658,0.036392710213727066,250.0,14.333333333333334,4999735.666666667,0.0,80.95491536458333,1.0741082599620806,5005.865071614583,190.45981167912404,61.40332794189453,1.4421754821958477,92.02478535970052,0.6365640427787883,3399.4657389322915,35.27890984964477,36.93659210205078,0.1487828666280977,8405.330810546875,172.97970072428384
5000,1,100,0.01,0.0,2,4,20,3,0.9818189166015253,0.014481599030820106,1.0,0.0,0.9907899975543644,0.007403233148346054,250.0,4.666666666666667,4999745.333333333,0.0,124.57115173339844,2.015047736722502,7819.348958333333,192.29931738978007,62.46175765991211,0.450557940136053,92.02478535970052,0.6365640427787883,3399.4657389322915,35.27890984964477,36.93659210205078,0.1487828666280977,11218.814697265625,216.59593709309894
5000,1,100,0.01,0.0,2,8,5,3,0.9624046725274565,0.03503224147938567,1.0,0.0,0.9806236586836472,0.018364527298039612,250.0,10.0,4999740.0,0.0,54.04650115966797,2.125752170556149,2814.3170572916665,88.71915031799043,51.68367258707682,1.5731289414016434,92.02478535970052,0.6365640427787883,3399.4657389322915,35.27890984964477,36.93659210205078,0.1487828666280977,6213.782796223958,146.07128651936847
5000,1,100,0.01,0.0,2,8,10,3,0.8258112880081168,0.2679567467811848,1.0,0.0,0.8871426630852053,0.17839562275659474,250.0,81.33333333333333,4999668.666666667,0.0,74.43342590332031,1.9681646562872528,4492.08447265625,163.5521094029803,59.88533020019531,0.5742578805436114,92.02478535970052,0.6365640427787883,3399.4657389322915,35.27890984964477,36.93659210205078,0.1487828666280977,7891.550211588541,166.45821126302081
5000,1,100,0.01,0.0,2,8,20,3,0.9791962612974286,0.011143348719767668,1.0,0.0,0.9894675080087277,0.005671105216114153,250.0,5.333333333333333,4999744.666666667,0.0,109.6864751180013,3.2772093804280367,6965.784342447917,188.75840767555007,63.140281677246094,0.1833185605834763,92.02478535970052,0.6365640427787883,3399.4657389322915,35.27890984964477,36.93659210205078,0.1487828666280977,10365.250081380209,201.7112604777018
5000,1,100,0.01,0.0,2,16,5,3,0.9611380544989222,0.03432598473745224,1.0,0.0,0.9799739924821416,0.017996340033570465,250.0,10.333333333333334,4999739.666666667,0.0,58.30835215250651,4.949720131456238,3050.802001953125,329.9419896210605,51.815008799235024,1.8002085598591888,92.02478535970052,0.6365640427787883,3399.4657389322915,35.27890984964477,36.93659210205078,0.1487828666280977,6450.267740885416,150.33313751220703
5000,1,100,0.01,0.0,2,16,10,3,0.9881834618692812,0.007811971058103255,1.0,0.0,0.9940462624017427,0.003952501472100985,250.0,3.0,4999747.0,0.0,70.15639241536458,3.2311066737882457,4273.037760416667,336.5378171217811,60.439453125,1.8784055005722544,92.02478535970052,0.6365640427787883,3399.4657389322915,35.27890984964477,36.93659210205078,0.1487828666280977,7672.503499348959,162.1811777750651
5000,1,100,0.01,0.0,2,16,20,3,0.9921051535224764,0.007874098409222577,1.0,0.0,0.9960264761061574,0.003968264466099793,250.0,2.0,4999748.0,0.0,106.46949005126952,4.412582806843858,6702.220052083333,335.74955429657626,62.59268442789713,1.1925890576522398,92.02478535970052,0.6365640427787883,3399.4657389322915,35.27890984964477,36.93659210205078,0.1487828666280977,10101.685791015625,198.49427541097003
5000,1,100,0.01,0.0,3,4,5,3,0.938266335012683,0.052674931762137105,1.0,0.0,0.967646226656508,0.027811519412518748,250.0,17.0,4999733.0,0.0,67.99488830566406,1.4422225609023778,4201.18408203125,50.155087485462914,61.358154296875,1.4105082175718522,92.02478535970052,0.6365640427787883,3399.4657389322915,35.27890984964477,36.93659210205078,0.1487828666280977,7600.649820963541,160.01967366536456
5000,1,100,0.01,0.0,3,4,10,3,0.9907564255390343,0.0022639056292334528,1.0,0.0,0.9953558859327435,0.0011432406936659901,250.0,2.3333333333333335,4999747.666666667,0.0,97.58001200358072,1.5241230664407457,6277.016438802083,193.3236844479048,63.92548624674479,1.531875719307686,92.02478535970052,0.6365640427787883,3399.4657389322915,35.27890984964477,36.93659210205078,0.1487828666280977,9676.482177734375,189.60479736328125
5000,1,100,0.01,0.0,3,4,20,3,0.9804022084555607,0.0038447441064586494,1.0,0.0,0.9901015981515334,0.0019606010679985102,250.0,5.0,4999745.0,0.0,162.7890370686849,2.4524991665750435,10393.102864583334,163.10040082395653,63.59164683024088,0.7412181424829061,92.02478535970052,0.6365640427787883,3399.4657389322915,35.27890984964477,36.93659210205078,0.1487828666280977,13792.568603515625,254.81382242838544
5000,1,100,0.01,0.0,3,8,5,3,0.9333879641913342,0.06265906628834138,1.0,0.0,0.9648140719964364,0.03390220203982352,250.0,18.666666666666668,4999731.333333333,0.0,59.73614629109701,4.816256730787695,3384.4366048177085,315.75047432011945,56.13924407958984,1.8635053717825356,92.02478535970052,0.6365640427787883,3399.4657389322915,35.27890984964477,36.93659210205078,0.1487828666280977,6783.90234375,151.76093165079752
5000,1,100,0.01,0.0,3,8,10,3,0.9658266487540681,0.02863600144172574,1.0,0.0,0.9824711557384824,0.014945434682921775,250.0,9.0,4999741.0,0.0,79.66028594970703,0.4141358612426336,4974.452962239583,115.72105986856924,62.03600819905599,1.4872467044002278,92.02478535970052,0.6365640427787883,3399.4657389322915,35.27890984964477,36.93659210205078,0.1487828666280977,8373.918701171875,171.68507130940753
5000,1,100,0.01,0.0,3,8,20,3,0.9855487431659976,0.002246079600656762,1.0,0.0,0.9927209231384181,0.0011387040242465585,250.0,3.6666666666666665,4999746.333333333,0.0,117.46092987060548,5.519706967710356,7307.129231770833,353.6183412246404,61.89859390258789,0.5050886812103281,92.02478535970052,0.6365640427787883,3399.4657389322915,35.27890984964477,36.93659210205078,0.1487828666280977,10706.594970703125,209.485715230306
5000,1,100,0.01,0.0,3,16,5,3,0.9572362651707794,0.029504654296045915,1.0,0.0,0.9779964740299372,0.015372567494003623,250.0,11.333333333333334,4999738.666666667,0.0,55.171348571777344,5.64057077747951,3103.529541015625,356.6384902052897,55.56519063313802,0.6708336833733384,92.02478535970052,0.6365640427787883,3399.4657389322915,35.27890984964477,36.93659210205078,0.1487828666280977,6502.995279947916,147.19613393147785
5000,1,100,0.01,0.0,3,16,10,3,0.9342185933851191,0.08044779177468026,1.0,0.0,0.9647686205411992,0.04407519715973312,250.0,19.0,4999731.0,0.0,78.07656860351562,2.6028464302515637,4804.433268229167,59.40270437065067,61.21317418416341,1.8150782135906365,92.02478535970052,0.6365640427787883,3399.4657389322915,35.27890984964477,36.93659210205078,0.1487828666280977,8203.899007161459,170.10135396321613
5000,1,100,0.01,0.0,3,16,20,3,0.9732372289941745,0.02613654627669602,1.0,0.0,0.9863177382420797,0.013520066196847369,250.0,7.0,4999743.0,0.0,132.0190175374349,1.6721216860443444,8463.7705078125,71.20183424944352,63.7931276957194,0.441450316120167,92.02478535970052,0.6365640427787883,3399.4657389322915,35.27890984964477,36.93659210205078,0.1487828666280977,11863.236246744791,224.04380289713544
5000,1,100,0.01,0.01,1,4,5,3,0.8597959522078452,0.05737207551638422,1.0,0.0,0.9239183073402516,0.03378947948371774,250.0,41.666666666666664,4999708.333333333,0.0,54.98685709635416,1.44783202775361,2884.2646484375,48.979064422748415,52.13185501098633,1.46546363018507,95.49850972493488,0.0902951647158201,3477.8943684895835,3.1531960680887505,36.38406499226888,0.0029264013306801,6362.159016927084,150.48536682128903
5000,1,100,0.01,0.01,1,4,10,3,0.9728814076640163,0.013216313943632985,1.0,0.0,0.9862241091759852,0.006765109959374859,250.0,7.0,4999743.0,0.0,69.75271860758464,2.570817936178094,4155.380777994792,124.67505495214346,59.09306716918945,0.6671232434348475,95.49850972493488,0.0902951647158201,3477.8943684895835,3.1531960680887505,36.38406499226888,0.0029264013306801,7633.275146484375,165.25122833251953
5000,1,100,0.01,0.01,1,4,20,3,0.9855894281845369,0.00805965420226857,1.0,0.0,0.992731338011123,0.004095699397920764,250.0,3.6666666666666665,4999746.333333333,0.0,100.33700052897136,2.71877473915732,6162.303548177083,240.26684871674888,60.98679860432943,0.6120672841229199,95.49850972493488,0.0902951647158201,3477.8943684895835,3.1531960680887505,36.38406499226888,0.0029264013306801,9640.197916666666,195.83551025390625
5000,1,100,0.01,0.01,1,8,5,3,0.9715846330019557,0.010970234342976223,1.0,0.0,0.9855666781010592,0.005626405935128284,250.0,7.333333333333333,4999742.666666667,0.0,51.52429707845052,2.760468699273362,2520.144856770833,114.1364795187604,48.62553024291992,0.8726517721204251,95.49850972493488,0.0902951647158201,3477.8943684895835,3.1531960680887505,36.38406499226888,0.0029264013306801,5998.039225260416,147.0228068033854
5000,1,100,0.01,0.01,1,8,10,3,0.9855589139476607,0.004474542890720187,1.0,0.0,0.9927235268258435,0.0022728983295853874,250.0,3.6666666666666665,4999746.333333333,0.0,62.66080220540365,2.77931458460424,3547.02001953125,112.5444885843669,56.26245625813802,1.2104121240493582,95.49850972493488,0.0902951647158201,3477.8943684895835,3.1531960680887505,36.38406499226888,0.0029264013306801,7024.914388020834,158.15931193033853
5000,1,100,0.01,0.01,1,8,20,3,0.9881422924901185,0.0,1.0,0.0,0.9940357852882703,0.0,250.0,3.0,4999747.0,0.0,79.76233164469402,2.428461039047371,4925.24609375,175.29604792924707,61.29693984985352,1.2590112999708554,95.49850972493488,0.0902951647158201,3477.8943684895835,3.1531960680887505,36.38406499226888,0.0029264013306801,8403.140462239584,175.2608413696289
5000,1,100,0.01,0.01,1,16,5,3,0.9604699458601521,0.015255827029818841,1.0,0.0,0.979795117137737,0.007965334698172996,250.0,10.333333333333334,4999739.666666667,0.0,48.69682947794596,0.4226159276847923,2366.947265625,147.86982992520038,48.22336451212565,2.701236178068376,95.49850972493488,0.0902951647158201,3477.8943684895835,3.1531960680887505,36.38406499226888,0.0029264013306801,5844.841634114584,144.19533920288083
5000,1,100,0.01,0.01,1,16,10,3,0.9693467839272588,0.0225565536567643,1.0,0.0,0.9843454294574164,0.01170806014609473,250.0,8.0,4999742.0,0.0,63.42113494873047,4.532374484267508,3529.2460123697915,295.6833096746881,55.19006093343099,1.6639267366059098,95.49850972493488,0.0902951647158201,3477.8943684895835,3.1531960680887505,36.38406499226888,0.0029264013306801,7007.140380859375,158.91964467366535
5000,1,100,0.01,0.01,1,16,20,3,0.9881422924901185,0.0,1.0,0.0,0.9940357852882703,0.0,250.0,3.0,4999747.0,0.0,83.5232416788737,2.0001443226799718,5159.520345052083,228.68119229225715,61.34698740641276,1.6474906671957186,95.49850972493488,0.0902951647158201,3477.8943684895835,3.1531960680887505,36.38406499226888,0.0029264013306801,8637.414713541666,179.0217514038086
5000,1,100,0.01,0.01,2,4,5,3,0.8363265837861982,0.09838408518513407,1.0,0.0,0.9087979002961205,0.05801422276142996,250.0,51.666666666666664,4999698.333333333,0.0,60.54985427856445,1.6081634775114402,3516.351969401041,18.949626781472777,57.641005198160805,1.4356598499231428,95.49850972493488,0.0902951647158201,3477.8943684895835,3.1531960680887505,36.38406499226888,0.0029264013306801,6994.246337890625,156.04836400349933
5000,1,100,0.01,0.01,2,4,10,3,0.9704158879571173,0.015790704067811433,1.0,0.0,0.9849425458738068,0.008106211347227436,250.0,7.666666666666667,4999742.333333333,0.0,81.09750620524089,1.1919732704844348,5043.499674479167,217.00517076139263,61.72550582885742,1.761041837800335,95.49850972493488,0.0902951647158201,3477.8943684895835,3.1531960680887505,36.38406499226888,0.0029264013306801,8521.39404296875,176.59601593017578
5000,1,100,0.01,0.01,2,4,20,3,0.9707479616847353,0.026829351579035533,1.0,0.0,0.9850305084712593,0.013924504761648167,250.0,7.666666666666667,4999742.333333333,0.0,124.41864522298177,1.3281726318812093,7895.100911458333,87.07038376180924,63.12859090169271,0.9657740754722992,95.49850972493488,0.0902951647158201,3477.8943684895835,3.1531960680887505,36.38406499226888,0.0029264013306801,11372.995279947916,219.91715494791663
5000,1,100,0.01,0.01,2,8,5,3,0.908059044392647,0.10563141161051308,1.0,0.0,0.9495977517154298,0.06006072963690584,250.0,28.0,4999722.0,0.0,54.114967346191406,1.810329468748458,2812.337320963541,156.47055060399435,51.57213846842448,2.261154108492836,95.49850972493488,0.0902951647158201,3477.8943684895835,3.1531960680887505,36.38406499226888,0.0029264013306801,6290.231689453125,149.61347707112628
5000,1,100,0.01,0.01,2,8,10,3,0.9842823616600791,0.006685596311329894,1.0,0.0,0.9920712876888863,0.0034026096534800353,250.0,4.0,4999746.0,0.0,69.95647557576497,4.85716852728701,4225.7578125,306.8779493585115,59.86235046386719,0.3127419836832035,95.49850972493488,0.0902951647158201,3477.8943684895835,3.1531960680887505,36.38406499226888,0.0029264013306801,7703.652180989584,165.45498530069983
5000,1,100,0.01,0.01,2,8,20,3,0.9842823616600791,0.006685596311329894,1.0,0.0,0.9920712876888863,0.0034026096534800353,250.0,4.0,4999746.0,0.0,108.04490407307942,4.723442500849779,6665.033040364583,348.9285041014188,61.30627695719401,0.5909712581571759,95.49850972493488,0.0902951647158201,3477.8943684895835,3.1531960680887505,36.38406499226888,0.0029264013306801,10142.927408854166,203.54341379801429
5000,1,100,0.01,0.01,2,16,5,3,0.9604699458601521,0.015255827029818845,1.0,0.0,0.979795117137737,0.007965334698173015,250.0,10.333333333333334,4999739.666666667,0.0,52.83559799194336,0.9034718612109136,2776.67236328125,84.08284224121667,52.24393208821615,2.085976425121505,95.49850972493488,0.0902951647158201,3477.8943684895835,3.1531960680887505,36.38406499226888,0.0029264013306801,6254.566731770834,148.33410771687824
5000,1,100,0.01,0.01,2,16,10,3,0.9842823616600791,0.006685596311329894,1.0,0.0,0.9920712876888863,0.0034026096534800353,250.0,4.0,4999746.0,0.0,72.33465576171875,1.0891306127803233,4395.673828125,80.19474213092754,60.253159840901695,1.1432013419467155,95.49850972493488,0.0902951647158201,3477.8943684895835,3.1531960680887505,36.38406499226888,0.0029264013306801,7873.568196614584,167.83316548665363
5000,1,100,0.01,0.01,2,16,20,3,0.9894493590145764,0.0022639056292334606,1.0,0.0,0.9946958356105068,0.0011432406936660062,250.0,2.6666666666666665,4999747.333333333,0.0,106.1228307088216,2.39706450658204,6696.969563802083,263.77759564032647,62.73145421346029,1.2744601414329573,95.49850972493488,0.0902951647158201,3477.8943684895835,3.1531960680887505,36.38406499226888,0.0029264013306801,10174.863932291666,201.62134043375647
5000,1,100,0.01,0.01,3,4,5,3,0.8557204693855706,0.12745802279348525,1.0,0.0,0.9188121655755133,0.07516603068176075,250.0,46.666666666666664,4999703.333333333,0.0,67.52469380696614,1.9369726368741351,4272.584635416667,32.71353965920824,62.7943598429362,1.7696990849521204,95.49850972493488,0.0902951647158201,3477.8943684895835,3.1531960680887505,36.38406499226888,0.0029264013306801,7750.47900390625,163.023203531901
5000,1,100,0.01,0.01,3,4,10,3,0.9627032983736129,0.040806273052837176,0.996,0.006928203230275515,0.9786900524434606,0.01868617006484983,249.0,10.0,4999740.0,1.0,98.5848617553711,0.130511639562563,6278.786458333333,168.1750034065436,63.33759180704752,1.6017137274537938,95.49850972493488,0.0902951647158201,3477.8943684895835,3.1531960680887505,36.38406499226888,0.0029264013306801,9756.680826822916,194.08337148030597
5000,1,100,0.01,0.01,3,4,20,3,0.8310820062352544,0.2620719664132048,1.0,0.0,0.8912470033350738,0.17295658271690992,250.0,77.33333333333333,4999672.666666667,0.0,157.58087158203125,1.9794263967973853,10163.938151041666,199.3926837605835,64.19253158569336,1.0655033878287803,95.49850972493488,0.0902951647158201,3477.8943684895835,3.1531960680887505,36.38406499226888,0.0029264013306801,13641.83251953125,253.07938130696613
5000,1,100,0.01,0.01,3,8,5,3,0.9677644518382914,0.005711934120899077,1.0,0.0,0.9836124730840945,0.002952966895088486,250.0,8.333333333333334,4999741.666666667,0.0,59.59491475423177,1.1587727969010415,3385.276123046875,81.38651149556449,56.30275599161784,2.2222464331061618,95.49850972493488,0.0902951647158201,3477.8943684895835,3.1531960680887505,36.38406499226888,0.0029264013306801,6863.170491536459,155.09342447916666
5000,1,100,0.01,0.01,3,8,10,3,0.9766022388553175,0.00762993783551782,1.0,0.0,0.9881525843525157,0.0039057719495888465,250.0,6.0,4999744.0,0.0,79.45999399820964,5.066975833949862,4829.874186197917,270.85454040277386,60.38490676879883,0.4357222102826488,95.49850972493488,0.0902951647158201,3477.8943684895835,3.1531960680887505,36.38406499226888,0.0029264013306801,8307.7685546875,174.95850372314453
5000,1,100,0.01,0.01,3,8,20,3,0.9728317272723058,0.010065571598749429,1.0,0.0,0.9862112438957573,0.005159593283959478,250.0,7.0,4999743.0,0.0,123.21488698323569,5.123798249643302,7661.442220052083,318.7325098273928,61.8297119140625,0.3413447886060073,95.49850972493488,0.0902951647158201,3477.8943684895835,3.1531960680887505,36.38406499226888,0.0029264013306801,11139.336588541666,218.71339670817056
5000,1,100,0.01,0.01,3,16,5,3,0.9570506329080805,0.024609637616719242,1.0,0.0,0.9779467832845959,0.012793643797973113,250.0,11.333333333333334,4999738.666666667,0.0,61.47355016072592,1.2750347776477722,3675.022705078125,18.462436613543566,59.28946304321289,1.452995782203537,95.49850972493488,0.0902951647158201,3477.8943684895835,3.1531960680887505,36.38406499226888,0.0029264013306801,7152.917073567709,156.9720598856608
5000,1,100,0.01,0.01,3,16,10,3,0.9728814076640163,0.013216313943632985,1.0,0.0,0.9862241091759852,0.0067651099593748105,250.0,7.0,4999743.0,0.0,79.10353342692058,7.799497624259612,4902.969075520833,586.8807422541634,61.41400782267253,1.548049976466896,95.49850972493488,0.0902951647158201,3477.8943684895835,3.1531960680887505,36.38406499226888,0.0029264013306801,8380.863444010416,174.60204315185547
5000,1,100,0.01,0.01,3,16,20,3,0.9692613884912115,0.019684298682859532,1.0,0.0,0.9843228101560024,0.010201568482014423,250.0,8.0,4999742.0,0.0,119.70215606689452,12.078475789613876,7390.156412760417,819.5822130337162,61.42712148030599,0.8183684496521383,95.49850972493488,0.0902951647158201,3477.8943684895835,3.1531960680887505,36.38406499226888,0.0029264013306801,10868.05078125,215.2006657918294
5000,1,100,0.01,0.1,1,4,5,3,0.6195801565625143,0.17907563325089845,1.0,0.0,0.7545747414638951,0.14314676899664067,250.0,180.33333333333334,4999569.666666667,0.0,55.72184753417969,1.8036552041903895,2892.7118326822915,7.135601280775667,51.5317014058431,1.557851028497801,92.23679606119792,0.1672119615180055,3440.6503092447915,4.805732064904124,37.33545430501302,0.0822214236081068,6333.362141927083,147.95864359537762
5000,1,100,0.01,0.1,1,4,10,3,0.6221241070243179,0.21072926486948335,1.0,0.0,0.7521127822907842,0.1726334880137558,250.0,192.33333333333334,4999557.666666667,0.0,73.81927235921223,2.2420419102823,4301.117350260417,65.83913370606655,57.85180282592773,0.8162093597275853,92.23679606119792,0.1672119615180055,3440.6503092447915,4.805732064904124,37.33545430501302,0.0822214236081068,7741.767659505209,166.05606842041016
5000,1,100,0.01,0.1,1,4,20,3,0.7273117646228656,0.037403855937211704,1.0,0.0,0.8417707785389493,0.024984224863254884,250.0,94.33333333333333,4999655.666666667,0.0,101.7698720296224,1.859797778752654,6250.70654296875,175.52215505930542,61.04066212972005,0.671538450697577,92.23679606119792,0.1672119615180055,3440.6503092447915,4.805732064904124,37.33545430501302,0.0822214236081068,9691.356852213541,194.0066680908203
5000,1,100,0.01,0.1,1,8,5,3,0.6138055723278342,0.21122026159816676,1.0,0.0,0.7452103661996096,0.1774587053779764,250.0,201.66666666666666,4999548.333333333,0.0,51.71253077189128,1.928457269045936,2521.408203125,67.63902455151361,48.43569819132487,1.2617212688678348,92.23679606119792,0.1672119615180055,3440.6503092447915,4.805732064904124,37.33545430501302,0.0822214236081068,5962.058512369791,143.9493268330892
5000,1,100,0.01,0.1,1,8,10,3,0.6587545272062626,0.0903493221634027,1.0,0.0,0.7918237889057939,0.0675452023586994,250.0,134.66666666666666,4999615.333333333,0.0,62.75793965657552,2.953951727935374,3518.93603515625,115.21455957886712,55.75002797444662,1.0910509938105228,92.23679606119792,0.1672119615180055,3440.6503092447915,4.805732064904124,37.33545430501302,0.0822214236081068,6959.586344401041,154.99473571777344
5000,1,100,0.01,0.1,1,8,20,3,0.7617058839822586,0.03471966425890633,1.0,0.0,0.8644425225200214,0.02239320992910953,250.0,78.66666666666667,4999671.333333333,0.0,76.82363382975261,3.350208723321168,4613.878743489583,230.53433261411243,59.612884521484375,0.4575979356932156,92.23679606119792,0.1672119615180055,3440.6503092447915,4.805732064904124,37.33545430501302,0.0822214236081068,8054.529052734375,169.06042989095053
5000,1,100,0.01,0.1,1,16,5,3,0.6994729963440092,0.06598889329508263,1.0,0.0,0.8219538667325424,0.04677175910627909,250.0,109.66666666666667,4999640.333333333,0.0,48.82370885213216,3.544104005705058,2327.1951497395835,191.7120375128214,47.31052907307943,1.1144883524342926,92.23679606119792,0.1672119615180055,3440.6503092447915,4.805732064904124,37.33545430501302,0.0822214236081068,5767.845458984375,141.06050491333008
5000,1,100,0.01,0.1,1,16,10,3,0.7487124944021496,0.03290308250220623,1.0,0.0,0.8560324481003393,0.021443683485272157,250.0,84.33333333333333,4999665.666666667,0.0,58.501163482666016,3.3055028299466533,3260.8172200520835,422.02652355958855,55.01749165852865,4.137235985619482,92.23679606119792,0.1672119615180055,3440.6503092447915,4.805732064904124,37.33545430501302,0.0822214236081068,6701.467529296875,150.73795954386395
5000,1,100,0.01,0.1,1,16,20,3,0.7684026965941859,0.02955406120799137,1.0,0.0,0.8688266314993717,0.018781397893912692,250.0,75.66666666666667,4999674.333333333,0.0,83.12276967366536,3.960957082650733,5103.602701822917,351.74149079330505,61.00130081176758,1.4991087416125497,92.23679606119792,0.1672119615180055,3440.6503092447915,4.805732064904124,37.33545430501302,0.0822214236081068,8544.253011067709,175.35956573486328
5000,1,100,0.01,0.1,2,4,5,3,0.6749390982930539,0.022079791865811587,1.0,0.0,0.8057887274864274,0.01570381171872525,250.0,120.66666666666667,4999629.333333333,0.0,60.3725814819336,1.7124639705833868,3487.9071451822915,13.74303861209741,57.39061991373698,1.469591916440968,92.23679606119792,0.1672119615180055,3440.6503092447915,4.805732064904124,37.33545430501302,0.0822214236081068,6928.557454427083,152.60937754313153
5000,1,100,0.01,0.1,2,4,10,3,0.714543492553526,0.03139037887974064,1.0,0.0,0.8332459197271141,0.021533347186625574,250.0,100.33333333333333,4999649.666666667,0.0,81.37755584716797,1.145115226960617,5053.099934895833,193.627888174799,61.702067057291664,1.4975806980556488,92.23679606119792,0.1672119615180055,3440.6503092447915,4.805732064904124,37.33545430501302,0.0822214236081068,8493.750244140625,173.6143519083659
5000,1,100,0.01,0.1,2,4,20,3,0.7953258096839906,0.04539498505396044,1.0,0.0,0.8855275560723849,0.027794420194483985,250.0,65.0,4999685.0,0.0,124.90394846598308,1.712076645079229,7935.553059895833,166.6585345196412,63.23535792032877,0.8705847797550019,92.23679606119792,0.1672119615180055,3440.6503092447915,4.805732064904124,37.33545430501302,0.0822214236081068,11376.203369140625,217.140744527181
5000,1,100,0.01,0.1,2,8,5,3,0.6222112129062047,0.017366107201298026,1.0,0.0,0.7670210009824121,0.013160091941530887,250.0,152.0,4999598.0,0.0,58.597129821777344,0.8335955008971704,2966.984619140625,98.35252887653976,50.27386983235677,1.839607809706884,92.23679606119792,0.1672119615180055,3440.6503092447915,4.805732064904124,37.33545430501302,0.0822214236081068,6407.634928385416,150.83392588297528
5000,1,100,0.01,0.1,2,8,10,3,0.7100193503702276,0.02217484282073568,1.0,0.0,0.8302911991864174,0.015198949366885841,250.0,102.33333333333333,4999647.666666667,0.0,70.72621154785156,1.553712766186409,4212.960123697917,76.24524388966474,59.203077952067055,1.017321318150997,92.23679606119792,0.1672119615180055,3440.6503092447915,4.805732064904124,37.33545430501302,0.0822214236081068,7653.610432942709,162.9630076090495
5000,1,100,0.01,0.1,2,8,20,3,0.7243733632622522,0.13874237908866968,1.0,0.0,0.8349362432077173,0.09739370742548958,250.0,104.66666666666667,4999645.333333333,0.0,104.39674377441406,6.318311981492523,6516.682454427083,347.7816962456742,62.147969563802086,0.8913147962064174,92.23679606119792,0.1672119615180055,3440.6503092447915,4.805732064904124,37.33545430501302,0.0822214236081068,9957.332763671875,196.633539835612
5000,1,100,0.01,0.1,2,16,5,3,0.7245568726851319,0.09487890557302767,1.0,0.0,0.8379470918665598,0.0636862895739347,250.0,99.0,4999651.0,0.0,52.33844884236654,3.2972396047596524,2727.726969401041,233.95906421270368,51.58171717325846,2.133437933812146,92.23679606119792,0.1672119615180055,3440.6503092447915,4.805732064904124,37.33545430501302,0.0822214236081068,6168.377278645832,144.57524490356445
5000,1,100,0.01,0.1,2,16,10,3,0.8041528379146005,0.06866314027122479,1.0,0.0,0.8903979208699017,0.04132664868913015,250.0,62.333333333333336,4999687.666666667,0.0,67.12202835083008,8.154327323870644,4057.380777994792,595.1833902787589,59.72451019287109,1.862480387213806,92.23679606119792,0.1672119615180055,3440.6503092447915,4.805732064904124,37.33545430501302,0.0822214236081068,7498.031087239584,159.358824412028
5000,1,100,0.01,0.1,2,16,20,3,0.7579685011216338,0.035962543611568594,1.0,0.0,0.8620033906869655,0.02345015391021651,250.0,80.33333333333333,4999669.666666667,0.0,103.4961649576823,5.800480820803563,6442.48681640625,461.2939752650122,61.84516270955404,0.8470050258981261,92.23679606119792,0.1672119615180055,3440.6503092447915,4.805732064904124,37.33545430501302,0.0822214236081068,9883.137125651041,195.73296101888022
5000,1,100,0.01,0.1,3,4,5,3,0.7061236335168157,0.06521791597736866,1.0,0.0,0.8266261351985845,0.04418555593640326,250.0,106.0,4999644.0,0.0,67.94774881998698,1.497284718633135,4222.6279296875,68.08385764129848,61.569810231526695,1.517450664132285,92.23679606119792,0.1672119615180055,3440.6503092447915,4.805732064904124,37.33545430501302,0.0822214236081068,7663.278238932291,160.1845448811849
5000,1,100,0.01,0.1,3,4,10,3,0.5392810379300185,0.1508753481366798,1.0,0.0,0.6927374090084127,0.12176160810295192,250.0,235.66666666666666,4999514.333333333,0.0,98.32437642415364,1.2851177703883825,6258.627115885417,218.31109098349916,63.19340896606445,1.2610950901095908,92.23679606119792,0.1672119615180055,3440.6503092447915,4.805732064904124,37.33545430501302,0.0822214236081068,9699.277425130209,190.56117248535156
5000,1,100,0.01,0.1,3,4,20,3,0.6577300262535001,0.06667397614266013,1.0,0.0,0.7922393326244016,0.04818126144927684,250.0,132.66666666666666,4999617.333333333,0.0,158.5663604736328,1.959703799242222,10228.778645833334,190.38332980968357,64.26861190795898,1.052639330914556,92.23679606119792,0.1672119615180055,3440.6503092447915,4.805732064904124,37.33545430501302,0.0822214236081068,13669.428955078125,250.80315653483075
5000,1,100,0.01,0.1,3,8,5,3,0.6170100324309479,0.25259427973387255,1.0,0.0,0.7406665606067371,0.2159159085403667,250.0,224.33333333333334,4999525.666666667,0.0,58.20999654134115,2.982374795475457,3237.098876953125,184.5583516504174,55.20736440022787,1.4994596522065484,92.23679606119792,0.1672119615180055,3440.6503092447915,4.805732064904124,37.33545430501302,0.0822214236081068,6677.749186197916,150.44679260253906
5000,1,100,0.01,0.1,3,8,10,3,0.6434675349792042,0.2830874659614461,1.0,0.0,0.7573968524809942,0.2244013998818277,250.0,207.0,4999543.0,0.0,81.09215799967448,2.9265940417091274,4856.22216796875,209.2323462207231,59.45818837483724,0.9835137878218406,92.23679606119792,0.1672119615180055,3440.6503092447915,4.805732064904124,37.33545430501302,0.0822214236081068,8296.872477213541,173.3289540608724
5000,1,100,0.01,0.1,3,8,20,3,0.6260991696031039,0.13355928772397596,1.0,0.0,0.7645466218296536,0.10084931803294037,250.0,161.66666666666666,4999588.333333333,0.0,122.62531026204428,3.152491412939535,7736.373860677083,287.4109266025378,62.712546030680336,0.8710100445762673,92.23679606119792,0.1672119615180055,3440.6503092447915,4.805732064904124,37.33545430501302,0.0822214236081068,11177.024169921875,214.8621063232422
5000,1,100,0.01,0.1,3,16,5,3,0.664480686251898,0.013237385487153712,1.0,0.0,0.7983733401669658,0.009560225514338742,250.0,126.33333333333333,4999623.666666667,0.0,56.26991526285807,2.689139952858604,3238.9649251302085,253.7893354415764,57.02826690673828,2.419216716651598,92.23679606119792,0.1672119615180055,3440.6503092447915,4.805732064904124,37.33545430501302,0.0822214236081068,6679.615234375,148.506711324056
5000,1,100,0.01,0.1,3,16,10,3,0.6828344671054287,0.03199564191848998,1.0,0.0,0.8112405900393408,0.022752795152588153,250.0,116.66666666666667,4999633.333333333,0.0,74.8705571492513,6.821621257521959,4698.850911458333,483.3227202583752,62.25026575724284,1.7986170277806113,92.23679606119792,0.1672119615180055,3440.6503092447915,4.805732064904124,37.33545430501302,0.0822214236081068,8139.501220703125,167.10735321044922
5000,1,100,0.01,0.1,3,16,20,3,0.5100050793397302,0.07218199792741938,1.0,0.0,0.6734657820181246,0.06389057956915141,250.0,247.0,4999503.0,0.0,120.65305836995442,12.703433374795638,7545.425130208333,863.2944518816317,62.149635314941406,0.8299506945887452,92.23679606119792,0.1672119615180055,3440.6503092447915,4.805732064904124,37.33545430501302,0.0822214236081068,10986.075439453125,212.88985443115234
5000,1,100,0.1,0.0,1,4,5,3,0.7925410788124635,0.07680769813565529,1.0,0.0,0.8829279603421557,0.04682456315986882,250.0,67.33333333333333,4999682.666666667,0.0,55.35260772705078,2.0563901962227877,2919.144856770833,60.718470969971214,52.34127426147461,1.5138639063150914,69.39479319254558,0.1546824086577069,2553.84619140625,2.9007221755973,36.77242024739584,0.0746434765947907,5472.991048177083,124.74740091959636
5000,1,100,0.1,0.0,1,4,10,3,0.7766864450159567,0.1352952545472546,1.0,0.0,0.8698185158377251,0.08850568415201035,250.0,79.0,4999671.0,0.0,69.12828572591145,1.3003960750173884,4145.403238932292,72.88361714856534,59.4984245300293,0.6997349679743943,69.39479319254558,0.1546824086577069,2553.84619140625,2.9007221755973,36.77242024739584,0.0746434765947907,6699.249430338542,138.52307891845703
5000,1,100,0.1,0.0,1,4,20,3,0.9728510253189319,0.011357011396359334,1.0,0.0,0.9862163142706128,0.0058357016540981676,250.0,7.0,4999743.0,0.0,103.0732930501302,3.0289538018813684,6438.61279296875,217.44078532243665,62.096004486083984,1.0388496786432548,69.39479319254558,0.1546824086577069,2553.84619140625,2.9007221755973,36.77242024739584,0.0746434765947907,8992.458984375,172.46808624267578
5000,1,100,0.1,0.0,1,8,5,3,0.838568158962857,0.09696130577926246,1.0,0.0,0.9101133748026403,0.05926409424455064,250.0,51.0,4999699.0,0.0,51.464369455973305,3.138015373533332,2437.1324869791665,128.79395319943092,47.05972417195638,0.7552052051727585,69.39479319254558,0.1546824086577069,2553.84619140625,2.9007221755973,36.77242024739584,0.0746434765947907,4990.978678385416,120.85916264851889
5000,1,100,0.1,0.0,1,8,10,3,0.9572387853227747,0.029399782692611825,1.0,0.0,0.9779980368215662,0.015402702042732464,250.0,11.333333333333334,4999738.666666667,0.0,59.143140157063804,5.441188564091892,3159.3097330729165,301.6269563228863,52.961981455485024,0.2409563823704694,69.39479319254558,0.1546824086577069,2553.84619140625,2.9007221755973,36.77242024739584,0.0746434765947907,5713.155924479166,128.53793334960938
5000,1,100,0.1,0.0,1,8,20,3,0.9438414642452817,0.025283645385430167,1.0,0.0,0.9709942402250094,0.013293009256259807,250.0,15.0,4999735.0,0.0,83.56643676757812,6.228655465471536,5059.728841145833,465.90425990405566,60.08916091918945,1.2027130123565335,69.39479319254558,0.1546824086577069,2553.84619140625,2.9007221755973,36.77242024739584,0.0746434765947907,7613.575032552083,152.96122996012372
5000,1,100,0.1,0.0,1,16,5,3,0.9092815051677725,0.041475719012730665,1.0,0.0,0.9521522118421343,0.02301637000275482,250.0,25.333333333333332,4999724.666666667,0.0,49.99351119995117,3.533284821500398,2400.40283203125,197.40573598683963,47.63060633341471,1.388113031142081,69.39479319254558,0.1546824086577069,2553.84619140625,2.9007221755973,36.77242024739584,0.0746434765947907,4954.2490234375,119.38830439249675
5000,1,100,0.1,0.0,1,16,10,3,0.9436724612001365,0.01972242751751428,1.0,0.0,0.9709492336832316,0.010468102716634755,250.0,15.0,4999735.0,0.0,59.81311925252279,0.8846531523586036,3362.966552734375,216.911196437252,55.700602213541664,2.7979892176224856,69.39479319254558,0.1546824086577069,2553.84619140625,2.9007221755973,36.77242024739584,0.0746434765947907,5916.812744140625,129.20791244506836
5000,1,100,0.1,0.0,1,16,20,3,0.9386538547088393,0.07897824982241648,1.0,0.0,0.9671860589291782,0.043088978150529166,250.0,17.666666666666668,4999732.333333333,0.0,74.33094024658203,2.1253176881106643,4541.616536458333,126.01867574735738,60.57717514038086,0.4275902251254861,69.39479319254558,0.1546824086577069,2553.84619140625,2.9007221755973,36.77242024739584,0.0746434765947907,7095.462727864583,143.72573343912762
5000,1,100,0.1,0.0,2,4,5,3,0.8751704546179329,0.08348929605452227,1.0,0.0,0.9320458479969878,0.04664860888951976,250.0,37.333333333333336,4999712.666666667,0.0,60.32762654622396,1.6770223037729353,3448.1259765625,20.104006079459,56.63470204671224,1.2152450391381122,69.39479319254558,0.1546824086577069,2553.84619140625,2.9007221755973,36.77242024739584,0.0746434765947907,6001.97216796875,129.72241973876953
5000,1,100,0.1,0.0,2,4,10,3,0.9076749993804428,0.09671939314333547,1.0,0.0,0.9497501241374265,0.054830889987132626,250.0,27.666666666666668,4999722.333333333,0.0,87.0642827351888,0.9284562895199208,5297.337239583333,191.4824527217369,60.49356969197592,1.4812699259230202,69.39479319254558,0.1546824086577069,2553.84619140625,2.9007221755973,36.77242024739584,0.0746434765947907,7851.183430989583,156.45907592773438
5000,1,100,0.1,0.0,2,4,20,3,0.8629873929268655,0.10183234804763379,1.0,0.0,0.9243414496697798,0.05803539902705171,250.0,42.333333333333336,4999707.666666667,0.0,125.30492146809895,1.5626185653118827,7865.44775390625,167.42100642778976,62.43177159627279,0.532405978169784,69.39479319254558,0.1546824086577069,2553.84619140625,2.9007221755973,36.77242024739584,0.0746434765947907,10419.2939453125,194.69971466064453
5000,1,100,0.1,0.0,2,8,5,3,0.822200800733205,0.10073733031305566,1.0,0.0,0.900123837022063,0.06247747309548965,250.0,57.333333333333336,4999692.666666667,0.0,53.38672510782877,1.8209718991629047,2690.1534016927085,93.78813394933069,50.093133290608726,1.668589291035555,69.39479319254558,0.1546824086577069,2553.84619140625,2.9007221755973,36.77242024739584,0.0746434765947907,5243.999593098959,122.78151830037434
5000,1,100,0.1,0.0,2,8,10,3,0.8179422806262929,0.1534946772871745,1.0,0.0,0.894510665396755,0.09504539738774981,250.0,63.333333333333336,4999686.666666667,0.0,73.56283315022786,2.305821844711054,4390.251790364583,166.8106025131153,59.24775187174479,0.5224670532102338,69.39479319254558,0.1546824086577069,2553.84619140625,2.9007221755973,36.77242024739584,0.0746434765947907,6944.097981770833,142.95762634277344
5000,1,100,0.1,0.0,2,8,20,3,0.8290333677330581,0.26216111294472166,1.0,0.0,0.8899510640719243,0.17346133044959727,250.0,78.33333333333333,4999671.666666667,0.0,106.48192342122395,7.096633477652779,6581.28076171875,524.3165676715365,61.42672729492188,0.9287508790600544,69.39479319254558,0.1546824086577069,2553.84619140625,2.9007221755973,36.77242024739584,0.0746434765947907,9135.126953125,175.87671661376953
5000,1,100,0.1,0.0,2,16,5,3,0.7866810192391588,0.22355561848602,1.0,0.0,0.8678696071093904,0.1526860593050588,250.0,89.66666666666667,4999660.333333333,0.0,52.97862243652344,4.304939277396437,2797.528727213541,265.27634653382444,52.36515808105469,1.4092081583127456,69.39479319254558,0.1546824086577069,2553.84619140625,2.9007221755973,36.77242024739584,0.0746434765947907,5351.374918619791,122.37341562906902
5000,1,100,0.1,0.0,2,16,10,3,0.938879634729723,0.044152574553302605,1.0,0.0,0.9681203548596864,0.023458021227038446,250.0,16.666666666666668,4999733.333333333,0.0,68.26725514729817,5.046044915768108,4066.976643880209,401.4590049261445,58.90519332885742,1.852153053729211,69.39479319254558,0.1546824086577069,2553.84619140625,2.9007221755973,36.77242024739584,0.0746434765947907,6620.822835286459,137.66204833984375
5000,1,100,0.1,0.0,2,16,20,3,0.9397493563382363,0.038554606198736754,1.0,0.0,0.9686646842083068,0.020698899150726993,250.0,16.333333333333332,4999733.666666667,0.0,109.11830139160156,3.178700359870619,6760.16943359375,303.640447915654,61.57937749226888,1.1001675653753755,69.39479319254558,0.1546824086577069,2553.84619140625,2.9007221755973,36.77242024739584,0.0746434765947907,9314.015625,178.51309458414715
5000,1,100,0.1,0.0,3,4,5,3,0.9348273653352809,0.03377277156417156,1.0,0.0,0.9661040115766673,0.018221189720322037,250.0,17.666666666666668,4999732.333333333,0.0,67.92849731445312,1.888084974090074,4201.530110677083,84.19991563177123,61.39735921223959,1.17799156811477,69.39479319254558,0.1546824086577069,2553.84619140625,2.9007221755973,36.77242024739584,0.0746434765947907,6755.376302083333,137.32329050699872
5000,1,100,0.1,0.0,3,4,10,3,0.9447307109465807,0.014374567950862624,1.0,0.0,0.9715424546430818,0.00761489871320996,250.0,14.666666666666666,4999735.333333333,0.0,97.70981089274088,1.4005948962283483,6306.301106770833,169.73003593719488,64.17258199055989,1.1545141462650277,69.39479319254558,0.1546824086577069,2553.84619140625,2.9007221755973,36.77242024739584,0.0746434765947907,8860.147298177082,167.10460408528644
5000,1,100,0.1,0.0,3,4,20,3,0.9779183007529464,0.010970234342976231,1.0,0.0,0.9888150850822757,0.005626405935128284,250.0,5.666666666666667,4999744.333333333,0.0,158.13765462239584,1.0560432075332904,10102.503580729166,130.88801834064853,63.62677256266276,0.3795380165593165,69.39479319254558,0.1546824086577069,2553.84619140625,2.9007221755973,36.77242024739584,0.0746434765947907,12656.349772135416,227.5324478149414
5000,1,100,0.1,0.0,3,8,5,3,0.7772949194096282,0.04379716921885644,1.0,0.0,0.8742320514004276,0.028140726545919224,250.0,72.33333333333333,4999677.666666667,0.0,59.84644826253256,2.928585656036882,3320.508056640625,93.29768438504036,55.065802256266274,1.1425176235813528,69.39479319254558,0.1546824086577069,2553.84619140625,2.9007221755973,36.77242024739584,0.0746434765947907,5874.354248046875,129.24124145507812
5000,1,100,0.1,0.0,3,8,10,3,0.5692202025428071,0.40019278237754446,1.0,0.0,0.6646757671451072,0.36117161849580903,250.0,513.0,4999237.0,0.0,81.64036305745442,4.066406277838086,4963.29736328125,361.4501661886633,60.34473037719727,1.4464327203581309,69.39479319254558,0.1546824086577069,2553.84619140625,2.9007221755973,36.77242024739584,0.0746434765947907,7517.1435546875,151.03515625
5000,1,100,0.1,0.0,3,8,20,3,0.9314499695189632,0.05414206939155866,1.0,0.0,0.9639679449472377,0.02892970952431208,250.0,19.0,4999731.0,0.0,117.62777709960938,12.718746706148844,7319.075358072917,926.930693795146,61.828216552734375,1.06567649481845,69.39479319254558,0.1546824086577069,2553.84619140625,2.9007221755973,36.77242024739584,0.0746434765947907,9872.921549479168,187.02257029215497
5000,1,100,0.1,0.0,3,16,5,3,0.8528131901773414,0.08048387234225934,1.0,0.0,0.9191657507719683,0.04815784746537736,250.0,45.0,4999705.0,0.0,61.98833211263021,2.63061413997326,3709.305908203125,186.13904776772603,59.26717885335287,0.8134204145392215,69.39479319254558,0.1546824086577069,2553.84619140625,2.9007221755973,36.77242024739584,0.0746434765947907,6263.152099609375,131.38312530517578
5000,1,100,0.1,0.0,3,16,10,3,0.6266888198842636,0.29365035871303014,1.0,0.0,0.7408564658978521,0.24699316482731665,250.0,241.0,4999509.0,0.0,81.18213144938152,6.361772715443467,4974.937662760417,511.3847564467042,60.75131098429362,1.708321484318366,69.39479319254558,0.1546824086577069,2553.84619140625,2.9007221755973,36.77242024739584,0.0746434765947907,7528.783854166667,150.5769246419271
5000,1,100,0.1,0.0,3,16,20,3,0.6623323190388263,0.23058454748330856,1.0,0.0,0.7822977245535342,0.15769390445165046,250.0,155.33333333333334,4999594.666666667,0.0,133.08599344889322,6.425644375616495,8190.018391927083,438.1063095188029,61.2245610555013,0.3586429364334476,69.39479319254558,0.1546824086577069,2553.84619140625,2.9007221755973,36.77242024739584,0.0746434765947907,10743.864583333332,202.48078664143878
5000,1,100,0.1,0.01,1,4,5,3,0.8294430509104421,0.0668788198528256,1.0,0.0,0.9058143466546515,0.03925944443815829,250.0,52.666666666666664,4999697.333333333,0.0,54.8210080464681,1.4090782083989966,2838.6294759114585,46.46808598068243,51.42776997884115,1.5102014909767283,69.53846995035808,0.1261687392113154,2542.56298828125,1.0672426029871456,36.54319636027018,0.0566604337718246,5381.192464192709,124.35947799682617
5000,1,100,0.1,0.01,1,4,10,3,0.88664033208552,0.10244626146958608,1.0,0.0,0.9377632546185256,0.05943011529902984,250.0,34.666666666666664,4999715.333333333,0.0,74.02472686767578,0.6055988956687838,4311.69287109375,70.96634995884222,57.81075032552084,1.295029746119932,69.53846995035808,0.1261687392113154,2542.56298828125,1.0672426029871456,36.54319636027018,0.0566604337718246,6854.255859375,143.56319681803387
5000,1,100,0.1,0.01,1,4,20,3,0.8922954840137503,0.08056349242960079,1.0,0.0,0.9418206355362623,0.044471969605650766,250.0,31.666666666666668,4999718.333333333,0.0,107.9163309733073,0.8509967280973229,6527.310709635417,80.98084282912994,60.239819844563804,0.2475704128481636,69.53846995035808,0.1261687392113154,2542.56298828125,1.0672426029871456,36.54319636027018,0.0566604337718246,9069.873697916668,177.45480092366537
5000,1,100,0.1,0.01,1,8,5,3,0.8678296042538268,0.07117535787187163,1.0,0.0,0.9282160738004744,0.040252717459365116,250.0,39.333333333333336,4999710.666666667,0.0,49.84719467163086,1.95571496634753,2345.9228515625,139.19028378703152,46.66704559326172,1.9833201316532132,69.53846995035808,0.1261687392113154,2542.56298828125,1.0672426029871456,36.54319636027018,0.0566604337718246,4888.48583984375,119.38566462198894
5000,1,100,0.1,0.01,1,8,10,3,0.8638330335715798,0.10174424967298917,1.0,0.0,0.9248486158110643,0.057553413285570704,250.0,42.0,4999708.0,0.0,63.34930292765299,3.0083191871943176,3551.3689778645835,99.80031121646232,55.73369216918945,1.0994608206799432,69.53846995035808,0.1261687392113154,2542.56298828125,1.0672426029871456,36.54319636027018,0.0566604337718246,6093.931966145834,132.88777287801108
5000,1,100,0.1,0.01,1,8,20,3,0.939911917038609,0.009394313303647534,1.0,0.0,0.969009274347087,0.004980952420449819,250.0,16.0,4999734.0,0.0,84.72678120930989,2.9655217217058505,5229.8349609375,200.1838303792477,61.36911265055338,0.8370797662525158,69.53846995035808,0.1261687392113154,2542.56298828125,1.0672426029871456,36.54319636027018,0.0566604337718246,7772.39794921875,154.26525115966797
5000,1,100,0.1,0.01,1,16,5,3,0.9068734891728688,0.03864456888065934,1.0,0.0,0.9508781783543808,0.021061217528214434,250.0,26.0,4999724.0,0.0,51.11447270711263,2.28397663114999,2530.306396484375,66.27441080711172,49.17802302042643,0.911119234232533,69.53846995035808,0.1261687392113154,2542.56298828125,1.0672426029871456,36.54319636027018,0.0566604337718246,5072.869384765625,120.6529426574707
5000,1,100,0.1,0.01,1,16,10,3,0.9532208587115671,0.01836057883858641,1.0,0.0,0.9759900505586323,0.009607073038147259,250.0,12.333333333333334,4999737.666666667,0.0,60.072041829427086,1.0366563253095793,3403.9246419270835,142.18521936653315,56.1741943359375,2.319223676388595,69.53846995035808,0.1261687392113154,2542.56298828125,1.0672426029871456,36.54319636027018,0.0566604337718246,5946.487630208334,129.61051177978516
5000,1,100,0.1,0.01,1,16,20,3,0.8570288728036949,0.0952088372567854,1.0,0.0,0.921166954053863,0.0539527631106128,250.0,44.0,4999706.0,0.0,80.88172149658203,5.7220242953388585,4919.638509114583,286.9215349933317,60.4657834370931,0.781373769114937,69.53846995035808,0.1261687392113154,2542.56298828125,1.0672426029871456,36.54319636027018,0.0566604337718246,7462.201497395833,150.42019144694012
5000,1,100,0.1,0.01,2,4,5,3,0.7006187682729088,0.2024635784694706,1.0,0.0,0.8120450717193438,0.15019473437272998,250.0,131.66666666666666,4999618.333333333,0.0,60.220550537109375,1.8124185645771016,3469.186930338541,13.961608572207542,57.29145812988281,1.575242603496686,69.53846995035808,0.1261687392113154,2542.56298828125,1.0672426029871456,36.54319636027018,0.0566604337718246,6011.749918619791,129.75902048746747
5000,1,100,0.1,0.01,2,4,10,3,0.9179910795334664,0.08533145544001901,1.0,0.0,0.9558287838830825,0.04765729266720534,250.0,24.0,4999726.0,0.0,81.55081431070964,0.9553068904038602,5085.513020833333,183.40206719918496,62.013020833333336,1.4747333186247364,69.53846995035808,0.1261687392113154,2542.56298828125,1.0672426029871456,36.54319636027018,0.0566604337718246,7628.076009114583,151.08928426106772
5000,1,100,0.1,0.01,2,4,20,3,0.866758780893495,0.1411218492216399,1.0,0.0,0.9243995394406571,0.08386978812577404,250.0,44.0,4999706.0,0.0,129.04061889648438,2.6655949896831923,8078.193033854167,170.31489510223776,62.28168487548828,1.0074638992728937,69.53846995035808,0.1261687392113154,2542.56298828125,1.0672426029871456,36.54319636027018,0.0566604337718246,10620.756022135418,198.57908884684247
5000,1,100,0.1,0.01,2,8,5,3,0.9092801483566131,0.05604739285810054,1.0,0.0,0.9518723167402326,0.03129619391731058,250.0,25.666666666666668,4999724.333333333,0.0,54.52751795450846,0.206656369634068,2827.8387858072915,156.2504276511804,51.47818756103516,2.7063395078575825,69.53846995035808,0.1261687392113154,2542.56298828125,1.0672426029871456,36.54319636027018,0.0566604337718246,5370.401774088541,124.06598790486655
5000,1,100,0.1,0.01,2,8,10,3,0.8617861055081114,0.1419647146404114,1.0,0.0,0.9213939621011988,0.08594493027262157,250.0,46.0,4999704.0,0.0,70.55593872070312,1.8456959203296903,4175.268636067708,219.8916333989667,58.695054372151695,1.6681924439005738,69.53846995035808,0.1261687392113154,2542.56298828125,1.0672426029871456,36.54319636027018,0.0566604337718246,6717.831624348958,140.09440867106122
5000,1,100,0.1,0.01,2,8,20,3,0.7251452821538796,0.25851816841143893,1.0,0.0,0.8221506403079678,0.1859302015696453,250.0,132.0,4999618.0,0.0,108.65672810872395,3.371555363950696,6704.546875,271.2727690640518,61.3817876180013,0.6093003612464185,69.53846995035808,0.1261687392113154,2542.56298828125,1.0672426029871456,36.54319636027018,0.0566604337718246,9247.10986328125,178.19519805908203
5000,1,100,0.1,0.01,2,16,5,3,0.8707885183196303,0.09757049360411807,1.0,0.0,0.9289375323884101,0.057370485077367604,250.0,39.666666666666664,4999710.333333333,0.0,52.317770640055336,4.242118698748212,2764.57861328125,241.17118599005155,52.42975743611654,0.8704360721069193,69.53846995035808,0.1261687392113154,2542.56298828125,1.0672426029871456,36.54319636027018,0.0566604337718246,5307.1416015625,121.85624059041342
5000,1,100,0.1,0.01,2,16,10,3,0.6686178896567231,0.02767698009920973,1.0,0.0,0.8011833712264748,0.01988421484558431,250.0,124.33333333333333,4999625.666666667,0.0,69.1810073852539,5.341339233686132,4211.940022786458,468.7863245478615,60.1156972249349,2.046056240975955,69.53846995035808,0.1261687392113154,2542.56298828125,1.0672426029871456,36.54319636027018,0.0566604337718246,6754.503011067708,138.719477335612
5000,1,100,0.1,0.01,2,16,20,3,0.9161501260132144,0.023595815102089503,1.0,0.0,0.9561356644129622,0.012763588051575181,250.0,23.0,4999727.0,0.0,108.31162770589192,9.175985863998577,6629.260904947917,646.2308688964531,60.85639317830404,1.029094613534306,69.53846995035808,0.1261687392113154,2542.56298828125,1.0672426029871456,36.54319636027018,0.0566604337718246,9171.823893229168,177.85009765625
5000,1,100,0.1,0.01,3,4,5,3,0.7968832703684677,0.0424373845416641,1.0,0.0,0.8865425177445134,0.026620512817328787,250.0,64.33333333333333,4999685.666666667,0.0,67.92156982421875,1.80572955480355,4181.402018229167,43.73272106887643,61.115509033203125,1.2610889247248571,69.53846995035808,0.1261687392113154,2542.56298828125,1.0672426029871456,36.54319636027018,0.0566604337718246,6723.965006510417,137.46003977457684
5000,1,100,0.1,0.01,3,4,10,3,0.5902426844944406,0.5058085230523426,1.0,0.0,0.6309510407243251,0.5264775805150294,250.0,6517.666666666667,4993232.333333333,0.0,97.37097422281902,1.6508529918337842,6182.767252604167,241.66014503755704,63.11949793497721,1.341301936392749,69.53846995035808,0.1261687392113154,2542.56298828125,1.0672426029871456,36.54319636027018,0.0566604337718246,8725.330240885418,166.9094441731771
5000,1,100,0.1,0.01,3,4,20,3,0.8251254917921584,0.241597283694933,1.0,0.0,0.8902527732314965,0.15795413809314518,250.0,75.0,4999675.0,0.0,156.41024271647134,1.975295308990881,9978.621744791666,183.4235443739157,63.52002080281576,0.3028912745621829,69.53846995035808,0.1261687392113154,2542.56298828125,1.0672426029871456,36.54319636027018,0.0566604337718246,12521.184733072916,225.9487126668294
5000,1,100,0.1,0.01,3,8,5,3,0.9093335858984801,0.05676249693067917,1.0,0.0,0.9518869167991975,0.031646249286767784,250.0,25.666666666666668,4999724.333333333,0.0,59.470995585123696,1.0651072236758783,3312.486572265625,62.59956240349969,55.36431884765625,1.989390601900751,69.53846995035808,0.1261687392113154,2542.56298828125,1.0672426029871456,36.54319636027018,0.0566604337718246,5855.049560546875,129.00946553548178
5000,1,100,0.1,0.01,3,8,10,3,0.8260209141465497,0.10337940699155136,1.0,0.0,0.9024399533700853,0.06047977552315128,250.0,55.666666666666664,4999694.333333333,0.0,77.15579732259114,0.7931336263277687,4664.529134114583,90.87199915875736,59.897911071777344,0.8120320712470015,69.53846995035808,0.1261687392113154,2542.56298828125,1.0672426029871456,36.54319636027018,0.0566604337718246,7207.092122395833,146.69426727294922
5000,1,100,0.1,0.01,3,8,20,3,0.7423211724343126,0.1867197788251602,1.0,0.0,0.8437674365030902,0.11671499722668838,250.0,99.66666666666667,4999650.333333333,0.0,119.09425608317058,2.2455257284100862,7389.049641927083,92.83967159402212,61.728468577067055,0.3570355584433277,69.53846995035808,0.1261687392113154,2542.56298828125,1.0672426029871456,36.54319636027018,0.0566604337718246,9931.612630208332,188.63272603352866
5000,1,100,0.1,0.01,3,16,5,3,0.7366718851737927,0.03905497749214444,1.0,0.0,0.8479839740990499,0.025882740736155936,250.0,90.0,4999660.0,0.0,55.498460133870445,2.706023414215427,3139.402587890625,309.21081685270985,55.95081202189128,3.2195906205584066,69.53846995035808,0.1261687392113154,2542.56298828125,1.0672426029871456,36.54319636027018,0.0566604337718246,5681.965576171875,125.03693008422852
5000,1,100,0.1,0.01,3,16,10,3,0.8117754898168537,0.17243290615103782,1.0,0.0,0.8893840136605976,0.10617355191955459,250.0,67.66666666666667,4999682.333333333,0.0,78.43195088704427,7.361507253553379,4818.055989583333,336.6647669287705,61.0997314453125,1.393291149489128,69.53846995035808,0.1261687392113154,2542.56298828125,1.0672426029871456,36.54319636027018,0.0566604337718246,7360.618977864583,147.97042083740234
5000,1,100,0.1,0.01,3,16,20,3,0.9457550238878664,0.04024805289649388,1.0,0.0,0.9718245446591903,0.021524929506294182,250.0,14.666666666666666,4999735.333333333,0.0,133.6822764078776,0.5804163255606233,8358.764973958334,146.83656968870352,62.28471374511719,0.8559045939451281,69.53846995035808,0.1261687392113154,2542.56298828125,1.0672426029871456,36.54319636027018,0.0566604337718246,10901.327962239584,203.22074635823566
5000,1,100,0.1,0.1,1,4,5,3,0.1608109236262468,0.18792082773522217,1.0,0.0,0.24860255615900448,0.26415104494345404,250.0,5530.0,4994220.0,0.0,55.78384780883789,1.346339176996223,2891.763020833333,51.03498228718022,51.46349334716797,1.5565016940123402,76.16433715820312,0.0382085826533973,3255.6903483072915,15.850086292365546,42.757031758626304,0.2159789075958249,6147.453369140625,131.94818496704102
5000,1,100,0.1,0.1,1,4,10,3,0.3166464652937849,0.014849835320383059,1.0,0.0,0.4808609869152118,0.01707234614709462,250.0,540.6666666666666,4999209.333333333,0.0,69.73968760172527,1.448418917421399,4154.014322916667,23.557297815612625,59.19766108194987,1.176984271296086,76.16433715820312,0.0382085826533973,3255.6903483072915,15.850086292365546,42.757031758626304,0.2159789075958249,7409.704671223959,145.9040247599284
5000,1,100,0.1,0.1,1,4,20,3,0.40862474850649516,0.04965875314998637,1.0,0.0,0.5789748681614997,0.05108474283053315,250.0,368.3333333333333,4999381.666666667,0.0,102.62069702148438,1.85928471268444,6455.214192708333,59.81015776633623,62.5835812886556,1.5495653203677562,76.16433715820312,0.0382085826533973,3255.6903483072915,15.850086292365546,42.757031758626304,0.2159789075958249,9710.904541015625,178.7850341796875
5000,1,100,0.1,0.1,1,8,5,3,0.3607698012945478,0.06471095740809553,1.0,0.0,0.5279972985623124,0.07087871220536557,250.0,459.0,4999291.0,0.0,49.21958033243815,1.2062220022573416,2297.0074869791665,60.6859458587275,46.40314102172852,1.6283939180207785,76.16433715820312,0.0382085826533973,3255.6903483072915,15.850086292365546,42.757031758626304,0.2159789075958249,5552.697835286458,125.38391749064127
5000,1,100,0.1,0.1,1,8,10,3,0.24289248843481856,0.07441600184011649,1.0,0.0,0.3870142153461038,0.09616299397979387,250.0,848.0,4998902.0,0.0,61.15982564290365,1.4195779819809675,3359.692789713541,243.1892309148757,54.3146718343099,2.737871367653786,76.16433715820312,0.0382085826533973,3255.6903483072915,15.850086292365546,42.757031758626304,0.2159789075958249,6615.383138020832,137.32416280110678
5000,1,100,0.1,0.1,1,8,20,3,0.3331502113299032,0.05155961825458674,1.0,0.0,0.49828641228643367,0.05848306736470321,250.0,513.0,4999237.0,0.0,81.94901529947917,4.049198142603672,4944.198893229167,215.86565110046945,59.97739919026693,0.3159546733342004,76.16433715820312,0.0382085826533973,3255.6903483072915,15.850086292365546,42.757031758626304,0.2159789075958249,8199.889241536459,158.1133524576823
5000,1,100,0.1,0.1,1,16,5,3,0.24173704294430629,0.08825681807727208,1.0,0.0,0.3839611568346773,0.11388315703045587,250.0,883.6666666666666,4998866.333333333,0.0,47.61212412516276,2.063527802855936,2231.9452311197915,177.95240634208864,46.562408447265625,2.4476948899033117,76.16433715820312,0.0382085826533973,3255.6903483072915,15.850086292365546,42.757031758626304,0.2159789075958249,5487.635579427083,123.77646128336588
5000,1,100,0.1,0.1,1,16,10,3,0.30156200200851385,0.11973228579173913,1.0,0.0,0.4548089230867102,0.14001544648259587,250.0,673.0,4999077.0,0.0,57.95266469319662,2.0679114941256023,3228.092122395833,45.76502848387976,55.3042106628418,1.313393889168034,76.16433715820312,0.0382085826533973,3255.6903483072915,15.850086292365546,42.757031758626304,0.2159789075958249,6483.782470703125,134.11700185139975
5000,1,100,0.1,0.1,1,16,20,3,0.4154180570385044,0.09777274282627038,1.0,0.0,0.5825824565471766,0.09575824747329875,250.0,373.3333333333333,4999376.666666667,0.0,83.98056284586589,1.8427096380237369,5155.07958984375,252.63140791961547,60.9780642191569,1.5760182399574454,76.16433715820312,0.0382085826533973,3255.6903483072915,15.850086292365546,42.757031758626304,0.2159789075958249,8410.769938151041,160.14490000406903
5000,1,100,0.1,0.1,2,4,5,3,0.2846345069129026,0.23078813038730234,1.0,0.0,0.4119779453043379,0.26034770291397646,250.0,1029.0,4998721.0,0.0,64.28736623128255,1.7775519338141774,3563.74560546875,11.66335019020926,55.015638987223305,1.3525883658940965,76.16433715820312,0.0382085826533973,3255.6903483072915,15.850086292365546,42.757031758626304,0.2159789075958249,6819.435953776041,140.45170338948566
5000,1,100,0.1,0.1,2,4,10,3,0.29092581324859995,0.16570597469170173,1.0,0.0,0.43468204350312384,0.18749634165021642,250.0,779.0,4998971.0,0.0,84.78974151611328,1.0435394392873931,5182.33642578125,157.4426987428105,60.69646835327149,1.0241618198359237,76.16433715820312,0.0382085826533973,3255.6903483072915,15.850086292365546,42.757031758626304,0.2159789075958249,8438.026774088541,160.9540786743164
5000,1,100,0.1,0.1,2,4,20,3,0.2658101561393569,0.025443926974621552,1.0,0.0,0.4195582478116155,0.0317909246497529,250.0,696.3333333333334,4999053.666666667,0.0,124.31658426920572,1.6051716528321354,7891.738606770833,127.83568409694244,63.13085047403971,0.8343156937757443,76.16433715820312,0.0382085826533973,3255.6903483072915,15.850086292365546,42.757031758626304,0.2159789075958249,11147.428955078125,200.48092142740884
5000,1,100,0.1,0.1,2,8,5,3,0.17904776376603745,0.08315326125351402,1.0,0.0,0.2980609045251518,0.12037420147938784,250.0,1403.0,4998347.0,0.0,54.99041239420573,0.5515518975616158,2919.07470703125,105.20629936342048,52.62824249267578,2.261885270409238,76.16433715820312,0.0382085826533973,3255.6903483072915,15.850086292365546,42.757031758626304,0.2159789075958249,6174.765055338541,131.15474955240884
5000,1,100,0.1,0.1,2,8,10,3,0.2938148389722635,0.05134296872858148,1.0,0.0,0.45253963601057917,0.0621581774760866,250.0,619.6666666666666,4999130.333333333,0.0,68.42835489908855,2.315521892158574,4173.4912109375,126.8504863045793,60.61519495646159,1.5169627390736422,76.16433715820312,0.0382085826533973,3255.6903483072915,15.850086292365546,42.757031758626304,0.2159789075958249,7429.181559244791,144.59269205729169
5000,1,100,0.1,0.1,2,8,20,3,0.2539853354139681,0.042138374994241584,1.0,0.0,0.4038600793162112,0.05467926145647168,250.0,754.6666666666666,4998995.333333333,0.0,96.40050252278644,4.077477227754172,6006.621256510417,164.11118999327715,62.01723988850912,1.0330765019208974,76.16433715820312,0.0382085826533973,3255.6903483072915,15.850086292365546,42.757031758626304,0.2159789075958249,9262.311604817709,172.56483968098956
5000,1,100,0.1,0.1,2,16,5,3,0.28909939832288173,0.08300768170181166,1.0,0.0,0.44414470809819995,0.10218928144153586,250.0,671.0,4999079.0,0.0,54.431593577067055,2.3309343643189697,2930.4498697916665,123.21730126068256,53.404196421305336,1.7134228055824003,76.16433715820312,0.0382085826533973,3255.6903483072915,15.850086292365546,42.757031758626304,0.2159789075958249,6186.140218098958,130.59593073527017
5000,1,100,0.1,0.1,2,16,10,3,0.23196337559539063,0.05392752397313674,1.0,0.0,0.3744650448424418,0.07232016998611372,250.0,872.3333333333334,4998877.666666667,0.0,73.45899454752605,1.2786319595132205,4472.438802083333,219.4225691973213,60.38502502441406,1.7923342700594156,76.16433715820312,0.0382085826533973,3255.6903483072915,15.850086292365546,42.757031758626304,0.2159789075958249,7728.129150390625,149.62333170572919
5000,1,100,0.1,0.1,2,16,20,3,0.4332983627032283,0.07966116006769801,1.0,0.0,0.6016982492388475,0.0788097925380132,250.0,341.0,4999409.0,0.0,107.96087137858072,2.3694201590866366,6693.2041015625,191.2483097641664,61.67827860514323,0.5543480070359417,76.16433715820312,0.0382085826533973,3255.6903483072915,15.850086292365546,42.757031758626304,0.2159789075958249,9948.894449869791,184.12520853678384
5000,1,100,0.1,0.1,3,4,5,3,0.11709554594474696,0.05365331760477651,1.0,0.0,0.20684494870506154,0.08740558658807705,250.0,2323.3333333333335,4997426.666666667,0.0,67.7661641438802,2.01702297686253,4113.90673828125,17.911893517821287,60.32220458984375,1.5859923071662831,76.16433715820312,0.0382085826533973,3255.6903483072915,15.850086292365546,42.757031758626304,0.2159789075958249,7369.597086588541,143.93050130208331
5000,1,100,0.1,0.1,3,4,10,3,0.32739688018728497,0.09873598195176479,1.0,0.0,0.4877592133837343,0.11166497407133111,250.0,562.3333333333334,4999187.666666667,0.0,97.63385264078777,1.2249155877625688,6168.288899739583,187.3702761849401,62.786980946858726,1.0150134249290692,76.16433715820312,0.0382085826533973,3255.6903483072915,15.850086292365546,42.757031758626304,0.2159789075958249,9423.979248046875,173.7981897989909
5000,1,100,0.1,0.1,3,4,20,3,0.4235760026963262,0.079733344279741,1.0,0.0,0.5920609702896805,0.0810619572582433,250.0,356.0,4999394.0,0.0,158.38189697265625,1.494810118465121,10229.133463541666,59.28273450169885,64.32832463582356,0.7562427603619823,76.16433715820312,0.0382085826533973,3255.6903483072915,15.850086292365546,42.757031758626304,0.2159789075958249,13484.823811848957,234.54623413085938
5000,1,100,0.1,0.1,3,8,5,3,0.19286840062551447,0.10158749290372097,1.0,0.0,0.3147999646493208,0.15093225958570314,250.0,1515.3333333333333,4998234.666666667,0.0,58.67058817545573,1.1483929086610536,3257.7879231770835,217.4447262675436,54.998391469319664,2.689152802649336,76.16433715820312,0.0382085826533973,3255.6903483072915,15.850086292365546,42.757031758626304,0.2159789075958249,6513.478271484375,134.83492533365884
5000,1,100,0.1,0.1,3,8,10,3,0.1900488302560576,0.1761610986478195,1.0,0.0,0.2958225394622408,0.23938181386071822,250.0,2387.3333333333335,4997362.666666667,0.0,82.25439961751302,4.237612897483108,5051.978190104167,374.5548357289145,60.94806289672852,1.2685091238978523,76.16433715820312,0.0382085826533973,3255.6903483072915,15.850086292365546,42.757031758626304,0.2159789075958249,8307.668538411459,158.41873677571613
5000,1,100,0.1,0.1,3,8,20,3,0.2850237632067979,0.1902449612361545,1.0,0.0,0.4222341175037478,0.21668578129092933,250.0,879.6666666666666,4998870.333333333,0.0,127.38212076822916,5.61870093783817,7794.384114583333,370.8244659450186,60.92781321207682,0.2331841851248562,76.16433715820312,0.0382085826533973,3255.6903483072915,15.850086292365546,42.757031758626304,0.2159789075958249,11050.074462890625,203.54645792643228
5000,1,100,0.1,0.1,3,16,5,3,0.2307911505895174,0.03372598699944519,1.0,0.0,0.3742020752654127,0.04526328859509168,250.0,850.3333333333334,4998899.666666667,0.0,59.53553899129232,3.836551115011133,3512.6080729166665,197.58221867905368,58.63193639119466,0.5083591205080772,76.16433715820312,0.0382085826533973,3255.6903483072915,15.850086292365546,42.757031758626304,0.2159789075958249,6768.298421223958,135.69987614949545
5000,1,100,0.1,0.1,3,16,10,3,0.2294544800509295,0.032395346060255216,1.0,0.0,0.37249921655411494,0.04343964746888875,250.0,855.3333333333334,4998894.666666667,0.0,81.66123708089192,1.677770391203814,5037.39013671875,89.04708759018979,61.33960851033529,1.770797216313013,76.16433715820312,0.0382085826533973,3255.6903483072915,15.850086292365546,42.757031758626304,0.2159789075958249,8293.080485026041,157.82557423909503
5000,1,100,0.1,0.1,3,16,20,3,0.3491475410403164,0.18995683028053575,1.0,0.0,0.499132841752234,0.19664993438546677,250.0,597.0,4999153.0,0.0,126.99876149495442,6.872378347997373,8044.381510416667,532.580835135099,63.04273986816406,0.9539234855209422,76.16433715820312,0.0382085826533973,3255.6903483072915,15.850086292365546,42.757031758626304,0.2159789075958249,11300.071858723959,203.16309865315753
5000,1,200,0.01,0.0,1,4,5,3,0.8179978747916153,0.20753098288313485,1.0,0.0,0.8896016735824146,0.1352051517098731,250.0,71.66666666666667,4999678.333333333,0.0,54.57870101928711,2.472334425068472,2814.226806640625,72.41187067432807,51.22911580403646,1.1805825212299652,149.94825236002603,0.8650896988285618,6241.560872395833,35.90372319668659,41.62901178995768,0.0957919864216396,9055.787679036457,204.52695337931314
5000,1,200,0.01,0.0,1,4,10,3,0.9396945266451917,0.06747071171044151,1.0,0.0,0.9680609039583398,0.03660781456200211,250.0,17.0,4999733.0,0.0,69.68105570475261,1.243685113631093,4125.054117838542,39.86794739337743,58.68032201131185,1.5892873050961385,149.94825236002603,0.8650896988285618,6241.560872395833,35.90372319668659,41.62901178995768,0.0957919864216396,10366.614990234375,219.62930806477863
5000,1,200,0.01,0.0,1,4,20,3,0.9832059632856446,0.018868384343786297,1.0,0.0,0.9914706950445643,0.009645651746342581,250.0,4.333333333333333,4999745.666666667,0.0,100.32472229003906,3.0443067335137526,6150.18505859375,249.75087646079837,60.87550735473633,0.7129178398796849,149.94825236002603,0.8650896988285618,6241.560872395833,35.90372319668659,41.62901178995768,0.0957919864216396,12391.745930989582,250.2729746500651
5000,1,200,0.01,0.0,1,8,5,3,0.9555673466179303,0.014891566016416736,1.0,0.0,0.9772395285714651,0.007754188221566081,250.0,11.666666666666666,4999738.333333333,0.0,48.94467798868815,1.7897989096533733,2287.992594401041,17.965008724139278,46.53712844848633,1.5798899554916364,149.94825236002603,0.8650896988285618,6241.560872395833,35.90372319668659,41.62901178995768,0.0957919864216396,8529.553466796875,198.89293034871417
5000,1,200,0.01,0.0,1,8,10,3,0.9908080097909018,0.00902039323786618,1.0,0.0,0.995368997977642,0.0045639435520217755,250.0,2.3333333333333335,4999747.666666667,0.0,63.98691050211588,2.676597049431999,3614.7984212239594,69.31705915809314,56.15463638305664,1.3614628368718429,149.94825236002603,0.8650896988285618,6241.560872395833,35.90372319668659,41.62901178995768,0.0957919864216396,9856.359293619793,213.9351628621419
5000,1,200,0.01,0.0,1,8,20,3,0.9807593005336384,0.023087087559339216,1.0,0.0,0.9901941427569826,0.011847124318487523,250.0,5.0,4999745.0,0.0,83.58087921142578,3.064106827545269,4946.737141927083,221.09533429743783,58.81566492716471,0.4755866956057458,149.94825236002603,0.8650896988285618,6241.560872395833,35.90372319668659,41.62901178995768,0.0957919864216396,11188.298014322916,233.5291315714518
5000,1,200,0.01,0.0,1,16,5,3,0.9804221943074237,0.006633363489877445,1.0,0.0,0.9901067593375285,0.0033891604982015794,250.0,5.0,4999745.0,0.0,50.10105005900065,4.171191842348496,2457.3229166666665,246.83720865811924,48.65790430704752,1.7558675026069388,149.94825236002603,0.8650896988285618,6241.560872395833,35.90372319668659,41.62901178995768,0.0957919864216396,8698.8837890625,200.04930241902667
5000,1,200,0.01,0.0,1,16,10,3,0.9830260354939421,0.009708648171939617,1.0,0.0,0.9914242407346912,0.004942424250831561,250.0,4.333333333333333,4999745.666666667,0.0,56.43692398071289,6.063131773241263,3117.5455729166665,373.312668589843,54.69175211588541,1.1578652038150166,149.94825236002603,0.8650896988285618,6241.560872395833,35.90372319668659,41.62901178995768,0.0957919864216396,9359.1064453125,206.38517634073892
5000,1,200,0.01,0.0,1,16,20,3,0.978009849140114,0.016039660734830152,1.0,0.0,0.9888385190071375,0.008170579659087124,250.0,5.666666666666667,4999744.333333333,0.0,84.60350545247395,1.2113826543369537,5323.49072265625,154.8574253195997,62.416351318359375,1.794708692676153,149.94825236002603,0.8650896988285618,6241.560872395833,35.90372319668659,41.62901178995768,0.0957919864216396,11565.051595052082,234.5517578125
5000,1,200,0.01,0.0,2,4,5,3,0.983404803179141,0.025371745515576354,1.0,0.0,0.9915221640053226,0.01299383208804046,250.0,4.333333333333333,4999745.666666667,0.0,60.33107630411784,2.167481813321368,3441.506266276041,30.437019235555244,56.6811154683431,1.7169295327608294,149.94825236002603,0.8650896988285618,6241.560872395833,35.90372319668659,41.62901178995768,0.0957919864216396,9683.067138671875,210.27932866414386
5000,1,200,0.01,0.0,2,4,10,3,0.7834660896327273,0.3647295703565381,1.0,0.0,0.8419782739626566,0.2685246040215844,250.0,147.66666666666666,4999602.333333333,0.0,85.3849868774414,1.0138668988493578,5211.85595703125,182.33167166347917,60.67729568481445,1.3703875325561978,149.94825236002603,0.8650896988285618,6241.560872395833,35.90372319668659,41.62901178995768,0.0957919864216396,11453.416829427082,235.33323923746744
5000,1,200,0.01,0.0,2,4,20,3,0.9757251605077691,0.02498002129684055,1.0,0.0,0.9876047891525491,0.012891747801951054,250.0,6.333333333333333,4999743.666666667,0.0,124.12859853108723,2.0904918942558366,7761.142415364583,156.45623165247963,62.19580968221029,0.1042309781847204,149.94825236002603,0.8650896988285618,6241.560872395833,35.90372319668659,41.62901178995768,0.0957919864216396,14002.703287760416,274.0768508911133
5000,1,200,0.01,0.0,2,8,5,3,0.9881730469965765,0.006738448519953607,1.0,0.0,0.9940436274703167,0.0034161390232513456,250.0,3.0,4999747.0,0.0,56.74410629272461,0.7178078579583341,2980.421223958333,99.0849471127237,52.14294560750326,2.274322325911826,149.94825236002603,0.8650896988285618,6241.560872395833,35.90372319668659,41.62901178995768,0.0957919864216396,9221.982096354166,206.69235865275064
5000,1,200,0.01,0.0,2,8,10,3,0.9856402915531651,0.01182682901002006,1.0,0.0,0.9927443570632799,0.006010323429474225,250.0,3.6666666666666665,4999746.333333333,0.0,72.03762308756511,1.8220744966902875,4273.876139322917,72.42495159960589,58.95837656656901,0.6137968273127087,149.94825236002603,0.8650896988285618,6241.560872395833,35.90372319668659,41.62901178995768,0.0957919864216396,10515.43701171875,221.98587544759113
5000,1,200,0.01,0.0,2,8,20,3,0.9818396233366274,0.015523705006349149,1.0,0.0,0.990795251733101,0.007919392979231898,250.0,4.666666666666667,4999745.333333333,0.0,105.1246337890625,3.020380813452926,6466.328287760417,176.22137063191002,61.15046691894531,0.2982392846603037,149.94825236002603,0.8650896988285618,6241.560872395833,35.90372319668659,41.62901178995768,0.0957919864216396,12707.88916015625,255.07288614908853
5000,1,200,0.01,0.0,2,16,5,3,0.979215075415007,0.012248711552015826,1.0,0.0,0.9894725161572017,0.00627374702088452,250.0,5.333333333333333,4999744.666666667,0.0,55.68441518147787,1.927180885161251,3003.9601236979165,12.158467371399825,53.50494257609049,1.574639533828132,149.94825236002603,0.8650896988285618,6241.560872395833,35.90372319668659,41.62901178995768,0.0957919864216396,9245.52099609375,205.6326675415039
5000,1,200,0.01,0.0,2,16,10,3,0.9718347154408535,0.021879625413587147,1.0,0.0,0.9856324803678858,0.011318084169046911,250.0,7.333333333333333,4999742.666666667,0.0,70.87614186604817,2.021697172847935,4271.564290364583,200.18705916054307,59.764844258626304,1.1166656051178754,149.94825236002603,0.8650896988285618,6241.560872395833,35.90372319668659,41.62901178995768,0.0957919864216396,10513.125162760416,220.82439422607422
5000,1,200,0.01,0.0,2,16,20,3,0.9882648394747857,0.01342529343768025,1.0,0.0,0.9940670926391793,0.006818909744884518,250.0,3.0,4999747.0,0.0,113.38927205403644,3.125227188817108,6898.97021484375,269.6051379404116,60.56524022420248,0.6751069762305919,149.94825236002603,0.8650896988285618,6241.560872395833,35.90372319668659,41.62901178995768,0.0957919864216396,13140.531087239582,263.3375244140625
5000,1,200,0.01,0.0,3,4,5,3,0.9715644214385345,0.009483789499253137,1.0,0.0,0.9855614868831122,0.004884171786784002,250.0,7.333333333333333,4999742.666666667,0.0,68.00765736897786,1.8096830304579423,4213.44287109375,71.26808780941387,61.54008992513021,1.825747623354784,149.94825236002603,0.8650896988285618,6241.560872395833,35.90372319668659,41.62901178995768,0.0957919864216396,10455.003743489582,217.9559097290039
5000,1,200,0.01,0.0,3,4,10,3,0.8097003129567426,0.3125755787650276,1.0,0.0,0.8698820568575482,0.21678942616451843,250.0,104.0,4999646.0,0.0,98.19772847493488,1.9498184561439655,6225.45166015625,264.43451174558766,62.98188273111979,1.4167388376084682,149.94825236002603,0.8650896988285618,6241.560872395833,35.90372319668659,41.62901178995768,0.0957919864216396,12467.012532552082,248.1459808349609
5000,1,200,0.01,0.0,3,4,20,3,0.9845234446828073,0.0199055793085605,1.0,0.0,0.9921333802982271,0.010168197766636602,250.0,4.0,4999746.0,0.0,157.80284627278647,1.4215044130642234,10032.380208333334,117.87512160998702,63.3651008605957,0.1643243461474195,149.94825236002603,0.8650896988285618,6241.560872395833,35.90372319668659,41.62901178995768,0.0957919864216396,16273.941080729168,307.7510986328125
5000,1,200,0.01,0.0,3,8,5,3,0.691386905941588,0.36570550173475225,1.0,0.0,0.7738738057262906,0.30292321147567886,250.0,244.33333333333334,4999505.666666667,0.0,59.95841725667318,3.142400932489109,3411.144775390625,156.56895982635032,56.48930358886719,1.7123907861233676,149.94825236002603,0.8650896988285618,6241.560872395833,35.90372319668659,41.62901178995768,0.0957919864216396,9652.705647786457,209.90666961669922
5000,1,200,0.01,0.0,3,8,10,3,0.9113279502311609,0.13338226336504608,1.0,0.0,0.9500573224780665,0.07630259108351906,250.0,28.666666666666668,4999721.333333333,0.0,82.82290903727214,3.684243159841258,5071.073404947917,340.6605759561896,60.7550900777181,1.4136250361367515,149.94825236002603,0.8650896988285618,6241.560872395833,35.90372319668659,41.62901178995768,0.0957919864216396,11312.63427734375,232.77116139729816
5000,1,200,0.01,0.0,3,8,20,3,0.9791962612974286,0.011143348719767717,1.0,0.0,0.9894675080087277,0.005671105216114153,250.0,5.333333333333333,4999744.666666667,0.0,117.48206329345705,8.697266461997035,7262.384114583333,558.7091246953573,61.48164749145508,0.2659703804458039,149.94825236002603,0.8650896988285618,6241.560872395833,35.90372319668659,41.62901178995768,0.0957919864216396,13503.944986979166,267.4303156534831
5000,1,200,0.01,0.0,3,16,5,3,0.9843435168911047,0.01162691548719005,1.0,0.0,0.9920869259883539,0.005905383936992301,250.0,4.0,4999746.0,0.0,60.25047047932943,2.4466347659999235,3560.7285970052085,80.93645299539506,58.66095860799154,1.5269268066836348,149.94825236002603,0.8650896988285618,6241.560872395833,35.90372319668659,41.62901178995768,0.0957919864216396,9802.289469401041,210.19872283935547
5000,1,200,0.01,0.0,3,16,10,3,0.9582977738561902,0.02505389332979731,1.0,0.0,0.9785925748575814,0.013164831530586285,250.0,11.0,4999739.0,0.0,81.25958506266277,0.5566042559623521,5090.664713541667,140.59143286382533,62.16065979003906,1.600183148098436,149.94825236002603,0.8650896988285618,6241.560872395833,35.90372319668659,41.62901178995768,0.0957919864216396,11332.2255859375,231.20783742268878
5000,1,200,0.01,0.0,3,16,20,3,0.9845234446828073,0.0199055793085605,1.0,0.0,0.9921333802982271,0.010168197766636602,250.0,4.0,4999746.0,0.0,125.8756841023763,9.894705735741685,7757.673014322917,687.3315547392623,61.37741216023763,0.6097302650743714,149.94825236002603,0.8650896988285618,6241.560872395833,35.90372319668659,41.62901178995768,0.0957919864216396,13999.23388671875,275.82393646240234
5000,1,200,0.01,0.01,1,4,5,3,0.8377194679876672,0.10421549531780937,1.0,0.0,0.9094294475767474,0.05991633390688505,250.0,51.333333333333336,4999698.666666667,0.0,55.31523005167643,1.7549775466481636,2868.8610026041665,25.929634507439808,51.5480842590332,1.4859214360995807,149.68801879882812,0.2450699782915005,6287.572265625,14.140052426936588,42.03862380981445,0.0703030980494384,9156.433268229166,205.00324885050455
5000,1,200,0.01,0.01,1,4,10,3,0.9402813666379558,0.024864352678278464,1.0,0.0,0.9691096305269533,0.013113649360757656,250.0,16.0,4999734.0,0.0,69.53762563069661,2.646942636935704,4156.3154296875,114.87994642749992,59.36072031656901,0.797016812849517,149.68801879882812,0.2450699782915005,6287.572265625,14.140052426936588,42.03862380981445,0.0703030980494384,10443.8876953125,219.22564442952472
5000,1,200,0.01,0.01,1,4,20,3,0.9727724646588042,0.003785135520287986,1.0,0.0,0.9861958516265523,0.0019451632543038826,250.0,7.0,4999743.0,0.0,99.57713572184244,1.3613918602331432,6204.917805989583,106.91749215940916,61.87134043375651,1.0572929179031576,149.68801879882812,0.2450699782915005,6287.572265625,14.140052426936588,42.03862380981445,0.0703030980494384,12492.490071614582,249.26515452067056
5000,1,200,0.01,0.01,1,8,5,3,0.932260924344347,0.07346638100540384,1.0,0.0,0.9639222596787569,0.04027423659436166,250.0,19.333333333333332,4999730.666666667,0.0,52.5440559387207,2.450736378723614,2647.516845703125,95.10604339320298,50.08112716674805,1.0498293790621136,149.68801879882812,0.2450699782915005,6287.572265625,14.140052426936588,42.03862380981445,0.0703030980494384,8935.089111328125,202.23207473754883
5000,1,200,0.01,0.01,1,8,10,3,0.9804224308300395,0.006685596311329982,1.0,0.0,0.9901067900895025,0.0034026096534800353,250.0,5.0,4999745.0,0.0,61.889539082845054,0.4160499152901484,3549.979248046875,150.50088628439838,56.94474029541016,2.205664288839298,149.68801879882812,0.2450699782915005,6287.572265625,14.140052426936588,42.03862380981445,0.0703030980494384,9837.551513671875,211.5775578816732
5000,1,200,0.01,0.01,1,8,20,3,0.9658266487540681,0.02863600144172576,1.0,0.0,0.9824711557384824,0.014945434682921756,250.0,9.0,4999741.0,0.0,83.70499674479167,0.9498489035359852,5093.372395833333,165.7037338072193,60.42974090576172,1.215281029282341,149.68801879882812,0.2450699782915005,6287.572265625,14.140052426936588,42.03862380981445,0.0703030980494384,11380.944661458332,233.3930155436198
5000,1,200,0.01,0.01,1,16,5,3,0.9665364333688936,0.007751591624981585,1.0,0.0,0.9829729478676152,0.004015645810675782,250.0,8.666666666666666,4999741.333333333,0.0,48.37138748168945,3.1132028092385338,2251.3375651041665,111.87775358461496,46.21875127156576,0.6066651626093255,149.68801879882812,0.2450699782915005,6287.572265625,14.140052426936588,42.03862380981445,0.0703030980494384,8538.909830729166,198.05940628051758
5000,1,200,0.01,0.01,1,16,10,3,0.9752958819714657,0.002193846779204273,1.0,0.0,0.9874926262886129,0.0011252548689681106,250.0,6.333333333333333,4999743.666666667,0.0,57.89689254760742,6.481846279512127,3182.2578938802085,421.880484282666,54.40266036987305,1.985318963339008,149.68801879882812,0.2450699782915005,6287.572265625,14.140052426936588,42.03862380981445,0.0703030980494384,9469.830159505209,207.58491134643555
5000,1,200,0.01,0.01,1,16,20,3,0.9778891947729708,0.008879443090534208,1.0,0.0,0.988807457686491,0.0045278645224481944,250.0,5.666666666666667,4999744.333333333,0.0,78.15023295084636,2.3473898352487925,4763.520182291667,37.69539064459642,60.55572128295898,1.4204418514431367,149.68801879882812,0.2450699782915005,6287.572265625,14.140052426936588,42.03862380981445,0.0703030980494384,11051.092447916668,227.8382517496745
5000,1,200,0.01,0.01,2,4,5,3,0.8980706010821473,0.08217203498846665,1.0,0.0,0.9449561040831794,0.04651562312539491,250.0,30.0,4999720.0,0.0,60.855010986328125,1.9504191673258613,3532.5808919270835,21.044003509836443,57.62738291422526,1.4818396147332171,149.68801879882812,0.2450699782915005,6287.572265625,14.140052426936588,42.03862380981445,0.0703030980494384,9820.153157552084,210.54302978515625
5000,1,200,0.01,0.01,2,4,10,3,0.9324002680705826,0.0320836970802831,1.0,0.0,0.9648291090050525,0.017041868363578273,250.0,18.333333333333332,4999731.666666667,0.0,80.82157897949219,1.1749948212531611,5018.706868489583,221.4055178340393,61.63195292154948,1.764387648561112,149.68801879882812,0.2450699782915005,6287.572265625,14.140052426936588,42.03862380981445,0.0703030980494384,11306.279134114582,230.5095977783203
5000,1,200,0.01,0.01,2,4,20,3,0.9740292639429313,0.0021938467792042807,1.0,0.0,0.9868429600871073,0.0011252548689681266,250.0,6.666666666666667,4999743.333333333,0.0,124.5678202311198,2.0217966872979014,7818.3251953125,141.1057191573074,62.46967315673828,0.0693801165614241,149.68801879882812,0.2450699782915005,6287.572265625,14.140052426936588,42.03862380981445,0.0703030980494384,14105.8974609375,274.25583902994794
5000,1,200,0.01,0.01,2,8,5,3,0.7666187367245504,0.22211647167436657,1.0,0.0,0.8549478193756485,0.15450171381773153,250.0,99.33333333333333,4999650.666666667,0.0,60.383383433024086,3.237659947282342,3088.287434895833,162.07293539245114,50.80620320638021,1.321984663970159,149.68801879882812,0.2450699782915005,6287.572265625,14.140052426936588,42.03862380981445,0.0703030980494384,9375.859700520832,210.0714022318522
5000,1,200,0.01,0.01,2,8,10,3,0.9768109474617495,0.01908197814616608,1.0,0.0,0.9882066219064646,0.009765364316579705,250.0,6.0,4999744.0,0.0,74.33725484212239,5.709869224112655,4365.690755208333,325.87209767856007,58.28352228800456,0.466729994923185,149.68801879882812,0.2450699782915005,6287.572265625,14.140052426936588,42.03862380981445,0.0703030980494384,10653.263020833332,224.0252736409505
5000,1,200,0.01,0.01,2,8,20,3,0.966613865132051,0.013149919655292462,1.0,0.0,0.9829932603402777,0.006793451472607848,250.0,8.666666666666666,4999741.333333333,0.0,107.08280690511069,2.5378406012140178,6624.126790364583,95.890805944099,61.53494644165039,0.598327466739388,149.68801879882812,0.2450699782915005,6287.572265625,14.140052426936588,42.03862380981445,0.0703030980494384,12911.699055989582,256.77082570393884
5000,1,200,0.01,0.01,2,16,5,3,0.9581969049573115,0.022044101559899484,1.0,0.0,0.9785654092135013,0.011571430317078638,250.0,11.0,4999739.0,0.0,51.64319864908854,2.8040625694740804,2650.541259765625,251.39301192110136,50.89772033691406,2.9290142540257844,149.68801879882812,0.2450699782915005,6287.572265625,14.140052426936588,42.03862380981445,0.0703030980494384,8938.113525390625,201.33121744791666
5000,1,200,0.01,0.01,2,16,10,3,0.979125656167979,0.004439516710673189,1.0,0.0,0.9894493590145764,0.002263905629233509,250.0,5.333333333333333,4999744.666666667,0.0,67.09990819295247,7.756794376420043,4067.646565755209,571.875365338316,59.91910044352213,1.6904105378020606,149.68801879882812,0.2450699782915005,6287.572265625,14.140052426936588,42.03862380981445,0.0703030980494384,10355.218831380209,216.78792699178058
5000,1,200,0.01,0.01,2,16,20,3,0.9804022084555607,0.0038447441064586494,1.0,0.0,0.9901015981515334,0.0019606010679985102,250.0,5.0,4999745.0,0.0,109.62346649169922,6.775831040328339,6718.482584635417,492.9369583061343,60.95459874471029,0.7754796307852191,149.68801879882812,0.2450699782915005,6287.572265625,14.140052426936588,42.03862380981445,0.0703030980494384,13006.054850260418,259.31148529052734
5000,1,200,0.01,0.01,3,4,5,3,0.6472598440369383,0.24642930585920228,1.0,0.0,0.7662686519256772,0.19683770927462632,250.0,187.0,4999563.0,0.0,68.45238240559895,2.039400005467098,4452.521647135417,38.92238776448881,64.53905232747395,1.4794546859373423,149.68801879882812,0.2450699782915005,6287.572265625,14.140052426936588,42.03862380981445,0.0703030980494384,10740.093912760418,218.14040120442706
5000,1,200,0.01,0.01,3,4,10,3,0.902007281467291,0.11331847390100966,1.0,0.0,0.9458986710254159,0.06497484515892443,250.0,30.333333333333332,4999719.666666667,0.0,100.5393295288086,2.3095807772625148,6780.231608072917,55.96186455742731,67.05499521891277,1.1276830641899116,149.68801879882812,0.2450699782915005,6287.572265625,14.140052426936588,42.03862380981445,0.0703030980494384,13067.803873697918,250.22734832763672
5000,1,200,0.01,0.01,3,4,20,3,0.807739985172196,0.1566428439535899,1.0,0.0,0.8883402250764719,0.09185648239262556,250.0,66.66666666666667,4999683.333333333,0.0,161.6387939453125,1.470048707580717,10420.2333984375,26.878381785453183,64.2408955891927,0.7215253110717336,149.68801879882812,0.2450699782915005,6287.572265625,14.140052426936588,42.03862380981445,0.0703030980494384,16707.8056640625,311.3268127441406
5000,1,200,0.01,0.01,3,8,5,3,0.9537870266216723,0.0527668271897155,1.0,0.0,0.9758410701806929,0.028098058922825412,250.0,12.666666666666666,4999737.333333333,0.0,62.06485493977865,3.4055436075383154,3288.78076171875,197.1624293192112,52.608079274495445,1.813825275357336,149.68801879882812,0.2450699782915005,6287.572265625,14.140052426936588,42.03862380981445,0.0703030980494384,9576.35302734375,211.75287373860678
5000,1,200,0.01,0.01,3,8,10,3,0.9728896248780684,0.013576646624402937,1.0,0.0,0.9862264552556392,0.006994586725515402,250.0,7.0,4999743.0,0.0,77.16505940755208,2.932253486425125,4682.07373046875,280.5753728712448,60.09124247233073,1.274544906999066,149.68801879882812,0.2450699782915005,6287.572265625,14.140052426936588,42.03862380981445,0.0703030980494384,10969.64599609375,226.8530782063802
5000,1,200,0.01,0.01,3,8,20,3,0.952078410800771,0.04576434337039514,1.0,0.0,0.9750703331202685,0.02435552298363985,250.0,13.0,4999737.0,0.0,126.71340942382812,6.724387589932373,8015.118815104167,402.1062670392403,62.973934173583984,1.2679361877549604,149.68801879882812,0.2450699782915005,6287.572265625,14.140052426936588,42.03862380981445,0.0703030980494384,14302.691080729168,276.40142822265625
5000,1,200,0.01,0.01,3,16,5,3,0.9392311112004227,0.04868245465889308,1.0,0.0,0.9682239182294362,0.026260619642066985,250.0,16.666666666666668,4999733.333333333,0.0,61.46200942993164,1.724283553480318,3604.058837890625,102.66190953323516,58.14151255289713,1.825867336920483,149.68801879882812,0.2450699782915005,6287.572265625,14.140052426936588,42.03862380981445,0.0703030980494384,9891.631103515625,211.15002822875977
5000,1,200,0.01,0.01,3,16,10,3,0.855815098441899,0.20261996177955663,1.0,0.0,0.9130884755460756,0.12664284401967388,250.0,55.333333333333336,4999694.666666667,0.0,81.26686604817708,1.6877610467424882,4987.788248697917,183.29727869575856,60.89694849650065,1.635350632292993,149.68801879882812,0.2450699782915005,6287.572265625,14.140052426936588,42.03862380981445,0.0703030980494384,11275.360514322918,230.9548848470052
5000,1,200,0.01,0.01,3,16,20,3,0.9816888123359581,0.004439516710673212,1.0,0.0,0.9907564255390343,0.0022639056292334528,250.0,4.666666666666667,4999745.333333333,0.0,125.1511459350586,6.456475738745111,7884.232259114583,277.38838722672307,62.72569783528646,1.0050001568320632,149.68801879882812,0.2450699782915005,6287.572265625,14.140052426936588,42.03862380981445,0.0703030980494384,14171.804524739582,274.8391647338867
5000,1,200,0.01,0.1,1,4,5,3,0.42879794295779194,0.18595192740714936,1.0,0.0,0.585080146161125,0.17474569823687747,250.0,403.6666666666667,4999346.333333333,0.0,55.78572336832682,1.9305959892840456,2948.520914713541,37.27281716175517,52.57535807291666,1.3504692495264232,150.52740987141928,0.3363355600361292,6341.344401041667,28.572179781332764,42.14159138997396,0.0966979706666993,9289.865315755207,206.3131332397461
5000,1,200,0.01,0.1,1,4,10,3,0.4447346022373862,0.10269470832254696,1.0,0.0,0.611080274987976,0.09676027815777581,250.0,331.6666666666667,4999418.333333333,0.0,69.96517181396484,1.403762158717761,4189.69189453125,58.14037883719761,59.47893524169922,0.6428173015779864,150.52740987141928,0.3363355600361292,6341.344401041667,28.572179781332764,42.14159138997396,0.0966979706666993,10531.036295572918,220.49258168538412
5000,1,200,0.01,0.1,1,4,20,3,0.6529738718207664,0.04365146285469929,1.0,0.0,0.7894984457607283,0.03187331245630345,250.0,134.0,4999616.0,0.0,100.19996643066406,2.6957983151071443,6176.676595052083,239.66593562798565,61.34040451049805,0.6799008944914675,150.52740987141928,0.3363355600361292,6341.344401041667,28.572179781332764,42.14159138997396,0.0966979706666993,12518.02099609375,250.72737630208334
5000,1,200,0.01,0.1,1,8,5,3,0.4646457492733547,0.26012892327889503,1.0,0.0,0.6034303035447189,0.2632559244539724,250.0,484.3333333333333,4999265.666666667,0.0,49.96482340494792,2.2360535050290857,2402.2125651041665,62.50853497095443,47.75671132405599,0.9726717584410705,150.52740987141928,0.3363355600361292,6341.344401041667,28.572179781332764,42.14159138997396,0.0966979706666993,8743.556966145834,200.4922332763672
5000,1,200,0.01,0.1,1,8,10,3,0.5308429953032997,0.006762879867669922,1.0,0.0,0.6935132948407343,0.00577146165537527,250.0,221.0,4999529.0,0.0,60.908912658691406,2.747366614686837,3387.7691243489585,74.36923082996312,55.24876276652018,1.2247440457014038,150.52740987141928,0.3363355600361292,6341.344401041667,28.572179781332764,42.14159138997396,0.0966979706666993,9729.113525390625,211.4363225301107
5000,1,200,0.01,0.1,1,8,20,3,0.6387673058696796,0.044904725833877106,1.0,0.0,0.7789605878231898,0.03339038166075227,250.0,142.66666666666666,4999607.333333333,0.0,81.11563364664714,4.590286335947177,4919.695638020833,241.6707591752765,60.25701777140299,0.4712158517283181,150.52740987141928,0.3363355600361292,6341.344401041667,28.572179781332764,42.14159138997396,0.0966979706666993,11261.0400390625,231.6430435180664
5000,1,200,0.01,0.1,1,16,5,3,0.5506348051809005,0.09845050809570914,1.0,0.0,0.7068085236250714,0.08029203603153551,250.0,213.33333333333334,4999536.666666667,0.0,50.35698572794596,3.0339369206071214,2492.4156901041665,141.14732101937363,49.13467915852865,0.8381879711450557,150.52740987141928,0.3363355600361292,6341.344401041667,28.572179781332764,42.14159138997396,0.0966979706666993,8833.760091145834,200.88439559936523
5000,1,200,0.01,0.1,1,16,10,3,0.633949673895716,0.039344347723008606,1.0,0.0,0.7755052219005947,0.029083377429602725,250.0,145.33333333333334,4999604.666666667,0.0,57.87655766805013,5.941403559579171,3292.933024088541,432.3560706226599,56.36932245890299,2.4195475792168235,150.52740987141928,0.3363355600361292,6341.344401041667,28.572179781332764,42.14159138997396,0.0966979706666993,9634.277425130207,208.40396753946942
5000,1,200,0.01,0.1,1,16,20,3,0.6537355832824456,0.059721207876778606,1.0,0.0,0.7895439960978515,0.04456281208774951,250.0,134.66666666666666,4999615.333333333,0.0,79.80628204345703,3.407485278935598,4906.992838541667,259.61721850378984,61.04423395792643,1.7772771589628351,150.52740987141928,0.3363355600361292,6341.344401041667,28.572179781332764,42.14159138997396,0.0966979706666993,11248.337239583334,230.3336919148763
5000,1,200,0.01,0.1,2,4,5,3,0.43336139524927547,0.15093140177229386,1.0,0.0,0.5947663358316846,0.14129908783069106,250.0,370.6666666666667,4999379.333333333,0.0,60.73702494303385,1.7844905133186617,3498.55859375,22.958568576696784,57.12555821736654,1.324457668641095,150.52740987141928,0.3363355600361292,6341.344401041667,28.572179781332764,42.14159138997396,0.0966979706666993,9839.902994791668,211.26443481445312
5000,1,200,0.01,0.1,2,4,10,3,0.7014515467719278,0.09935556994604244,1.0,0.0,0.8219121068733551,0.0673481664997016,250.0,111.0,4999639.0,0.0,81.78608957926433,0.9954719828404532,5120.050130208333,244.5206684688244,62.11827087402344,2.085359232721172,150.52740987141928,0.3363355600361292,6341.344401041667,28.572179781332764,42.14159138997396,0.0966979706666993,11461.39453125,232.3134994506836
5000,1,200,0.01,0.1,2,4,20,3,0.6970091067950395,0.07628828437986875,1.0,0.0,0.8198442965114895,0.053789078545298845,250.0,111.66666666666667,4999638.333333333,0.0,125.11937967936198,1.4962291748099146,7924.683756510417,210.6024641001564,63.000732421875,0.8246271341703229,150.52740987141928,0.3363355600361292,6341.344401041667,28.572179781332764,42.14159138997396,0.0966979706666993,14266.028157552084,275.64678955078125
5000,1,200,0.01,0.1,2,8,5,3,0.4277841088219172,0.16985984002377547,1.0,0.0,0.5849387889128703,0.18020287746129035,250.0,425.6666666666667,4999324.333333333,0.0,56.16180674235026,3.1071105251677875,3023.06494140625,150.3509500710593,53.44228871663412,0.9201076477497832,150.52740987141928,0.3363355600361292,6341.344401041667,28.572179781332764,42.14159138997396,0.0966979706666993,9364.409342447918,206.68921661376953
5000,1,200,0.01,0.1,2,8,10,3,0.6840911293704686,0.11931953902287581,1.0,0.0,0.8085104174918237,0.08273281721763735,250.0,122.66666666666667,4999627.333333333,0.0,68.17028554280598,4.66985320339774,4076.585205078125,307.34262043891306,59.30077362060547,0.7498050158031603,150.52740987141928,0.3363355600361292,6341.344401041667,28.572179781332764,42.14159138997396,0.0966979706666993,10417.929606119793,218.69769541422528
5000,1,200,0.01,0.1,2,8,20,3,0.7495208884097773,0.06565073755844064,1.0,0.0,0.8557371558595132,0.04368391711560344,250.0,85.33333333333333,4999664.666666667,0.0,97.66065470377605,6.766641164763965,6022.8203125,423.23035737806777,61.34837341308594,0.8854210491822861,150.52740987141928,0.3363355600361292,6341.344401041667,28.572179781332764,42.14159138997396,0.0966979706666993,12364.164713541668,248.1880645751953
5000,1,200,0.01,0.1,2,16,5,3,0.5525122500247863,0.0926169519816129,1.0,0.0,0.708599737368213,0.07960377236809145,250.0,212.0,4999538.0,0.0,55.49377314249674,2.990781423588738,3084.7460123697915,129.83403788795945,55.1649030049642,0.975757228222061,150.52740987141928,0.3363355600361292,6341.344401041667,28.572179781332764,42.14159138997396,0.0966979706666993,9426.090413411459,206.02118301391602
5000,1,200,0.01,0.1,2,16,10,3,0.6560297841231613,0.020732405644487698,1.0,0.0,0.7921662199425382,0.015100946650961022,250.0,131.33333333333334,4999618.666666667,0.0,67.66988754272461,3.949182037746899,4131.986083984375,361.7361992897692,60.53333409627279,1.8168421794002316,150.52740987141928,0.3363355600361292,6341.344401041667,28.572179781332764,42.14159138997396,0.0966979706666993,10473.330485026043,218.1972974141439
5000,1,200,0.01,0.1,2,16,20,3,0.7344929274753836,0.08980931125600751,1.0,0.0,0.8448961527164522,0.058799406724920504,250.0,93.66666666666667,4999656.333333333,0.0,96.43549092610677,5.018493270618581,6091.782063802083,376.7643573112675,62.75430043538412,1.3848649021558226,150.52740987141928,0.3363355600361292,6341.344401041667,28.572179781332764,42.14159138997396,0.0966979706666993,12433.12646484375,246.96290079752606
5000,1,200,0.01,0.1,3,4,5,3,0.5144118370862557,0.1664363337365632,1.0,0.0,0.6679268919823956,0.15600074411755463,250.0,281.3333333333333,4999468.666666667,0.0,68.06784566243489,1.771587810171418,4220.030598958333,55.044419977080175,61.484875996907554,1.011236334395733,150.52740987141928,0.3363355600361292,6341.344401041667,28.572179781332764,42.14159138997396,0.0966979706666993,10561.375,218.59525553385419
5000,1,200,0.01,0.1,3,4,10,3,0.5405937224119042,0.12927324977754234,1.0,0.0,0.6959401214146674,0.1047550299868988,250.0,228.66666666666666,4999521.333333333,0.0,97.9599609375,0.818431365306103,6258.15478515625,211.936367925097,63.439788818359375,1.5327215097463078,150.52740987141928,0.3363355600361292,6341.344401041667,28.572179781332764,42.14159138997396,0.0966979706666993,12599.499186197918,248.48737080891928
5000,1,200,0.01,0.1,3,4,20,3,0.7219304117472024,0.09304589792687545,1.0,0.0,0.8362920846552448,0.06166546100030933,250.0,100.0,4999650.0,0.0,160.1655476888021,0.8429290954775287,10347.761393229166,239.52954777046872,64.29651769002278,1.4301346943727722,150.52740987141928,0.3363355600361292,6341.344401041667,28.572179781332764,42.14159138997396,0.0966979706666993,16689.105794270832,310.6929575602214
5000,1,200,0.01,0.1,3,8,5,3,0.5713166576096654,0.12836781036271894,1.0,0.0,0.7212779312428302,0.10845570124255659,250.0,204.66666666666666,4999545.333333333,0.0,58.92585627237956,2.6471715295616223,3331.8810221354165,198.8748001157504,55.99401601155599,1.887668691289741,150.52740987141928,0.3363355600361292,6341.344401041667,28.572179781332764,42.14159138997396,0.0966979706666993,9673.225423177084,209.45326614379883
5000,1,200,0.01,0.1,3,8,10,3,0.6424435168369471,0.08419342160774261,1.0,0.0,0.7801035632451576,0.06433687086330624,250.0,144.0,4999606.0,0.0,79.07812245686848,2.04386569966098,4833.478841145833,184.863508090134,60.6667594909668,1.4958593441557608,150.52740987141928,0.3363355600361292,6341.344401041667,28.572179781332764,42.14159138997396,0.0966979706666993,11174.8232421875,229.60553232828778
5000,1,200,0.01,0.1,3,8,20,3,0.5123089005912649,0.2518677278342726,1.0,0.0,0.6499993522683191,0.24793374990591566,250.0,378.0,4999372.0,0.0,127.38341522216795,5.201616378765906,7920.819986979167,355.42129104418785,61.85580825805664,0.2878550329473482,150.52740987141928,0.3363355600361292,6341.344401041667,28.572179781332764,42.14159138997396,0.0966979706666993,14262.164388020834,277.9108250935872
5000,1,200,0.01,0.1,3,16,5,3,0.624046442612823,0.05060615983540133,1.0,0.0,0.7677180995760274,0.03803442468002454,250.0,152.33333333333334,4999597.666666667,0.0,57.69765853881836,5.381990224964127,3388.5884602864585,332.46910810448804,58.130358378092446,0.4516957047938467,150.52740987141928,0.3363355600361292,6341.344401041667,28.572179781332764,42.14159138997396,0.0966979706666993,9729.932861328125,208.22506841023764
5000,1,200,0.01,0.1,3,16,10,3,0.5971858318483569,0.08490766218129982,1.0,0.0,0.74538942792926,0.06796894415183462,250.0,174.66666666666666,4999575.333333333,0.0,79.51641845703125,4.794559031325392,5153.152018229167,266.97062439158617,64.22750091552734,0.5111781670502792,150.52740987141928,0.3363355600361292,6341.344401041667,28.572179781332764,42.14159138997396,0.0966979706666993,11494.496419270834,230.04382832845053
5000,1,200,0.01,0.1,3,16,20,3,0.7136695847058018,0.008256283114383799,1.0,0.0,0.8328958331469073,0.0056162712376058525,250.0,100.33333333333333,4999649.666666667,0.0,130.85359700520834,3.940194302191794,8187.064778645833,315.8540147205191,62.28282801310221,0.486473102514174,150.52740987141928,0.3363355600361292,6341.344401041667,28.572179781332764,42.14159138997396,0.0966979706666993,14528.4091796875,281.3810068766276
5000,1,200,0.1,0.0,1,4,5,3,0.5901976599734563,0.25988772504146684,1.0,0.0,0.721049793885293,0.195355888133138,250.0,226.0,4999524.0,0.0,54.33821360270182,1.8334894066345937,2817.297281901041,24.647037427514874,51.53558476765951,1.2993869230797368,98.40098826090497,0.1928773067509155,4206.639322916667,9.58184244749422,42.73827107747396,0.0942143074738024,7023.936604817708,152.73920186360678
5000,1,200,0.1,0.0,1,4,10,3,0.9740292639429313,0.0021938467792043128,1.0,0.0,0.9868429600871073,0.0011252548689680705,250.0,6.666666666666667,4999743.333333333,0.0,70.38617451985677,2.0317064439584085,4215.260904947917,99.04334224315475,59.41673278808594,0.508602654438244,98.40098826090497,0.1928773067509155,4206.639322916667,9.58184244749422,42.73827107747396,0.0942143074738024,8421.900227864584,168.78716278076172
5000,1,200,0.1,0.0,1,4,20,3,0.9778590381394446,0.005853365848117251,1.0,0.0,0.9887996928130707,0.0029898056877313635,250.0,5.666666666666667,4999744.333333333,0.0,101.09937032063802,2.9952281403775625,6307.506510416667,220.10958806233677,61.99442036946615,1.1381030967541563,98.40098826090497,0.1928773067509155,4206.639322916667,9.58184244749422,42.73827107747396,0.0942143074738024,10514.145833333334,199.50035858154297
5000,1,200,0.1,0.0,1,8,5,3,0.9147493368578803,0.06766517792174057,1.0,0.0,0.9545929053408696,0.037523592080530514,250.0,24.333333333333332,4999725.666666667,0.0,51.77491887410482,2.51802670564201,2536.67724609375,89.23167866386144,48.68927510579427,1.0322735599478277,98.40098826090497,0.1928773067509155,4206.639322916667,9.58184244749422,42.73827107747396,0.0942143074738024,6743.316569010417,150.1759071350098
5000,1,200,0.1,0.0,1,8,10,3,0.9641669868688433,0.015083667207438275,1.0,0.0,0.9817166787198155,0.007804822439881521,250.0,9.333333333333334,4999740.666666667,0.0,62.54760106404623,3.4159307113919435,3490.7205403645835,188.09341230871095,55.33844502766927,1.323942854528397,98.40098826090497,0.1928773067509155,4206.639322916667,9.58184244749422,42.73827107747396,0.0942143074738024,7697.35986328125,160.9485893249512
5000,1,200,0.1,0.0,1,8,20,3,0.9242237195624537,0.08217788616999724,1.0,0.0,0.9593260298702458,0.04544460794721528,250.0,22.0,4999728.0,0.0,82.16085815429688,5.987288987302289,4863.411295572917,361.56072368539,58.80744171142578,0.1647510242569965,98.40098826090497,0.1928773067509155,4206.639322916667,9.58184244749422,42.73827107747396,0.0942143074738024,9070.050618489584,180.56184641520184
5000,1,200,0.1,0.0,1,16,5,3,0.9741176433474662,0.011552438820710286,1.0,0.0,0.9868659804721185,0.005939423003753578,250.0,6.666666666666667,4999743.333333333,0.0,49.651022593180336,3.4571990683693232,2434.6942545572915,216.86363633204343,48.6001230875651,1.8597042038491665,98.40098826090497,0.1928773067509155,4206.639322916667,9.58184244749422,42.73827107747396,0.0942143074738024,6641.333577473959,148.0520108540853
5000,1,200,0.1,0.0,1,16,10,3,0.9591982820329278,0.043394257884689105,1.0,0.0,0.978835978835979,0.022910724967842338,250.0,11.0,4999739.0,0.0,56.14340591430664,2.969769787794931,3124.4224446614585,233.7133273329715,55.13482157389323,2.1995002901129226,98.40098826090497,0.1928773067509155,4206.639322916667,9.58184244749422,42.73827107747396,0.0942143074738024,7331.061767578125,154.5443941752116
5000,1,200,0.1,0.0,1,16,20,3,0.9718245446591904,0.021524929506294206,1.0,0.0,0.9856298766804604,0.011143348719767677,250.0,7.333333333333333,4999742.666666667,0.0,83.28780873616536,4.092240345138047,5218.173014322917,382.68676574915975,62.08699417114258,1.690726586581951,98.40098826090497,0.1928773067509155,4206.639322916667,9.58184244749422,42.73827107747396,0.0942143074738024,9424.812337239584,181.6887969970703
5000,1,200,0.1,0.0,2,4,5,3,0.9582164287154958,0.022696236352711147,1.0,0.0,0.9785705096203089,0.011896953512792359,250.0,11.0,4999739.0,0.0,60.83838653564453,1.712718604394546,3489.6720377604165,6.213494875428748,56.93748092651367,1.6556412661632254,98.40098826090497,0.1928773067509155,4206.639322916667,9.58184244749422,42.73827107747396,0.0942143074738024,7696.311360677084,159.2393747965495
5000,1,200,0.1,0.0,2,4,10,3,0.9693467839272588,0.02255655365676433,1.0,0.0,0.9843454294574164,0.011708060146094672,250.0,8.0,4999742.0,0.0,81.1649653116862,1.1250624773565638,5068.53466796875,229.79944657453325,62.07237497965495,1.896701107103856,98.40098826090497,0.1928773067509155,4206.639322916667,9.58184244749422,42.73827107747396,0.0942143074738024,9275.173990885418,179.56595357259118
5000,1,200,0.1,0.0,2,4,20,3,0.9830867176069775,0.013549475566504142,1.0,0.0,0.991439817527799,0.0068971925530405195,250.0,4.333333333333333,4999745.666666667,0.0,124.8900909423828,2.3657629972482024,7849.44775390625,214.501889743276,62.54072570800781,0.4246792594059271,98.40098826090497,0.1928773067509155,4206.639322916667,9.58184244749422,42.73827107747396,0.0942143074738024,12056.087076822918,223.29107920328778
5000,1,200,0.1,0.0,2,8,5,3,0.9715942260348047,0.011578150400467113,1.0,0.0,0.9855692058100581,0.005946120746547908,250.0,7.333333333333333,4999742.666666667,0.0,55.43824132283529,4.005542397902919,2907.270751953125,220.18240680411088,52.10698572794596,0.9713550921345352,98.40098826090497,0.1928773067509155,4206.639322916667,9.58184244749422,42.73827107747396,0.0942143074738024,7113.910074869792,153.83922958374026
5000,1,200,0.1,0.0,2,8,10,3,0.9191407050974685,0.113610355152648,1.0,0.0,0.9553438336897061,0.06393450679434781,250.0,25.0,4999725.0,0.0,70.02953084309895,6.149240537219382,4187.743408203125,382.0451220208159,59.37497202555338,0.4565029354670469,98.40098826090497,0.1928773067509155,4206.639322916667,9.58184244749422,42.73827107747396,0.0942143074738024,8394.382731119793,168.4305191040039
5000,1,200,0.1,0.0,2,8,20,3,0.9908080097909018,0.00902039323786618,1.0,0.0,0.995368997977642,0.0045639435520217755,250.0,2.3333333333333335,4999747.666666667,0.0,96.67645009358723,2.248072260016875,6018.967447916667,94.83978623960373,61.83285649617513,0.9122912326069984,98.40098826090497,0.1928773067509155,4206.639322916667,9.58184244749422,42.73827107747396,0.0942143074738024,10225.606770833334,195.0774383544922
5000,1,200,0.1,0.0,2,16,5,3,0.9113973183714689,0.09985321921106889,1.0,0.0,0.9516787959001599,0.05645825111238695,250.0,26.666666666666668,4999723.333333333,0.0,59.35700352986654,1.042283013732572,3146.1298828125,47.09261187667614,52.697147369384766,1.670432800968519,98.40098826090497,0.1928773067509155,4206.639322916667,9.58184244749422,42.73827107747396,0.0942143074738024,7352.769205729167,157.7579917907715
5000,1,200,0.1,0.0,2,16,10,3,0.9778590381394446,0.005853365848117245,1.0,0.0,0.9887996928130707,0.002989805687731367,250.0,5.666666666666667,4999744.333333333,0.0,70.45941162109375,1.4332601620666012,4276.124186197917,128.12944361499325,60.192752838134766,0.9978660500045164,98.40098826090497,0.1928773067509155,4206.639322916667,9.58184244749422,42.73827107747396,0.0942143074738024,8482.763509114584,168.86039988199872
5000,1,200,0.1,0.0,2,16,20,3,0.9805221419394647,0.013789909469206118,1.0,0.0,0.9901325664794384,0.007050025726687355,250.0,5.0,4999745.0,0.0,108.59168497721356,2.778105642679497,6645.525227864583,125.1694126596206,60.83948771158854,0.5534571352934639,98.40098826090497,0.1928773067509155,4206.639322916667,9.58184244749422,42.73827107747396,0.0942143074738024,10852.16455078125,206.99267323811853
5000,1,200,0.1,0.0,3,4,5,3,0.5047165598100013,0.41023412521288055,1.0,0.0,0.5882641810489897,0.4546836594549246,250.0,2494.3333333333335,4997255.666666667,0.0,67.48620351155598,1.6892675404693305,4196.03662109375,16.769063833330513,61.67625300089518,1.6349827724024617,98.40098826090497,0.1928773067509155,4206.639322916667,9.58184244749422,42.73827107747396,0.0942143074738024,8402.675944010418,165.88719177246094
5000,1,200,0.1,0.0,3,4,10,3,0.9345777979318352,0.07384436995887077,1.0,0.0,0.9651572344889789,0.040299599782454544,250.0,18.666666666666668,4999731.333333333,0.0,97.47355143229169,1.6696599741048157,6131.388346354167,220.50734166501547,62.47078196207682,1.174753649692693,98.40098826090497,0.1928773067509155,4206.639322916667,9.58184244749422,42.73827107747396,0.0942143074738024,10338.027669270834,195.87453969319665
5000,1,200,0.1,0.0,3,4,20,3,0.9856000833268235,0.009020393237866268,1.0,0.0,0.992734003939316,0.004563943552021711,250.0,3.6666666666666665,4999746.333333333,0.0,156.8907012939453,1.8548637446545813,10008.503255208334,152.57545926930234,63.54857762654623,0.1824876746637939,98.40098826090497,0.1928773067509155,4206.639322916667,9.58184244749422,42.73827107747396,0.0942143074738024,14215.142578125,255.29168955485028
5000,1,200,0.1,0.0,3,8,5,3,0.9581105169340464,0.01929646621623077,1.0,0.0,0.9785414339099279,0.010009154414428855,250.0,11.0,4999739.0,0.0,63.12308120727539,0.7027794689781592,3416.6207682291665,100.80497603224168,53.746270497639976,2.210956258912241,98.40098826090497,0.1928773067509155,4206.639322916667,9.58184244749422,42.73827107747396,0.0942143074738024,7623.260091145834,161.52406946818036
5000,1,200,0.1,0.0,3,8,10,3,0.9612587088660653,0.03691561634013847,1.0,0.0,0.9800050538027879,0.019260015750801645,250.0,10.333333333333334,4999739.666666667,0.0,78.94766743977864,4.0367248277166565,4707.073893229167,335.88119948228973,59.197855631510414,1.4584974901660093,98.40098826090497,0.1928773067509155,4206.639322916667,9.58184244749422,42.73827107747396,0.0942143074738024,8913.713216145834,177.3486557006836
5000,1,200,0.1,0.0,3,8,20,3,0.8607033628650577,0.21102816958834303,1.0,0.0,0.9151893362555118,0.1315808107147696,250.0,54.666666666666664,4999695.333333333,0.0,124.93073018391928,4.00140621111669,7763.13037109375,250.916135378714,61.79076766967773,0.2342889639649768,98.40098826090497,0.1928773067509155,4206.639322916667,9.58184244749422,42.73827107747396,0.0942143074738024,11969.769694010418,223.33171844482425
5000,1,200,0.1,0.0,3,16,5,3,0.9463349537389627,0.04910164716675046,1.0,0.0,0.9719850573543675,0.0263153197027693,250.0,14.666666666666666,4999735.333333333,0.0,58.38120269775391,2.3877209249355804,3352.192626953125,335.323699860176,56.77387364705404,3.555970295555265,98.40098826090497,0.1928773067509155,4206.639322916667,9.58184244749422,42.73827107747396,0.0942143074738024,7558.831949869792,156.78219095865887
5000,1,200,0.1,0.0,3,16,10,3,0.9805235614389985,0.01394049628529359,1.0,0.0,0.9901327510033412,0.007088792667902556,250.0,5.0,4999745.0,0.0,81.46917470296223,5.4591102067256445,5011.320638020833,482.9650951198801,60.9600715637207,1.8091956139661136,98.40098826090497,0.1928773067509155,4206.639322916667,9.58184244749422,42.73827107747396,0.0942143074738024,9217.9599609375,179.8701629638672
5000,1,200,0.1,0.0,3,16,20,3,0.9753356208267832,0.00794857955336847,1.0,0.0,0.9875029181510101,0.004067101162717967,250.0,6.333333333333333,4999743.666666667,0.0,126.96121978759766,7.575419509360402,7951.116536458333,380.5680647147505,62.34535598754883,0.7266784825498015,98.40098826090497,0.1928773067509155,4206.639322916667,9.58184244749422,42.73827107747396,0.0942143074738024,12157.755859375,225.36220804850262
5000,1,200,0.1,0.01,1,4,5,3,0.7584346578126743,0.08126792573932318,1.0,0.0,0.8609596198463351,0.05404598766836809,250.0,82.33333333333333,4999667.666666667,0.0,55.40850194295248,1.566582628314787,2896.742919921875,4.007368914649037,51.899922688802086,1.461806764422941,99.29454549153644,0.2392958740799633,4241.822591145833,10.093947349275144,42.71140925089518,0.0457754781777981,7138.565511067708,154.70304743448892
5000,1,200,0.1,0.01,1,4,10,3,0.9465499408983451,0.051983277229229956,1.0,0.0,0.9720447363467958,0.02788178511792746,250.0,14.666666666666666,4999735.333333333,0.0,70.31276194254558,2.5965482677933047,4206.88525390625,150.14809120445676,59.41827774047852,0.6149384339666986,99.29454549153644,0.2392958740799633,4241.822591145833,10.093947349275144,42.71140925089518,0.0457754781777981,8448.707845052082,169.60730743408203
5000,1,200,0.1,0.01,1,4,20,3,0.9702878691509529,0.00781177463481306,1.0,0.0,0.9849092477461551,0.004031467651717163,250.0,7.666666666666667,4999742.333333333,0.0,102.7187728881836,1.0597549479952704,6461.818684895833,107.88935822309386,62.52663294474284,1.571317283799729,99.29454549153644,0.2392958740799633,4241.822591145833,10.093947349275144,42.71140925089518,0.0457754781777981,10703.641276041666,202.01331837972003
5000,1,200,0.1,0.01,1,8,5,3,0.8227312624385115,0.09310567943975617,1.0,0.0,0.900884361591641,0.05465808890226393,250.0,56.333333333333336,4999693.666666667,0.0,51.2773666381836,2.3058905664502047,2480.2291666666665,49.478392451603696,48.12738800048828,1.2047905774052976,99.29454549153644,0.2392958740799633,4241.822591145833,10.093947349275144,42.71140925089518,0.0457754781777981,6722.0517578125,150.57191212972003
5000,1,200,0.1,0.01,1,8,10,3,0.9791156045751634,0.0022110534206097403,1.0,0.0,0.9894467707640328,0.0011297113238946722,250.0,5.333333333333333,4999744.666666667,0.0,56.94006093343099,2.0525012876954736,3039.253255208333,45.51244604720486,53.01258087158203,1.2255468870373305,99.29454549153644,0.2392958740799633,4241.822591145833,10.093947349275144,42.71140925089518,0.0457754781777981,7281.075846354166,156.23460642496744
5000,1,200,0.1,0.01,1,8,20,3,0.9653652113447057,0.012812732520371605,1.0,0.0,0.9823484857223049,0.006659403084185414,250.0,9.0,4999741.0,0.0,79.0327631632487,5.666159604344863,4779.325520833333,324.5100621607324,60.10824203491211,0.212551738165503,99.29454549153644,0.2392958740799633,4241.822591145833,10.093947349275144,42.71140925089518,0.0457754781777981,9021.148111979166,178.32730865478516
5000,1,200,0.1,0.01,1,16,5,3,0.9442527402153716,0.03457288303075997,1.0,0.0,0.9711087120303082,0.01842705955972432,250.0,15.0,4999735.0,0.0,49.58098347981771,0.3252695050971274,2418.2047526041665,113.30152596858024,48.425795237223305,2.5383455309864478,99.29454549153644,0.2392958740799633,4241.822591145833,10.093947349275144,42.71140925089518,0.0457754781777981,6660.02734375,148.87552897135416
5000,1,200,0.1,0.01,1,16,10,3,0.984251968503937,0.0,1.0,0.0,0.9920634920634921,0.0,250.0,4.0,4999746.0,0.0,60.20931752522787,0.9088416704502588,3455.98388671875,112.5658399249496,56.94965489705404,2.3858975164791145,99.29454549153644,0.2392958740799633,4241.822591145833,10.093947349275144,42.71140925089518,0.0457754781777981,7697.806477864583,159.5038630167643
5000,1,200,0.1,0.01,1,16,20,3,0.9716030209976712,0.012059638303063728,1.0,0.0,0.9855716278681386,0.006224458650527274,250.0,7.333333333333333,4999742.666666667,0.0,80.09702046712239,4.156777890343584,4922.414713541667,375.1717708599276,60.93759028116862,1.6988390734798189,99.29454549153644,0.2392958740799633,4241.822591145833,10.093947349275144,42.71140925089518,0.0457754781777981,9164.2373046875,179.39156595865882
5000,1,200,0.1,0.01,2,4,5,3,0.8967455061831474,0.04790174760165773,1.0,0.0,0.9451074417938452,0.02701555498466828,250.0,29.333333333333332,4999720.666666667,0.0,60.395528157552086,1.8393883155509545,3441.7085774739585,13.331115742388048,56.623732248942055,1.4726642813230004,99.29454549153644,0.2392958740799633,4241.822591145833,10.093947349275144,42.71140925089518,0.0457754781777981,7683.531168619791,159.69007364908853
5000,1,200,0.1,0.01,2,4,10,3,0.9076559235794904,0.09656025963692633,1.0,0.0,0.9497450835592077,0.05475882136088531,250.0,27.666666666666668,4999722.333333333,0.0,81.29020436604817,1.230903134772161,5032.983072916667,187.23878726073747,61.49277369181315,1.4008211239588015,99.29454549153644,0.2392958740799633,4241.822591145833,10.093947349275144,42.71140925089518,0.0457754781777981,9274.8056640625,180.5847498575846
5000,1,200,0.1,0.01,2,4,20,3,0.9304597508523643,0.0865969703588379,1.0,0.0,0.9625489336291829,0.04776511135743533,250.0,20.333333333333332,4999729.666666667,0.0,123.85865020751952,1.7398511953616385,7784.009114583333,165.88140914076564,62.53174591064453,0.3857736407581634,99.29454549153644,0.2392958740799633,4241.822591145833,10.093947349275144,42.71140925089518,0.0457754781777981,12025.831705729166,223.15319569905597
5000,1,200,0.1,0.01,2,8,5,3,0.857692927236981,0.08189806682221995,1.0,0.0,0.9219745350363328,0.04836645621985406,250.0,43.333333333333336,4999706.666666667,0.0,53.5432014465332,1.1863291561041356,2690.92724609375,65.73395207079147,49.89624913533529,1.7593463278294306,99.29454549153644,0.2392958740799633,4241.822591145833,10.093947349275144,42.71140925089518,0.0457754781777981,6932.749837239583,152.83774693806964
5000,1,200,0.1,0.01,2,8,10,3,0.9231522946990404,0.07303710855891024,1.0,0.0,0.9590176281635898,0.04041057462264643,250.0,22.0,4999728.0,0.0,74.20602925618489,1.944763859446748,4435.537272135417,136.68400473114048,59.32320658365885,0.3995372503398526,99.29454549153644,0.2392958740799633,4241.822591145833,10.093947349275144,42.71140925089518,0.0457754781777981,8677.35986328125,173.50057474772132
5000,1,200,0.1,0.01,2,8,20,3,0.916461270909705,0.09751684204411458,1.0,0.0,0.9545507283063843,0.054806531265034174,250.0,25.0,4999725.0,0.0,102.34206136067708,2.233839054453241,6333.256022135417,126.5759659733326,61.49303817749024,1.1720829387588905,99.29454549153644,0.2392958740799633,4241.822591145833,10.093947349275144,42.71140925089518,0.0457754781777981,10575.07861328125,201.6366068522135
5000,1,200,0.1,0.01,2,16,5,3,0.9214090922113685,0.03975410671447528,1.0,0.0,0.9587976348344339,0.021722763464490456,250.0,21.666666666666668,4999728.333333333,0.0,55.803253173828125,1.9394860198297017,3084.4959309895835,16.64176276809115,54.8590939839681,1.572935193584709,99.29454549153644,0.2392958740799633,4241.822591145833,10.093947349275144,42.71140925089518,0.0457754781777981,7326.318522135416,155.09779866536456
5000,1,200,0.1,0.01,2,16,10,3,0.937525438637418,0.05692479010894244,1.0,0.0,0.9671539376530048,0.030714329588536652,250.0,17.333333333333332,4999732.666666667,0.0,72.87611389160156,1.8337610303501772,4550.59765625,183.04124248726703,61.98028310139974,2.2087083351871764,99.29454549153644,0.2392958740799633,4241.822591145833,10.093947349275144,42.71140925089518,0.0457754781777981,8792.420247395832,172.170659383138
5000,1,200,0.1,0.01,2,16,20,3,0.8562410890150057,0.11238754277059522,1.0,0.0,0.9199296233692653,0.06505044962960399,250.0,45.333333333333336,4999704.666666667,0.0,103.20205688476562,5.934676661969049,6416.388997395833,283.02438819149404,61.88608042399088,0.8771240176118793,99.29454549153644,0.2392958740799633,4241.822591145833,10.093947349275144,42.71140925089518,0.0457754781777981,10658.211588541666,202.49660237630206
5000,1,200,0.1,0.01,3,4,5,3,0.7293451597737702,0.3489729514299283,1.0,0.0,0.8069412000753676,0.27178199342901904,250.0,183.66666666666666,4999566.333333333,0.0,67.69161224365234,1.763009158755801,4173.590169270833,52.50188858984863,61.12690353393555,1.359790979089967,99.29454549153644,0.2392958740799633,4241.822591145833,10.093947349275144,42.71140925089518,0.0457754781777981,8415.412760416666,166.98615773518878
5000,1,200,0.1,0.01,3,4,10,3,0.9470622095151202,0.058342623425090966,1.0,0.0,0.9721862223962844,0.03129935845534325,250.0,14.666666666666666,4999735.333333333,0.0,98.08238474527997,1.3917949496734738,6220.699055989583,236.10274854008796,62.99377187093099,1.3632592102655487,99.29454549153644,0.2392958740799633,4241.822591145833,10.093947349275144,42.71140925089518,0.0457754781777981,10462.521647135416,197.3769302368164
5000,1,200,0.1,0.01,3,4,20,3,0.8935848830861954,0.15703999851771572,1.0,0.0,0.9386912465115461,0.09244344101001252,250.0,36.333333333333336,4999713.666666667,0.0,158.53362019856772,2.179593643605981,10117.3828125,203.80345838124964,63.57031885782877,0.3718966070704674,99.29454549153644,0.2392958740799633,4241.822591145833,10.093947349275144,42.71140925089518,0.0457754781777981,14359.205403645832,257.82816569010413
5000,1,200,0.1,0.01,3,8,5,3,0.8214791209330045,0.04766686681403804,1.0,0.0,0.9014943953927128,0.028481620391006098,250.0,55.0,4999695.0,0.0,57.9831428527832,2.808326159035292,3193.937744140625,111.8340309832416,54.80663172403971,0.7436946138935593,99.29454549153644,0.2392958740799633,4241.822591145833,10.093947349275144,42.71140925089518,0.0457754781777981,7435.760335286458,157.27768834431964
5000,1,200,0.1,0.01,3,8,10,3,0.9288343371365378,0.029290562103910994,1.0,0.0,0.9629448049948485,0.015756683968079967,250.0,19.333333333333332,4999730.666666667,0.0,84.55172729492188,2.2521276835502,5182.947265625,234.33972530365492,60.88111750284831,1.1860106915928266,99.29454549153644,0.2392958740799633,4241.822591145833,10.093947349275144,42.71140925089518,0.0457754781777981,9424.769856770832,183.84627278645831
5000,1,200,0.1,0.01,3,8,20,3,0.7942953990502964,0.14377751385454612,1.0,0.0,0.8807068807042825,0.08708823035136569,250.0,71.33333333333333,4999678.666666667,0.0,124.16056823730467,5.088355336517366,7721.77197265625,327.50680520677383,61.88332748413086,0.577909106258359,99.29454549153644,0.2392958740799633,4241.822591145833,10.093947349275144,42.71140925089518,0.0457754781777981,11963.594563802082,223.45511372884113
5000,1,200,0.1,0.01,3,16,5,3,0.8374487952817633,0.1129278297413768,1.0,0.0,0.9087420046852563,0.06818435718576796,250.0,52.333333333333336,4999697.666666667,0.0,59.24386978149414,1.4351900548313516,3460.1024576822915,52.9722374195951,57.95420201619466,1.5300262510918456,99.29454549153644,0.2392958740799633,4241.822591145833,10.093947349275144,42.71140925089518,0.0457754781777981,7701.925048828125,158.53841527303058
5000,1,200,0.1,0.01,3,16,10,3,0.8879081374996464,0.08575402293653255,1.0,0.0,0.939164198291825,0.04830361692643991,250.0,33.333333333333336,4999716.666666667,0.0,78.97514343261719,4.641835370099347,4859.159993489583,302.4768685290954,61.12279637654623,1.1164224840852144,99.29454549153644,0.2392958740799633,4241.822591145833,10.093947349275144,42.71140925089518,0.0457754781777981,9100.982584635416,178.26968892415363
5000,1,200,0.1,0.01,3,16,20,3,0.9126015078396031,0.056783994097086586,1.0,0.0,0.9536827551533434,0.03138352242873012,250.0,24.666666666666668,4999725.333333333,0.0,123.86443583170572,7.852405128983035,7733.280436197917,576.2246173007528,62.11350377400717,0.7637947064983529,99.29454549153644,0.2392958740799633,4241.822591145833,10.093947349275144,42.71140925089518,0.0457754781777981,11975.10302734375,223.15898132324216
5000,1,200,0.1,0.1,1,4,5,3,0.25377255342412136,0.045784968274886824,1.0,0.0,0.40337178886766273,0.0592596028340389,250.0,759.0,4998991.0,0.0,55.13852055867513,2.0887626089098523,2938.396809895833,79.76423347804521,52.99990463256836,1.2676741002777538,99.12049611409503,0.4627246160104685,4233.880208333333,13.76999773730842,42.70508702596029,0.0575318558541969,7172.277018229166,154.25901667277017
5000,1,200,0.1,0.1,1,4,10,3,0.3377116082266054,0.20456512421293002,1.0,0.0,0.48027342434020737,0.24242266316113667,250.0,828.6666666666666,4998921.333333333,0.0,69.06333669026692,1.5072752440639163,4126.4794921875,62.67516325442569,59.27411905924479,1.3941006676925436,99.12049611409503,0.4627246160104685,4233.880208333333,13.76999773730842,42.70508702596029,0.0575318558541969,8360.359700520832,168.18383280436194
5000,1,200,0.1,0.1,1,4,20,3,0.4455002257204959,0.06370532743855684,1.0,0.0,0.6145759172230497,0.06195886042964438,250.0,319.3333333333333,4999430.666666667,0.0,100.63045501708984,0.6526253627715444,6191.869140625,114.9606641812175,61.18746948242188,0.6691439905244833,99.12049611409503,0.4627246160104685,4233.880208333333,13.76999773730842,42.70508702596029,0.0575318558541969,10425.749348958332,199.75095113118488
5000,1,200,0.1,0.1,1,8,5,3,0.3176918744804051,0.03303899907261846,1.0,0.0,0.4815666797289677,0.037558210934401,250.0,542.3333333333334,4999207.666666667,0.0,49.276641845703125,1.7908113594167372,2341.1747233072915,86.30346379416314,47.27002080281576,1.6778328125262116,99.12049611409503,0.4627246160104685,4233.880208333333,13.76999773730842,42.70508702596029,0.0575318558541969,6575.054931640625,148.39713795979816
5000,1,200,0.1,0.1,1,8,10,3,0.36089673809679507,0.08026313236190635,1.0,0.0,0.5268667841773063,0.08938922916366923,250.0,469.3333333333333,4999280.666666667,0.0,58.81917953491211,2.7512617969034268,3227.7877604166665,205.81893034661343,54.52779261271159,2.0737205208936875,99.12049611409503,0.4627246160104685,4233.880208333333,13.76999773730842,42.70508702596029,0.0575318558541969,7461.66796875,157.93967564900714
5000,1,200,0.1,0.1,1,8,20,3,0.35750080184386923,0.0594433371835658,1.0,0.0,0.5248010363331544,0.06521736693746533,250.0,463.0,4999287.0,0.0,86.3475570678711,1.6723615881755824,5377.560709635417,94.2556905254048,61.93848419189453,1.247530725530079,99.12049611409503,0.4627246160104685,4233.880208333333,13.76999773730842,42.70508702596029,0.0575318558541969,9611.44091796875,185.46805318196613
5000,1,200,0.1,0.1,1,16,5,3,0.3085115393601907,0.07050881616718489,1.0,0.0,0.46849819271205223,0.08484550839980445,250.0,593.6666666666666,4999156.333333333,0.0,50.57024892171224,1.820480653644945,2491.32958984375,20.668265307479874,48.87632497151693,1.3430603417933464,99.12049611409503,0.4627246160104685,4233.880208333333,13.76999773730842,42.70508702596029,0.0575318558541969,6725.209798177083,149.69074503580728
5000,1,200,0.1,0.1,1,16,10,3,0.45295270451044045,0.04401164806487611,1.0,0.0,0.6226579426171849,0.041341340482651374,250.0,305.3333333333333,4999444.666666667,0.0,55.69035847981771,4.1414854373049454,3017.107747395833,289.3577967170288,53.7107671101888,2.134879104483872,99.12049611409503,0.4627246160104685,4233.880208333333,13.76999773730842,42.70508702596029,0.0575318558541969,7250.987955729166,154.81085459391275
5000,1,200,0.1,0.1,1,16,20,3,0.6076313665519731,0.07043819338943828,1.0,0.0,0.7543122667588605,0.0555197638854696,250.0,165.33333333333334,4999584.666666667,0.0,80.8229751586914,6.152273481705069,4936.1455078125,489.1290711019727,60.54163360595703,1.5555034478688148,99.12049611409503,0.4627246160104685,4233.880208333333,13.76999773730842,42.70508702596029,0.0575318558541969,9170.025716145832,179.94347127278644
5000,1,200,0.1,0.1,2,4,5,3,0.21572997753143539,0.12490735849001482,1.0,0.0,0.3431564276122918,0.17171807090638783,250.0,1308.6666666666667,4998441.333333333,0.0,60.538082122802734,1.70646601873189,3413.76220703125,10.940623117239896,55.96020253499349,1.4407360715723434,99.12049611409503,0.4627246160104685,4233.880208333333,13.76999773730842,42.70508702596029,0.0575318558541969,7647.642415364583,159.65857823689777
5000,1,200,0.1,0.1,2,4,10,3,0.45596157728510667,0.0048464233432479785,1.0,0.0,0.626327212618102,0.004580139601939618,250.0,298.3333333333333,4999451.666666667,0.0,80.92658233642578,1.233808214238661,4995.799967447917,209.04085597526804,61.1800397237142,1.6688669866284769,99.12049611409503,0.4627246160104685,4233.880208333333,13.76999773730842,42.70508702596029,0.0575318558541969,9229.68017578125,180.04707845052081
5000,1,200,0.1,0.1,2,4,20,3,0.6327784882161867,0.07521359399953753,1.0,0.0,0.773332422861018,0.05737913439753714,250.0,149.0,4999601.0,0.0,123.54608917236328,2.0272865215363205,7741.27734375,183.30382878946835,62.34418487548828,0.3947507553832125,99.12049611409503,0.4627246160104685,4233.880208333333,13.76999773730842,42.70508702596029,0.0575318558541969,11975.157552083332,222.66658528645831
5000,1,200,0.1,0.1,2,8,5,3,0.33048787886347425,0.07065801480602016,1.0,0.0,0.49387158732795666,0.08248823485023461,250.0,533.6666666666666,4999216.333333333,0.0,55.686641693115234,2.6722220772761256,2916.143961588541,98.21892279854066,51.97752380371094,1.4705414616030577,99.12049611409503,0.4627246160104685,4233.880208333333,13.76999773730842,42.70508702596029,0.0575318558541969,7150.024169921874,154.80713780721027
5000,1,200,0.1,0.1,2,8,10,3,0.37272210399593125,0.0225137974309265,1.0,0.0,0.5427814849894594,0.023723587147001138,250.0,422.3333333333333,4999327.666666667,0.0,72.96121470133464,1.417297870740175,4359.884440104167,80.66963193109264,59.35084915161133,0.4453150070152799,99.12049611409503,0.4627246160104685,4233.880208333333,13.76999773730842,42.70508702596029,0.0575318558541969,8593.7646484375,172.0817108154297
5000,1,200,0.1,0.1,2,8,20,3,0.6241128344277308,0.09413324007784116,1.0,0.0,0.7656988310738805,0.07400768557657478,250.0,157.33333333333334,4999592.666666667,0.0,98.34653727213542,7.848884141885059,6045.121907552083,595.2291624493729,61.06402842203776,1.0116449523154,99.12049611409503,0.4627246160104685,4233.880208333333,13.76999773730842,42.70508702596029,0.0575318558541969,10279.002115885416,197.46703338623047
5000,1,200,0.1,0.1,2,16,5,3,0.3629227279683736,0.06308303610204571,1.0,0.0,0.5305095981038956,0.06663256128743004,250.0,452.0,4999298.0,0.0,57.02479934692383,2.271805673704918,3152.3125,61.93090830113324,54.92539723714193,1.4923425812386644,99.12049611409503,0.4627246160104685,4233.880208333333,13.76999773730842,42.70508702596029,0.0575318558541969,7386.192708333333,156.14529546101886
5000,1,200,0.1,0.1,2,16,10,3,0.5479731021209534,0.047749899588337794,1.0,0.0,0.7071535193848373,0.04057370427844552,250.0,208.66666666666666,4999541.333333333,0.0,72.76770528157552,2.394289897692746,4527.171875,233.2036924466674,61.67247772216797,1.7343392003151183,99.12049611409503,0.4627246160104685,4233.880208333333,13.76999773730842,42.70508702596029,0.0575318558541969,8761.052083333332,171.88820139567054
5000,1,200,0.1,0.1,2,16,20,3,0.5086014210640194,0.27476807212537063,1.0,0.0,0.6432638367793982,0.2566367281976256,250.0,388.0,4999362.0,0.0,105.48827616373698,6.427876612706669,6597.443033854167,338.66754569362905,62.20862833658854,0.9051865735816466,99.12049611409503,0.4627246160104685,4233.880208333333,13.76999773730842,42.70508702596029,0.0575318558541969,10831.3232421875,204.60877227783203
5000,1,200,0.1,0.1,3,4,5,3,0.39995351957516806,0.041369779773194046,1.0,0.0,0.5705616190810411,0.04160002837896573,250.0,379.3333333333333,4999370.666666667,0.0,71.91816965738933,1.9492178068003976,4264.412760416667,10.461188978939813,58.9073117574056,1.440325731100885,99.12049611409503,0.4627246160104685,4233.880208333333,13.76999773730842,42.70508702596029,0.0575318558541969,8498.29296875,171.03866577148438
5000,1,200,0.1,0.1,3,4,10,3,0.4594517996291238,0.06518768443303077,1.0,0.0,0.627764098749043,0.06241878674911892,250.0,302.0,4999448.0,0.0,97.28623962402344,1.19736296473006,6164.276692708333,191.74221076103944,62.96190897623698,1.193701859108828,99.12049611409503,0.4627246160104685,4233.880208333333,13.76999773730842,42.70508702596029,0.0575318558541969,10398.156901041666,196.40673573811847
5000,1,200,0.1,0.1,3,4,20,3,0.5416532704604723,0.12842747864118068,1.0,0.0,0.6966712267649725,0.1085259240733832,250.0,229.66666666666666,4999520.333333333,0.0,158.11014811197916,1.648699186384763,10088.088216145834,170.3147298410636,63.54026794433594,0.3993349181013458,99.12049611409503,0.4627246160104685,4233.880208333333,13.76999773730842,42.70508702596029,0.0575318558541969,14321.968424479168,257.2306442260742
5000,1,200,0.1,0.1,3,8,5,3,0.43701261626397286,0.060743427557292576,1.0,0.0,0.6065792603052824,0.05837135124365801,250.0,329.3333333333333,4999420.666666667,0.0,58.769368489583336,3.211246065314877,3227.457438151041,186.4989426207603,54.455193837483726,1.6927079106866787,99.12049611409503,0.4627246160104685,4233.880208333333,13.76999773730842,42.70508702596029,0.0575318558541969,7461.337646484374,157.88986460367838
5000,1,200,0.1,0.1,3,8,10,3,0.3804804575685086,0.1892599381884723,1.0,0.0,0.5314404072905697,0.2166576250675886,250.0,597.3333333333334,4999152.666666667,0.0,84.32061513264973,2.042179284211465,5135.838704427083,241.2482166396766,60.41354242960612,1.296721725162385,99.12049611409503,0.4627246160104685,4233.880208333333,13.76999773730842,42.70508702596029,0.0575318558541969,9369.718912760416,183.44111124674475
5000,1,200,0.1,0.1,3,8,20,3,0.6828415914204231,0.1082404398566576,1.0,0.0,0.8082582055103104,0.07644691015069756,250.0,122.33333333333333,4999627.666666667,0.0,123.2571029663086,8.355386286615786,7634.820475260417,604.8200052651601,61.62135060628256,0.7241275069906897,99.12049611409503,0.4627246160104685,4233.880208333333,13.76999773730842,42.70508702596029,0.0575318558541969,11868.70068359375,222.37759908040363
5000,1,200,0.1,0.1,3,16,5,3,0.3014298296411437,0.06248865183385247,1.0,0.0,0.46083002765872133,0.07495647874432305,250.0,605.6666666666666,4999144.333333333,0.0,61.678104400634766,2.47912344894352,3615.77490234375,78.71088029832552,58.20149103800456,1.0523465442419282,99.12049611409503,0.4627246160104685,4233.880208333333,13.76999773730842,42.70508702596029,0.0575318558541969,7849.655110677083,160.7986005147298
5000,1,200,0.1,0.1,3,16,10,3,0.4861512756249599,0.12029126392647581,1.0,0.0,0.6482091523142633,0.11189662889525342,250.0,288.0,4999462.0,0.0,80.95201365152995,3.779466059004194,4966.526204427083,382.0012883644641,60.75885518391927,1.7413072230529272,99.12049611409503,0.4627246160104685,4233.880208333333,13.76999773730842,42.70508702596029,0.0575318558541969,9200.406412760416,180.072509765625
5000,1,200,0.1,0.1,3,16,20,3,0.5694247481445512,0.13411112002588318,1.0,0.0,0.7190890352140403,0.11512920201803169,250.0,208.66666666666666,4999541.333333333,0.0,129.0980453491211,4.696925991035968,8028.683268229167,321.4163598770505,61.87612787882487,0.1672220940267517,99.12049611409503,0.4627246160104685,4233.880208333333,13.76999773730842,42.70508702596029,0.0575318558541969,12262.5634765625,228.21854146321613
10000,1,100,0.01,0.0,1,4,5,3,0.8865869472686759,0.04601199265525447,1.0,0.0,0.9394592030194832,0.026160145812657545,500.0,65.0,19999435.0,0.0,248.976147460938,13.3891019453519,13999.690625,2093.1465714913,55.9044723510742,5.76420388597216,396.648431396484,21.9172955621345,14681.264453125,844.310820824991,37.020240020752,0.314848608147799,28680.955078125,645.624578857422
10000,1,100,0.01,0.0,1,4,10,3,0.9155020040722514,0.07191700907863184,1.0,0.0,0.9549204175318069,0.03863286198148121,500.0,48.333333333333336,19999451.666666668,0.0,301.203045654297,4.41598184854412,16368.005078125,248.060701750304,54.2586761474609,0.116761734624548,396.648431396484,21.9172955621345,14681.264453125,844.310820824991,37.020240020752,0.314848608147799,31049.26953125,697.851477050781
10000,1,100,0.01,0.0,1,4,20,3,0.8436672579734698,0.06529599353264268,1.0,0.0,0.9143028037391088,0.038241873213754086,500.0,95.0,19999405.0,0.0,443.5109375,1.27354433404333,25648.73828125,87.942976743503,57.7588150024414,0.0545243363140148,396.648431396484,21.9172955621345,14681.264453125,844.310820824991,37.020240020752,0.314848608147799,40330.002734375,840.159368896484
10000,1,100,0.01,0.0,1,8,5,3,0.9894571238879969,0.004083228386199865,1.0,0.0,0.9946978059177792,0.0020614860244469652,500.0,5.333333333333333,19999494.666666668,0.0,209.13271484375,4.8176895346859,10332.291796875,305.839749502194,49.3105155944824,0.333222253076826,396.648431396484,21.9172955621345,14681.264453125,844.310820824991,37.020240020752,0.314848608147799,25013.55625,605.781146240234
10000,1,100,0.01,0.0,1,8,10,3,0.9908106447223278,0.009238253791634102,1.0,0.0,0.9953696606609155,0.004671922665408331,500.0,4.666666666666667,19999495.333333332,0.0,257.929800415039,3.60999967654077,13530.653125,216.248064960267,52.3797706604004,0.132842568204625,396.648431396484,21.9172955621345,14681.264453125,844.310820824991,37.020240020752,0.314848608147799,28211.917578125,654.578231811523
10000,1,100,0.01,0.0,1,8,20,3,0.9870459722218441,0.017286743359923196,1.0,0.0,0.9934297200472814,0.008800435123979525,500.0,6.666666666666667,19999493.333333332,0.0,366.414953613281,7.52832276244674,20608.707421875,458.32403115035,56.1783401489258,0.122690202460825,396.648431396484,21.9172955621345,14681.264453125,844.310820824991,37.020240020752,0.314848608147799,35289.971875,763.0633850097649
10000,1,100,0.01,0.0,1,16,5,3,0.965499452946541,0.01902515123688214,1.0,0.0,0.9823835502387942,0.009822004528440623,500.0,18.0,19999482.0,0.0,202.318814086914,7.58508846489223,10040.3091796875,506.320098457764,49.5390670776367,0.70477891487936,396.648431396484,21.9172955621345,14681.264453125,844.310820824991,37.020240020752,0.314848608147799,24721.5736328125,598.967245483398
10000,1,100,0.01,0.0,1,16,10,3,0.989590209982111,0.014573097966450656,1.0,0.0,0.994731763962533,0.007394531996076037,500.0,5.333333333333333,19999494.666666668,0.0,258.266500854492,12.6783879932368,13650.8671875,759.621220194954,52.7552787780762,0.401116420339364,396.648431396484,21.9172955621345,14681.264453125,844.310820824991,37.020240020752,0.314848608147799,28332.131640625,654.914932250976
10000,1,100,0.01,0.0,1,16,20,3,0.8682667028402742,0.2264423693810618,1.0,0.0,0.9180960026881477,0.1409976092157792,500.0,108.33333333333333,19999391.666666668,0.0,366.658184814453,9.14606888317518,20764.2296875,568.871743278393,56.5554214477539,0.189659655486707,396.648431396484,21.9172955621345,14681.264453125,844.310820824991,37.020240020752,0.314848608147799,35445.494140625,763.306616210937
10000,1,100,0.01,0.0,2,4,5,3,0.9338714211880831,0.08677908634951224,1.0,0.0,0.9643812580877174,0.04759751041188346,500.0,38.666666666666664,19999461.333333332,0.0,267.659344482422,2.56814883704332,14351.684765625,141.895710064787,53.5491592407227,0.147982348365726,396.648431396484,21.9172955621345,14681.264453125,844.310820824991,37.020240020752,0.314848608147799,29032.94921875,664.307775878906
10000,1,100,0.01,0.0,2,4,10,3,0.8425451874991965,0.10538749758611157,1.0,0.0,0.9121232789138612,0.06353035651893026,500.0,100.0,19999400.0,0.0,374.175213623047,2.1506497302895,21321.484765625,138.20057045892,56.9062942504883,0.167326083541504,396.648431396484,21.9172955621345,14681.264453125,844.310820824991,37.020240020752,0.314848608147799,36002.74921875,770.823645019531
10000,1,100,0.01,0.0,2,4,20,3,0.8987621304313272,0.08714671747829869,1.0,0.0,0.9452343885618384,0.04732072888629611,500.0,59.666666666666664,19999440.333333332,0.0,601.204248046875,5.32535146258011,36157.5578125,315.279429104958,60.0928031921387,0.0354199095386276,396.648431396484,21.9172955621345,14681.264453125,844.310820824991,37.020240020752,0.314848608147799,50838.822265625,997.852679443359
10000,1,100,0.01,0.0,2,8,5,3,0.8708201697726276,0.18812515929103812,1.0,0.0,0.9232441757915953,0.11494889079811965,500.0,95.33333333333333,19999404.666666668,0.0,235.154583740234,4.71915545685816,12132.830078125,293.674525999955,51.5154487609863,0.242346081726233,396.648431396484,21.9172955621345,14681.264453125,844.310820824991,37.020240020752,0.314848608147799,26814.09453125,631.8030151367179
10000,1,100,0.01,0.0,2,8,10,3,0.8881510591830409,0.1539007144429925,1.0,0.0,0.935836751469551,0.09066818637570832,500.0,75.66666666666667,19999424.333333332,0.0,304.072308349609,4.30552170638194,16629.203515625,230.194549024723,54.6245796203613,0.0843012307007233,396.648431396484,21.9172955621345,14681.264453125,844.310820824991,37.020240020752,0.314848608147799,31310.46796875,700.7207397460929
10000,1,100,0.01,0.0,2,8,20,3,0.9702925990516555,0.04295573132878071,1.0,0.0,0.9845965687030956,0.022413813853056012,500.0,16.0,19999484.0,0.0,459.288098144531,10.5635234352568,26712.994921875,691.86939233574,58.1049957275391,0.178913264850896,396.648431396484,21.9172955621345,14681.264453125,844.310820824991,37.020240020752,0.314848608147799,41394.259375,855.936529541015
10000,1,100,0.01,0.0,2,16,5,3,0.7713372859748288,0.3153683465889591,1.0,0.0,0.8438433540301425,0.2281611692132546,500.0,257.3333333333333,19999242.666666668,0.0,231.292306518555,16.066726959558,11936.3359375,1031.10624743994,51.4599159240723,0.969136512111621,396.648431396484,21.9172955621345,14681.264453125,844.310820824991,37.020240020752,0.314848608147799,26617.600390625,627.940737915039
10000,1,100,0.01,0.0,2,16,10,3,0.7794110011815762,0.17178417548131453,1.0,0.0,0.8687106084279951,0.11385182092273059,500.0,165.33333333333334,19999334.666666668,0.0,319.124450683594,6.65089081018966,17521.903515625,406.342762677065,54.823551940918,0.175412599865859,396.648431396484,21.9172955621345,14681.264453125,844.310820824991,37.020240020752,0.314848608147799,32203.16796875,715.772882080078
10000,1,100,0.01,0.0,2,16,20,3,0.9869199286338565,0.010739198923138219,1.0,0.0,0.9933973169584758,0.005437742946331379,500.0,6.666666666666667,19999493.333333332,0.0,474.025024414063,7.81456721014482,27846.222265625,529.846576060087,58.6798957824707,0.21072673951179,396.648431396484,21.9172955621345,14681.264453125,844.310820824991,37.020240020752,0.314848608147799,42527.486718750006,870.673455810547
10000,1,100,0.01,0.0,3,4,5,3,0.9736034376918354,0.045720187062898536,1.0,0.0,0.986257590284436,0.02380255184578512,500.0,14.333333333333334,19999485.666666668,0.0,306.423516845703,1.59378630318621,17040.2671875,85.9932190053657,55.5389373779297,0.051003421350046,396.648431396484,21.9172955621345,14681.264453125,844.310820824991,37.020240020752,0.314848608147799,31721.531640625002,703.071948242187
10000,1,100,0.01,0.0,3,4,10,3,0.8104565030298682,0.2121154567927699,1.0,0.0,0.884550022441056,0.13784691278561553,500.0,150.66666666666666,19999349.333333332,0.0,458.450537109375,1.70144020819847,26955.12734375,129.627982468316,58.7307678222656,0.0866099873218138,396.648431396484,21.9172955621345,14681.264453125,844.310820824991,37.020240020752,0.314848608147799,41636.391796875,855.0989685058589
10000,1,100,0.01,0.0,3,4,20,3,0.9727847362329598,0.03061998754091334,1.0,0.0,0.986040565038426,0.015857303763619223,500.0,14.333333333333334,19999485.666666668,0.0,753.313330078125,3.68459961439463,46196.490625,232.234906594208,61.2877090454102,0.0772143752686389,396.648431396484,21.9172955621345,14681.264453125,844.310820824991,37.020240020752,0.314848608147799,60877.755078125,1149.961761474609
10000,1,100,0.01,0.0,3,8,5,3,0.8623967841391021,0.18912545394093147,1.0,0.0,0.9182502155739355,0.11619928725206141,500.0,101.66666666666667,19999398.333333332,0.0,245.424105834961,10.3575131459524,12767.6361328125,661.713623539972,51.9304183959961,0.523510066825272,396.648431396484,21.9172955621345,14681.264453125,844.310820824991,37.020240020752,0.314848608147799,27448.900585937503,642.072537231445
10000,1,100,0.01,0.0,3,8,10,3,0.8394293648114001,0.24072725143462337,1.0,0.0,0.8991389949406458,0.15552783419854876,500.0,137.33333333333334,19999362.666666668,0.0,332.241198730469,15.0479558425242,18441.8703125,942.314830939814,55.4151428222656,0.3610478783108,396.648431396484,21.9172955621345,14681.264453125,844.310820824991,37.020240020752,0.314848608147799,33123.134765625,728.8896301269531
10000,1,100,0.01,0.0,3,8,20,3,0.9291804239310801,0.07656320741600342,1.0,0.0,0.9621774771253211,0.04206319813742374,500.0,40.666666666666664,19999459.333333332,0.0,513.383489990234,13.7260200734238,30254.764453125,871.431493684455,58.8749488830566,0.16276122950788,396.648431396484,21.9172955621345,14681.264453125,844.310820824991,37.020240020752,0.314848608147799,44936.02890625,910.0319213867181
10000,1,100,0.01,0.0,3,16,5,3,0.7652677018691222,0.20003050062111138,1.0,0.0,0.8578450558507026,0.12155594771214451,500.0,180.33333333333334,19999319.666666668,0.0,241.356683349609,15.2378653414072,12613.903125,977.650301773079,52.1365615844727,0.811524242672997,396.648431396484,21.9172955621345,14681.264453125,844.310820824991,37.020240020752,0.314848608147799,27295.167578125,638.005114746093
10000,1,100,0.01,0.0,3,16,10,3,0.5431039845700397,0.3966783389392869,1.0,0.0,0.6516337490144515,0.3055810210946649,500.0,746.3333333333334,19998753.666666668,0.0,359.735272216797,15.2383850281948,20314.667578125,995.980041684183,56.3850372314453,0.414354328581675,396.648431396484,21.9172955621345,14681.264453125,844.310820824991,37.020240020752,0.314848608147799,34995.932031250006,756.383703613281
10000,1,100,0.01,0.0,3,16,20,3,0.9914320986008532,0.006017141488525661,1.0,0.0,0.9956915113357331,0.003031647919750839,500.0,4.333333333333333,19999495.666666668,0.0,564.431079101563,33.6253249193778,33647.283203125,2143.885725422,59.5503211975098,0.274632425461259,396.648431396484,21.9172955621345,14681.264453125,844.310820824991,37.020240020752,0.314848608147799,48328.54765625,961.0795104980471
10000,1,100,0.01,0.01,1,4,5,3,0.8341307626329506,0.256889403148269,1.0,0.0,0.8938308020390205,0.1685138210031812,500.0,149.33333333333334,19999350.666666668,0.0,233.515451049805,7.44589483977697,11808.1509765625,145.658316588589,50.5255035400391,1.0054908052603,393.393310546875,17.6458814480816,14219.828125,563.82263103991,36.162043762207,0.18555488646616,26027.9791015625,626.90876159668
10000,1,100,0.01,0.01,1,4,10,3,0.9306520721490763,0.10319341045598081,1.0,0.0,0.962041610583237,0.05722119012261895,500.0,42.0,19999458.0,0.0,302.6244140625,1.44418006845171,16486.962109375,104.600787567908,54.3967964172363,0.222977599534525,393.393310546875,17.6458814480816,14219.828125,563.82263103991,36.162043762207,0.18555488646616,30706.790234375,696.017724609375
10000,1,100,0.01,0.01,1,4,20,3,0.960389601886606,0.05185341737086249,1.0,0.0,0.9793115942192196,0.027393068122999204,500.0,21.666666666666668,19999478.333333332,0.0,443.066961669922,5.55848825527512,25625.16484375,364.219672822324,57.7686164855957,0.131465952884597,393.393310546875,17.6458814480816,14219.828125,563.82263103991,36.162043762207,0.18555488646616,39844.99296875,836.460272216797
10000,1,100,0.01,0.01,1,8,5,3,0.9881758337534748,0.007060761700012913,1.0,0.0,0.9940443096342518,0.003567624592251302,500.0,6.0,19999494.0,0.0,216.349252319336,1.31907887187177,10619.9923828125,70.5469958167916,49.0062805175781,0.0227369549492181,393.393310546875,17.6458814480816,14219.828125,563.82263103991,36.162043762207,0.18555488646616,24839.8205078125,609.742562866211
10000,1,100,0.01,0.01,1,8,10,3,0.9547258652230415,0.06980866116113627,1.0,0.0,0.9759495953307494,0.037340938327914096,500.0,25.666666666666668,19999474.333333332,0.0,265.484887695313,4.44178051933375,14017.4189453125,309.927631861245,52.7149787902832,0.34259838453453,393.393310546875,17.6458814480816,14219.828125,563.82263103991,36.162043762207,0.18555488646616,28237.2470703125,658.878198242188
10000,1,100,0.01,0.01,1,8,20,3,0.9160922860274642,0.09585627671076916,1.0,0.0,0.9544268847517148,0.053443248959442656,500.0,50.0,19999450.0,0.0,370.008795166016,9.62612598689443,20686.534765625,608.229029727914,55.841072845459,0.260503346108626,393.393310546875,17.6458814480816,14219.828125,563.82263103991,36.162043762207,0.18555488646616,34906.362890625,763.402105712891
10000,1,100,0.01,0.01,1,16,5,3,0.9693539417854394,0.023089964526182373,1.0,0.0,0.9843460683715657,0.0118281088390005,500.0,16.0,19999484.0,0.0,202.411019897461,8.73359694221497,9943.262890625,591.438626769765,49.0032348632813,0.859873833904981,393.393310546875,17.6458814480816,14219.828125,563.82263103991,36.162043762207,0.18555488646616,24163.091015625,595.804330444336
10000,1,100,0.01,0.01,1,16,10,3,0.9842697225296758,0.005113324702147166,1.0,0.0,0.9920680427180937,0.00260061935463139,500.0,8.0,19999492.0,0.0,254.603652954102,9.54379935857531,13415.5099609375,597.930079500493,52.6168632507324,0.400183217224307,393.393310546875,17.6458814480816,14219.828125,563.82263103991,36.162043762207,0.18555488646616,27635.3380859375,647.996963500977
10000,1,100,0.01,0.01,1,16,20,3,0.99274435706328,0.006010323429474195,1.0,0.0,0.9963528771553555,0.0030299229570401793,500.0,3.6666666666666665,19999496.333333332,0.0,371.491278076172,12.2574192739479,21017.28125,802.500081289887,56.4935623168945,0.306697724707107,393.393310546875,17.6458814480816,14219.828125,563.82263103991,36.162043762207,0.18555488646616,35237.109375,764.884588623047
10000,1,100,0.01,0.01,2,4,5,3,0.9513303166439137,0.06589213814153873,1.0,0.0,0.9742636951927343,0.03529348083458558,500.0,27.333333333333332,19999472.666666668,0.0,271.984423828125,1.35551830148958,14429.211328125,42.908521374999,52.9661911010742,0.127793753212676,393.393310546875,17.6458814480816,14219.828125,563.82263103991,36.162043762207,0.18555488646616,28649.039453125,665.377734375
10000,1,100,0.01,0.01,2,4,10,3,0.7957128824180449,0.3333099207302444,1.0,0.0,0.8568282391003001,0.237654196590425,500.0,243.0,19999257.0,0.0,377.049322509766,1.63366736575016,21425.196484375,96.913062776673,56.7595146179199,0.0516401399155549,393.393310546875,17.6458814480816,14219.828125,563.82263103991,36.162043762207,0.18555488646616,35645.024609375,770.442633056641
10000,1,100,0.01,0.01,2,4,20,3,0.994695835610507,0.0011432406936659099,1.0,0.0,0.9973406460591612,0.0005744744500924165,500.0,2.6666666666666665,19999497.333333332,0.0,597.801953125,5.00914613137864,35879.02109375,362.676090208179,59.9770797729492,0.15971476547529,393.393310546875,17.6458814480816,14219.828125,563.82263103991,36.162043762207,0.18555488646616,50098.84921875,991.195263671875
10000,1,100,0.01,0.01,2,8,5,3,0.9803996807465619,0.0033230960054351196,1.0,0.0,0.9901009491650247,0.0016962464377606708,500.0,10.0,19999490.0,0.0,229.646429443359,4.20372600482489,11714.1875,311.996514963591,50.9224685668945,0.41938320145297,393.393310546875,17.6458814480816,14219.828125,563.82263103991,36.162043762207,0.18555488646616,25934.015625,623.039739990234
10000,1,100,0.01,0.01,2,8,10,3,0.8213141602070327,0.2607087856293433,1.0,0.0,0.8852938321604781,0.17393097139058852,500.0,163.33333333333334,19999336.666666668,0.0,313.881127929688,7.09177252344265,17005.5638671875,469.408474795696,54.1083831787109,0.367029937792265,393.393310546875,17.6458814480816,14219.828125,563.82263103991,36.162043762207,0.18555488646616,31225.3919921875,707.274438476563
10000,1,100,0.01,0.01,2,8,20,3,0.962449447464827,0.03612770364827181,1.0,0.0,0.9806343182028883,0.018834923000899038,500.0,20.0,19999480.0,0.0,456.988311767578,12.1314093966572,26514.51875,794.864791603098,57.9457595825195,0.215710976742316,393.393310546875,17.6458814480816,14219.828125,563.82263103991,36.162043762207,0.18555488646616,40734.346875,850.381622314453
10000,1,100,0.01,0.01,2,16,5,3,0.9638821731819016,0.026507725084417004,1.0,0.0,0.9814846363801281,0.013816920203532394,500.0,19.0,19999481.0,0.0,224.630795288086,11.5171980480483,11471.1513671875,720.189500672226,50.9516914367676,0.592669088113442,393.393310546875,17.6458814480816,14219.828125,563.82263103991,36.162043762207,0.18555488646616,25690.9794921875,618.024105834961
10000,1,100,0.01,0.01,2,16,10,3,0.8606835230441211,0.1301495926076648,1.0,0.0,0.9214841163241981,0.07812149263110744,500.0,90.66666666666667,19999409.333333332,0.0,315.094403076172,7.72443209198984,17152.99921875,500.544949003179,54.3452507019043,0.309395910410811,393.393310546875,17.6458814480816,14219.828125,563.82263103991,36.162043762207,0.18555488646616,31372.82734375,708.4877136230471
10000,1,100,0.01,0.01,2,16,20,3,0.8123120120094228,0.3148068419141361,1.0,0.0,0.8712015203720247,0.217920834906154,500.0,206.66666666666666,19999293.333333332,0.0,464.564190673828,32.9761146257011,27047.912109375,2156.49853566627,58.122388458252,0.58695905151005,393.393310546875,17.6458814480816,14219.828125,563.82263103991,36.162043762207,0.18555488646616,41267.740234375,857.9575012207031
10000,1,100,0.01,0.01,3,4,5,3,0.9818266814749457,0.01488092551233562,1.0,0.0,0.9907919678616368,0.007600899518970434,500.0,9.333333333333334,19999490.666666668,0.0,305.890032958984,1.08790566291894,16905.358203125,56.0182189950288,55.1912239074707,0.0988182395228807,393.393310546875,17.6458814480816,14219.828125,563.82263103991,36.162043762207,0.18555488646616,31125.186328125,699.283343505859
10000,1,100,0.01,0.01,3,4,10,3,0.9522701108483699,0.026377610192506364,1.0,0.0,0.9754261163402997,0.013930682351017394,500.0,25.333333333333332,19999474.666666668,0.0,456.650903320313,2.93850409845069,26714.347265625,181.311826833786,58.4373092651367,0.0969049589409259,393.393310546875,17.6458814480816,14219.828125,563.82263103991,36.162043762207,0.18555488646616,40934.175390625,850.044213867188
10000,1,100,0.01,0.01,3,4,20,3,0.9328431778195242,0.10280322753371,1.0,0.0,0.9632385755359767,0.05686539257974163,500.0,40.666666666666664,19999459.333333332,0.0,748.350317382813,5.60310440849546,45695.1921875,353.400702775776,61.0160034179688,0.0481961875233535,393.393310546875,17.6458814480816,14219.828125,563.82263103991,36.162043762207,0.18555488646616,59915.0203125,1141.743627929688
10000,1,100,0.01,0.01,3,8,5,3,0.8458379351879969,0.23489815547765777,1.0,0.0,0.9037098745940041,0.1505395607688226,500.0,129.66666666666666,19999370.333333332,0.0,251.649514770508,8.8571459660441,13182.549609375,573.375190282557,52.2992256164551,0.539905145249097,393.393310546875,17.6458814480816,14219.828125,563.82263103991,36.162043762207,0.18555488646616,27402.377734375,645.042825317383
10000,1,100,0.01,0.01,3,8,10,3,0.9772218795803056,0.005824012818905747,1.0,0.0,0.9884738786203421,0.0029822146335361645,500.0,11.666666666666666,19999488.333333332,0.0,341.255090332031,17.4549236913903,19009.553125,1119.10046464155,55.5952590942383,0.489680048494837,393.393310546875,17.6458814480816,14219.828125,563.82263103991,36.162043762207,0.18555488646616,33229.38125,734.6484008789059
10000,1,100,0.01,0.01,3,8,20,3,0.992731338011123,0.004095699397920814,1.0,0.0,0.9963495834616655,0.002064645771255095,500.0,3.6666666666666665,19999496.333333332,0.0,507.443078613281,21.2716003221237,29878.49921875,1393.41393576079,58.8070243835449,0.295967437820258,393.393310546875,17.6458814480816,14219.828125,563.82263103991,36.162043762207,0.18555488646616,44098.32734375,900.8363891601559
10000,1,100,0.01,0.01,3,16,5,3,0.8054395281901693,0.31353132199950146,1.0,0.0,0.8669319933882464,0.21858164134919777,500.0,213.66666666666666,19999286.333333332,0.0,252.335754394531,11.0020113250687,13310.743359375,682.579217387561,52.651513671875,0.447114849071282,393.393310546875,17.6458814480816,14219.828125,563.82263103991,36.162043762207,0.18555488646616,27530.571484375,645.729064941406
10000,1,100,0.01,0.01,3,16,10,3,0.9901299472321279,0.006765109959374923,1.0,0.0,0.9950327412213311,0.0034229339880633048,500.0,5.0,19999495.0,0.0,352.652874755859,20.8604412390217,19829.46875,1318.98856711302,56.1312873840332,0.431462496851431,393.393310546875,17.6458814480816,14219.828125,563.82263103991,36.162043762207,0.18555488646616,34049.296875,746.046185302734
10000,1,100,0.01,0.01,3,16,20,3,0.7634812024040428,0.213589472512879,1.0,0.0,0.8550395151335147,0.134506554896793,500.0,188.66666666666666,19999311.333333332,0.0,588.736242675781,10.7802277788463,35216.67265625,664.381594117823,59.7652847290039,0.0712734787708373,393.393310546875,17.6458814480816,14219.828125,563.82263103991,36.162043762207,0.18555488646616,49436.50078125,982.129553222656
10000,1,100,0.01,0.1,1,4,5,3,0.36139139108801127,0.2661178458837848,1.0,0.0,0.48858883135366754,0.3255440643574449,500.0,2818.6666666666665,19996681.333333332,0.0,234.20749206543,7.70821811982495,11846.5328125,168.53350891331,50.5357307434082,0.989882107692454,388.579956054688,20.0755366541725,13642.4822265625,831.008279264868,35.1012710571289,0.389897679746104,25489.0150390625,622.787448120118
10000,1,100,0.01,0.1,1,4,10,3,0.6216556177893063,0.07758368536794188,1.0,0.0,0.7647883351436113,0.05972173040665137,500.0,313.0,19999187.0,0.0,301.659741210938,2.12196987435794,16422.3595703125,135.869430984313,54.3633148193359,0.104387670134043,388.579956054688,20.0755366541725,13642.4822265625,831.008279264868,35.1012710571289,0.389897679746104,30064.841796875,690.2396972656261
10000,1,100,0.01,0.1,1,4,20,3,0.7575022186291638,0.10713587790825992,1.0,0.0,0.8591083940378653,0.07169082269914347,500.0,169.66666666666666,19999330.333333332,0.0,451.461096191406,7.80031916972791,26106.772265625,518.467809844517,57.7699272155762,0.141384006863828,388.579956054688,20.0755366541725,13642.4822265625,831.008279264868,35.1012710571289,0.389897679746104,39749.2544921875,840.0410522460941
10000,1,100,0.01,0.1,1,8,5,3,0.39569782057188907,0.17207896209348297,1.0,0.0,0.5518526870514138,0.18496030055027815,500.0,983.3333333333334,19998516.666666668,0.0,212.003186035156,3.18433028461788,10601.0853515625,195.410278749844,49.9329254150391,0.204743273533313,388.579956054688,20.0755366541725,13642.4822265625,831.008279264868,35.1012710571289,0.389897679746104,24243.567578125003,600.583142089844
10000,1,100,0.01,0.1,1,8,10,3,0.6797800516153437,0.011234796171722072,1.0,0.0,0.809332350377491,0.00797961923240574,500.0,235.66666666666666,19999264.333333332,0.0,267.620989990234,6.49896159301268,14037.673828125,367.942089999667,52.3723243713379,0.163595239594557,388.579956054688,20.0755366541725,13642.4822265625,831.008279264868,35.1012710571289,0.389897679746104,27680.1560546875,656.200946044922
10000,1,100,0.01,0.1,1,8,20,3,0.5805953742386379,0.33942080991590906,1.0,0.0,0.6887639715849366,0.3206435641531866,500.0,808.3333333333334,19998691.666666668,0.0,369.344787597656,11.1172656349558,20671.78125,710.427574740107,55.9064918518066,0.301431232937197,388.579956054688,20.0755366541725,13642.4822265625,831.008279264868,35.1012710571289,0.389897679746104,34314.2634765625,757.924743652344
10000,1,100,0.01,0.1,1,16,5,3,0.4927403837030506,0.05934323601070261,1.0,0.0,0.6588004760345735,0.05213836941910386,500.0,524.0,19998976.0,0.0,207.259155273438,8.16935149702127,10339.68359375,533.821736472619,49.781844329834,0.642263853193953,388.579956054688,20.0755366541725,13642.4822265625,831.008279264868,35.1012710571289,0.389897679746104,23982.1658203125,595.839111328126
10000,1,100,0.01,0.1,1,16,10,3,0.5131092872911854,0.20487562806168733,1.0,0.0,0.6617750965376968,0.18271977261246417,500.0,597.3333333333334,19998902.666666668,0.0,260.350436401367,12.9041712675438,13859.9904296875,825.037708742973,53.1309829711914,0.649388628362105,388.579956054688,20.0755366541725,13642.4822265625,831.008279264868,35.1012710571289,0.389897679746104,27502.47265625,648.930392456055
10000,1,100,0.01,0.1,1,16,20,3,0.7040567637757333,0.12668574189958617,1.0,0.0,0.8221688866860295,0.08396062282274862,500.0,224.33333333333334,19999275.666666668,0.0,383.23603515625,2.12327537698416,21839.34140625,158.197701341251,56.9154113769531,0.116134751028759,388.579956054688,20.0755366541725,13642.4822265625,831.008279264868,35.1012710571289,0.389897679746104,35481.823632812506,771.815991210938
10000,1,100,0.01,0.1,2,4,5,3,0.5281926904115185,0.012908861941227767,1.0,0.0,0.691202335869713,0.01104178738573674,500.0,447.0,19999053.0,0.0,269.368341064453,0.724131069873453,14488.56484375,40.0678411799297,53.7138122558594,0.0701591003656407,388.579956054688,20.0755366541725,13642.4822265625,831.008279264868,35.1012710571289,0.389897679746104,28131.047070312503,657.948297119141
10000,1,100,0.01,0.1,2,4,10,3,0.5759727697166689,0.09227251542628899,1.0,0.0,0.7280786745852946,0.07340399112725618,500.0,382.6666666666667,19999117.333333332,0.0,379.517681884766,0.934241629813379,21642.256640625,71.9723591157367,56.9567710876465,0.110160833697329,388.579956054688,20.0755366541725,13642.4822265625,831.008279264868,35.1012710571289,0.389897679746104,35284.7388671875,768.097637939454
10000,1,100,0.01,0.1,2,4,20,3,0.6694079283619264,0.08292284942998783,1.0,0.0,0.8000309815032091,0.058583707794886045,500.0,254.33333333333334,19999245.666666668,0.0,593.153625488281,6.91345528420079,35657.1,430.498540361258,60.0648178100586,0.0407937984308437,388.579956054688,20.0755366541725,13642.4822265625,831.008279264868,35.1012710571289,0.389897679746104,49299.5822265625,981.733581542969
10000,1,100,0.01,0.1,2,8,5,3,0.7232865596915338,0.040089943949751544,1.0,0.0,0.8390132071626687,0.026675440400896037,500.0,192.66666666666666,19999307.333333332,0.0,233.489877319336,4.86075864926767,11852.414453125,284.002716845694,50.6859237670899,0.180944618000957,388.579956054688,20.0755366541725,13642.4822265625,831.008279264868,35.1012710571289,0.389897679746104,25494.896679687503,622.069833374024
10000,1,100,0.01,0.1,2,8,10,3,0.4309020284054066,0.07432613015579514,1.0,0.0,0.5997303697809321,0.07366232225324032,500.0,685.0,19998815.0,0.0,304.366046142578,5.22504807210128,16674.87109375,314.245441051059,54.7131492614746,0.257572944794648,388.579956054688,20.0755366541725,13642.4822265625,831.008279264868,35.1012710571289,0.389897679746104,30317.3533203125,692.946002197266
10000,1,100,0.01,0.1,2,8,20,3,0.6049420059925733,0.11620468190242252,1.0,0.0,0.749647542894233,0.08704888524416139,500.0,345.3333333333333,19999154.666666668,0.0,452.984118652344,14.8583381685532,26339.728125,960.613340782756,58.0822319030762,0.247141822808214,388.579956054688,20.0755366541725,13642.4822265625,831.008279264868,35.1012710571289,0.389897679746104,39982.210351562506,841.564074707032
10000,1,100,0.01,0.1,2,16,5,3,0.49380148009455627,0.1565204768323461,1.0,0.0,0.6506340326142693,0.15032457370234822,500.0,602.6666666666666,19998897.333333332,0.0,231.654986572266,15.7485594143327,11979.2560546875,1010.19056943352,51.5644950866699,0.982610702660892,388.579956054688,20.0755366541725,13642.4822265625,831.008279264868,35.1012710571289,0.389897679746104,25621.73828125,620.2349426269541
10000,1,100,0.01,0.1,2,16,10,3,0.7515032027887377,0.25470519741043307,0.9993333333333334,0.0011547005383792605,0.8400747484606551,0.18274179002390872,499.6666666666667,234.33333333333334,19999265.666666668,0.3333333333333333,313.729516601563,10.9168190036888,17321.14765625,672.206518824305,55.1285713195801,0.221046941379632,388.579956054688,20.0755366541725,13642.4822265625,831.008279264868,35.1012710571289,0.389897679746104,30963.6298828125,702.309472656251
10000,1,100,0.01,0.1,2,16,20,3,0.7119674632096885,0.16964873850927845,1.0,0.0,0.8236046439607957,0.12336417682189231,500.0,234.33333333333334,19999265.666666668,0.0,483.80771484375,16.962983523115,28381.038671875,1061.37789666116,58.5927322387695,0.154388024951133,388.579956054688,20.0755366541725,13642.4822265625,831.008279264868,35.1012710571289,0.389897679746104,42023.520898437506,872.387670898438
10000,1,100,0.01,0.1,3,4,5,3,0.32308920260517565,0.15086749680274816,1.0,0.0,0.4746463089189503,0.1810088857381172,500.0,1385.0,19998115.0,0.0,307.755328369141,1.75024926979696,17067.72890625,114.464911211876,55.3864196777344,0.102371165886374,388.579956054688,20.0755366541725,13642.4822265625,831.008279264868,35.1012710571289,0.389897679746104,30710.2111328125,696.3352844238291
10000,1,100,0.01,0.1,3,4,10,3,0.4845022816913905,0.14718974097156595,1.0,0.0,0.6443429634067838,0.12714194657662745,500.0,589.0,19998911.0,0.0,458.190197753906,1.07400487584406,26854.885546875,122.517231227415,58.5530242919922,0.138457616371981,388.579956054688,20.0755366541725,13642.4822265625,831.008279264868,35.1012710571289,0.389897679746104,40497.3677734375,846.7701538085939
10000,1,100,0.01,0.1,3,4,20,3,0.6721198757616711,0.1466203736147511,1.0,0.0,0.7980314130142251,0.10063857461707158,500.0,265.6666666666667,19999234.333333332,0.0,752.076843261719,6.28882254954288,46058.27890625,418.858965355747,61.2021072387695,0.0751256847736301,388.579956054688,20.0755366541725,13642.4822265625,831.008279264868,35.1012710571289,0.389897679746104,59700.761132812506,1140.656799316407
10000,1,100,0.01,0.1,3,8,5,3,0.6514542102592088,0.21930588014175456,1.0,0.0,0.774040422091084,0.16877304625645337,500.0,338.0,19999162.0,0.0,241.983752441406,6.94479437092867,12579.183984375,464.622292377915,51.8820793151856,0.439524168102681,388.579956054688,20.0755366541725,13642.4822265625,831.008279264868,35.1012710571289,0.389897679746104,26221.666210937503,630.563708496094
10000,1,100,0.01,0.1,3,8,10,3,0.5734184775550939,0.20123047312775869,1.0,0.0,0.7147100601629125,0.16666420956377634,500.0,455.0,19999045.0,0.0,343.655773925781,15.3730667653862,18987.995703125,1001.73597835986,55.1607307434082,0.440205490531403,388.579956054688,20.0755366541725,13642.4822265625,831.008279264868,35.1012710571289,0.389897679746104,32630.477929687502,732.2357299804689
10000,1,100,0.01,0.1,3,8,20,3,0.6351986070126728,0.13138734699948182,1.0,0.0,0.7713763174188811,0.10326067876978194,500.0,313.3333333333333,19999186.666666668,0.0,531.229791259766,14.3954964567569,31359.18046875,949.466549466706,58.9659629821777,0.202349056023935,388.579956054688,20.0755366541725,13642.4822265625,831.008279264868,35.1012710571289,0.389897679746104,45001.6626953125,919.809747314454
10000,1,100,0.01,0.1,3,16,5,3,0.5063147232434656,0.0835360448712352,1.0,0.0,0.6694741254307895,0.07527419355458251,500.0,507.0,19998993.0,0.0,254.272058105469,13.4595099918976,13471.87578125,849.89394906405,52.8692489624023,0.593519008173846,388.579956054688,20.0755366541725,13642.4822265625,831.008279264868,35.1012710571289,0.389897679746104,27114.3580078125,642.8520141601571
10000,1,100,0.01,0.1,3,16,10,3,0.530176935125395,0.19790809014669922,1.0,0.0,0.6771093164620233,0.1839198604820864,500.0,567.6666666666666,19998932.333333332,0.0,364.910998535156,11.946704988897,20618.440234375,764.598606669329,56.4125953674316,0.260614210533104,388.579956054688,20.0755366541725,13642.4822265625,831.008279264868,35.1012710571289,0.389897679746104,34260.9224609375,753.490954589844
10000,1,100,0.01,0.1,3,16,20,3,0.5537140444658845,0.10435791554159542,1.0,0.0,0.7088013440794784,0.08849760537819866,500.0,426.3333333333333,19999073.666666668,0.0,588.200463867188,15.7257752437316,35163.61875,984.645656037796,59.721452331543,0.0965140148294931,388.579956054688,20.0755366541725,13642.4822265625,831.008279264868,35.1012710571289,0.389897679746104,48806.100976562506,976.780419921876
10000,1,100,0.1,0.0,1,4,5,3,0.9511367742088247,0.049545592093020216,1.0,0.0,0.9745096721790482,0.026397037260033687,500.0,26.666666666666668,19999473.333333332,0.0,235.871615600586,7.98022463350585,11911.071484375,145.886773760108,50.4641403198242,1.14920025353917,291.403790283203,11.0639098088162,10267.8244140625,336.305293467749,35.241764831543,0.178197752888143,22178.8958984375,527.2754058837891
10000,1,100,0.1,0.0,1,4,10,3,0.866691582322329,0.1905580656412762,1.0,0.0,0.9206204716685878,0.11704314964499145,500.0,99.0,19999401.0,0.0,300.168957519531,2.10473906001462,16285.5609375,106.330649281133,54.1686584472656,0.0920125507929181,291.403790283203,11.0639098088162,10267.8244140625,336.305293467749,35.241764831543,0.178197752888143,26553.3853515625,591.572747802734
10000,1,100,0.1,0.0,1,4,20,3,0.9831090728450552,0.014693779711352441,1.0,0.0,0.9914456068417183,0.007489701567953327,500.0,8.666666666666666,19999491.333333332,0.0,446.626519775391,4.82800187118244,25844.16015625,328.338296363874,57.8052146911621,0.141473848968439,291.403790283203,11.0639098088162,10267.8244140625,336.305293467749,35.241764831543,0.178197752888143,36111.9845703125,738.0303100585941
10000,1,100,0.1,0.0,1,8,5,3,0.9705986116491953,0.022624651869498916,1.0,0.0,0.9849906253516595,0.01167320378549804,500.0,15.333333333333334,19999484.666666668,0.0,212.171166992188,4.02859088181626,10491.9119140625,232.598002761243,49.3735107421875,0.157325879035834,291.403790283203,11.0639098088162,10267.8244140625,336.305293467749,35.241764831543,0.178197752888143,20759.736328125,503.57495727539106
10000,1,100,0.1,0.0,1,8,10,3,0.9041421966286572,0.16089306291869868,1.0,0.0,0.9443764581395168,0.09376442255035497,500.0,66.33333333333333,19999433.666666668,0.0,257.296203613281,2.91260006260992,13509.0716796875,197.536717122248,52.4215789794922,0.328740739960604,291.403790283203,11.0639098088162,10267.8244140625,336.305293467749,35.241764831543,0.178197752888143,23776.89609375,548.6999938964841
10000,1,100,0.1,0.0,1,8,20,3,0.6657935362542964,0.29501655567621193,1.0,0.0,0.7755720595767214,0.2020480818010979,500.0,345.6666666666667,19999154.333333332,0.0,358.888055419922,4.7925739116916,20106.53984375,336.652685091978,55.9622634887695,0.23424932345884,291.403790283203,11.0639098088162,10267.8244140625,336.305293467749,35.241764831543,0.178197752888143,30374.3642578125,650.2918457031251
10000,1,100,0.1,0.0,1,16,5,3,0.8558539655102667,0.20945190694957916,1.0,0.0,0.912455945373179,0.13122523237638983,500.0,112.66666666666667,19999387.333333332,0.0,204.924703979492,11.0545325354837,10093.916015625,754.369960052165,49.119474029541,1.09446673973833,291.403790283203,11.0639098088162,10267.8244140625,336.305293467749,35.241764831543,0.178197752888143,20361.7404296875,496.328494262695
10000,1,100,0.1,0.0,1,16,10,3,0.9762140340175023,0.02062022972121622,1.0,0.0,0.9878908466703041,0.010497905545671142,500.0,12.333333333333334,19999487.666666668,0.0,267.682263183594,3.83417471213545,14204.7853515625,242.400984832759,52.9837379455566,0.21987625093686,291.403790283203,11.0639098088162,10267.8244140625,336.305293467749,35.241764831543,0.178197752888143,24472.609765625,559.086053466797
10000,1,100,0.1,0.0,1,16,20,3,0.8865854771027184,0.12344140607673647,1.0,0.0,0.9367298277485757,0.07230230189954431,500.0,72.0,19999428.0,0.0,346.717803955078,30.9873544211715,19387.802734375,1975.8695446797,55.7782485961914,0.756402548856072,291.403790283203,11.0639098088162,10267.8244140625,336.305293467749,35.241764831543,0.178197752888143,29655.6271484375,638.121594238281
10000,1,100,0.1,0.0,2,4,5,3,0.5691992858854608,0.3666544822063009,1.0,0.0,0.6775280414767625,0.3105731580986422,500.0,757.3333333333334,19998742.666666668,0.0,269.292651367188,2.57554190328939,14368.0111328125,128.291760824841,53.2586364746094,0.137481610385986,291.403790283203,11.0639098088162,10267.8244140625,336.305293467749,35.241764831543,0.178197752888143,24635.835546875,560.6964416503911
10000,1,100,0.1,0.0,2,4,10,3,0.9921360310392418,0.010363740950358353,1.0,0.0,0.9960343339723193,0.005236130808321761,500.0,4.0,19999496.0,0.0,374.862451171875,3.00741496279183,21270.44296875,168.408599756256,56.6704200744629,0.140739430921629,291.403790283203,11.0639098088162,10267.8244140625,336.305293467749,35.241764831543,0.178197752888143,31538.2673828125,666.266241455078
10000,1,100,0.1,0.0,2,4,20,3,0.7957876982145433,0.31039552830660233,1.0,0.0,0.861155310676768,0.21811457188215833,500.0,222.33333333333334,19999277.666666668,0.0,596.87490234375,3.87382016247963,35763.04921875,255.098081646581,59.8631637573242,0.0794578441812639,291.403790283203,11.0639098088162,10267.8244140625,336.305293467749,35.241764831543,0.178197752888143,46030.873632812494,888.278692626953
10000,1,100,0.1,0.0,2,8,5,3,0.976708693748067,0.03350676666026306,1.0,0.0,0.988021394372525,0.017320749106721035,500.0,12.333333333333334,19999487.666666668,0.0,232.18249206543,1.59420564330079,11866.46328125,100.882707072336,51.0341720581055,0.121315451131118,291.403790283203,11.0639098088162,10267.8244140625,336.305293467749,35.241764831543,0.178197752888143,22134.2876953125,523.5862823486331
10000,1,100,0.1,0.0,2,8,10,3,0.7031702585483327,0.3920393611273631,1.0,0.0,0.7767734477583973,0.3195945290047122,500.0,507.6666666666667,19998992.333333332,0.0,297.419665527344,12.4852030917438,16147.45390625,809.534493177028,54.2150497436523,0.45852673916807,291.403790283203,11.0639098088162,10267.8244140625,336.305293467749,35.241764831543,0.178197752888143,26415.2783203125,588.8234558105471
10000,1,100,0.1,0.0,2,8,20,3,0.9344800539838767,0.06271798820704383,1.0,0.0,0.9654061378199309,0.0335175442923237,500.0,36.666666666666664,19999463.333333332,0.0,457.531689453125,5.78447960888306,26553.06484375,400.13589849081,57.9820175170898,0.157650950664737,291.403790283203,11.0639098088162,10267.8244140625,336.305293467749,35.241764831543,0.178197752888143,36820.889257812494,748.935479736328
10000,1,100,0.1,0.0,2,16,5,3,0.8135841926470885,0.1423860524180075,1.0,0.0,0.8927827893345134,0.08466642543456418,500.0,126.66666666666667,19999373.333333332,0.0,232.037176513672,14.5575885388081,11773.3416015625,910.256260020819,50.6201965332031,0.764332858827934,291.403790283203,11.0639098088162,10267.8244140625,336.305293467749,35.241764831543,0.178197752888143,22041.166015625,523.440966796875
10000,1,100,0.1,0.0,2,16,10,3,0.8270239978323887,0.267715693751732,1.0,0.0,0.8879438225957058,0.17792016581453687,500.0,161.33333333333334,19999338.666666668,0.0,301.550537109375,18.709951948937,16312.09765625,1181.24799532927,53.9873626708984,0.605916996438514,291.403790283203,11.0639098088162,10267.8244140625,336.305293467749,35.241764831543,0.178197752888143,26579.9220703125,592.9543273925781
10000,1,100,0.1,0.0,2,16,20,3,0.7311718931267555,0.20769686479410596,1.0,0.0,0.8342477059756348,0.13084991208823338,500.0,217.0,19999283.0,0.0,472.297192382813,22.4670202376017,27620.49453125,1430.55207994034,58.406909942627,0.278650422218387,291.403790283203,11.0639098088162,10267.8244140625,336.305293467749,35.241764831543,0.178197752888143,37888.318945312494,763.700982666016
10000,1,100,0.1,0.0,3,4,5,3,0.9110369942415112,0.1074888217823159,1.0,0.0,0.9511639383720049,0.06090860085315834,500.0,54.333333333333336,19999445.666666668,0.0,309.367376708984,1.10657788993278,17165.012109375,48.5027253067559,55.4087371826172,0.0509954058118804,291.403790283203,11.0639098088162,10267.8244140625,336.305293467749,35.241764831543,0.178197752888143,27432.836523437498,600.7711669921871
10000,1,100,0.1,0.0,3,4,10,3,0.8560778869933158,0.13941819503868866,1.0,0.0,0.9182085835533843,0.08488167678503167,500.0,95.66666666666667,19999404.333333332,0.0,461.552117919922,1.2787503032064,27128.90546875,57.8482814286268,58.7198974609375,0.0975276224906573,291.403790283203,11.0639098088162,10267.8244140625,336.305293467749,35.241764831543,0.178197752888143,37396.7298828125,752.9559082031251
10000,1,100,0.1,0.0,3,4,20,3,0.8342014908235034,0.08738402199457121,1.0,0.0,0.9079775663015289,0.05132547063022306,500.0,103.66666666666667,19999396.333333332,0.0,760.035009765625,8.7167260608878,46594.39453125,568.882970988037,61.2655471801758,0.0547667384106737,291.403790283203,11.0639098088162,10267.8244140625,336.305293467749,35.241764831543,0.178197752888143,56862.2189453125,1051.438800048828
10000,1,100,0.1,0.0,3,8,5,3,0.5684797351464018,0.24054598506941935,1.0,0.0,0.7045121118050836,0.19999724802609575,500.0,505.3333333333333,19998994.666666668,0.0,243.954254150391,8.55128766562589,12710.917578125,546.43821077135,52.0134963989258,0.414493667184884,291.403790283203,11.0639098088162,10267.8244140625,336.305293467749,35.241764831543,0.178197752888143,22978.741992187497,535.358044433594
10000,1,100,0.1,0.0,3,8,10,3,0.7463807334858097,0.14933072785863152,1.0,0.0,0.8492588874445192,0.09685688361832986,500.0,187.66666666666666,19999312.333333332,0.0,346.229748535156,11.1116876562211,19381.36640625,703.9898299497,55.9023529052734,0.250335799417981,291.403790283203,11.0639098088162,10267.8244140625,336.305293467749,35.241764831543,0.178197752888143,29649.1908203125,637.633538818359
10000,1,100,0.1,0.0,3,8,20,3,0.8987627974237332,0.12370629744611288,1.0,0.0,0.9435878734004076,0.07125914309213206,500.0,64.0,19999436.0,0.0,508.285424804688,13.7741124295485,29943.878515625,902.477351758318,58.8489730834961,0.19950687781675,291.403790283203,11.0639098088162,10267.8244140625,336.305293467749,35.241764831543,0.178197752888143,40211.7029296875,799.689215087891
10000,1,100,0.1,0.0,3,16,5,3,0.9783199657670538,0.026508625070745757,1.0,0.0,0.9889194979512127,0.013622800061403088,500.0,11.333333333333334,19999488.666666668,0.0,252.103967285156,18.1597860935976,13402.67265625,1124.2320486983,53.044718170166,0.725443115193518,291.403790283203,11.0639098088162,10267.8244140625,336.305293467749,35.241764831543,0.178197752888143,23670.4970703125,543.507757568359
10000,1,100,0.1,0.0,3,16,10,3,0.5627622778843447,0.32817881782728037,1.0,0.0,0.6843831921909551,0.25702804484374814,500.0,602.0,19998898.0,0.0,370.346148681641,16.3843160033801,20862.991015625,1025.58202660027,56.2544990539551,0.279261110096205,291.403790283203,11.0639098088162,10267.8244140625,336.305293467749,35.241764831543,0.178197752888143,31130.8154296875,661.749938964844
10000,1,100,0.1,0.0,3,16,20,3,0.6325739795440141,0.44404450455381994,1.0,0.0,0.698820095498809,0.41980269346769056,500.0,1265.3333333333333,19998234.666666668,0.0,573.703387451172,39.1092090313675,34271.116796875,2500.32605018674,59.669849395752,0.320069307637574,291.403790283203,11.0639098088162,10267.8244140625,336.305293467749,35.241764831543,0.178197752888143,44538.9412109375,865.107177734375
10000,1,100,0.1,0.01,1,4,5,3,0.6906004382558045,0.07055820269482889,1.0,0.0,0.8155865098201973,0.05038885884477223,500.0,229.33333333333334,19999270.666666668,0.0,241.305706787109,8.37420928276966,12136.8294921875,119.034363249959,50.2598281860352,1.21425269267888,291.531207275391,10.8410400151288,10249.74375,329.264893993985,35.1664360046387,0.172942160184211,22386.5732421875,532.8369140625
10000,1,100,0.1,0.01,1,4,10,3,0.6602788511025918,0.31563683000452575,1.0,0.0,0.7618764084952162,0.26437513882947833,500.0,459.0,19999041.0,0.0,299.839050292969,1.14154984264839,16378.442578125,123.088095436891,54.5439605712891,0.289736115800838,291.531207275391,10.8410400151288,10249.74375,329.264893993985,35.1664360046387,0.172942160184211,26628.186328124997,591.37025756836
10000,1,100,0.1,0.01,1,4,20,3,0.9290278853725917,0.03330240099832102,1.0,0.0,0.9630005578518944,0.018054856834972065,500.0,38.666666666666664,19999461.333333332,0.0,446.397021484375,5.484782913096,25919.546484375,375.860046447319,58.0058479309082,0.155641727153136,291.531207275391,10.8410400151288,10249.74375,329.264893993985,35.1664360046387,0.172942160184211,36169.290234375,737.928228759766
10000,1,100,0.1,0.01,1,8,5,3,0.8230074961783825,0.19362060193338518,1.0,0.0,0.8941977139128557,0.12317274809096496,500.0,133.66666666666666,19999366.333333332,0.0,212.456005859375,2.99618840175943,10619.775,189.454190344741,49.921297454834,0.191009622940424,291.531207275391,10.8410400151288,10249.74375,329.264893993985,35.1664360046387,0.172942160184211,20869.51875,503.987213134766
10000,1,100,0.1,0.01,1,8,10,3,0.555780826156552,0.09758480373216873,1.0,0.0,0.7109654673133375,0.08385469854561323,500.0,420.6666666666667,19999079.333333332,0.0,262.399063110352,4.70785446200121,13872.8078125,280.742372485226,52.7961448669434,0.153811159577994,291.531207275391,10.8410400151288,10249.74375,329.264893993985,35.1664360046387,0.172942160184211,24122.551562499997,553.930270385743
10000,1,100,0.1,0.01,1,8,20,3,0.780543374577097,0.15579735112367554,1.0,0.0,0.871151882417932,0.09600323936199152,500.0,157.0,19999343.0,0.0,364.880364990234,9.64064832614615,20563.668359375,645.803512292917,56.2890625,0.304640995610392,291.531207275391,10.8410400151288,10249.74375,329.264893993985,35.1664360046387,0.172942160184211,30813.412109375,656.411572265625
10000,1,100,0.1,0.01,1,16,5,3,0.6812695436106474,0.1988145011323177,1.0,0.0,0.7984974019444452,0.15134337852888027,500.0,286.6666666666667,19999213.333333332,0.0,211.537115478516,2.4531474611027,10630.953515625,160.400047653029,50.1798820495606,0.186169756764687,291.531207275391,10.8410400151288,10249.74375,329.264893993985,35.1664360046387,0.172942160184211,20880.697265625,503.068322753907
10000,1,100,0.1,0.01,1,16,10,3,0.5980103205658561,0.24855533769852944,1.0,0.0,0.7271412909554545,0.20613281860708435,500.0,463.0,19999037.0,0.0,257.557162475586,15.4873217798864,13612.9802734375,1026.67195534611,52.7129821777344,0.896682808875305,291.531207275391,10.8410400151288,10249.74375,329.264893993985,35.1664360046387,0.172942160184211,23862.7240234375,549.088369750977
10000,1,100,0.1,0.01,1,16,20,3,0.7227317321176848,0.21879372463387078,1.0,0.0,0.8263665220375275,0.15023965932543976,500.0,238.33333333333334,19999261.666666668,0.0,369.069567871094,8.70764717639105,20965.71640625,557.614189306738,56.7186271667481,0.267675397962068,291.531207275391,10.8410400151288,10249.74375,329.264893993985,35.1664360046387,0.172942160184211,31215.460156250003,660.600775146485
10000,1,100,0.1,0.01,2,4,5,3,0.5742783564977361,0.30008593256351823,1.0,0.0,0.6966833670870378,0.26021305467895317,500.0,611.0,19998889.0,0.0,269.735797119141,1.29656244047523,14528.3255859375,92.2012063942551,53.7807228088379,0.116371129110413,291.531207275391,10.8410400151288,10249.74375,329.264893993985,35.1664360046387,0.172942160184211,24778.0693359375,561.267004394532
10000,1,100,0.1,0.01,2,4,10,3,0.6881920688841917,0.1606708453565642,1.0,0.0,0.8084022999048884,0.10878676704948155,500.0,251.33333333333334,19999248.666666668,0.0,376.441052246094,1.14270451027669,21471.170703125,65.4344227717467,56.9633323669434,0.0990510278147371,291.531207275391,10.8410400151288,10249.74375,329.264893993985,35.1664360046387,0.172942160184211,31720.914453125,667.9722595214851
10000,1,100,0.1,0.01,2,4,20,3,0.9630046244219472,0.018400739737952122,1.0,0.0,0.9810943347528713,0.009499568889105369,500.0,19.333333333333332,19999480.666666668,0.0,596.924389648438,6.72296349427922,35835.40546875,453.265070460014,59.9813468933105,0.0884473986538854,291.531207275391,10.8410400151288,10249.74375,329.264893993985,35.1664360046387,0.172942160184211,46085.149218750004,888.455596923829
10000,1,100,0.1,0.01,2,8,5,3,0.5752718757493689,0.26118582939347285,1.0,0.0,0.7084905235861004,0.1982644482268155,500.0,480.6666666666667,19999019.333333332,0.0,230.689202880859,6.144209924141,11853.4921875,434.058251545646,51.3003646850586,0.555071364398471,291.531207275391,10.8410400151288,10249.74375,329.264893993985,35.1664360046387,0.172942160184211,22103.2359375,522.22041015625
10000,1,100,0.1,0.01,2,8,10,3,0.5819549853369589,0.032895822116556686,1.0,0.0,0.7353775735007252,0.026255288716914252,500.0,361.0,19999139.0,0.0,306.623944091797,5.33936391684479,16779.6064453125,349.418978136058,54.6524833679199,0.188398754960027,291.531207275391,10.8410400151288,10249.74375,329.264893993985,35.1664360046387,0.172942160184211,27029.3501953125,598.155151367188
10000,1,100,0.1,0.01,2,8,20,3,0.855921235564289,0.11204701891298997,1.0,0.0,0.9197911564815433,0.06405274071418124,500.0,90.66666666666667,19999409.333333332,0.0,458.255084228516,23.4140153442467,26671.74453125,1497.55354479779,58.1321594238281,0.311485169587953,291.531207275391,10.8410400151288,10249.74375,329.264893993985,35.1664360046387,0.172942160184211,36921.48828125,749.786291503907
10000,1,100,0.1,0.01,2,16,5,3,0.6893263854761704,0.230093610552708,1.0,0.0,0.8000349646767656,0.1769162898616645,500.0,298.3333333333333,19999201.666666668,0.0,237.742333984375,11.0856511536083,12146.8908203125,698.560529539263,50.9922607421875,0.564729675249601,291.531207275391,10.8410400151288,10249.74375,329.264893993985,35.1664360046387,0.172942160184211,22396.634570312497,529.273541259766
10000,1,100,0.1,0.01,2,16,10,3,0.730801007128682,0.3602052124299841,1.0,0.0,0.8055916217301626,0.2804295887753184,500.0,380.0,19999120.0,0.0,289.867443847656,17.7025017747493,15757.43046875,1154.94734148106,54.2554298400879,0.682061651481416,291.531207275391,10.8410400151288,10249.74375,329.264893993985,35.1664360046387,0.172942160184211,26007.17421875,581.398651123047
10000,1,100,0.1,0.01,2,16,20,3,0.6892571503025348,0.20529894753331868,1.0,0.0,0.8045567667975164,0.14213321734488948,500.0,269.0,19999231.0,0.0,476.939050292969,21.3640263550555,27922.055859375,1358.77073136397,58.4640296936035,0.24408990658131,291.531207275391,10.8410400151288,10249.74375,329.264893993985,35.1664360046387,0.172942160184211,38171.799609375,768.47025756836
10000,1,100,0.1,0.01,3,4,5,3,0.6246612608096852,0.2911710943876066,1.0,0.0,0.744383886535522,0.20601770314759882,500.0,407.0,19999093.0,0.0,307.700823974609,2.4901269421011,17062.160546875,150.364571020369,55.3702339172363,0.0601543769819636,291.531207275391,10.8410400151288,10249.74375,329.264893993985,35.1664360046387,0.172942160184211,27311.904296875,599.2320312500001
10000,1,100,0.1,0.01,3,4,10,3,0.6719287394654819,0.31754585524927664,1.0,0.0,0.7736532968816835,0.23929790366051965,500.0,390.6666666666667,19999109.333333332,0.0,455.453460693359,2.23081614457948,26708.9234375,153.746426600171,58.5770324707031,0.0758480888014511,291.531207275391,10.8410400151288,10249.74375,329.264893993985,35.1664360046387,0.172942160184211,36958.6671875,746.98466796875
10000,1,100,0.1,0.01,3,4,20,3,0.6741509797456094,0.21960500737034327,1.0,0.0,0.792485102846684,0.14728274062821758,500.0,288.6666666666667,19999211.333333332,0.0,758.331860351563,4.93130141942759,46448.39375,328.478326392205,61.2072525024414,0.0582903121269741,291.531207275391,10.8410400151288,10249.74375,329.264893993985,35.1664360046387,0.172942160184211,56698.137500000004,1049.863067626954
10000,1,100,0.1,0.01,3,8,5,3,0.7627308343405131,0.1756886492982277,1.0,0.0,0.8580718698947535,0.11036475136198935,500.0,178.0,19999322.0,0.0,248.475061035156,4.89793818041227,13007.8435546875,357.240207016492,52.2743209838867,0.50870047819972,291.531207275391,10.8410400151288,10249.74375,329.264893993985,35.1664360046387,0.172942160184211,23257.5873046875,540.0062683105471
10000,1,100,0.1,0.01,3,8,10,3,0.5272479805178852,0.30057254611156436,1.0,0.0,0.6577135737265672,0.25073983239537223,500.0,678.6666666666666,19998821.333333332,0.0,348.631671142578,12.2952096736726,19515.850390625,800.881731658457,55.8914840698242,0.323033894816997,291.531207275391,10.8410400151288,10249.74375,329.264893993985,35.1664360046387,0.172942160184211,29765.594140625,640.1628784179691
10000,1,100,0.1,0.01,3,8,20,3,0.7416958502431369,0.27515382594382687,1.0,0.0,0.8305775651831713,0.20071325144213834,500.0,260.3333333333333,19999239.666666668,0.0,517.099920654297,18.1819333095475,30509.101953125,1175.92907821565,58.9360107421875,0.211604802406094,291.531207275391,10.8410400151288,10249.74375,329.264893993985,35.1664360046387,0.172942160184211,40758.845703125,808.631127929688
10000,1,100,0.1,0.01,3,16,5,3,0.6744215135216866,0.2645004786952632,1.0,0.0,0.7832860116554562,0.21148592573481614,500.0,354.6666666666667,19999145.333333332,0.0,259.231530761719,11.5618281612327,13755.1421875,727.407566477755,52.9705055236816,0.461850950815658,291.531207275391,10.8410400151288,10249.74375,329.264893993985,35.1664360046387,0.172942160184211,24004.8859375,550.76273803711
10000,1,100,0.1,0.01,3,16,10,3,0.3722534398014934,0.25777132932462327,1.0,0.0,0.5069802041767583,0.28564460374832895,500.0,1671.3333333333333,19997828.666666668,0.0,362.38154296875,9.82135171322366,20466.821484375,628.885217542571,56.3949020385742,0.214925124682848,291.531207275391,10.8410400151288,10249.74375,329.264893993985,35.1664360046387,0.172942160184211,30716.565234374997,653.9127502441411
10000,1,100,0.1,0.01,3,16,20,3,0.5397623891373625,0.44119660487274115,1.0,0.0,0.624495019178347,0.40655728439922306,500.0,1586.6666666666667,19997913.333333332,0.0,578.214208984375,28.7782947127516,34536.2328125,1874.93609671149,59.6641906738281,0.31557100488745,291.531207275391,10.8410400151288,10249.74375,329.264893993985,35.1664360046387,0.172942160184211,44785.9765625,869.745416259766
10000,1,100,0.1,0.1,1,4,5,3,0.39049793910391334,0.018282762343424946,1.0,0.0,0.5614995007020817,0.019032833151897535,500.0,782.3333333333334,19998717.666666668,0.0,243.063427734375,9.73494707641283,12182.87421875,228.506925020854,50.0866256713867,1.12979525439865,296.298645019531,9.25569248970691,10384.3763671875,288.493944844082,35.0543830871582,0.121094186132169,22567.2505859375,539.362072753906
10000,1,100,0.1,0.1,1,4,10,3,0.47072979316861946,0.00690471676463251,1.0,0.0,0.6401108986642957,0.0063905953309920565,500.0,562.3333333333334,19998937.666666668,0.0,307.664709472656,3.8411935226993,16539.381640625,151.557793246021,53.6831748962402,0.21426987259266,296.298645019531,9.25569248970691,10384.3763671875,288.493944844082,35.0543830871582,0.121094186132169,26923.758007812503,603.963354492187
10000,1,100,0.1,0.1,1,4,20,3,0.5314893730878606,0.026838579753275367,1.0,0.0,0.6938155501373892,0.02278178073337743,500.0,442.3333333333333,19999057.666666668,0.0,444.519714355469,2.35310947213933,25545.499609375,161.237863825713,57.4084480285645,0.0884659969787616,296.298645019531,9.25569248970691,10384.3763671875,288.493944844082,35.0543830871582,0.121094186132169,35929.8759765625,740.818359375
10000,1,100,0.1,0.1,1,8,5,3,0.30771213030944317,0.10176540480081614,1.0,0.0,0.46458394763575295,0.11625229475812694,500.0,1240.0,19998260.0,0.0,210.217245483398,4.64224761747738,10391.026171875,296.801246497141,49.3424293518066,0.34410106321293,296.298645019531,9.25569248970691,10384.3763671875,288.493944844082,35.0543830871582,0.121094186132169,20775.402539062503,506.515890502929
10000,1,100,0.1,0.1,1,8,10,3,0.471788834870601,0.07874991330071983,1.0,0.0,0.6384967115698289,0.07327852914239882,500.0,580.3333333333334,19998919.666666668,0.0,265.879931640625,3.94026630618795,14012.7740234375,253.407939867789,52.6246505737305,0.226468029648544,296.298645019531,9.25569248970691,10384.3763671875,288.493944844082,35.0543830871582,0.121094186132169,24397.150390625,562.1785766601561
10000,1,100,0.1,0.1,1,8,20,3,0.6009884753471438,0.021197309454257428,1.0,0.0,0.7506247103550349,0.01666067629892375,500.0,332.6666666666667,19999167.333333332,0.0,361.770690917969,7.48419932159733,20312.701953125,490.013169149194,56.0775581359863,0.227226782830404,296.298645019531,9.25569248970691,10384.3763671875,288.493944844082,35.0543830871582,0.121094186132169,30697.078320312503,658.0693359375
10000,1,100,0.1,0.1,1,16,5,3,0.36104572356884973,0.053855970182766943,1.0,0.0,0.5289711796298271,0.05953415952493453,500.0,907.6666666666666,19998592.333333332,0.0,207.177038574219,10.5572191817952,10238.7119140625,726.005550210928,49.2783630371094,1.04953859214144,296.298645019531,9.25569248970691,10384.3763671875,288.493944844082,35.0543830871582,0.121094186132169,20623.08828125,503.47568359375003
10000,1,100,0.1,0.1,1,16,10,3,0.622093898646122,0.06557821597597019,1.0,0.0,0.7656878919126311,0.04965141099060942,500.0,309.6666666666667,19999190.333333332,0.0,257.189474487305,10.9435306481782,13573.5134765625,728.980868313348,52.6699752807617,0.651992904505772,296.298645019531,9.25569248970691,10384.3763671875,288.493944844082,35.0543830871582,0.121094186132169,23957.889843750003,553.488119506836
10000,1,100,0.1,0.1,1,16,20,3,0.41930063478539087,0.2824643029791555,1.0,0.0,0.5479615077567451,0.3236102179186189,500.0,1801.6666666666667,19997698.333333332,0.0,363.833508300781,19.0299018414512,20510.891015625,1252.53109503206,56.2859481811523,0.510772634221207,296.298645019531,9.25569248970691,10384.3763671875,288.493944844082,35.0543830871582,0.121094186132169,30895.267382812497,660.132153320312
10000,1,100,0.1,0.1,2,4,5,3,0.36224427744748944,0.18593623161387868,1.0,0.0,0.5125966827982217,0.2119086800116362,500.0,1264.6666666666667,19998235.333333332,0.0,267.252197265625,1.94290512517253,14306.5103515625,123.442706806472,53.4603103637695,0.116928914786751,296.298645019531,9.25569248970691,10384.3763671875,288.493944844082,35.0543830871582,0.121094186132169,24690.88671875,563.550842285156
10000,1,100,0.1,0.1,2,4,10,3,0.461069745090599,0.049566375129313195,1.0,0.0,0.6300711004558672,0.04726244180366196,500.0,593.3333333333334,19998906.666666668,0.0,377.398327636719,2.75394638611244,21485.889453125,178.691373257149,56.8660331726074,0.106506216234929,296.298645019531,9.25569248970691,10384.3763671875,288.493944844082,35.0543830871582,0.121094186132169,31870.265820312503,673.69697265625
10000,1,100,0.1,0.1,2,4,20,3,0.5133533883892244,0.17823005768927166,1.0,0.0,0.665663200567904,0.16290980854367557,500.0,571.6666666666666,19998928.333333332,0.0,589.587145996094,4.24889640195614,35326.5515625,223.452737015978,59.8679061889648,0.06408937615706,296.298645019531,9.25569248970691,10384.3763671875,288.493944844082,35.0543830871582,0.121094186132169,45710.927929687496,885.885791015625
10000,1,100,0.1,0.1,2,8,5,3,0.43599658373882577,0.11144054031615097,1.0,0.0,0.6013766159139975,0.11332573353226737,500.0,708.0,19998792.0,0.0,230.32883605957,6.22648758270761,11783.9876953125,387.626451399718,51.0769180297852,0.330898612260055,296.298645019531,9.25569248970691,10384.3763671875,288.493944844082,35.0543830871582,0.121094186132169,22168.3640625,526.627481079101
10000,1,100,0.1,0.1,2,8,10,3,0.5484404604898546,0.07696012465178381,1.0,0.0,0.7062996139607947,0.06272719104534158,500.0,423.0,19999077.0,0.0,306.931970214844,7.50740758185026,16617.345703125,490.688073535779,54.0638931274414,0.271435469908977,296.298645019531,9.25569248970691,10384.3763671875,288.493944844082,35.0543830871582,0.121094186132169,27001.7220703125,603.230615234375
10000,1,100,0.1,0.1,2,8,20,3,0.614680321584165,0.04141679797481619,1.0,0.0,0.7608130810270385,0.03225988701706034,500.0,316.0,19999184.0,0.0,449.556384277344,16.0920177237437,26097.36328125,1027.03704916922,57.985132598877,0.217367092989901,296.298645019531,9.25569248970691,10384.3763671875,288.493944844082,35.0543830871582,0.121094186132169,36481.7396484375,745.855029296875
10000,1,100,0.1,0.1,2,16,5,3,0.5227428846770211,0.11418122676061081,1.0,0.0,0.6818426759558552,0.09478122049492396,500.0,484.3333333333333,19999015.666666668,0.0,235.254641723633,8.79471844426554,12020.7744140625,528.071348474345,51.0046127319336,0.339089776712719,296.298645019531,9.25569248970691,10384.3763671875,288.493944844082,35.0543830871582,0.121094186132169,22405.15078125,531.553286743164
10000,1,100,0.1,0.1,2,16,10,3,0.5792905079141984,0.04842940876699894,1.0,0.0,0.732826421753254,0.038259155147550225,500.0,367.0,19999133.0,0.0,299.403106689453,13.0228567564733,16409.6658203125,837.032111422749,54.717342376709,0.424400511145722,296.298645019531,9.25569248970691,10384.3763671875,288.493944844082,35.0543830871582,0.121094186132169,26794.042187500003,595.701751708984
10000,1,100,0.1,0.1,2,16,20,3,0.3443623668555598,0.13292030653984155,1.0,0.0,0.5022826069657311,0.15225982963689438,500.0,1139.0,19998361.0,0.0,476.389440917969,11.6235925506027,27979.803515625,680.677108088309,58.6771965026856,0.0438560793826619,296.298645019531,9.25569248970691,10384.3763671875,288.493944844082,35.0543830871582,0.121094186132169,38364.1798828125,772.6880859375001
10000,1,100,0.1,0.1,3,4,5,3,0.4389726143300576,0.11597099367319381,1.0,0.0,0.6041758021759148,0.11072828653022149,500.0,692.3333333333334,19998807.666666668,0.0,310.351123046875,1.05895585127591,17266.78046875,64.6919466339478,55.5738571166992,0.0669981268048175,296.298645019531,9.25569248970691,10384.3763671875,288.493944844082,35.0543830871582,0.121094186132169,27651.1568359375,606.6497680664061
10000,1,100,0.1,0.1,3,4,10,3,0.4933434831512244,0.11335412943760056,1.0,0.0,0.6557765592445626,0.09775554631650878,500.0,546.0,19998954.0,0.0,455.465362548828,2.15749659827598,26749.8484375,120.490646351301,58.6759948730469,0.0354269780419691,296.298645019531,9.25569248970691,10384.3763671875,288.493944844082,35.0543830871582,0.121094186132169,37134.2248046875,751.764007568359
10000,1,100,0.1,0.1,3,4,20,3,0.5419466908911116,0.17807590009181254,1.0,0.0,0.6905065542790282,0.1615028915382321,500.0,511.6666666666667,19998988.333333332,0.0,764.87705078125,5.21302293065733,46776.553125,288.343022478541,61.1083343505859,0.0386917046409541,296.298645019531,9.25569248970691,10384.3763671875,288.493944844082,35.0543830871582,0.121094186132169,57160.9294921875,1061.1756958007809
10000,1,100,0.1,0.1,3,8,5,3,0.14996313280911883,0.06065038130126211,1.0,0.0,0.2574845960330128,0.09468845667420242,500.0,3382.6666666666665,19996117.333333332,0.0,249.886795043945,10.1628477328893,13170.1744140625,628.260721643164,52.6092811584473,0.429351339588729,296.298645019531,9.25569248970691,10384.3763671875,288.493944844082,35.0543830871582,0.121094186132169,23554.55078125,546.185440063476
10000,1,100,0.1,0.1,3,8,10,3,0.4918549488082664,0.14543768792042858,1.0,0.0,0.6503289301797839,0.13937642273303583,500.0,593.3333333333334,19998906.666666668,0.0,332.400360107422,8.78485868358383,18510.54921875,523.714283022431,55.6077285766602,0.106694630872582,296.298645019531,9.25569248970691,10384.3763671875,288.493944844082,35.0543830871582,0.121094186132169,28894.925585937497,628.699005126953
10000,1,100,0.1,0.1,3,8,20,3,0.45300522121089015,0.10143744707015072,1.0,0.0,0.6192208022193683,0.09286399062496278,500.0,637.6666666666666,19998862.333333332,0.0,520.202301025391,12.924916688544,30788.30859375,839.728439551241,59.1228904724121,0.164302179108054,296.298645019531,9.25569248970691,10384.3763671875,288.493944844082,35.0543830871582,0.121094186132169,41172.6849609375,816.500946044922
10000,1,100,0.1,0.1,3,16,5,3,0.3497111132760226,0.11224151507414974,1.0,0.0,0.5111995247049769,0.12641873717090465,500.0,1047.3333333333333,19998452.666666668,0.0,250.072750854492,13.9590446308288,13260.7095703125,890.530427710101,52.93720703125,0.628631873502733,296.298645019531,9.25569248970691,10384.3763671875,288.493944844082,35.0543830871582,0.121094186132169,23645.0859375,546.371395874023
10000,1,100,0.1,0.1,3,16,10,3,0.4691233253200937,0.20750587684920402,1.0,0.0,0.6187643118460421,0.21121288489043377,500.0,787.6666666666666,19998712.333333332,0.0,354.131170654297,29.2919672140825,20084.615625,1880.66295635604,56.5794464111328,0.695300777331795,296.298645019531,9.25569248970691,10384.3763671875,288.493944844082,35.0543830871582,0.121094186132169,30468.991992187497,650.429815673828
10000,1,100,0.1,0.1,3,16,20,3,0.255411300264861,0.23673486244133718,1.0,0.0,0.37182507132174414,0.27922402764406656,500.0,2761.0,19996739.0,0.0,601.805065917969,9.33230874852568,36119.825,574.266511998548,59.9675300598145,0.0712235432743991,296.298645019531,9.25569248970691,10384.3763671875,288.493944844082,35.0543830871582,0.121094186132169,46504.201367187496,898.1037109375001
10000,1,200,0.01,0.0,1,4,5,3,0.9335655516260113,0.04244270696786787,1.0,0.0,0.965306296970666,0.022906045102265606,500.0,36.333333333333336,19999463.666666668,0.0,240.914776611328,8.09295058137913,12169.4283203125,178.855725504684,50.4633735656738,0.976357774549978,600.151049804688,41.0570339030593,20268.4375,1187.83956839895,33.7968605041504,0.303428469928305,32437.8658203125,841.065826416016
10000,1,200,0.01,0.0,1,4,10,3,0.9409425142728202,0.09207233887488685,1.0,0.0,0.9679813273310754,0.05032350865587893,500.0,35.0,19999465.0,0.0,306.787884521484,1.87503481500808,16647.41640625,107.611252114851,54.2004341125488,0.0614729070446688,600.151049804688,41.0570339030593,20268.4375,1187.83956839895,33.7968605041504,0.303428469928305,36915.85390625,906.938934326172
10000,1,200,0.01,0.0,1,4,20,3,0.9515219855393079,0.04690667042900608,1.0,0.0,0.9747625673269642,0.0247339993489268,500.0,26.333333333333332,19999473.666666668,0.0,446.778289794922,1.62836871620284,25967.02109375,102.796597085285,58.0621040344238,0.0649738235966353,600.151049804688,41.0570339030593,20268.4375,1187.83956839895,33.7968605041504,0.303428469928305,46235.45859375,1046.92933959961
10000,1,200,0.01,0.0,1,8,5,3,0.8968187839670483,0.16164055870327745,1.0,0.0,0.9402074721727413,0.09497399809795323,500.0,71.33333333333333,19999428.666666668,0.0,211.130184936523,3.31980335405214,10500.4833984375,215.657448208505,49.6688484191895,0.246520156398494,600.151049804688,41.0570339030593,20268.4375,1187.83956839895,33.7968605041504,0.303428469928305,30768.9208984375,811.2812347412109
10000,1,200,0.01,0.0,1,8,10,3,0.9712560427241215,0.023569186606301192,1.0,0.0,0.9853216376269187,0.012146642899975616,500.0,15.0,19999485.0,0.0,262.978167724609,5.92219019546088,13901.080078125,381.325418205134,52.766968536377,0.308267068484765,600.151049804688,41.0570339030593,20268.4375,1187.83956839895,33.7968605041504,0.303428469928305,34169.517578125,863.129217529297
10000,1,200,0.01,0.0,1,8,20,3,0.9513669460090671,0.0773343196125684,1.0,0.0,0.973977969985954,0.04161429085975342,500.0,28.0,19999472.0,0.0,367.674871826172,5.44085126989831,20530.958984375,338.399297092601,55.7806663513184,0.0997045989480128,600.151049804688,41.0570339030593,20268.4375,1187.83956839895,33.7968605041504,0.303428469928305,40799.396484375,967.82592163086
10000,1,200,0.01,0.0,1,16,5,3,0.9888618169161155,0.01007261830395094,1.0,0.0,0.9943825564284333,0.005083489178547992,500.0,5.666666666666667,19999494.333333332,0.0,208.471200561523,8.42905158362143,10434.678125,554.929357269761,49.9501602172852,0.718937647666965,600.151049804688,41.0570339030593,20268.4375,1187.83956839895,33.7968605041504,0.303428469928305,30703.115625,808.622250366211
10000,1,200,0.01,0.0,1,16,10,3,0.9469277392455252,0.07477483420257248,1.0,0.0,0.9717063771490988,0.04038882411109259,500.0,30.333333333333332,19999469.666666668,0.0,260.946481323242,5.3146842408738,13878.3580078125,371.49334319793,53.1003570556641,0.390272758396147,600.151049804688,41.0570339030593,20268.4375,1187.83956839895,33.7968605041504,0.303428469928305,34146.7955078125,861.09753112793
10000,1,200,0.01,0.0,1,16,20,3,0.8944169531464793,0.0998751116193358,1.0,0.0,0.942316696733823,0.055491911824555026,500.0,63.666666666666664,19999436.333333332,0.0,365.648168945313,7.66532273635514,20677.157421875,481.665843307759,56.4825271606445,0.148463372741055,600.151049804688,41.0570339030593,20268.4375,1187.83956839895,33.7968605041504,0.303428469928305,40945.594921875,965.799218750001
10000,1,200,0.01,0.0,2,4,5,3,0.7056477643132432,0.40932969911560024,1.0,0.0,0.7734056885230737,0.338117871272545,500.0,556.0,19998944.0,0.0,268.6396484375,1.69674289223803,14373.2388671875,112.754363004932,53.4176345825195,0.098191391097866,600.151049804688,41.0570339030593,20268.4375,1187.83956839895,33.7968605041504,0.303428469928305,34641.6763671875,868.790698242188
10000,1,200,0.01,0.0,2,4,10,3,0.8920504393021051,0.08839268777031273,1.0,0.0,0.9414456390301872,0.04816449316987052,500.0,64.0,19999436.0,0.0,379.206414794922,1.13035216583817,21568.528125,92.3050752279732,56.8031547546387,0.0805451443605466,600.151049804688,41.0570339030593,20268.4375,1187.83956839895,33.7968605041504,0.303428469928305,41836.965625,979.35746459961
10000,1,200,0.01,0.0,2,4,20,3,0.9339300759792349,0.10931198835861551,1.0,0.0,0.9635546740772618,0.06055332141285947,500.0,40.666666666666664,19999459.333333332,0.0,601.276330566406,3.44983568724547,35920.79609375,215.56265529575,59.695573425293,0.0453280160807123,600.151049804688,41.0570339030593,20268.4375,1187.83956839895,33.7968605041504,0.303428469928305,56189.23359375,1201.427380371094
10000,1,200,0.01,0.0,2,8,5,3,0.9934096930579573,0.0069246138551536,1.0,0.0,0.9966858774883559,0.003486915135217461,500.0,3.3333333333333335,19999496.666666668,0.0,234.619546508789,6.44396550741157,11884.87109375,431.220089519451,50.5633438110352,0.446096722737828,600.151049804688,41.0570339030593,20268.4375,1187.83956839895,33.7968605041504,0.303428469928305,32153.30859375,834.770596313477
10000,1,200,0.01,0.0,2,8,10,3,0.9215606145330368,0.12055382660022008,1.0,0.0,0.9563385923163349,0.06792035168970278,500.0,49.333333333333336,19999450.666666668,0.0,294.612133789063,4.29470955967069,16016.4865234375,254.596085338358,54.2815383911133,0.0867632902480718,600.151049804688,41.0570339030593,20268.4375,1187.83956839895,33.7968605041504,0.303428469928305,36284.9240234375,894.763183593751
10000,1,200,0.01,0.0,2,8,20,3,0.8963671165459636,0.1315267227111007,1.0,0.0,0.9418221288438612,0.07634303724995609,500.0,66.66666666666667,19999433.333333332,0.0,451.092431640625,17.3542143236948,26190.030078125,1119.41558329654,57.9855026245117,0.263288166835823,600.151049804688,41.0570339030593,20268.4375,1187.83956839895,33.7968605041504,0.303428469928305,46458.467578125,1051.2434814453131
10000,1,200,0.01,0.0,2,16,5,3,0.9641161924255868,0.03211230741887882,1.0,0.0,0.9815473284606179,0.01678737704493716,500.0,19.0,19999481.0,0.0,230.025213623047,17.7532475719622,11816.401953125,1128.38348543032,51.2203758239746,0.994259602128563,600.151049804688,41.0570339030593,20268.4375,1187.83956839895,33.7968605041504,0.303428469928305,32084.839453125,830.176263427735
10000,1,200,0.01,0.0,2,16,10,3,0.7711209082272501,0.22201202414730495,1.0,0.0,0.8588573319535509,0.14294497244391513,500.0,186.66666666666666,19999313.333333332,0.0,309.339996337891,14.3571872469776,17004.1556640625,880.580726790368,54.8782089233398,0.325402417434698,600.151049804688,41.0570339030593,20268.4375,1187.83956839895,33.7968605041504,0.303428469928305,37272.5931640625,909.4910461425791
10000,1,200,0.01,0.0,2,16,20,3,0.9513774858602444,0.07744517992715247,1.0,0.0,0.9739806207269687,0.04166423478593023,500.0,28.0,19999472.0,0.0,484.742340087891,14.1208559950524,28406.9921875,883.137860142509,58.5482414245605,0.113951168178541,600.151049804688,41.0570339030593,20268.4375,1187.83956839895,33.7968605041504,0.303428469928305,48675.4296875,1084.893389892579
10000,1,200,0.01,0.0,3,4,5,3,0.9588878709890191,0.05601675529137362,1.0,0.0,0.9784465715558369,0.02968657668479122,500.0,22.666666666666668,19999477.333333332,0.0,308.74912109375,1.62673008494724,17084.621484375,72.3979259636482,55.2578941345215,0.139362259671274,600.151049804688,41.0570339030593,20268.4375,1187.83956839895,33.7968605041504,0.303428469928305,37353.058984375,908.900170898438
10000,1,200,0.01,0.0,3,4,10,3,0.9450673976382272,0.08824545745560079,1.0,0.0,0.9703070224296756,0.047972558539148474,500.0,32.333333333333336,19999467.666666668,0.0,457.995538330078,2.01223466937036,26841.61484375,142.845592987583,58.545881652832,0.105453031955934,600.151049804688,41.0570339030593,20268.4375,1187.83956839895,33.7968605041504,0.303428469928305,47110.05234375,1058.146588134766
10000,1,200,0.01,0.0,3,4,20,3,0.9675909358345779,0.026400877324389758,1.0,0.0,0.9834074561322369,0.013537905553272877,500.0,17.0,19999483.0,0.0,758.2529296875,1.00514231705523,46391.2515625,62.907805572545,61.1417350769043,0.0451343788358986,600.151049804688,41.0570339030593,20268.4375,1187.83956839895,33.7968605041504,0.303428469928305,66659.6890625,1358.403979492188
10000,1,200,0.01,0.0,3,8,5,3,0.6465099048512516,0.34750760346111526,1.0,0.0,0.7456589769394076,0.28339409903282986,500.0,517.0,19998983.0,0.0,248.504235839844,8.74337095239637,12940.6603515625,557.633218380144,51.9763946533203,0.428086971272323,600.151049804688,41.0570339030593,20268.4375,1187.83956839895,33.7968605041504,0.303428469928305,33209.0978515625,848.655285644532
10000,1,200,0.01,0.0,3,8,10,3,0.6831289075906114,0.4911538311237722,1.0,0.0,0.7248925740792928,0.44656189303560573,500.0,1269.3333333333333,19998230.666666668,0.0,335.059832763672,9.61269563202555,18613.59765625,642.460104614616,55.4671844482422,0.355645176302868,600.151049804688,41.0570339030593,20268.4375,1187.83956839895,33.7968605041504,0.303428469928305,38882.03515625,935.2108825683599
10000,1,200,0.01,0.0,3,8,20,3,0.938260260785858,0.07609770083484095,1.0,0.0,0.9670674899794172,0.041242110632987355,500.0,35.333333333333336,19999464.666666668,0.0,515.545520019531,8.24948329279626,30353.866796875,552.952962918031,58.8112327575684,0.198363201159084,600.151049804688,41.0570339030593,20268.4375,1187.83956839895,33.7968605041504,0.303428469928305,50622.304296875,1115.6965698242188
10000,1,200,0.01,0.0,3,16,5,3,0.8052571734214921,0.16315561540810122,1.0,0.0,0.8860880236729906,0.10032438288798955,500.0,138.33333333333334,19999361.666666668,0.0,259.638977050781,6.88735804127544,13736.1732421875,435.160685570555,52.8129997253418,0.293207532580031,600.151049804688,41.0570339030593,20268.4375,1187.83956839895,33.7968605041504,0.303428469928305,34004.6107421875,859.790026855469
10000,1,200,0.01,0.0,3,16,10,3,0.9242617279347026,0.11462169342832504,1.0,0.0,0.9580907692891305,0.06420554357915706,500.0,47.0,19999453.0,0.0,366.461895751953,9.66712544866238,20729.780078125,580.871332863843,56.4934394836426,0.126913704767425,600.151049804688,41.0570339030593,20268.4375,1187.83956839895,33.7968605041504,0.303428469928305,40998.217578125,966.6129455566411
10000,1,200,0.01,0.0,3,16,20,3,0.6479908734708317,0.44044886560613444,1.0,0.0,0.7165450766757364,0.39369751303016176,500.0,959.3333333333334,19998540.666666668,0.0,589.649645996094,10.8353151002671,35260.4671875,696.425006835973,59.7583488464355,0.128953148666913,600.151049804688,41.0570339030593,20268.4375,1187.83956839895,33.7968605041504,0.303428469928305,55528.9046875,1189.800695800782
10000,1,200,0.01,0.01,1,4,5,3,0.9630413298136514,0.03556355400729858,1.0,0.0,0.9809484804751415,0.018569577814823407,500.0,19.666666666666668,19999480.333333332,0.0,241.07028503418,8.62888553760878,12145.8421875,207.626822273209,50.3349479675293,0.92629037322522,594.386962890625,43.6758847843298,20104.94140625,1253.46387344419,33.8556259155273,0.349999903616416,32250.78359375,835.457247924805
10000,1,200,0.01,0.01,1,4,10,3,0.9894725161572019,0.006273747020884571,1.0,0.0,0.9947017289460719,0.0031753288732145643,500.0,5.333333333333333,19999494.666666668,0.0,302.824481201172,2.60323568232743,16522.5564453125,143.278388739684,54.4768791198731,0.202435578847443,594.386962890625,43.6758847843298,20104.94140625,1253.46387344419,33.8556259155273,0.349999903616416,36627.4978515625,897.2114440917969
10000,1,200,0.01,0.01,1,4,20,3,0.828462381757646,0.27835150333258146,1.0,0.0,0.8873399917461541,0.18568580071529858,500.0,165.66666666666666,19999334.333333332,0.0,445.446307373047,4.39760866141954,25830.830859375,268.329024142271,57.9233932495117,0.0975578171741614,594.386962890625,43.6758847843298,20104.94140625,1253.46387344419,33.8556259155273,0.349999903616416,45935.772265625,1039.833270263672
10000,1,200,0.01,0.01,1,8,5,3,0.9843155410626396,0.009688614373556781,1.0,0.0,0.9920797654462405,0.004921091123387749,500.0,8.0,19999492.0,0.0,208.95471496582,2.23066774955751,10346.1533203125,155.564898834799,49.4371688842773,0.229627269222089,594.386962890625,43.6758847843298,20104.94140625,1253.46387344419,33.8556259155273,0.349999903616416,30451.0947265625,803.341677856445
10000,1,200,0.01,0.01,1,8,10,3,0.7941968413616842,0.16970704786345855,1.0,0.0,0.8789213272938549,0.1011074937573716,500.0,147.33333333333334,19999352.666666668,0.0,262.013543701172,4.19927446148311,13803.7212890625,274.766803635521,52.5959159851074,0.230476814890132,594.386962890625,43.6758847843298,20104.94140625,1253.46387344419,33.8556259155273,0.349999903616416,33908.6626953125,856.400506591797
10000,1,200,0.01,0.01,1,8,20,3,0.9844809527815973,0.018291131813455548,1.0,0.0,0.9921224113292652,0.009338746401273888,500.0,8.0,19999492.0,0.0,358.84658203125,4.12056444020418,19949.680078125,241.385840568786,55.5226219177246,0.0530031056732848,594.386962890625,43.6758847843298,20104.94140625,1253.46387344419,33.8556259155273,0.349999903616416,40054.621484375,953.233544921875
10000,1,200,0.01,0.01,1,16,5,3,0.988211356858847,0.010088205964810066,1.0,0.0,0.9940534128838779,0.005119180425823999,500.0,6.0,19999494.0,0.0,208.746014404297,5.57428299061709,10422.3498046875,358.315411398342,49.8280235290527,0.402235977815953,594.386962890625,43.6758847843298,20104.94140625,1253.46387344419,33.8556259155273,0.349999903616416,30527.2912109375,803.1329772949221
10000,1,200,0.01,0.01,1,16,10,3,0.7742535107243397,0.10464071454469644,1.0,0.0,0.8702074519345588,0.06507548166355975,500.0,153.33333333333334,19999346.666666668,0.0,254.796371459961,21.6470419932933,13434.3373046875,1366.05854688158,52.5537063598633,1.00773063163982,594.386962890625,43.6758847843298,20104.94140625,1253.46387344419,33.8556259155273,0.349999903616416,33539.2787109375,849.1833343505859
10000,1,200,0.01,0.01,1,16,20,3,0.7626123160782678,0.38754184106563727,1.0,0.0,0.8218442233109134,0.2966181743009958,500.0,366.6666666666667,19999133.333333332,0.0,375.127362060547,8.06347804441066,21314.00078125,505.263302149688,56.7469703674316,0.135027582452792,594.386962890625,43.6758847843298,20104.94140625,1253.46387344419,33.8556259155273,0.349999903616416,41418.9421875,969.5143249511721
10000,1,200,0.01,0.01,2,4,5,3,0.9823894119657629,0.01026481929885934,1.0,0.0,0.9910984959189769,0.005210922492599935,500.0,9.0,19999491.0,0.0,270.331927490234,1.20405771938304,14521.902734375,59.0305456539721,53.6436668395996,0.121423622944809,594.386962890625,43.6758847843298,20104.94140625,1253.46387344419,33.8556259155273,0.349999903616416,34626.844140625,864.718890380859
10000,1,200,0.01,0.01,2,4,10,3,0.9770426419049318,0.026339800290477472,1.0,0.0,0.9882674744062117,0.013573372686214832,500.0,12.0,19999488.0,0.0,376.876983642578,1.77471234853917,21475.684375,129.663842895932,56.9104988098145,0.0910255037355022,594.386962890625,43.6758847843298,20104.94140625,1253.46387344419,33.8556259155273,0.349999903616416,41580.62578125,971.263946533203
10000,1,200,0.01,0.01,2,4,20,3,0.9716030209976712,0.012059638303063712,1.0,0.0,0.9855716278681386,0.0062244586505272835,500.0,14.666666666666666,19999485.333333332,0.0,596.90048828125,2.51370801050493,35820.31640625,151.461079025183,59.9666114807129,0.0355754170480381,594.386962890625,43.6758847843298,20104.94140625,1253.46387344419,33.8556259155273,0.349999903616416,55925.2578125,1191.287451171875
10000,1,200,0.01,0.01,2,8,5,3,0.9366834027726098,0.07720787381155542,1.0,0.0,0.9661889292506692,0.04205946231532508,500.0,36.333333333333336,19999463.666666668,0.0,232.250308227539,5.90982915734747,11978.5193359375,395.942322414401,51.4848114013672,0.436796926969789,594.386962890625,43.6758847843298,20104.94140625,1253.46387344419,33.8556259155273,0.349999903616416,32083.4607421875,826.637271118164
10000,1,200,0.01,0.01,2,8,10,3,0.9089766420885907,0.12208070960342797,1.0,0.0,0.9493441002205265,0.06976027844182965,500.0,57.333333333333336,19999442.666666668,0.0,310.326385498047,6.70996167528939,17001.54375,427.609792247874,54.7088691711426,0.231448890177019,594.386962890625,43.6758847843298,20104.94140625,1253.46387344419,33.8556259155273,0.349999903616416,37106.48515625,904.713348388672
10000,1,200,0.01,0.01,2,8,20,3,0.8742058835664747,0.19913853896130435,1.0,0.0,0.9242571749017928,0.12175201142778967,500.0,95.66666666666667,19999404.333333332,0.0,456.735223388672,11.9164011024491,26589.0671875,788.664213129689,58.1404525756836,0.218366894612235,594.386962890625,43.6758847843298,20104.94140625,1253.46387344419,33.8556259155273,0.349999903616416,46694.00859375,1051.122186279297
10000,1,200,0.01,0.01,2,16,5,3,0.9713315039011216,0.025721852982577433,1.0,0.0,0.985341683992881,0.013290769412419889,500.0,15.0,19999485.0,0.0,231.245510864258,11.300120162934,11944.4724609375,717.333460451892,51.5422058105469,0.620312153319884,594.386962890625,43.6758847843298,20104.94140625,1253.46387344419,33.8556259155273,0.349999903616416,32049.4138671875,825.632473754883
10000,1,200,0.01,0.01,2,16,10,3,0.869622024284504,0.17121987824968024,1.0,0.0,0.9239533252718953,0.10341223024974813,500.0,92.0,19999408.0,0.0,310.911700439453,10.1497006861101,17176.79140625,611.095442222911,55.1533065795898,0.16361328792868,594.386962890625,43.6758847843298,20104.94140625,1253.46387344419,33.8556259155273,0.349999903616416,37281.7328125,905.2986633300779
10000,1,200,0.01,0.01,2,16,20,3,0.9049193498701809,0.0902745697376371,1.0,0.0,0.9484921597962152,0.05048802493247097,500.0,56.333333333333336,19999443.666666668,0.0,475.216571044922,11.6008297231013,27916.431640625,746.185330435528,58.6861465454102,0.138803683528964,594.386962890625,43.6758847843298,20104.94140625,1253.46387344419,33.8556259155273,0.349999903616416,48021.373046875,1069.603533935547
10000,1,200,0.01,0.01,3,4,5,3,0.6572178383834967,0.11917849227081119,0.9993333333333334,0.0011547005383792605,0.7888490391434804,0.08673958243300185,499.6666666666667,277.3333333333333,19999222.666666668,0.3333333333333333,308.505871582031,0.935530461424193,17177.9296875,56.6094287338233,55.6062301635742,0.0303611719040641,594.386962890625,43.6758847843298,20104.94140625,1253.46387344419,33.8556259155273,0.349999903616416,37282.87109375,902.892834472656
10000,1,200,0.01,0.01,3,4,10,3,0.8335513033088221,0.11127346869779971,1.0,0.0,0.9064933698948338,0.06744163359333243,500.0,107.33333333333333,19999392.666666668,0.0,464.003271484375,1.2093648485009,27167.49453125,85.8609894088014,58.5027076721191,0.087360109129159,594.386962890625,43.6758847843298,20104.94140625,1253.46387344419,33.8556259155273,0.349999903616416,47272.4359375,1058.390234375
10000,1,200,0.01,0.01,3,4,20,3,0.9856879395461854,0.014458892959038724,1.0,0.0,0.9927566382218175,0.007365260026480794,500.0,7.333333333333333,19999492.666666668,0.0,764.060571289063,3.49636391700811,46888.99140625,199.298343848713,61.3234107971191,0.029401073666354,594.386962890625,43.6758847843298,20104.94140625,1253.46387344419,33.8556259155273,0.349999903616416,66993.9328125,1358.4475341796879
10000,1,200,0.01,0.01,3,8,5,3,0.9160981331009941,0.13328756549606133,1.0,0.0,0.9526922708166415,0.075900408884277,500.0,54.333333333333336,19999445.666666668,0.0,256.600082397461,6.18527212780942,13507.9294921875,427.999191912842,52.5537857055664,0.377068841489508,594.386962890625,43.6758847843298,20104.94140625,1253.46387344419,33.8556259155273,0.349999903616416,33612.8708984375,850.9870452880859
10000,1,200,0.01,0.01,3,8,10,3,0.9748483034947987,0.016721003225890717,1.0,0.0,0.9872158036989015,0.008535851078504554,500.0,13.0,19999487.0,0.0,328.576373291016,9.43588562095762,18278.83828125,588.373770062385,55.546654510498,0.189199835070007,594.386962890625,43.6758847843298,20104.94140625,1253.46387344419,33.8556259155273,0.349999903616416,38383.7796875,922.963336181641
10000,1,200,0.01,0.01,3,8,20,3,0.9153538338129857,0.08264346889278565,1.0,0.0,0.9544866899521036,0.04589027936481002,500.0,49.333333333333336,19999450.666666668,0.0,522.4216796875,25.3741585628595,30863.58046875,1645.12803443431,59.0125526428223,0.276864307553032,594.386962890625,43.6758847843298,20104.94140625,1253.46387344419,33.8556259155273,0.349999903616416,50968.521875,1116.808642578125
10000,1,200,0.01,0.01,3,16,5,3,0.9764293226965132,0.027001167475146644,1.0,0.0,0.9879476411389582,0.01388626740112923,500.0,12.333333333333334,19999487.666666668,0.0,258.267059326172,10.5348883673641,13699.210546875,675.20727084305,52.9393264770508,0.474393929394264,594.386962890625,43.6758847843298,20104.94140625,1253.46387344419,33.8556259155273,0.349999903616416,33804.151953125,852.654022216797
10000,1,200,0.01,0.01,3,16,10,3,0.6991452055730516,0.37473324974340394,1.0,0.0,0.7778695984148225,0.30678253693687574,500.0,483.6666666666667,19999016.333333332,0.0,350.356793212891,26.2511882179668,19727.625,1691.24896375896,56.1775733947754,0.665141918760176,594.386962890625,43.6758847843298,20104.94140625,1253.46387344419,33.8556259155273,0.349999903616416,39832.56640625,944.743756103516
10000,1,200,0.01,0.01,3,16,20,3,0.9181364095280881,0.06481337304557752,1.0,0.0,0.9565405671732737,0.034659288985371836,500.0,46.333333333333336,19999453.666666668,0.0,596.412390136719,11.0703150322238,35508.1265625,687.460482766981,59.4890319824219,0.066343777447091,594.386962890625,43.6758847843298,20104.94140625,1253.46387344419,33.8556259155273,0.349999903616416,55613.06796875,1190.7993530273438
10000,1,200,0.01,0.1,1,4,5,3,0.5000698145253413,0.0598123059984083,1.0,0.0,0.6653230755561031,0.05289251902863173,500.0,509.3333333333333,19998990.666666668,0.0,234.67717590332,7.25763982615539,11872.5634765625,152.584323812062,50.558667755127,0.974125313751502,606.317126464844,38.7477439757277,20418.58984375,1124.32167119427,33.703409576416,0.290168302579428,32291.1533203125,840.994302368164
10000,1,200,0.01,0.1,1,4,10,3,0.6024199674174757,0.058268660227260176,1.0,0.0,0.7507764507112803,0.04584998798014946,500.0,335.3333333333333,19999164.666666668,0.0,301.444787597656,3.27327147329088,16437.713671875,237.72446993902,54.4487380981445,0.239347978918887,606.317126464844,38.7477439757277,20418.58984375,1124.32167119427,33.703409576416,0.290168302579428,36856.303515625,907.7619140625
10000,1,200,0.01,0.1,1,4,20,3,0.6271624352033206,0.06789500218523171,1.0,0.0,0.769426651779593,0.05177109227337097,500.0,303.6666666666667,19999196.333333332,0.0,445.679388427734,3.50515814478026,25865.552734375,215.677400862911,57.971484375,0.0901595431088768,606.317126464844,38.7477439757277,20418.58984375,1124.32167119427,33.703409576416,0.290168302579428,46284.142578125,1051.996514892578
10000,1,200,0.01,0.1,1,8,5,3,0.4456046696999092,0.05023670785030258,1.0,0.0,0.6153582881991045,0.04910327234542826,500.0,632.3333333333334,19998867.666666668,0.0,216.552081298828,4.03547789716467,10663.644921875,249.925234445224,49.171012878418,0.245690690028779,606.317126464844,38.7477439757277,20418.58984375,1124.32167119427,33.703409576416,0.290168302579428,31082.234765625,822.869207763672
10000,1,200,0.01,0.1,1,8,10,3,0.5854500202121778,0.03169099113074435,1.0,0.0,0.7381960998786052,0.024945019199700796,500.0,355.6666666666667,19999144.333333332,0.0,258.340994262695,8.46515628371086,13579.67265625,544.186661799355,52.4767288208008,0.40502542941401,606.317126464844,38.7477439757277,20418.58984375,1124.32167119427,33.703409576416,0.290168302579428,33998.2625,864.658120727539
10000,1,200,0.01,0.1,1,8,20,3,0.7186797689920641,0.05286192570574545,1.0,0.0,0.8355705390709031,0.036361192305466514,500.0,198.33333333333334,19999301.666666668,0.0,372.097442626953,15.5210056693728,21001.627734375,1010.15886243771,56.3459808349609,0.361885209324297,606.317126464844,38.7477439757277,20418.58984375,1124.32167119427,33.703409576416,0.290168302579428,41420.217578125,978.414569091797
10000,1,200,0.01,0.1,1,16,5,3,0.4603296913202048,0.1164846662178075,1.0,0.0,0.6246492631014121,0.10912599679006216,500.0,634.3333333333334,19998865.666666668,0.0,203.730279541016,10.7706707803449,10043.750390625,731.010001206925,49.1856094360352,1.04005429775984,606.317126464844,38.7477439757277,20418.58984375,1124.32167119427,33.703409576416,0.290168302579428,30462.340234375,810.04740600586
10000,1,200,0.01,0.1,1,16,10,3,0.47868445605443277,0.18933585684805762,1.0,0.0,0.631980739765018,0.18157368435156762,500.0,686.6666666666666,19998813.333333332,0.0,260.761184692383,15.205153487894,13607.806640625,1012.55433705029,52.0588127136231,0.904292270434848,606.317126464844,38.7477439757277,20418.58984375,1124.32167119427,33.703409576416,0.290168302579428,34026.396484375,867.0783111572271
10000,1,200,0.01,0.1,1,16,20,3,0.5494210737398916,0.13342579665926588,1.0,0.0,0.7026741957266122,0.11371573860033143,500.0,449.6666666666667,19999050.333333332,0.0,360.42802734375,29.4507153191726,20311.76484375,1883.98552079948,56.2325347900391,0.69527770172246,606.317126464844,38.7477439757277,20418.58984375,1124.32167119427,33.703409576416,0.290168302579428,40730.3546875,966.7451538085941
10000,1,200,0.01,0.1,2,4,5,3,0.4102865796596189,0.15546639796864353,1.0,0.0,0.569481912382613,0.1682808380530066,500.0,888.3333333333334,19998611.666666668,0.0,268.946850585938,1.88428235965011,14409.6474609375,52.6733880743732,53.4869987487793,0.257194719610124,606.317126464844,38.7477439757277,20418.58984375,1124.32167119427,33.703409576416,0.290168302579428,34828.2373046875,875.263977050782
10000,1,200,0.01,0.1,2,4,10,3,0.5010733702295846,0.06667435847086327,1.0,0.0,0.6658729640161495,0.05901977857073711,500.0,509.6666666666667,19998990.333333332,0.0,379.512670898438,2.73530191251834,21436.737109375,166.502603099739,56.4272689819336,0.0836343007632348,606.317126464844,38.7477439757277,20418.58984375,1124.32167119427,33.703409576416,0.290168302579428,41855.326953125,985.8297973632821
10000,1,200,0.01,0.1,2,4,20,3,0.629949147638433,0.1118863587736743,1.0,0.0,0.7689490832191374,0.08782405039319141,500.0,312.6666666666667,19999187.333333332,0.0,591.606005859375,4.02586679328868,35463.2734375,283.457734287998,59.9020004272461,0.0919416982358381,606.317126464844,38.7477439757277,20418.58984375,1124.32167119427,33.703409576416,0.290168302579428,55881.86328125,1197.923132324219
10000,1,200,0.01,0.1,2,8,5,3,0.5571864261872449,0.06299164018541643,1.0,0.0,0.7142359619593713,0.05178968136498507,500.0,405.0,19999095.0,0.0,228.366528320313,5.14103915927469,11679.076953125,348.776151280899,51.056632232666,0.44294497113602,606.317126464844,38.7477439757277,20418.58984375,1124.32167119427,33.703409576416,0.290168302579428,32097.666796875,834.683654785157
10000,1,200,0.01,0.1,2,8,10,3,0.5788093939896798,0.1282067547749744,1.0,0.0,0.7278789849125208,0.09870859813007746,500.0,389.6666666666667,19999110.333333332,0.0,307.254772949219,11.1928699120575,16751.31484375,724.355251352994,54.4497352600098,0.406637962709174,606.317126464844,38.7477439757277,20418.58984375,1124.32167119427,33.703409576416,0.290168302579428,37169.9046875,913.571899414063
10000,1,200,0.01,0.1,2,8,20,3,0.7897753671723207,0.06758034815867232,0.9986666666666667,0.002309401076758497,0.8809181285523077,0.04071485095535624,499.3333333333333,136.0,19999364.0,0.6666666666666666,458.946008300781,7.88809776588626,26696.422265625,508.004456010033,58.0991607666016,0.115369904873283,606.317126464844,38.7477439757277,20418.58984375,1124.32167119427,33.703409576416,0.290168302579428,47115.012109375,1065.263134765625
10000,1,200,0.01,0.1,2,16,5,3,0.4750854039741978,0.16326804769404324,1.0,0.0,0.6323070985818361,0.16051810594781282,500.0,664.3333333333334,19998835.666666668,0.0,238.899475097656,3.83721078714202,12403.2609375,255.096899836809,51.8454750061035,0.286958683471759,606.317126464844,38.7477439757277,20418.58984375,1124.32167119427,33.703409576416,0.290168302579428,32821.85078125,845.2166015625
10000,1,200,0.01,0.1,2,16,10,3,0.5169928782541219,0.07173844552283372,1.0,0.0,0.6795863067742918,0.06395034301695442,500.0,480.6666666666667,19999019.333333332,0.0,311.255163574219,26.8503639411344,16905.0490234375,1708.79543102672,54.16630859375,0.916797999290336,606.317126464844,38.7477439757277,20418.58984375,1124.32167119427,33.703409576416,0.290168302579428,37323.6388671875,917.5722900390631
10000,1,200,0.01,0.1,2,16,20,3,0.376332591785375,0.19706888302786135,1.0,0.0,0.5282820898205706,0.19465415380264614,500.0,1045.6666666666667,19998454.333333332,0.0,480.792620849609,12.8646880164652,28180.61796875,790.375682557315,58.553889465332,0.13852325131227,606.317126464844,38.7477439757277,20418.58984375,1124.32167119427,33.703409576416,0.290168302579428,48599.2078125,1087.109747314453
10000,1,200,0.01,0.1,3,4,5,3,0.5636474038180693,0.11000325440976838,1.0,0.0,0.7168150688440055,0.08797692574204082,500.0,408.6666666666667,19999091.333333332,0.0,308.223388671875,1.91410140601341,17096.602734375,125.649995761785,55.3939506530762,0.113074408169535,606.317126464844,38.7477439757277,20418.58984375,1124.32167119427,33.703409576416,0.290168302579428,37515.192578125,914.540515136719
10000,1,200,0.01,0.1,3,4,10,3,0.5698457329936705,0.07154377665756208,1.0,0.0,0.7242080726540988,0.05865047568335831,500.0,387.0,19999113.0,0.0,452.099176025391,2.13554011841524,26452.81875,101.73509945051,58.4480171203613,0.103212559039469,606.317126464844,38.7477439757277,20418.58984375,1124.32167119427,33.703409576416,0.290168302579428,46871.40859375,1058.416302490235
10000,1,200,0.01,0.1,3,4,20,3,0.5378439404467987,0.13713628973927622,1.0,0.0,0.6924053952453008,0.11910124258696879,500.0,475.0,19999025.0,0.0,746.018725585938,4.22289721825655,45684.1609375,261.163049289537,61.189315032959,0.061565531624086,606.317126464844,38.7477439757277,20418.58984375,1124.32167119427,33.703409576416,0.290168302579428,66102.75078125,1352.335852050782
10000,1,200,0.01,0.1,3,8,5,3,0.4987101271390335,0.27000960080818015,1.0,0.0,0.6325686810412833,0.2743987463347509,500.0,897.6666666666666,19998602.333333332,0.0,251.029702758789,5.18811374529293,12993.134765625,317.143816667036,51.6787185668945,0.25988150803595,606.317126464844,38.7477439757277,20418.58984375,1124.32167119427,33.703409576416,0.290168302579428,33411.724609375,857.346829223633
10000,1,200,0.01,0.1,3,8,10,3,0.4803762214615077,0.012575289271266539,1.0,0.0,0.6489267895338356,0.011529086789259024,500.0,541.3333333333334,19998958.666666668,0.0,329.894750976563,9.74263360275096,18330.93828125,667.722737872263,55.5015403747559,0.421533547496511,606.317126464844,38.7477439757277,20418.58984375,1124.32167119427,33.703409576416,0.290168302579428,38749.528125,936.2118774414071
10000,1,200,0.01,0.1,3,8,20,3,0.6561394838964033,0.01601883392860235,1.0,0.0,0.7922971917202334,0.011640056589466092,500.0,262.3333333333333,19999237.666666668,0.0,511.540673828125,11.6166532413255,30163.090234375,783.16012154423,58.9127731323242,0.205131788541282,606.317126464844,38.7477439757277,20418.58984375,1124.32167119427,33.703409576416,0.290168302579428,50581.680078125,1117.857800292969
10000,1,200,0.01,0.1,3,16,5,3,0.5531981351777892,0.19571065892282719,1.0,0.0,0.6976378057006496,0.1750784366732168,500.0,506.3333333333333,19998993.666666668,0.0,246.121151733398,17.8697875416616,12913.3376953125,1121.80915656649,52.3335571289063,0.790211732627828,606.317126464844,38.7477439757277,20418.58984375,1124.32167119427,33.703409576416,0.290168302579428,33331.9275390625,852.438278198242
10000,1,200,0.01,0.1,3,16,10,3,0.6430876135320032,0.11381357715464807,1.0,0.0,0.7787112728384918,0.08809735486455411,500.0,296.0,19999204.0,0.0,354.768939208984,16.0160400633131,19988.729296875,1059.49212854807,56.2557250976563,0.445582472492644,606.317126464844,38.7477439757277,20418.58984375,1124.32167119427,33.703409576416,0.290168302579428,40407.319140625,961.086065673828
10000,1,200,0.01,0.1,3,16,20,3,0.14858254210607905,0.014430657027927335,1.0,0.0,0.2585413282517663,0.021727550758709472,500.0,2885.3333333333335,19996614.666666668,0.0,566.130029296875,35.3976692928289,33653.680078125,2240.67646840008,59.3783714294434,0.266695992800965,606.317126464844,38.7477439757277,20418.58984375,1124.32167119427,33.703409576416,0.290168302579428,54072.269921875,1172.447155761719
10000,1,200,0.1,0.0,1,4,5,3,0.872651866334087,0.14002799201025096,1.0,0.0,0.9278215501852088,0.08373874679612436,500.0,84.0,19999416.0,0.0,241.623629760742,9.16867460817815,12164.3025390625,180.54372370377,50.3272743225098,1.13922219996302,387.011242675781,17.8360494825638,13292.302734375,512.408781362177,34.3588432312012,0.248144888539828,25456.6052734375,628.634872436523
10000,1,200,0.1,0.0,1,4,10,3,0.9795499235079318,0.025174740378553707,1.0,0.0,0.9895595992222198,0.012942638967735516,500.0,10.666666666666666,19999489.333333332,0.0,305.529730224609,2.75492591725474,16558.6720703125,192.698180749815,54.1257957458496,0.187551149851981,387.011242675781,17.8360494825638,13292.302734375,512.408781362177,34.3588432312012,0.248144888539828,29850.9748046875,692.54097290039
10000,1,200,0.1,0.0,1,4,20,3,0.9564784500845881,0.04828730817212277,1.0,0.0,0.9773340312558197,0.025594741669593926,500.0,23.666666666666668,19999476.333333332,0.0,445.957708740234,3.05364400190696,25883.543359375,190.808513942434,57.9725791931152,0.1429883389622,387.011242675781,17.8360494825638,13292.302734375,512.408781362177,34.3588432312012,0.248144888539828,39175.84609375,832.968951416015
10000,1,200,0.1,0.0,1,8,5,3,0.9471644708023049,0.08640013872847876,1.0,0.0,0.9714800552471027,0.04683157290421627,500.0,31.0,19999469.0,0.0,212.299987792969,5.24085200563388,10612.8966796875,324.583535136312,49.9051315307617,0.309286882339167,387.011242675781,17.8360494825638,13292.302734375,512.408781362177,34.3588432312012,0.248144888539828,23905.1994140625,599.31123046875
10000,1,200,0.1,0.0,1,8,10,3,0.7063507573572064,0.4820113122908756,1.0,0.0,0.7484041008443881,0.42221211432076977,500.0,949.3333333333334,19998550.666666668,0.0,255.912908935547,5.60739447924819,13450.51640625,344.373548394496,52.4762901306152,0.252579654716589,387.011242675781,17.8360494825638,13292.302734375,512.408781362177,34.3588432312012,0.248144888539828,26742.819140625,642.9241516113279
10000,1,200,0.1,0.0,1,8,20,3,0.9748239601683665,0.03386021001795431,1.0,0.0,0.9870512578942847,0.017518401439420125,500.0,13.333333333333334,19999486.666666668,0.0,364.331622314453,5.24845378987623,20568.36484375,328.018051261093,56.3969551086426,0.122890031891051,387.011242675781,17.8360494825638,13292.302734375,512.408781362177,34.3588432312012,0.248144888539828,33860.667578125,751.3428649902339
10000,1,200,0.1,0.0,1,16,5,3,0.9187950858853876,0.1203157794900782,1.0,0.0,0.9548378132969534,0.06797285986458002,500.0,51.0,19999449.0,0.0,203.496484375,8.29785942524527,10127.764453125,591.203169889366,49.6557083129883,0.992959208074134,387.011242675781,17.8360494825638,13292.302734375,512.408781362177,34.3588432312012,0.248144888539828,23420.0671875,590.507727050781
10000,1,200,0.1,0.0,1,16,10,3,0.9914503261349757,0.007960506621655608,1.0,0.0,0.9956961225617942,0.0040106070484791576,500.0,4.333333333333333,19999495.666666668,0.0,273.384161376953,4.07876216555034,14494.549609375,296.631874685377,52.9462799072266,0.300377339576918,387.011242675781,17.8360494825638,13292.302734375,512.408781362177,34.3588432312012,0.248144888539828,27786.85234375,660.395404052734
10000,1,200,0.1,0.0,1,16,20,3,0.890588578088578,0.15737684975539648,1.0,0.0,0.9369856469719671,0.09268315341210646,500.0,74.66666666666667,19999425.333333332,0.0,362.096423339844,25.7670147615461,20471.221875,1620.09294449237,56.4333999633789,0.47626119453068,387.011242675781,17.8360494825638,13292.302734375,512.408781362177,34.3588432312012,0.248144888539828,33763.524609375,749.107666015625
10000,1,200,0.1,0.0,2,4,5,3,0.891793057594119,0.13592664742412006,1.0,0.0,0.9389961888335118,0.07945393547076274,500.0,70.33333333333333,19999429.666666668,0.0,267.416119384766,2.20477596714774,14382.3083984375,128.572159238998,53.6972663879395,0.0883814057041508,387.011242675781,17.8360494825638,13292.302734375,512.408781362177,34.3588432312012,0.248144888539828,27674.6111328125,654.427362060547
10000,1,200,0.1,0.0,2,4,10,3,0.8795200507176162,0.20006438143298078,1.0,0.0,0.9272650088219089,0.1216628185168449,500.0,92.0,19999408.0,0.0,381.96787109375,2.54110401246138,21624.945703125,172.756197962117,56.5499267578125,0.0962598558628948,387.011242675781,17.8360494825638,13292.302734375,512.408781362177,34.3588432312012,0.248144888539828,34917.2484375,768.979113769531
10000,1,200,0.1,0.0,2,4,20,3,0.9927625845974024,0.007950842974154848,1.0,0.0,0.9963574883814167,0.004008162146379534,500.0,3.6666666666666665,19999496.333333332,0.0,597.2998046875,5.20500846873441,35876.46484375,328.525501885933,60.0122535705566,0.0529653450640208,387.011242675781,17.8360494825638,13292.302734375,512.408781362177,34.3588432312012,0.248144888539828,49168.767578125,984.311047363281
10000,1,200,0.1,0.0,2,8,5,3,0.9142810437843872,0.0977703226028199,1.0,0.0,0.9533508495821424,0.054938295657756805,500.0,51.333333333333336,19999448.666666668,0.0,233.17942199707,6.48835323821454,11833.137109375,433.92831234985,50.6550254821777,0.474729667432432,387.011242675781,17.8360494825638,13292.302734375,512.408781362177,34.3588432312012,0.248144888539828,25125.43984375,620.190664672851
10000,1,200,0.1,0.0,2,8,10,3,0.8431443352070316,0.2292209135353658,1.0,0.0,0.9027339316546482,0.14673272843644591,500.0,129.66666666666666,19999370.333333332,0.0,297.383081054688,5.76974345963037,16175.4623046875,354.270498183491,54.3297187805176,0.160106216177017,387.011242675781,17.8360494825638,13292.302734375,512.408781362177,34.3588432312012,0.248144888539828,29467.7650390625,684.394323730469
10000,1,200,0.1,0.0,2,8,20,3,0.9048816763188513,0.062045263623301504,1.0,0.0,0.9493155855942838,0.03456364431532567,500.0,54.333333333333336,19999445.666666668,0.0,446.345556640625,12.8152393166669,25926.066796875,835.075882918941,58.018733215332,0.211672866838201,387.011242675781,17.8360494825638,13292.302734375,512.408781362177,34.3588432312012,0.248144888539828,39218.36953125,833.356799316406
10000,1,200,0.1,0.0,2,16,5,3,0.5535572999273658,0.22546219088010525,1.0,0.0,0.6950344405369987,0.18237145008435662,500.0,505.6666666666667,19998994.333333332,0.0,231.680642700195,12.4043125823845,11815.34453125,791.236958659518,50.8977928161621,0.70138361809057,387.011242675781,17.8360494825638,13292.302734375,512.408781362177,34.3588432312012,0.248144888539828,25107.647265625,618.691885375976
10000,1,200,0.1,0.0,2,16,10,3,0.9450909056931681,0.048989279004846606,1.0,0.0,0.971335285183217,0.025918056302587745,500.0,30.0,19999470.0,0.0,310.877069091797,15.7760326211343,17141.019140625,977.762562298446,55.0408164978027,0.430867432466163,387.011242675781,17.8360494825638,13292.302734375,512.408781362177,34.3588432312012,0.248144888539828,30433.321875,697.888311767578
10000,1,200,0.1,0.0,2,16,20,3,0.5605754099970827,0.4085206411837382,1.0,0.0,0.6567949105452647,0.3572262354476619,500.0,1006.3333333333334,19998493.666666668,0.0,462.459161376953,36.1796649517291,27053.103125,2291.66795114172,58.4005569458008,0.445868572433274,387.011242675781,17.8360494825638,13292.302734375,512.408781362177,34.3588432312012,0.248144888539828,40345.405859375,849.470404052734
10000,1,200,0.1,0.0,3,4,5,3,0.8812658487541006,0.10342546081091412,1.0,0.0,0.9346709009448267,0.06043998478921316,500.0,73.0,19999427.0,0.0,307.884405517578,2.21463396379017,17075.370703125,105.873075857502,55.3678413391113,0.0621914550834549,387.011242675781,17.8360494825638,13292.302734375,512.408781362177,34.3588432312012,0.248144888539828,30367.6734375,694.895648193359
10000,1,200,0.1,0.0,3,4,10,3,0.8223994155140705,0.2990797009969941,1.0,0.0,0.8803399025544114,0.20296402888437015,500.0,184.33333333333334,19999315.666666668,0.0,453.521179199219,2.41637614018982,26623.6203125,201.870524930596,58.6363639831543,0.131060170732799,387.011242675781,17.8360494825638,13292.302734375,512.408781362177,34.3588432312012,0.248144888539828,39915.923046875,840.532421875
10000,1,200,0.1,0.0,3,4,20,3,0.9705889506686319,0.0475328912039715,1.0,0.0,0.9846756455222124,0.024834028402407483,500.0,16.0,19999484.0,0.0,755.934802246094,4.62546471364958,46344.3828125,276.405630210583,61.2641670227051,0.0620359961509325,387.011242675781,17.8360494825638,13292.302734375,512.408781362177,34.3588432312012,0.248144888539828,59636.685546875,1142.946044921875
10000,1,200,0.1,0.0,3,8,5,3,0.8263970892836872,0.14365120519934818,1.0,0.0,0.900608430018372,0.08276050139681551,500.0,116.33333333333333,19999383.666666668,0.0,250.925354003906,8.74319376495197,13151.2380859375,554.95357694194,52.3243034362793,0.388095154429938,387.011242675781,17.8360494825638,13292.302734375,512.408781362177,34.3588432312012,0.248144888539828,26443.5408203125,637.936596679687
10000,1,200,0.1,0.0,3,8,10,3,0.8819413002485866,0.19265043363451118,1.0,0.0,0.9293204063342505,0.11645248914546251,500.0,88.33333333333333,19999411.666666668,0.0,338.224011230469,19.6657669742942,18856.593359375,1269.2298382293,55.6438522338867,0.545327202314294,387.011242675781,17.8360494825638,13292.302734375,512.408781362177,34.3588432312012,0.248144888539828,32148.89609375,725.2352539062499
10000,1,200,0.1,0.0,3,8,20,3,0.7832626709228204,0.13557746112136163,1.0,0.0,0.8742324666982201,0.08346432116904175,500.0,150.66666666666666,19999349.333333332,0.0,531.740795898438,9.81506545123046,31463.609765625,694.646841725299,59.1109336853027,0.234490866613763,387.011242675781,17.8360494825638,13292.302734375,512.408781362177,34.3588432312012,0.248144888539828,44755.9125,918.752038574219
10000,1,200,0.1,0.0,3,16,5,3,0.8969039842225087,0.10611157011957503,1.0,0.0,0.9433947140746248,0.0605008961838736,500.0,63.0,19999437.0,0.0,252.140325927734,15.8408088561094,13330.4072265625,1056.12108186692,52.7317329406738,0.989203888825256,387.011242675781,17.8360494825638,13292.302734375,512.408781362177,34.3588432312012,0.248144888539828,26622.7099609375,639.151568603515
10000,1,200,0.1,0.0,3,16,10,3,0.9557113048688303,0.04640777067311032,1.0,0.0,0.9769689051330248,0.02435618950339834,500.0,24.0,19999476.0,0.0,361.512756347656,12.6358151773452,20436.326953125,812.741876284864,56.4476089477539,0.282280445781529,387.011242675781,17.8360494825638,13292.302734375,512.408781362177,34.3588432312012,0.248144888539828,33728.6296875,748.523999023437
10000,1,200,0.1,0.0,3,16,20,3,0.781319521231886,0.24398187052346496,1.0,0.0,0.8623347998226079,0.16354532924718812,500.0,190.66666666666666,19999309.333333332,0.0,537.178680419922,49.8211737498938,31834.05234375,3229.21568579671,59.1590438842773,0.553692545112289,387.011242675781,17.8360494825638,13292.302734375,512.408781362177,34.3588432312012,0.248144888539828,45126.355078125,924.189923095703
10000,1,200,0.1,0.01,1,4,5,3,0.753724408713815,0.09830072627086757,1.0,0.0,0.8572214882097343,0.06286777787772861,500.0,170.66666666666666,19999329.333333332,0.0,235.555410766602,7.43801964294252,11928.3572265625,125.977157602761,50.59658203125,1.05310130862329,388.670434570313,18.099656327447,13432.0634765625,513.187320733077,34.5794189453125,0.274534953463825,25360.420703125,624.225845336915
10000,1,200,0.1,0.01,1,4,10,3,0.8931182661592382,0.09172320462640637,1.0,0.0,0.9418485325618775,0.05243508329271536,500.0,64.0,19999436.0,0.0,304.055432128906,2.10098328750228,16575.948046875,147.627208368772,54.4481185913086,0.141322383581786,388.670434570313,18.099656327447,13432.0634765625,513.187320733077,34.5794189453125,0.274534953463825,30008.0115234375,692.725866699219
10000,1,200,0.1,0.01,1,4,20,3,0.9390342723676056,0.05376231039059443,1.0,0.0,0.9680215138555504,0.029062972990121227,500.0,33.666666666666664,19999466.333333332,0.0,446.601104736328,3.57959019654834,25905.5296875,164.98849181484,57.9466835021973,0.147655296697106,388.670434570313,18.099656327447,13432.0634765625,513.187320733077,34.5794189453125,0.274534953463825,39337.5931640625,835.271539306641
10000,1,200,0.1,0.01,1,8,5,3,0.9358936211436376,0.07060227262172207,1.0,0.0,0.9659580953805423,0.03814493131912062,500.0,36.333333333333336,19999463.666666668,0.0,211.225329589844,3.2434360962294,10478.987109375,188.933547108923,49.5265579223633,0.146764342389896,388.670434570313,18.099656327447,13432.0634765625,513.187320733077,34.5794189453125,0.274534953463825,23911.0505859375,599.895764160157
10000,1,200,0.1,0.01,1,8,10,3,0.9730902250145664,0.021901767154614463,1.0,0.0,0.9862784743301254,0.011234459017044606,500.0,14.0,19999486.0,0.0,264.375982666016,6.2718610692416,13983.4443359375,398.666192727833,52.8098739624023,0.388105325152783,388.670434570313,18.099656327447,13432.0634765625,513.187320733077,34.5794189453125,0.274534953463825,27415.5078125,653.046417236329
10000,1,200,0.1,0.01,1,8,20,3,0.9862241091759852,0.0067651099593749224,1.0,0.0,0.9930565093619044,0.003422933988063329,500.0,7.0,19999493.0,0.0,369.851733398438,3.30404244436715,20763.79453125,187.006522954911,56.0717155456543,0.0684733120955525,388.670434570313,18.099656327447,13432.0634765625,513.187320733077,34.5794189453125,0.274534953463825,34195.8580078125,758.522167968751
10000,1,200,0.1,0.01,1,16,5,3,0.9079435763935805,0.04630170205194634,1.0,0.0,0.9513362225589163,0.0256375440978311,500.0,51.666666666666664,19999448.333333332,0.0,212.139566040039,10.838243349127,10374.5955078125,737.594124409822,48.7829978942871,1.05655984126111,388.670434570313,18.099656327447,13432.0634765625,513.187320733077,34.5794189453125,0.274534953463825,23806.658984375,600.810000610352
10000,1,200,0.1,0.01,1,16,10,3,0.5805483951803251,0.09540415220934494,1.0,0.0,0.7316383997456333,0.07400532546569706,500.0,375.6666666666667,19999124.333333332,0.0,256.008840942383,13.0662254759753,13482.998046875,856.369546076934,52.5563919067383,0.70421044000576,388.670434570313,18.099656327447,13432.0634765625,513.187320733077,34.5794189453125,0.274534953463825,26915.0615234375,644.679275512696
10000,1,200,0.1,0.01,1,16,20,3,0.8530802222158756,0.09611233185148568,1.0,0.0,0.9187989411488625,0.055460990779191525,500.0,91.0,19999409.0,0.0,373.638812255859,13.027049560751,21148.271875,826.209052467111,56.5180892944336,0.260124159271822,388.670434570313,18.099656327447,13432.0634765625,513.187320733077,34.5794189453125,0.274534953463825,34580.3353515625,762.3092468261721
10000,1,200,0.1,0.01,2,4,5,3,0.8916661559158007,0.06929750474122584,1.0,0.0,0.9417876749861511,0.03863404354545857,500.0,63.0,19999437.0,0.0,269.017681884766,0.53674333084378,14343.122265625,15.9664097740728,53.2432472229004,0.124225975184872,388.670434570313,18.099656327447,13432.0634765625,513.187320733077,34.5794189453125,0.274534953463825,27775.1857421875,657.6881164550789
10000,1,200,0.1,0.01,2,4,10,3,0.9012744287431258,0.12306669153374264,1.0,0.0,0.9450177599736348,0.07082849546248506,500.0,62.333333333333336,19999437.666666668,0.0,376.539855957031,2.18492076630891,21388.805078125,139.159599584413,56.7345733642578,0.0782292686854194,388.670434570313,18.099656327447,13432.0634765625,513.187320733077,34.5794189453125,0.274534953463825,34820.8685546875,765.210290527344
10000,1,200,0.1,0.01,2,4,20,3,0.8824196569033828,0.15761610821683053,1.0,0.0,0.9323038916093469,0.09376891438601877,500.0,80.33333333333333,19999419.666666668,0.0,600.472534179688,2.68341340787518,36028.5609375,154.03534959801,59.9466918945313,0.0815624855649984,388.670434570313,18.099656327447,13432.0634765625,513.187320733077,34.5794189453125,0.274534953463825,49460.6244140625,989.1429687500009
10000,1,200,0.1,0.01,2,8,5,3,0.7416937715321469,0.33175436601807456,1.0,0.0,0.8199920882163872,0.2499120553219193,500.0,317.6666666666667,19999182.333333332,0.0,228.053500366211,5.83673193507983,11643.737109375,415.663823430438,50.9624481201172,0.506771066009756,388.670434570313,18.099656327447,13432.0634765625,513.187320733077,34.5794189453125,0.274534953463825,25075.8005859375,616.723934936524
10000,1,200,0.1,0.01,2,8,10,3,0.7568184132121861,0.2507064919255053,1.0,0.0,0.8452129467393991,0.17245527109470085,500.0,220.0,19999280.0,0.0,304.229870605469,10.8638172747089,16587.363671875,692.023593369628,54.4318542480469,0.338955238564956,388.670434570313,18.099656327447,13432.0634765625,513.187320733077,34.5794189453125,0.274534953463825,30019.4271484375,692.900305175782
10000,1,200,0.1,0.01,2,8,20,3,0.9098618539196565,0.06487220871926706,1.0,0.0,0.9520122882883718,0.034956186681437566,500.0,51.333333333333336,19999448.666666668,0.0,445.402423095703,5.54802510257868,25826.09765625,376.422004027351,57.9259429931641,0.150362982481468,388.670434570313,18.099656327447,13432.0634765625,513.187320733077,34.5794189453125,0.274534953463825,39258.1611328125,834.072857666016
10000,1,200,0.1,0.01,2,16,5,3,0.955440595817927,0.041668356678369524,1.0,0.0,0.9768991186369232,0.022067067309193684,500.0,24.0,19999476.0,0.0,235.173092651367,10.9039665410867,12182.345703125,665.969977620323,51.7151321411133,0.463656715168188,388.670434570313,18.099656327447,13432.0634765625,513.187320733077,34.5794189453125,0.274534953463825,25614.4091796875,623.84352722168
10000,1,200,0.1,0.01,2,16,10,3,0.79468533354635,0.24632388023707086,1.0,0.0,0.8702430245987468,0.1678596589416345,500.0,182.0,19999318.0,0.0,303.007873535156,10.6805451292071,16635.80078125,653.258352102034,54.8241333007813,0.240058320744762,388.670434570313,18.099656327447,13432.0634765625,513.187320733077,34.5794189453125,0.274534953463825,30067.8642578125,691.678308105469
10000,1,200,0.1,0.01,2,16,20,3,0.9082100193213464,0.11544586787746194,1.0,0.0,0.9492422973474007,0.06582939141020906,500.0,57.0,19999443.0,0.0,487.891851806641,14.7851166032917,28487.269921875,951.048912445051,58.3258354187012,0.186247750010202,388.670434570313,18.099656327447,13432.0634765625,513.187320733077,34.5794189453125,0.274534953463825,41919.3333984375,876.562286376954
10000,1,200,0.1,0.01,3,4,5,3,0.9304189190062943,0.07767862469630732,1.0,0.0,0.9628153753538117,0.04250322183328029,500.0,40.0,19999460.0,0.0,308.172814941406,0.605877666947406,17133.551171875,46.4680428963833,55.5219635009766,0.0976037575070639,388.670434570313,18.099656327447,13432.0634765625,513.187320733077,34.5794189453125,0.274534953463825,30565.6146484375,696.843249511719
10000,1,200,0.1,0.01,3,4,10,3,0.9843052184482683,0.008854594524581677,1.0,0.0,0.9920771422779205,0.004503837165016435,500.0,8.0,19999492.0,0.0,460.66689453125,2.37197415359163,27107.4671875,181.760877631211,58.7802230834961,0.167207079637324,388.670434570313,18.099656327447,13432.0634765625,513.187320733077,34.5794189453125,0.274534953463825,40539.5306640625,849.337329101563
10000,1,200,0.1,0.01,3,4,20,3,0.8612203612960467,0.22171606431024649,1.0,0.0,0.9144106941632627,0.13883489392662698,500.0,112.33333333333333,19999387.666666668,0.0,761.790002441406,8.8586402060716,46741.8109375,575.058684009668,61.3171188354492,0.0632588851446617,388.670434570313,18.099656327447,13432.0634765625,513.187320733077,34.5794189453125,0.274534953463825,60173.8744140625,1150.460437011719
10000,1,200,0.1,0.01,3,8,5,3,0.4233507775911809,0.48284794788804986,1.0,0.0,0.49833618095468823,0.4270287536092985,500.0,2018.6666666666667,19997481.333333332,0.0,250.901123046875,10.1996228740454,13207.916796875,636.929419658989,52.5513572692871,0.40781462111626,388.670434570313,18.099656327447,13432.0634765625,513.187320733077,34.5794189453125,0.274534953463825,26639.9802734375,639.571557617188
10000,1,200,0.1,0.01,3,8,10,3,0.418949257670206,0.06099777536489541,1.0,0.0,0.5887282544862206,0.06204700560611629,500.0,712.0,19998788.0,0.0,343.501055908203,7.0218938671923,19242.658984375,462.116309924585,55.9449127197266,0.244309771039172,388.670434570313,18.099656327447,13432.0634765625,513.187320733077,34.5794189453125,0.274534953463825,32674.7224609375,732.171490478516
10000,1,200,0.1,0.01,3,8,20,3,0.9236510847838221,0.06377323237479902,1.0,0.0,0.959560168348474,0.03394733695212091,500.0,43.0,19999457.0,0.0,528.172412109375,17.1699492898288,31314.046875,1099.44581936322,59.2201812744141,0.165674238066724,388.670434570313,18.099656327447,13432.0634765625,513.187320733077,34.5794189453125,0.274534953463825,44746.1103515625,916.842846679688
10000,1,200,0.1,0.01,3,16,5,3,0.8991682946147073,0.1324457554909484,1.0,0.0,0.9433379440227192,0.07677591511409143,500.0,65.0,19999435.0,0.0,246.526086425781,17.546345275029,13003.71953125,1103.17140817227,52.6035247802734,0.773380795656286,388.670434570313,18.099656327447,13432.0634765625,513.187320733077,34.5794189453125,0.274534953463825,26435.7830078125,635.196520996094
10000,1,200,0.1,0.01,3,16,10,3,0.9723332117227576,0.017090998458535726,1.0,0.0,0.9859217054942473,0.008802935771567382,500.0,14.333333333333334,19999485.666666668,0.0,351.292327880859,24.762812672067,19839.489453125,1598.19864655438,56.3744049072266,0.601394901392213,388.670434570313,18.099656327447,13432.0634765625,513.187320733077,34.5794189453125,0.274534953463825,33271.5529296875,739.962762451172
10000,1,200,0.1,0.01,3,16,20,3,0.871398580094506,0.1115949405159105,1.0,0.0,0.9287076614880814,0.06475312914122965,500.0,80.33333333333333,19999419.666666668,0.0,561.096612548828,41.1568805753462,33499.259375,2650.07769784777,59.6202110290527,0.389104788934155,388.670434570313,18.099656327447,13432.0634765625,513.187320733077,34.5794189453125,0.274534953463825,46931.3228515625,949.767047119141
10000,1,200,0.1,0.1,1,4,5,3,0.33575770118009807,0.00975898888356139,1.0,0.0,0.5026693167711956,0.010911745924396102,500.0,990.0,19998510.0,0.0,235.66623840332,7.78906663541698,11983.608203125,195.754944679101,50.7924728393555,0.838730815524846,392.940051269531,17.1005001022675,13612.44140625,496.457543983659,34.659725189209,0.236482915069314,25596.049609375,628.6062896728511
10000,1,200,0.1,0.1,1,4,10,3,0.4020394412212753,0.08279731988208075,1.0,0.0,0.5701543430486361,0.08519437732813297,500.0,781.3333333333334,19998718.666666668,0.0,304.243426513672,3.55022344837791,16673.303125,206.619863849551,54.7351417541504,0.103001279353194,392.940051269531,17.1005001022675,13612.44140625,496.457543983659,34.659725189209,0.236482915069314,30285.74453125,697.183477783203
10000,1,200,0.1,0.1,1,4,20,3,0.39503569190338705,0.09771173677396298,1.0,0.0,0.561594745900691,0.10180640581031367,500.0,822.3333333333334,19998677.666666668,0.0,445.087554931641,5.03694295966969,25879.11640625,306.192664768057,58.090746307373,0.0670841386835446,392.940051269531,17.1005001022675,13612.44140625,496.457543983659,34.659725189209,0.236482915069314,39491.5578125,838.027606201172
10000,1,200,0.1,0.1,1,8,5,3,0.4221779040882148,0.06744684434682104,1.0,0.0,0.5915633914484213,0.067792254056874,500.0,706.0,19998794.0,0.0,209.280981445313,3.06403665971523,10453.880859375,209.837842709014,49.8821365356445,0.299531511189414,392.940051269531,17.1005001022675,13612.44140625,496.457543983659,34.659725189209,0.236482915069314,24066.322265625,602.221032714844
10000,1,200,0.1,0.1,1,8,10,3,0.42566680093643683,0.12044019606303684,1.0,0.0,0.59049349370622,0.11828664681626669,500.0,740.3333333333334,19998759.666666668,0.0,263.373394775391,7.18874550576837,13962.646484375,447.179414040152,52.9485054016113,0.313859323683183,392.940051269531,17.1005001022675,13612.44140625,496.457543983659,34.659725189209,0.236482915069314,27575.087890625,656.313446044922
10000,1,200,0.1,0.1,1,8,20,3,0.40702738157097657,0.07481094506574106,1.0,0.0,0.5758961205083556,0.07528678211145975,500.0,756.3333333333334,19998743.666666668,0.0,368.756903076172,7.83575082561804,20857.18828125,514.007065956145,56.5017265319824,0.223597951562848,392.940051269531,17.1005001022675,13612.44140625,496.457543983659,34.659725189209,0.236482915069314,34469.6296875,761.696954345703
10000,1,200,0.1,0.1,1,16,5,3,0.43495862282842923,0.11661245591017405,1.0,0.0,0.5998114869320712,0.11853920678316802,500.0,717.0,19998783.0,0.0,213.110974121094,5.76965293766764,10597.534765625,420.725215176706,49.6388000488281,0.680812025024982,392.940051269531,17.1005001022675,13612.44140625,496.457543983659,34.659725189209,0.236482915069314,24209.976171875,606.051025390625
10000,1,200,0.1,0.1,1,16,10,3,0.4056502579581882,0.14691474649170524,1.0,0.0,0.5661895576806905,0.15769880356796953,500.0,879.6666666666666,19998620.333333332,0.0,266.432873535156,1.89087574825031,14210.8662109375,105.348465140033,53.2710342407227,0.0993367657838323,392.940051269531,17.1005001022675,13612.44140625,496.457543983659,34.659725189209,0.236482915069314,27823.3076171875,659.372924804687
10000,1,200,0.1,0.1,1,16,20,3,0.5543795096063022,0.07326102909971878,1.0,0.0,0.7113567147819402,0.06226234407761333,500.0,413.3333333333333,19999086.666666668,0.0,370.244836425781,11.5306000654692,20983.451171875,727.645103536779,56.5936454772949,0.208392574686237,392.940051269531,17.1005001022675,13612.44140625,496.457543983659,34.659725189209,0.236482915069314,34595.892578125,763.184887695312
10000,1,200,0.1,0.1,2,4,5,3,0.38970392339846166,0.1664619339941533,1.0,0.0,0.5462831822866608,0.18259957100870636,500.0,1007.6666666666666,19998492.333333332,0.0,266.863104248047,1.71575245496715,14320.9072265625,85.2047319230968,53.5793464660645,0.0818175715823699,392.940051269531,17.1005001022675,13612.44140625,496.457543983659,34.659725189209,0.236482915069314,27933.3486328125,659.803155517578
10000,1,200,0.1,0.1,2,4,10,3,0.31435654257939155,0.08820913309839452,1.0,0.0,0.473656049603793,0.10480679695938935,500.0,1189.6666666666667,19998310.333333332,0.0,373.813897705078,3.08138577348776,21288.331640625,191.870759939855,56.8840835571289,0.0835023734871094,392.940051269531,17.1005001022675,13612.44140625,496.457543983659,34.659725189209,0.236482915069314,34900.773046875,766.753948974609
10000,1,200,0.1,0.1,2,4,20,3,0.416166021161825,0.09118236646569826,1.0,0.0,0.5839231435806093,0.08886223778158628,500.0,738.0,19998762.0,0.0,582.693359375,1.74982825398662,34891.00625,94.8368540468211,59.8169326782227,0.04034511064576,392.940051269531,17.1005001022675,13612.44140625,496.457543983659,34.659725189209,0.236482915069314,48503.44765625,975.6334106445311
10000,1,200,0.1,0.1,2,8,5,3,0.34053972786668024,0.12658524788282666,1.0,0.0,0.49941115920781304,0.13758317629798206,500.0,1103.0,19998397.0,0.0,231.590646362305,5.29613390756934,11887.052734375,341.652149675133,51.232918548584,0.304690700278837,392.940051269531,17.1005001022675,13612.44140625,496.457543983659,34.659725189209,0.236482915069314,25499.494140625,624.530697631836
10000,1,200,0.1,0.1,2,8,10,3,0.3109666405925253,0.020363956191210113,1.0,0.0,0.4741648744983385,0.023493634931668495,500.0,1112.3333333333333,19998387.666666668,0.0,306.247418212891,2.88045489343063,16722.223046875,201.871717012809,54.5227775573731,0.187930447782529,392.940051269531,17.1005001022675,13612.44140625,496.457543983659,34.659725189209,0.236482915069314,30334.664453125,699.187469482422
10000,1,200,0.1,0.1,2,8,20,3,0.4318821174327159,0.06666261237932965,1.0,0.0,0.6012641805885767,0.06356590245837128,500.0,675.0,19998825.0,0.0,434.952178955078,7.29652510032294,25146.56484375,471.482775451667,57.7509590148926,0.132967233839704,392.940051269531,17.1005001022675,13612.44140625,496.457543983659,34.659725189209,0.236482915069314,38759.00625,827.892230224609
10000,1,200,0.1,0.1,2,16,5,3,0.25118628269247373,0.25560759939171235,1.0,0.0,0.3598498405887789,0.30668858512913766,500.0,3744.0,19995756.0,0.0,236.779391479492,5.72072735991152,12254.8890625,351.788969231969,51.6758117675781,0.374083656134938,392.940051269531,17.1005001022675,13612.44140625,496.457543983659,34.659725189209,0.236482915069314,25867.33046875,629.7194427490231
10000,1,200,0.1,0.1,2,16,10,3,0.48580132921172553,0.11031656201817207,0.9986666666666667,0.002309401076758521,0.648398826538127,0.10442133828632495,499.3333333333333,571.0,19998929.0,0.6666666666666666,321.730322265625,4.86510754807785,17626.323828125,302.828640418073,54.7116424560547,0.145083661249008,392.940051269531,17.1005001022675,13612.44140625,496.457543983659,34.659725189209,0.236482915069314,31238.765234375,714.6703735351559
10000,1,200,0.1,0.1,2,16,20,3,0.39299596216184357,0.1368607821032545,1.0,0.0,0.555265793399475,0.13723355169200877,500.0,872.6666666666666,19998627.333333332,0.0,483.368035888672,15.2999312670587,28321.43828125,979.63221617669,58.5294311523438,0.175825817968375,392.940051269531,17.1005001022675,13612.44140625,496.457543983659,34.659725189209,0.236482915069314,41933.8796875,876.3080871582031
10000,1,200,0.1,0.1,3,4,5,3,0.2829967730320011,0.1221361949853482,1.0,0.0,0.43153178941852444,0.15176075626913688,500.0,1553.3333333333333,19997946.666666668,0.0,308.235723876953,0.982052769231708,17080.44609375,45.2675956548349,55.3302742004395,0.0811802382404262,392.940051269531,17.1005001022675,13612.44140625,496.457543983659,34.659725189209,0.236482915069314,30692.8875,701.175775146484
10000,1,200,0.1,0.1,3,4,10,3,0.2757374114227812,0.055126746597046916,1.0,0.0,0.43035123583287405,0.06694194966877248,500.0,1360.3333333333333,19998139.666666668,0.0,453.540789794922,1.93318397905986,26610.7046875,123.744257465946,58.6103591918945,0.0675238527043204,392.940051269531,17.1005001022675,13612.44140625,496.457543983659,34.659725189209,0.236482915069314,40223.14609375,846.480841064453
10000,1,200,0.1,0.1,3,4,20,3,0.4060476353696228,0.09115385519776982,1.0,0.0,0.5737070041514426,0.08946328005882798,500.0,769.6666666666666,19998730.333333332,0.0,756.553076171875,3.94091312956888,46316.73359375,234.522024723834,61.1776237487793,0.0164562515341302,392.940051269531,17.1005001022675,13612.44140625,496.457543983659,34.659725189209,0.236482915069314,59929.175,1149.493127441406
10000,1,200,0.1,0.1,3,8,5,3,0.2749311118325626,0.1362196795862575,1.0,0.0,0.41869689711332286,0.1769286733908867,500.0,1811.3333333333333,19997688.666666668,0.0,250.074066162109,8.31413493482328,13071.9466796875,530.759885322558,52.1906455993652,0.363438103514913,392.940051269531,17.1005001022675,13612.44140625,496.457543983659,34.659725189209,0.236482915069314,26684.3880859375,643.01411743164
10000,1,200,0.1,0.1,3,8,10,3,0.3342671285894046,0.02550684703235297,1.0,0.0,0.5006841984286244,0.02868752986291173,500.0,1001.6666666666666,19998498.333333332,0.0,347.212561035156,5.44131216724363,19399.3125,318.293835884736,55.8045417785645,0.081213796325831,392.940051269531,17.1005001022675,13612.44140625,496.457543983659,34.659725189209,0.236482915069314,33011.75390625,740.152612304687
10000,1,200,0.1,0.1,3,8,20,3,0.19892979368061914,0.09191850495739799,1.0,0.0,0.3254876939276207,0.1244513100707862,500.0,2365.3333333333335,19997134.666666668,0.0,524.458923339844,8.25963872612265,30969.191796875,574.272726005883,58.9959983825684,0.178308572995104,392.940051269531,17.1005001022675,13612.44140625,496.457543983659,34.659725189209,0.236482915069314,44581.633203125,917.398974609375
10000,1,200,0.1,0.1,3,16,5,3,0.38501462181355234,0.10955377551702017,1.0,0.0,0.5499441422316903,0.11442649044878553,500.0,873.3333333333334,19998626.666666668,0.0,253.540725708008,20.2080750769691,13375.6990234375,1253.4567177022,52.6044570922852,0.830678549199902,392.940051269531,17.1005001022675,13612.44140625,496.457543983659,34.659725189209,0.236482915069314,26988.1404296875,646.480776977539
10000,1,200,0.1,0.1,3,16,10,3,0.3250865278382969,0.06608397996072458,1.0,0.0,0.4882271451379543,0.07331306699527901,500.0,1077.0,19998423.0,0.0,347.517706298828,40.9029140654717,19475.9357421875,2645.08245523691,55.8350021362305,1.20269310514369,392.940051269531,17.1005001022675,13612.44140625,496.457543983659,34.659725189209,0.236482915069314,33088.3771484375,740.457757568359
10000,1,200,0.1,0.1,3,16,20,3,0.3270944625287335,0.19482766396210632,1.0,0.0,0.4705799371466483,0.2293373242416906,500.0,1622.3333333333333,19997877.666666668,0.0,580.652075195313,16.152593134928,34678.3359375,1022.67494667246,59.6642951965332,0.141808074779468,392.940051269531,17.1005001022675,13612.44140625,496.457543983659,34.659725189209,0.236482915069314,48290.77734375,973.5921264648441
20000,1,100,0.01,0.0,1,4,5,3,0.9382677388608217,0.03841999059543303,1.0,0.0,0.9678790232582944,0.020568158767564654,1000.0,67.0,79998933.0,0.0,961.595174153646,2.833521398883839,43422.33854166666,200.01810315746877,45.12996164957682,0.153806669433017,1543.3753255208333,70.80447815338195,56474.04166666666,2205.196260929641,36.60351435343424,0.2440122516675294,99896.38020833331,2504.9704996744795
20000,1,100,0.01,0.0,1,4,10,3,0.961160673800336,0.03482604154962763,1.0,0.0,0.9799798162570968,0.018239927828684416,1000.0,41.333333333333336,79998958.66666667,0.0,1233.1843668619792,8.1321843004719,61222.583333333336,224.9047167254618,49.61973571777344,0.1519512689053885,1543.3753255208333,70.80447815338195,56474.04166666666,2205.196260929641,36.60351435343424,0.2440122516675294,117696.625,2776.5596923828125
20000,1,100,0.01,0.0,1,4,20,3,0.9891216169988173,0.0016928941655203547,1.0,0.0,0.994530576130772,0.0008561518327730219,1000.0,11.0,79998989.0,0.0,1913.8128662109373,167.178400899962,106182.19791666669,10729.675401842098,55.39603042602539,0.7553408294022698,1543.3753255208333,70.80447815338195,56474.04166666666,2205.196260929641,36.60351435343424,0.2440122516675294,162656.23958333334,3457.1881917317705
20000,1,100,0.01,0.0,1,8,5,3,0.9624010876967376,0.01894506060533596,1.0,0.0,0.9807773725189216,0.009785622982758506,1000.0,39.333333333333336,79998960.66666667,0.0,858.1458536783854,5.596094517522339,37200.227864583336,287.23464586290737,43.32755661010742,0.1924660674185982,1543.3753255208333,70.80447815338195,56474.04166666666,2205.196260929641,36.60351435343424,0.2440122516675294,93674.26953125,2401.5211791992188
20000,1,100,0.01,0.0,1,8,10,3,0.9849175380862462,0.005340039846546979,1.0,0.0,0.9923966037637199,0.002711394386616565,1000.0,15.333333333333334,79998984.66666667,0.0,1010.805643717448,10.355246100847546,47331.33463541666,380.4180759366224,46.79926300048828,0.2639906532627082,1543.3753255208333,70.80447815338195,56474.04166666666,2205.196260929641,36.60351435343424,0.2440122516675294,103805.37630208331,2554.1809692382812
20000,1,100,0.01,0.0,1,8,20,3,0.8346972939784014,0.26077128517876275,1.0,0.0,0.8936712364354701,0.17129124966000991,1000.0,301.3333333333333,79998698.66666667,0.0,1402.5503743489585,59.28366439113661,72252.27083333333,3516.9906220889397,51.4755605061849,0.3686839112332098,1543.3753255208333,70.80447815338195,56474.04166666666,2205.196260929641,36.60351435343424,0.2440122516675294,128726.31249999999,2945.925699869792
20000,1,100,0.01,0.0,1,16,5,3,0.954783356976931,0.028690425396940958,1.0,0.0,0.976720511244657,0.015146909238975112,1000.0,48.0,79998952.0,0.0,931.9982299804688,53.913356886689975,39472.0703125,3217.250284359598,42.26789983113607,1.0520452623983891,1543.3753255208333,70.80447815338195,56474.04166666666,2205.196260929641,36.60351435343424,0.2440122516675294,95946.11197916666,2475.373555501302
20000,1,100,0.01,0.0,1,16,10,3,0.9601552104701637,0.025810032873903942,1.0,0.0,0.9795547212481459,0.013432963177567566,1000.0,42.0,79998958.0,0.0,1044.1295369466145,92.78541097107411,49062.79296875,5973.655499849635,46.8193728129069,1.6686897567466177,1543.3753255208333,70.80447815338195,56474.04166666666,2205.196260929641,36.60351435343424,0.2440122516675294,105536.83463541666,2587.5048624674478
20000,1,100,0.01,0.0,1,16,20,3,0.9029443915002192,0.1535081084974936,1.0,0.0,0.9441929962419193,0.08933095358718784,1000.0,131.66666666666666,79998868.33333333,0.0,1409.9820556640625,174.61669772783767,73241.7421875,11145.863548366731,51.713887532552086,1.6505474632595365,1543.3753255208333,70.80447815338195,56474.04166666666,2205.196260929641,36.60351435343424,0.2440122516675294,129715.78385416666,2953.3573811848955
20000,1,100,0.01,0.0,2,4,5,3,0.9671877434919,0.02357313103637884,1.0,0.0,0.9832230893284386,0.012158801844235897,1000.0,34.333333333333336,79998965.66666667,0.0,1052.4679768880208,4.230098364527153,49469.223958333336,117.19096268032348,46.9752566019694,0.2583450479022543,1543.3753255208333,70.80447815338195,56474.04166666666,2205.196260929641,36.60351435343424,0.2440122516675294,105943.265625,2595.843302408854
20000,1,100,0.01,0.0,2,4,10,3,0.9474142109356487,0.05187368031343052,1.0,0.0,0.9725058127529193,0.02766836326504405,1000.0,57.666666666666664,79998942.33333333,0.0,1430.8250732421875,5.086306142069814,74167.4296875,185.508446788152,51.81164296468099,0.1349188757919949,1543.3753255208333,70.80447815338195,56474.04166666666,2205.196260929641,36.60351435343424,0.2440122516675294,130641.47135416666,2974.2003987630205
20000,1,100,0.01,0.0,2,4,20,3,0.9476120279600423,0.0414811672464802,1.0,0.0,0.972787186821335,0.022131838501006796,1000.0,56.666666666666664,79998943.33333333,0.0,2162.1940104166665,27.04652376079699,121659.56770833331,1535.6847101090923,56.24973678588867,0.0724714136406889,1543.3753255208333,70.80447815338195,56474.04166666666,2205.196260929641,36.60351435343424,0.2440122516675294,178133.60937499997,3705.5693359375
20000,1,100,0.01,0.0,2,8,5,3,0.9083676027536279,0.11500557062408322,1.0,0.0,0.9493533360457179,0.06547982676796951,1000.0,113.66666666666667,79998886.33333333,0.0,958.3698120117188,24.00710875831466,43662.74609375,1795.0357852977957,45.51243336995443,0.723509405121661,1543.3753255208333,70.80447815338195,56474.04166666666,2205.196260929641,36.60351435343424,0.2440122516675294,100136.78776041666,2501.745137532552
20000,1,100,0.01,0.0,2,8,10,3,0.9881558196942396,0.00448096153751769,1.0,0.0,0.994039225495522,0.0022656585568409555,1000.0,12.0,79998988.0,0.0,1206.1280924479167,4.299940336368571,59796.7265625,321.4632806686916,49.55436325073242,0.168327670686383,1543.3753255208333,70.80447815338195,56474.04166666666,2205.196260929641,36.60351435343424,0.2440122516675294,116270.76822916666,2749.50341796875
20000,1,100,0.01,0.0,2,8,20,3,0.9517893313864025,0.036196713396218494,1.0,0.0,0.9750642702583562,0.019006516524171464,1000.0,51.666666666666664,79998948.33333333,0.0,1728.6464029947915,26.442697709295377,93946.62760416669,1672.473232829689,54.32209777832031,0.1783368434802204,1543.3753255208333,70.80447815338195,56474.04166666666,2205.196260929641,36.60351435343424,0.2440122516675294,150420.66927083334,3272.021728515625
20000,1,100,0.01,0.0,2,16,5,3,0.9099925321440357,0.0480741745719878,1.0,0.0,0.9524289002518272,0.026616078735326926,1000.0,101.0,79998899.0,0.0,956.4563395182292,65.26307959369562,43596.00651041666,4292.463868867716,45.45783233642578,1.489021378302038,1543.3753255208333,70.80447815338195,56474.04166666666,2205.196260929641,36.60351435343424,0.2440122516675294,100070.04817708331,2499.8316650390625
20000,1,100,0.01,0.0,2,16,10,3,0.9699393905250161,0.0032526317611844043,1.0,0.0,0.9847384908991613,0.001677931233060581,1000.0,31.0,79998969.0,0.0,1146.529541015625,119.712889654392,56093.805989583336,7576.815398694904,48.75166575113932,1.4161008011249856,1543.3753255208333,70.80447815338195,56474.04166666666,2205.196260929641,36.60351435343424,0.2440122516675294,112567.84765625,2689.904866536458
20000,1,100,0.01,0.0,2,16,20,3,0.9278511063311955,0.11294948040796103,1.0,0.0,0.9601126133382828,0.06305548004162662,1000.0,89.33333333333333,79998910.66666667,0.0,1537.3058268229167,87.45541878073168,81762.45052083333,5757.610701851317,53.12228393554688,0.7995271863663209,1543.3753255208333,70.80447815338195,56474.04166666666,2205.196260929641,36.60351435343424,0.2440122516675294,138236.4921875,3080.68115234375
20000,1,100,0.01,0.0,3,4,5,3,0.6728389502415478,0.2685791284199316,1.0,0.0,0.782934206327275,0.20160237883368304,1000.0,684.0,79998316.0,0.0,1191.7610270182292,12.019726766762677,59219.57421875,485.804650761578,49.66656875610352,0.1131061007584496,1543.3753255208333,70.80447815338195,56474.04166666666,2205.196260929641,36.60351435343424,0.2440122516675294,115693.61588541666,2735.1363525390625
20000,1,100,0.01,0.0,3,4,10,3,0.9758139147496928,0.017201336639637816,1.0,0.0,0.9877075252537971,0.00885606879859276,1000.0,25.0,79998975.0,0.0,1705.7952067057292,20.18547502256894,92389.95572916669,1211.3106854787916,54.14205551147461,0.1146401240666854,1543.3753255208333,70.80447815338195,56474.04166666666,2205.196260929641,36.60351435343424,0.2440122516675294,148863.99739583334,3249.1705322265625
20000,1,100,0.01,0.0,3,4,20,3,0.9706432802565703,0.023951599036277867,1.0,0.0,0.9850025883440692,0.012389475439619914,1000.0,30.666666666666668,79998969.33333333,0.0,2728.674153645833,13.867213161008968,159566.59895833334,918.1007267125927,58.45983123779297,0.0767748011767319,1543.3753255208333,70.80447815338195,56474.04166666666,2205.196260929641,36.60351435343424,0.2440122516675294,216040.640625,4272.049479166666
20000,1,100,0.01,0.0,3,8,5,3,0.9393335591178243,0.03701102440672123,1.0,0.0,0.9684697497604949,0.019503904814772374,1000.0,65.66666666666667,79998934.33333333,0.0,1066.4187418619792,30.5101419928466,50959.704427083336,2185.702009282111,47.743734995524086,0.8089353374575675,1543.3753255208333,70.80447815338195,56474.04166666666,2205.196260929641,36.60351435343424,0.2440122516675294,107433.74609375,2609.7940673828125
20000,1,100,0.01,0.0,3,8,10,3,0.9353309702393501,0.09496891375200353,1.0,0.0,0.9648752337374136,0.05226506130306959,1000.0,77.0,79998923.0,0.0,1409.66552734375,56.6049321517096,73036.96875,3898.843299933105,51.76382446289063,0.685143299508077,1543.3753255208333,70.80447815338195,56474.04166666666,2205.196260929641,36.60351435343424,0.2440122516675294,129511.01041666666,2953.040852864583
20000,1,100,0.01,0.0,3,8,20,3,0.9025929105118661,0.07305446561615565,1.0,0.0,0.9477471157596823,0.04124903692626512,1000.0,113.0,79998887.0,0.0,2053.474039713541,40.40698171423312,114957.61458333331,2400.551118137236,55.96259180704752,0.1117674892593318,1543.3753255208333,70.80447815338195,56474.04166666666,2205.196260929641,36.60351435343424,0.2440122516675294,171431.65624999997,3596.849365234374
20000,1,100,0.01,0.0,3,16,5,3,0.943077856622749,0.04021516306044902,1.0,0.0,0.9704087752850009,0.021481925971411246,1000.0,61.666666666666664,79998938.33333333,0.0,987.9977010091146,42.06779747739559,45491.739583333336,2786.0889584561523,45.98563130696615,0.902364598904462,1543.3753255208333,70.80447815338195,56474.04166666666,2205.196260929641,36.60351435343424,0.2440122516675294,101965.78125,2531.3730265299478
20000,1,100,0.01,0.0,3,16,10,3,0.9791525702518965,0.007697259852558494,1.0,0.0,0.9894563018594954,0.003928198201687849,1000.0,21.333333333333332,79998978.66666667,0.0,1294.099609375,127.58988705162808,65278.65494791666,8148.612184468018,50.29806009928385,1.268925580685095,1543.3753255208333,70.80447815338195,56474.04166666666,2205.196260929641,36.60351435343424,0.2440122516675294,121752.69661458331,2837.474934895833
20000,1,100,0.01,0.0,3,16,20,3,0.9836585585215967,0.00873969397020739,1.0,0.0,0.9917488917226857,0.004452116893930541,1000.0,16.666666666666668,79998983.33333333,0.0,2256.885009765625,342.2108142453323,125972.42708333331,22373.371730577805,55.54819107055664,1.6687899630883527,1543.3753255208333,70.80447815338195,56474.04166666666,2205.196260929641,36.60351435343424,0.2440122516675294,182446.46874999997,3800.260335286458
20000,1,100,0.01,0.01,1,4,5,3,0.9546922324411172,0.016442868378777963,1.0,0.0,0.9767725828891395,0.008637615769729243,1000.0,47.666666666666664,79998952.33333333,0.0,969.4000447591146,12.682503270708382,44148.5546875,619.1957530415699,45.516700744628906,0.1621857767334736,1543.1446126302085,72.00543091510221,56742.36979166666,2066.1125140683725,36.78855005900065,0.3809806763059188,100890.92447916666,2512.544657389323
20000,1,100,0.01,0.01,1,4,10,3,0.917723674209614,0.048850649575844896,1.0,0.0,0.9566506763523851,0.0262760348151206,1000.0,91.66666666666667,79998908.33333333,0.0,1226.5819905598958,2.9631844357220016,60834.505208333336,250.1767126375184,49.56832631429037,0.2459890973195601,1543.1446126302085,72.00543091510221,56742.36979166666,2066.1125140683725,36.78855005900065,0.3809806763059188,117576.875,2769.7266031901045
20000,1,100,0.01,0.01,1,4,20,3,0.9527302276690429,0.02221936733490998,1.0,0.0,0.9757040995016025,0.011717364236011921,1000.0,50.0,79998950.0,0.0,1865.6361897786455,47.27628927333046,99692.22395833331,2969.398370326029,53.41362508138021,0.2480257479366127,1543.1446126302085,72.00543091510221,56742.36979166666,2066.1125140683725,36.78855005900065,0.3809806763059188,156434.59374999997,3408.780802408854
20000,1,100,0.01,0.01,1,8,5,3,0.8587936089807915,0.15101050438235633,1.0,0.0,0.9190806401251613,0.09147259553661213,1000.0,191.33333333333334,79998808.66666667,0.0,871.1244303385416,15.262022344315769,37748.4375,1043.6499344654007,43.296827952067055,0.4715247861038847,1543.1446126302085,72.00543091510221,56742.36979166666,2066.1125140683725,36.78855005900065,0.3809806763059188,94490.80729166666,2414.26904296875
20000,1,100,0.01,0.01,1,8,10,3,0.8626054511254426,0.1844061051433423,1.0,0.0,0.9187719615407749,0.11309979483303957,1000.0,200.66666666666666,79998799.33333333,0.0,1010.457539876302,16.281810671854394,47482.69010416666,491.3172577048781,46.97073491414388,0.2670436582947315,1543.1446126302085,72.00543091510221,56742.36979166666,2066.1125140683725,36.78855005900065,0.3809806763059188,104225.05989583331,2553.6021525065107
20000,1,100,0.01,0.01,1,8,20,3,0.9757615453911593,0.01497107987618578,1.0,0.0,0.9876935151747644,0.007637211386558045,1000.0,25.0,79998975.0,0.0,1393.1754150390625,31.787352612917896,72032.859375,1985.4938898965177,51.6772689819336,0.2596314396136822,1543.1446126302085,72.00543091510221,56742.36979166666,2066.1125140683725,36.78855005900065,0.3809806763059188,128775.22916666666,2936.320027669271
20000,1,100,0.01,0.01,1,16,5,3,0.8341160434536322,0.1382345026034967,1.0,0.0,0.9055778143458945,0.07918996932495392,1000.0,219.33333333333334,79998780.66666667,0.0,840.8489990234375,52.355649245117824,36031.161458333336,3172.1365384869946,42.76626968383789,1.077310447335228,1543.1446126302085,72.00543091510221,56742.36979166666,2066.1125140683725,36.78855005900065,0.3809806763059188,92773.53125,2383.993611653646
20000,1,100,0.01,0.01,1,16,10,3,0.9885014361035157,0.007040095597085034,1.0,0.0,0.994209051143503,0.003568038745947497,1000.0,11.666666666666666,79998988.33333333,0.0,924.5257771809896,7.112514524413816,41525.16015625,245.2753560487289,44.888922373453774,0.0825148009705402,1543.1446126302085,72.00543091510221,56742.36979166666,2066.1125140683725,36.78855005900065,0.3809806763059188,98267.52994791666,2467.670389811198
20000,1,100,0.01,0.01,1,16,20,3,0.9772809913062367,0.010981262795541699,1.0,0.0,0.9884891715018221,0.005618739122292361,1000.0,23.333333333333332,79998976.66666667,0.0,1325.3118489583333,165.23993273305945,67867.0546875,11092.896600510798,50.95256042480469,1.8658594207114356,1543.1446126302085,72.00543091510221,56742.36979166666,2066.1125140683725,36.78855005900065,0.3809806763059188,124609.42447916666,2868.456461588542
20000,1,100,0.01,0.01,2,4,5,3,0.9213153694569237,0.07683633897850378,1.0,0.0,0.9579145059320364,0.042462050711570026,1000.0,90.66666666666667,79998909.33333333,0.0,1129.1446940104167,11.48339608850758,52465.548177083336,462.6103513452401,46.44567489624024,0.0761388920351097,1543.1446126302085,72.00543091510221,56742.36979166666,2066.1125140683725,36.78855005900065,0.3809806763059188,109207.91796875,2672.289306640625
20000,1,100,0.01,0.01,2,4,10,3,0.9231445398611647,0.03548869953863927,1.0,0.0,0.9597992810181216,0.019288691706301913,1000.0,84.33333333333333,79998915.66666667,0.0,1443.0859375,15.786551767444228,75252.18489583333,732.3243650183305,52.120513916015625,0.0635665585697674,1543.1446126302085,72.00543091510221,56742.36979166666,2066.1125140683725,36.78855005900065,0.3809806763059188,131994.5546875,2986.2305501302085
20000,1,100,0.01,0.01,2,4,20,3,0.9524241266387329,0.022213187096183886,1.0,0.0,0.9755440029929265,0.011655843852432485,1000.0,50.333333333333336,79998949.66666667,0.0,2172.19970703125,24.21590820703499,122661.9921875,1686.7871623144672,56.45047378540039,0.16746129549125,1543.1446126302085,72.00543091510221,56742.36979166666,2066.1125140683725,36.78855005900065,0.3809806763059188,179404.36197916666,3715.3443196614585
20000,1,100,0.01,0.01,2,8,5,3,0.8568039102361823,0.17847525568092015,1.0,0.0,0.9158222598539388,0.11015500789279793,1000.0,206.66666666666666,79998793.33333333,0.0,993.1569417317708,40.31466144619672,45351.328125,2337.299554415724,45.61868667602539,0.5254924559544787,1543.1446126302085,72.00543091510221,56742.36979166666,2066.1125140683725,36.78855005900065,0.3809806763059188,102093.69791666666,2536.3015543619795
20000,1,100,0.01,0.01,2,8,10,3,0.865238944106487,0.14482660224583593,1.0,0.0,0.9232338906591472,0.08728146269926763,1000.0,180.0,79998820.0,0.0,1245.8435465494792,33.376450238397375,62437.485677083336,2104.583702922057,50.08214314778646,0.3687886430646001,1543.1446126302085,72.00543091510221,56742.36979166666,2066.1125140683725,36.78855005900065,0.3809806763059188,119179.85546875,2788.9881591796875
20000,1,100,0.01,0.01,2,8,20,3,0.9486147793313146,0.014575932284368232,1.0,0.0,0.9735917330944229,0.007648086012043675,1000.0,54.333333333333336,79998945.66666667,0.0,1667.5222981770833,32.668439722873416,90212.40625,2381.776257909396,54.06809107462565,0.4400433657144358,1543.1446126302085,72.00543091510221,56742.36979166666,2066.1125140683725,36.78855005900065,0.3809806763059188,146954.77604166666,3210.666910807292
20000,1,100,0.01,0.01,2,16,5,3,0.9522288048113121,0.03862800069036592,1.0,0.0,0.9752611148239237,0.020378873617421144,1000.0,51.333333333333336,79998948.66666667,0.0,934.7952270507812,57.90108443861226,41856.173177083336,3773.545601300416,44.673099517822266,1.2736375982843735,1543.1446126302085,72.00543091510221,56742.36979166666,2066.1125140683725,36.78855005900065,0.3809806763059188,98598.54296875,2477.9398396809897
20000,1,100,0.01,0.01,2,16,10,3,0.2745939448393109,0.23834352335807926,0.6666666666666666,0.5773502691896258,0.38885189989253455,0.3371384967672304,666.6666666666666,954.3333333333334,79998045.66666667,333.3333333333333,1088.0511474609375,32.093994545647185,52308.915364583336,2170.277467198761,48.0352668762207,0.7127668312513266,1543.1446126302085,72.00543091510221,56742.36979166666,2066.1125140683725,36.78855005900065,0.3809806763059188,109051.28515625,2631.195760091146
20000,1,100,0.01,0.01,2,16,20,3,0.9464172529773379,0.03686120493801271,1.0,0.0,0.9722275445789793,0.01929054433243548,1000.0,57.666666666666664,79998942.33333333,0.0,1626.447998046875,112.94785389505168,87154.61458333333,7444.527666184088,53.50883992513021,0.8222133966019941,1543.1446126302085,72.00543091510221,56742.36979166666,2066.1125140683725,36.78855005900065,0.3809806763059188,143896.984375,3169.5926106770835
20000,1,100,0.01,0.01,3,4,5,3,0.8109231963678334,0.12484467659748259,1.0,0.0,0.8921363072902556,0.0752159821220499,1000.0,252.33333333333334,79998747.66666667,0.0,1201.5572102864585,8.04090851152426,59943.85807291666,10.549389328641174,49.86406453450521,0.3272587018830281,1543.1446126302085,72.00543091510221,56742.36979166666,2066.1125140683725,36.78855005900065,0.3809806763059188,116686.22786458331,2744.701822916667
20000,1,100,0.01,0.01,3,4,10,3,0.9634060395635556,0.004640738037706476,1.0,0.0,0.9813582068285812,0.002407657409914626,1000.0,38.0,79998962.0,0.0,1695.5454915364585,19.771107834537343,92173.34375,1385.2611457391458,54.339341481526695,0.1920444883558397,1543.1446126302085,72.00543091510221,56742.36979166666,2066.1125140683725,36.78855005900065,0.3809806763059188,148915.71354166666,3238.690104166667
20000,1,100,0.01,0.01,3,4,20,3,0.9417313707087686,0.024080716680037962,1.0,0.0,0.9698861966799416,0.012725387544873023,1000.0,62.333333333333336,79998937.66666667,0.0,2680.7001953125,29.16329196048608,155738.703125,2116.5917119505257,58.08201599121094,0.167788777710094,1543.1446126302085,72.00543091510221,56742.36979166666,2066.1125140683725,36.78855005900065,0.3809806763059188,212481.07291666666,4223.844807942709
20000,1,100,0.01,0.01,3,8,5,3,0.9253301171875368,0.06992434712975709,1.0,0.0,0.9602847818132226,0.0385076329999451,1000.0,85.0,79998915.0,0.0,1056.381591796875,25.577945087765645,50497.09375,1410.409733374424,47.76692072550456,0.245336625972094,1543.1446126302085,72.00543091510221,56742.36979166666,2066.1125140683725,36.78855005900065,0.3809806763059188,107239.46354166666,2599.5262044270835
20000,1,100,0.01,0.01,3,8,10,3,0.9794494241617583,0.00506342730827651,1.0,0.0,0.9896136213807035,0.0025877753737244768,1000.0,21.0,79998979.0,0.0,1355.0498046875,40.18955417878719,69515.98958333333,2836.8961155401435,51.26153564453125,0.573810860027016,1543.1446126302085,72.00543091510221,56742.36979166666,2066.1125140683725,36.78855005900065,0.3809806763059188,126258.35937499999,2898.1944173177085
20000,1,100,0.01,0.01,3,8,20,3,0.9475928552615152,0.053984154227597975,1.0,0.0,0.9725570830216209,0.02891130345999631,1000.0,57.666666666666664,79998942.33333333,0.0,2024.6117757161455,20.168108457313377,113384.078125,1444.8174851760266,55.983411153157554,0.1572769254594226,1543.1446126302085,72.00543091510221,56742.36979166666,2066.1125140683725,36.78855005900065,0.3809806763059188,170126.44791666666,3567.756388346354
20000,1,100,0.01,0.01,3,16,5,3,0.6811806323068809,0.44969854837920276,1.0,0.0,0.73942148993791,0.3979301561127644,1000.0,1755.0,79997245.0,0.0,1033.0574137369792,64.81664523742978,48535.28385416666,4412.754785113468,46.87039311726888,1.388248970847641,1543.1446126302085,72.00543091510221,56742.36979166666,2066.1125140683725,36.78855005900065,0.3809806763059188,105277.65364583331,2576.2020263671875
20000,1,100,0.01,0.01,3,16,10,3,0.6429015763750298,0.30373135974934795,1.0,0.0,0.7558378691925185,0.2183603278832811,1000.0,796.0,79998204.0,0.0,1360.9195149739585,162.8443390289045,70116.18489583333,10423.132567708268,51.31713740030924,1.5552457370971464,1543.1446126302085,72.00543091510221,56742.36979166666,2066.1125140683725,36.78855005900065,0.3809806763059188,126858.55468749999,2904.064127604167
20000,1,100,0.01,0.01,3,16,20,3,0.9779596254553047,0.013428475888290924,1.0,0.0,0.9888258225331011,0.006891772961024027,1000.0,22.666666666666668,79998977.33333333,0.0,2061.24951171875,235.7354795202874,115664.45833333331,15527.366469765,55.97415415445963,1.0625412543893202,1543.1446126302085,72.00543091510221,56742.36979166666,2066.1125140683725,36.78855005900065,0.3809806763059188,172406.82812499997,3604.3941243489585
20000,1,100,0.01,0.1,1,4,5,3,0.7710241012104722,0.021615989521249702,1.0,0.0,0.8705969874008356,0.013875560603546359,1000.0,297.6666666666667,79998702.33333333,0.0,1037.944580078125,13.318305725595268,45482.805989583336,670.2238017717654,43.79918543497721,0.143561627973234,1533.7679443359375,76.73546830035849,55963.544270833336,3106.2204844229664,36.47986348470052,0.213425477385972,101446.35026041667,2571.7125244140625
20000,1,100,0.01,0.1,1,4,10,3,0.8127852050033814,0.016198548513043056,1.0,0.0,0.8966663215461065,0.0099054003367504,1000.0,230.66666666666666,79998769.33333333,0.0,1235.648193359375,9.765385620743688,60987.11979166666,452.2830281519013,49.33000946044922,0.0373820815582508,1533.7679443359375,76.73546830035849,55963.544270833336,3106.2204844229664,36.47986348470052,0.213425477385972,116950.6640625,2769.4161376953125
20000,1,100,0.01,0.1,1,4,20,3,0.814756792040876,0.02836455716762449,1.0,0.0,0.897746013879377,0.017076323896522066,1000.0,228.33333333333334,79998771.66666667,0.0,1839.3094075520837,12.005072736905264,97960.359375,1211.401502702014,53.24049758911133,0.3224387187337366,1533.7679443359375,76.73546830035849,55963.544270833336,3106.2204844229664,36.47986348470052,0.213425477385972,153923.90364583334,3373.0773518880214
20000,1,100,0.01,0.1,1,8,5,3,0.7880700919205367,0.007514682253193285,1.0,0.0,0.8814624131311003,0.004711930468654252,1000.0,269.0,79998731.0,0.0,901.580586751302,29.07716613497099,39326.07291666666,1633.4798577552997,43.57950083414713,0.4248588745355213,1533.7679443359375,76.73546830035849,55963.544270833336,3106.2204844229664,36.47986348470052,0.213425477385972,95289.6171875,2435.3485310872393
20000,1,100,0.01,0.1,1,8,10,3,0.793249884875185,0.016584732984141454,1.0,0.0,0.8846431961212052,0.010261868252296812,1000.0,261.0,79998739.0,0.0,1014.0738321940104,14.328999174471765,46978.470052083336,754.2059403148604,46.30658976236979,0.2256443737978013,1533.7679443359375,76.73546830035849,55963.544270833336,3106.2204844229664,36.47986348470052,0.213425477385972,102942.01432291667,2547.8417765299478
20000,1,100,0.01,0.1,1,8,20,3,0.7911833330506969,0.007249029940869319,1.0,0.0,0.88340754350117,0.00451051643989558,1000.0,264.0,79998736.0,0.0,1410.3662109375,67.97785710375356,72458.3125,4519.811265436065,51.31683985392253,0.726088277669634,1533.7679443359375,76.73546830035849,55963.544270833336,3106.2204844229664,36.47986348470052,0.213425477385972,128421.85677083334,2944.1341552734375
20000,1,100,0.01,0.1,1,16,5,3,0.8597970963562362,0.01591750611236297,1.0,0.0,0.9245611330464282,0.009242881713874412,1000.0,163.33333333333334,79998836.66666667,0.0,810.126953125,5.156788707055929,33335.07421875,391.9665766499656,41.12349955240885,0.3221908900864835,1533.7679443359375,76.73546830035849,55963.544270833336,3106.2204844229664,36.47986348470052,0.213425477385972,89298.61848958334,2343.8948974609375
20000,1,100,0.01,0.1,1,16,10,3,0.7876238644777444,0.1550567877918579,0.999,0.001732050807568911,0.8750021042192618,0.10265602938848194,999.0,306.6666666666667,79998693.33333333,1.0,1017.18017578125,69.65818303481079,47112.911458333336,5077.366764038686,46.17407099405924,1.7844500530417964,1533.7679443359375,76.73546830035849,55963.544270833336,3106.2204844229664,36.47986348470052,0.213425477385972,103076.45572916667,2550.9481201171875
20000,1,100,0.01,0.1,1,16,20,3,0.6265933094415992,0.4218746476640863,0.9976666666666666,0.0040414518843274,0.7022936679095287,0.3875315874149851,997.6666666666666,2030.6666666666667,79996969.33333333,2.3333333333333335,1810.6485595703125,184.9765460566192,98931.125,12346.157134367391,54.487677256266274,1.259509761408669,1533.7679443359375,76.73546830035849,55963.544270833336,3106.2204844229664,36.47986348470052,0.213425477385972,154894.66927083334,3344.41650390625
20000,1,100,0.01,0.1,2,4,5,3,0.7831763000206581,0.036149125002992194,1.0,0.0,0.8780986732020573,0.022734756931644416,1000.0,278.6666666666667,79998721.33333333,0.0,1129.93115234375,13.680569407721777,52417.61328125,699.0906207091765,46.36456553141276,0.2386972531998389,1533.7679443359375,76.73546830035849,55963.544270833336,3106.2204844229664,36.47986348470052,0.213425477385972,108381.15755208334,2663.6990966796875
20000,1,100,0.01,0.1,2,4,10,3,0.8059155566837136,0.09944488318921602,0.9996666666666667,0.0005773502691896344,0.8902011345286803,0.05895685202102939,999.6666666666666,252.66666666666666,79998747.33333333,0.3333333333333333,1422.651123046875,19.688947383214213,73854.36458333333,1084.9741802715912,51.88955307006836,0.1474242191317535,1533.7679443359375,76.73546830035849,55963.544270833336,3106.2204844229664,36.47986348470052,0.213425477385972,129817.90885416666,2956.4190673828125
20000,1,100,0.01,0.1,2,4,20,3,0.8660972823442078,0.019751623920416586,1.0,0.0,0.9281649447975328,0.011276313502172381,1000.0,155.0,79998845.0,0.0,2151.8330078125,2.745266242986402,121609.21875,488.3260141147489,56.496768951416016,0.2997226641229276,1533.7679443359375,76.73546830035849,55963.544270833336,3106.2204844229664,36.47986348470052,0.213425477385972,177572.76302083334,3685.6009521484375
20000,1,100,0.01,0.1,2,8,5,3,0.8382047960942479,0.029208102206809645,1.0,0.0,0.9117981480874443,0.0173518028248774,1000.0,194.0,79998806.0,0.0,980.5417277018228,10.42463136733874,45005.42447916666,687.1579658869733,45.86979420979818,0.233547466070457,1533.7679443359375,76.73546830035849,55963.544270833336,3106.2204844229664,36.47986348470052,0.213425477385972,100968.96875,2514.3096720377603
20000,1,100,0.01,0.1,2,8,10,3,0.7638139298518625,0.09103904397124614,1.0,0.0,0.864014354328042,0.060424476789742165,1000.0,322.6666666666667,79998677.33333333,0.0,1197.0521647135415,24.27774694579702,58664.559895833336,1508.633813369679,48.97577667236328,0.3118254490196089,1533.7679443359375,76.73546830035849,55963.544270833336,3106.2204844229664,36.47986348470052,0.213425477385972,114628.10416666667,2730.820109049479
20000,1,100,0.01,0.1,2,8,20,3,0.8556070941532945,0.06401620731339902,1.0,0.0,0.9213127116403651,0.03795439282271903,1000.0,173.33333333333334,79998826.66666667,0.0,1776.5113118489585,72.09183136503441,96631.94010416669,4615.80816459068,54.3561897277832,0.3890073380893923,1533.7679443359375,76.73546830035849,55963.544270833336,3106.2204844229664,36.47986348470052,0.213425477385972,152595.48437500003,3310.279256184896
20000,1,100,0.01,0.1,2,16,5,3,0.7693637961671581,0.10969282147168075,1.0,0.0,0.8667488878886801,0.07024314957027135,1000.0,317.6666666666667,79998682.33333333,0.0,885.8229573567709,20.29915684149872,38152.90625,872.776193730356,43.04521179199219,0.0551551336960029,1533.7679443359375,76.73546830035849,55963.544270833336,3106.2204844229664,36.47986348470052,0.213425477385972,94116.45052083334,2419.5909016927085
20000,1,100,0.01,0.1,2,16,10,3,0.7656225784063039,0.12627731152140337,1.0,0.0,0.8632914685518247,0.08318027074467323,1000.0,331.6666666666667,79998668.33333333,0.0,1132.7491048177085,118.79972259625151,54763.520833333336,7909.290634598204,48.13404591878256,1.8252638142798048,1533.7679443359375,76.73546830035849,55963.544270833336,3106.2204844229664,36.47986348470052,0.213425477385972,110727.06510416667,2666.517049153646
20000,1,100,0.01,0.1,2,16,20,3,0.6451671369822998,0.37045271256770324,1.0,0.0,0.7352779707156744,0.32675366420854646,1000.0,1304.3333333333333,79997695.66666667,0.0,1687.9505208333333,177.65364941802886,90542.29947916669,11856.720748835509,53.47422790527344,1.3843795152811982,1533.7679443359375,76.73546830035849,55963.544270833336,3106.2204844229664,36.47986348470052,0.213425477385972,146505.84375000003,3221.7184651692705
20000,1,100,0.01,0.1,3,4,5,3,0.8116668468271984,0.08412697596148797,1.0,0.0,0.8944765161618179,0.050655541672559076,1000.0,240.66666666666666,79998759.33333333,0.0,1203.9940185546875,11.82361456943998,60149.08854166666,457.7992724901941,49.93283716837565,0.2956611140441548,1533.7679443359375,76.73546830035849,55963.544270833336,3106.2204844229664,36.47986348470052,0.213425477385972,116112.6328125,2737.761962890625
20000,1,100,0.01,0.1,3,4,10,3,0.8222648083607397,0.06555047063683866,1.0,0.0,0.9015170994873422,0.03952156299669679,1000.0,221.33333333333334,79998778.66666667,0.0,1701.5723063151042,3.5265053186460205,92143.6796875,288.53844056089844,54.12822977701823,0.093423540111883,1533.7679443359375,76.73546830035849,55963.544270833336,3106.2204844229664,36.47986348470052,0.213425477385972,148107.22395833334,3235.340250651042
20000,1,100,0.01,0.1,3,4,20,3,0.6955720337284862,0.1918950643515625,1.0,0.0,0.810421395153249,0.13328686835430598,1000.0,513.3333333333334,79998486.66666667,0.0,2725.152587890625,20.17613564174177,159475.82291666666,1245.100314180332,58.50409571329752,0.2374014692300981,1533.7679443359375,76.73546830035849,55963.544270833336,3106.2204844229664,36.47986348470052,0.213425477385972,215439.3671875,4258.9205322265625
20000,1,100,0.01,0.1,3,8,5,3,0.7334342840826326,0.10693811837404484,1.0,0.0,0.8432529366789753,0.07220946022163445,1000.0,383.6666666666667,79998616.33333333,0.0,1016.6791381835938,17.589142981814984,47215.5,1172.706117308698,46.40949122111002,0.3916245515464492,1533.7679443359375,76.73546830035849,55963.544270833336,3106.2204844229664,36.47986348470052,0.213425477385972,103179.04427083334,2550.4470825195312
20000,1,100,0.01,0.1,3,8,10,3,0.7431916991620744,0.18871499867400077,1.0,0.0,0.8431313456550921,0.13236409211476183,1000.0,415.3333333333333,79998584.66666667,0.0,1391.0909830729167,18.703600709945764,69253.56510416667,1146.2393795289158,49.75822194417318,0.1573189929124087,1533.7679443359375,76.73546830035849,55963.544270833336,3106.2204844229664,36.47986348470052,0.213425477385972,125217.109375,2924.8589274088545
20000,1,100,0.01,0.1,3,8,20,3,0.7713672937447709,0.1419057670882869,1.0,0.0,0.86590735798213,0.09406691876917664,1000.0,329.0,79998671.0,0.0,1954.558512369792,19.67524192311052,108374.62239583331,1131.2104709069283,55.428026835123696,0.0770109044068048,1533.7679443359375,76.73546830035849,55963.544270833336,3106.2204844229664,36.47986348470052,0.213425477385972,164338.16666666666,3488.3264567057295
20000,1,100,0.01,0.1,3,16,5,3,0.6316337557328356,0.31287698709462847,1.0,0.0,0.7395323382336624,0.27148962877923566,1000.0,1052.0,79997948.0,0.0,957.6866048177084,53.90865267177444,43559.55078125,3456.1405189389525,45.40332921346029,1.009072394224555,1533.7679443359375,76.73546830035849,55963.544270833336,3106.2204844229664,36.47986348470052,0.213425477385972,99523.09505208334,2491.454549153646
20000,1,100,0.01,0.1,3,16,10,3,0.7997024280533163,0.21385953456929138,0.9979999999999999,0.0020000000000000018,0.8764372021613177,0.14242855375257746,998.0,325.0,79998675.0,2.0,1302.7866617838542,166.6677147802835,66012.01171875,10656.58814140919,50.4431266784668,1.5927725588550563,1533.7679443359375,76.73546830035849,55963.544270833336,3106.2204844229664,36.47986348470052,0.213425477385972,121975.55598958334,2836.554606119792
20000,1,100,0.01,0.1,3,16,20,3,0.606880410755013,0.44822022525836536,0.9963333333333333,0.006350852961085873,0.6732038188153728,0.4317702544029115,996.3333333333334,3212.3333333333335,79995787.66666667,3.6666666666666665,1687.47412109375,31.025287545793084,91138.671875,2179.27700581326,53.984788258870445,0.3116369469197674,1533.7679443359375,76.73546830035849,55963.544270833336,3106.2204844229664,36.47986348470052,0.213425477385972,147102.21614583334,3221.2420654296875
20000,1,100,0.1,0.0,1,4,5,3,0.8292384434516414,0.08943435549046354,1.0,0.0,0.9048790661563241,0.054312860042378876,1000.0,215.66666666666666,79998784.33333333,0.0,964.1580810546876,3.4545115553900554,44281.407552083336,75.92805598192427,45.9010264078776,0.1152224033717395,1157.396240234375,50.96485103799025,42394.52994791666,1690.0226938994983,36.63581466674805,0.1671553973691327,86675.9375,2121.5543212890625
20000,1,100,0.1,0.0,1,4,10,3,0.8836685473728697,0.07751570790280031,1.0,0.0,0.9370250247754844,0.04437070674230309,1000.0,137.66666666666666,79998862.33333333,0.0,1237.69482421875,3.1619291860925784,62301.845052083336,217.33911132152784,50.31242116292318,0.1091441510828807,1157.396240234375,50.96485103799025,42394.52994791666,1690.0226938994983,36.63581466674805,0.1671553973691327,104696.375,2395.091064453125
20000,1,100,0.1,0.0,1,4,20,3,0.7558475238145347,0.2038594154206112,1.0,0.0,0.851167494825821,0.12646150035090284,1000.0,382.6666666666667,79998617.33333333,0.0,1771.8112386067708,31.14580875143784,96774.4765625,2178.082025231015,54.5941276550293,0.2726739021176623,1157.396240234375,50.96485103799025,42394.52994791666,1690.0226938994983,36.63581466674805,0.1671553973691327,139169.00651041666,2929.2074788411455
20000,1,100,0.1,0.0,1,8,5,3,0.82652830678906,0.1373631924997541,1.0,0.0,0.9010463612803205,0.07939525683753482,1000.0,230.66666666666666,79998769.33333333,0.0,861.9952392578125,24.261834101837,36695.98697916666,1665.4412997533495,42.52930704752604,0.7294083782913922,1157.396240234375,50.96485103799025,42394.52994791666,1690.0226938994983,36.63581466674805,0.1671553973691327,79090.51692708331,2019.3914794921875
20000,1,100,0.1,0.0,1,8,10,3,0.8258353084896245,0.0822885552658474,1.0,0.0,0.9031513875584128,0.04858658405388385,1000.0,218.66666666666666,79998781.33333333,0.0,1048.1439615885415,44.0986470779954,48763.30729166666,2742.668428241496,46.47347259521485,0.6499585839265218,1157.396240234375,50.96485103799025,42394.52994791666,1690.0226938994983,36.63581466674805,0.1671553973691327,91157.83723958331,2205.5402018229165
20000,1,100,0.1,0.0,1,8,20,3,0.9285305605495183,0.08901025240508506,1.0,0.0,0.9614257176407625,0.049245651538492176,1000.0,84.0,79998916.0,0.0,1345.6909993489585,26.591032405839613,68556.94010416667,2062.942680459608,50.912715911865234,0.5342151045699428,1157.396240234375,50.96485103799025,42394.52994791666,1690.0226938994983,36.63581466674805,0.1671553973691327,110951.47005208333,2503.0872395833335
20000,1,100,0.1,0.0,1,16,5,3,0.8201888488079908,0.179968063224545,1.0,0.0,0.8935719774265362,0.11592544463871768,1000.0,265.6666666666667,79998734.33333333,0.0,823.699462890625,29.63630590243049,37809.52734375,2939.8265735277378,45.79692586263021,1.8760805111039844,1157.396240234375,50.96485103799025,42394.52994791666,1690.0226938994983,36.63581466674805,0.1671553973691327,80204.05729166666,1981.095703125
20000,1,100,0.1,0.0,1,16,10,3,0.9405116775576285,0.06111424578499172,1.0,0.0,0.9686533965681203,0.032895220563724445,1000.0,66.33333333333333,79998933.66666667,0.0,962.8760782877604,78.8933901167218,48083.5625,11078.625306562048,49.32628122965495,7.049550941795376,1157.396240234375,50.96485103799025,42394.52994791666,1690.0226938994983,36.63581466674805,0.1671553973691327,90478.09244791666,2120.2723185221353
20000,1,100,0.1,0.0,1,16,20,3,0.9907544843492238,0.0014987021470547915,1.0,0.0,0.9953553933577544,0.0007565049180585002,1000.0,9.333333333333334,79998990.66666667,0.0,1283.7187906901042,209.91116876764167,64268.87890625,13619.143675135376,49.67298634847005,2.233259033846996,1157.396240234375,50.96485103799025,42394.52994791666,1690.0226938994983,36.63581466674805,0.1671553973691327,106663.40885416666,2441.1150309244795
20000,1,100,0.1,0.0,2,4,5,3,0.6464928544323196,0.36429158848103527,1.0,0.0,0.7406257867556317,0.304375007325887,1000.0,1143.6666666666667,79997856.33333333,0.0,1050.6754150390625,8.346281562326721,49604.61979166666,370.2433726647516,47.18350474039713,0.0652916179600239,1157.396240234375,50.96485103799025,42394.52994791666,1690.0226938994983,36.63581466674805,0.1671553973691327,91999.14973958331,2208.0716552734375
20000,1,100,0.1,0.0,2,4,10,3,0.9216905534775922,0.08654120911963403,1.0,0.0,0.9578114366205684,0.047912701294382944,1000.0,91.66666666666667,79998908.33333333,0.0,1417.3999837239585,18.729941424479318,73933.2890625,645.5031587231387,52.13773854573568,0.2984326216647437,1157.396240234375,50.96485103799025,42394.52994791666,1690.0226938994983,36.63581466674805,0.1671553973691327,116327.81901041666,2574.7962239583335
20000,1,100,0.1,0.0,2,4,20,3,0.9514238842753513,0.028028750456325368,1.0,0.0,0.9749661591043545,0.014745313805813485,1000.0,51.666666666666664,79998948.33333333,0.0,2158.6844889322915,4.767283684970112,122065.78385416669,353.8663315841135,56.52760060628256,0.1742159883099719,1157.396240234375,50.96485103799025,42394.52994791666,1690.0226938994983,36.63581466674805,0.1671553973691327,164460.31380208334,3316.0807291666665
20000,1,100,0.1,0.0,2,8,5,3,0.8145970878419497,0.1138872254222442,1.0,0.0,0.8950201307727313,0.06708856847552097,1000.0,242.66666666666666,79998757.33333333,0.0,944.5753580729166,34.5471933172183,42707.759114583336,1713.6684002899976,45.18012619018555,0.2370443368857257,1157.396240234375,50.96485103799025,42394.52994791666,1690.0226938994983,36.63581466674805,0.1671553973691327,85102.2890625,2101.9715983072915
20000,1,100,0.1,0.0,2,8,10,3,0.8170361118137799,0.18327430692177335,1.0,0.0,0.8914728271476221,0.11660032394685849,1000.0,271.0,79998729.0,0.0,1246.2065022786458,40.65720717455616,62168.24479166666,2577.195159768415,49.84429295857748,0.4815058688477307,1157.396240234375,50.96485103799025,42394.52994791666,1690.0226938994983,36.63581466674805,0.1671553973691327,104562.77473958331,2403.6027425130205
20000,1,100,0.1,0.0,2,8,20,3,0.9711323158429183,0.019330363518762904,1.0,0.0,0.9852894634791612,0.009989275531201386,1000.0,30.0,79998970.0,0.0,1700.5973307291667,23.230967726187185,91720.33333333331,1473.1977312610804,53.909680684407554,0.1363870179675682,1157.396240234375,50.96485103799025,42394.52994791666,1690.0226938994983,36.63581466674805,0.1671553973691327,134114.86328124997,2857.993570963542
20000,1,100,0.1,0.0,2,16,5,3,0.8886568558822856,0.0821353067339956,1.0,0.0,0.9397174957597715,0.04584935529620405,1000.0,131.66666666666666,79998868.33333333,0.0,871.2005615234375,12.950981656589812,37920.93229166666,563.3764638336991,43.497491200764976,0.5574223757756726,1157.396240234375,50.96485103799025,42394.52994791666,1690.0226938994983,36.63581466674805,0.1671553973691327,80315.46223958331,2028.5968017578125
20000,1,100,0.1,0.0,2,16,10,3,0.9817236921263635,0.008447176633029201,1.0,0.0,0.990765364960486,0.004295023445322499,1000.0,18.666666666666668,79998981.33333333,0.0,1129.8371175130208,54.00848750096631,54584.26041666666,3597.765397917531,48.24292755126953,0.9151875492066258,1157.396240234375,50.96485103799025,42394.52994791666,1690.0226938994983,36.63581466674805,0.1671553973691327,96978.79036458331,2287.2333577473955
20000,1,100,0.1,0.0,2,16,20,3,0.9389381378542359,0.07150854339066921,1.0,0.0,0.9675537131814052,0.03879779803792469,1000.0,69.33333333333333,79998930.66666667,0.0,1445.634521484375,29.56294311062983,74903.67447916667,1962.6264315606695,51.78366978963216,0.3015130905374421,1157.396240234375,50.96485103799025,42394.52994791666,1690.0226938994983,36.63581466674805,0.1671553973691327,117298.20442708333,2603.03076171875
20000,1,100,0.1,0.0,3,4,5,3,0.8166449325103678,0.19046105915820083,1.0,0.0,0.8904205642777593,0.12374556327080977,1000.0,278.0,79998722.0,0.0,1195.7376708984375,2.7599763944988167,59543.552083333336,193.681605723106,49.77182642618815,0.0652184643133043,1157.396240234375,50.96485103799025,42394.52994791666,1690.0226938994983,36.63581466674805,0.1671553973691327,101938.08203125,2353.1339111328125
20000,1,100,0.1,0.0,3,4,10,3,0.8308683004533647,0.0855920527524469,1.0,0.0,0.9060688609575417,0.04983950555078162,1000.0,211.66666666666666,79998788.33333333,0.0,1712.5248209635415,24.35026845089932,92220.74739583331,789.3559813472173,53.834991455078125,0.3724346531246189,1157.396240234375,50.96485103799025,42394.52994791666,1690.0226938994983,36.63581466674805,0.1671553973691327,134615.27734374997,2869.9210611979165
20000,1,100,0.1,0.0,3,4,20,3,0.9717457391014106,0.0187402392251491,1.0,0.0,0.9856090707539075,0.009684492513787035,1000.0,29.333333333333332,79998970.66666667,0.0,2747.754231770833,21.61951683731759,160299.25,1401.54280249072,58.321242014567055,0.0673984288590064,1157.396240234375,50.96485103799025,42394.52994791666,1690.0226938994983,36.63581466674805,0.1671553973691327,202693.77994791666,3905.150472005208
20000,1,100,0.1,0.0,3,8,5,3,0.5457549430093973,0.36348164978441866,1.0,0.0,0.6484909111316115,0.36770487394785095,1000.0,2526.3333333333335,79996473.66666667,0.0,1022.4132893880208,26.44611225887876,47412.138020833336,2047.761890967435,46.32018152872721,0.8371811270190285,1157.396240234375,50.96485103799025,42394.52994791666,1690.0226938994983,36.63581466674805,0.1671553973691327,89806.66796875,2179.8095296223955
20000,1,100,0.1,0.0,3,8,10,3,0.8975181198366874,0.12383629037875947,1.0,0.0,0.9428818576617024,0.07148290458097668,1000.0,129.66666666666666,79998870.33333333,0.0,1343.8409830729167,67.66339402545835,68155.08984375,4337.603276412319,50.65728886922201,0.6710933391118709,1157.396240234375,50.96485103799025,42394.52994791666,1690.0226938994983,36.63581466674805,0.1671553973691327,110549.61979166666,2501.237223307292
20000,1,100,0.1,0.0,3,8,20,3,0.9548894922965699,0.04255852538607034,1.0,0.0,0.9765968297716497,0.022560864853203445,1000.0,48.666666666666664,79998951.33333333,0.0,1995.2860107421875,43.79144300069623,111048.44791666669,2665.2083937886555,55.63387807210287,0.1825855801012625,1157.396240234375,50.96485103799025,42394.52994791666,1690.0226938994983,36.63581466674805,0.1671553973691327,153442.97786458334,3152.6822509765625
20000,1,100,0.1,0.0,3,16,5,3,0.8630353691729655,0.12041066301710927,1.0,0.0,0.9234543339822369,0.07033796055311982,1000.0,174.33333333333334,79998825.66666667,0.0,1037.3541259765625,77.5938589028347,48606.15494791666,4876.995085654087,46.73326110839844,1.2701423771998066,1157.396240234375,50.96485103799025,42394.52994791666,1690.0226938994983,36.63581466674805,0.1671553973691327,91000.68489583331,2194.7503662109375
20000,1,100,0.1,0.0,3,16,10,3,0.8150056879309516,0.29904353853688664,1.0,0.0,0.8755868637183019,0.20473408978179722,1000.0,384.6666666666667,79998615.33333333,0.0,1238.8128255208333,71.60009895464255,61482.188802083336,4932.24943823598,49.5450185139974,1.0761278861315453,1157.396240234375,50.96485103799025,42394.52994791666,1690.0226938994983,36.63581466674805,0.1671553973691327,103876.71875,2396.209065755208
20000,1,100,0.1,0.0,3,16,20,3,0.9852464741029231,0.006045947118723154,1.0,0.0,0.9925621787507088,0.0030721046903425774,1000.0,15.0,79998985.0,0.0,2021.4914957682288,243.6462245459553,112103.92447916669,15900.56833386589,55.29104487101237,1.230677702225817,1157.396240234375,50.96485103799025,42394.52994791666,1690.0226938994983,36.63581466674805,0.1671553973691327,154498.45442708334,3178.8877360026036
20000,1,100,0.1,0.01,1,4,5,3,0.8624443825514696,0.04829441442958735,1.0,0.0,0.9256540051051472,0.028254077269855293,1000.0,162.0,79998838.0,0.0,989.8255615234376,34.7133846841264,44394.95182291666,495.87419645783217,44.86487579345703,1.056054871650079,1176.6621500651042,37.795381232166,44172.69921875,1946.993779735951,37.56164423624674,1.5956095446213925,88567.65104166666,2166.487711588542
20000,1,100,0.1,0.01,1,4,10,3,0.8276186527862656,0.16583422427160618,1.0,0.0,0.8993042228040743,0.1053956467533239,1000.0,246.0,79998754.0,0.0,1227.9912516276042,11.205316766928975,61055.74088541666,821.298706408483,49.69503021240234,0.2687421141602003,1176.6621500651042,37.795381232166,44172.69921875,1946.993779735951,37.56164423624674,1.5956095446213925,105228.44010416666,2404.6534016927085
20000,1,100,0.1,0.01,1,4,20,3,0.9464208575700628,0.008293512666073975,1.0,0.0,0.972460534424796,0.004385562424530025,1000.0,56.666666666666664,79998943.33333333,0.0,1779.1939290364585,4.600965841513608,96945.52604166669,217.8627696852552,54.46919504801432,0.0689441811065686,1176.6621500651042,37.795381232166,44172.69921875,1946.993779735951,37.56164423624674,1.5956095446213925,141118.2252604167,2955.8560791015625
20000,1,100,0.1,0.01,1,8,5,3,0.8486908758251018,0.12774284099977787,1.0,0.0,0.9145635768407593,0.07793416330886412,1000.0,198.0,79998802.0,0.0,881.6068522135416,15.138672397778498,38231.53776041666,1170.8050770585678,43.32574335734049,0.6095296578129765,1176.6621500651042,37.795381232166,44172.69921875,1946.993779735951,37.56164423624674,1.5956095446213925,82404.23697916666,2058.269002278646
20000,1,100,0.1,0.01,1,8,10,3,0.9091755303701264,0.022295684067440032,1.0,0.0,0.9523326954890751,0.012162622417604602,1000.0,100.33333333333333,79998899.66666667,0.0,1030.496337890625,13.033483232700604,48402.8203125,599.1216978781591,46.94927088419596,0.5215695433554216,1176.6621500651042,37.795381232166,44172.69921875,1946.993779735951,37.56164423624674,1.5956095446213925,92575.51953125,2207.1584879557295
20000,1,100,0.1,0.01,1,8,20,3,0.6672545802672544,0.32024497253129536,1.0,0.0,0.7687422994396028,0.24869806355851568,1000.0,828.0,79998172.0,0.0,1394.6291097005208,76.02778174152164,71886.30729166667,4782.520902358026,51.49180221557617,0.6046685661036595,1176.6621500651042,37.795381232166,44172.69921875,1946.993779735951,37.56164423624674,1.5956095446213925,116059.00651041667,2571.291259765625
20000,1,100,0.1,0.01,1,16,5,3,0.6644050100555018,0.49208279963183105,1.0,0.0,0.7076562354572428,0.46030884148512813,1000.0,3152.0,79995848.0,0.0,834.3298136393229,49.26781716470119,35053.270833333336,3096.885094541164,41.91923014322917,1.1965334919593251,1176.6621500651042,37.795381232166,44172.69921875,1946.993779735951,37.56164423624674,1.5956095446213925,79225.97005208334,2010.9919637044272
20000,1,100,0.1,0.01,1,16,10,3,0.9028829516584199,0.05921713442148485,1.0,0.0,0.9482926969430956,0.03232174070621908,1000.0,110.66666666666667,79998889.33333333,0.0,943.0865478515624,41.778182407145394,42175.540364583336,2739.3532659660013,44.65735499064128,0.9026877647080775,1176.6621500651042,37.795381232166,44172.69921875,1946.993779735951,37.56164423624674,1.5956095446213925,86348.23958333334,2119.7486979166665
20000,1,100,0.1,0.01,1,16,20,3,0.9016394427797602,0.08476329329048399,1.0,0.0,0.9468817908442881,0.04693073339972433,1000.0,115.66666666666667,79998884.33333333,0.0,1376.0367024739585,141.985645233001,70195.54036458333,9248.872980523329,50.839064280192055,1.4568286016558345,1176.6621500651042,37.795381232166,44172.69921875,1946.993779735951,37.56164423624674,1.5956095446213925,114368.23958333333,2552.6988525390625
20000,1,100,0.1,0.01,2,4,5,3,0.7540444510091125,0.041906358699811616,1.0,0.0,0.8593385293433752,0.02759498877254175,1000.0,329.0,79998671.0,0.0,1052.171875,8.288826642169893,49892.12109375,416.8157696313746,47.395669301350914,0.1151827049344984,1176.6621500651042,37.795381232166,44172.69921875,1946.993779735951,37.56164423624674,1.5956095446213925,94064.8203125,2228.8340250651045
20000,1,100,0.1,0.01,2,4,10,3,0.8326728010161685,0.057036518172574505,1.0,0.0,0.9079974062522628,0.03375808637764935,1000.0,204.66666666666666,79998795.33333333,0.0,1435.9981689453125,10.362359874577068,74734.25260416667,797.6515750947864,52.01865514119466,0.2068442006871882,1176.6621500651042,37.795381232166,44172.69921875,1946.993779735951,37.56164423624674,1.5956095446213925,118906.95182291667,2612.660319010417
20000,1,100,0.1,0.01,2,4,20,3,0.8739198259024071,0.08626091658765778,1.0,0.0,0.9311865827024662,0.04993055093263942,1000.0,152.0,79998848.0,0.0,2169.4605305989585,14.51138807250581,122391.90104166669,1144.4727178102876,56.39324442545573,0.1511998967309683,1176.6621500651042,37.795381232166,44172.69921875,1946.993779735951,37.56164423624674,1.5956095446213925,166564.6002604167,3346.1226806640625
20000,1,100,0.1,0.01,2,8,5,3,0.5604682833257891,0.22923132510947783,1.0,0.0,0.6988334253673547,0.1996761902152677,1000.0,1049.3333333333333,79997950.66666667,0.0,914.5140177408854,3.474558677944392,40659.06510416666,164.44353712937064,44.43729146321615,0.0489733133176768,1176.6621500651042,37.795381232166,44172.69921875,1946.993779735951,37.56164423624674,1.5956095446213925,84831.76432291666,2091.1761678059897
20000,1,100,0.1,0.01,2,8,10,3,0.7682241515944339,0.04697372790915426,1.0,0.0,0.868386326637193,0.03023151075992791,1000.0,305.0,79998695.0,0.0,1182.6549479166667,25.955686444790565,58099.65625,1734.0434017183563,49.091688791910805,0.3856076530093391,1176.6621500651042,37.795381232166,44172.69921875,1946.993779735951,37.56164423624674,1.5956095446213925,102272.35546875,2359.317097981771
20000,1,100,0.1,0.01,2,8,20,3,0.8457171742807866,0.04766233453037153,1.0,0.0,0.9159230638479731,0.028307407748556324,1000.0,185.0,79998815.0,0.0,1769.5555419921875,79.88545188013069,96236.2578125,5377.421185550888,54.33972040812174,0.5778897543771521,1176.6621500651042,37.795381232166,44172.69921875,1946.993779735951,37.56164423624674,1.5956095446213925,140408.95703125,2946.217692057292
20000,1,100,0.1,0.01,2,16,5,3,0.8028954734809552,0.03425572282559514,1.0,0.0,0.8904067613374081,0.021047092353741303,1000.0,247.0,79998753.0,0.0,993.6290690104166,56.396602925192965,43278.35807291666,3559.313216498915,43.47261555989584,1.1012629398005396,1176.6621500651042,37.795381232166,44172.69921875,1946.993779735951,37.56164423624674,1.5956095446213925,87451.05729166666,2170.291219075521
20000,1,100,0.1,0.01,2,16,10,3,0.6837603789338207,0.3117776344594429,1.0,0.0,0.7830620673145242,0.23702011485811084,1000.0,744.6666666666666,79998255.33333333,0.0,1132.0270589192708,126.08148581232376,55250.69010416666,7984.557472041646,48.61246490478516,1.5615910755866742,1176.6621500651042,37.795381232166,44172.69921875,1946.993779735951,37.56164423624674,1.5956095446213925,99423.38932291666,2308.689208984375
20000,1,100,0.1,0.01,2,16,20,3,0.8516141876007107,0.11140465637959623,1.0,0.0,0.9172921784063152,0.06408188596255977,1000.0,187.33333333333334,79998812.66666667,0.0,1710.6156412760415,235.05291561636133,92651.84114583331,15186.913524189444,53.9631601969401,1.3355954481950454,1176.6621500651042,37.795381232166,44172.69921875,1946.993779735951,37.56164423624674,1.5956095446213925,136824.5403645833,2887.2777913411455
20000,1,100,0.1,0.01,3,4,5,3,0.7716223357446582,0.0473354774697566,1.0,0.0,0.8705464832215898,0.030583020615265848,1000.0,299.3333333333333,79998700.66666667,0.0,1185.1751302083333,1.9109291804622868,58630.559895833336,71.82660347906902,49.4424057006836,0.0573853586899618,1176.6621500651042,37.795381232166,44172.69921875,1946.993779735951,37.56164423624674,1.5956095446213925,102803.25911458334,2361.8372802734375
20000,1,100,0.1,0.01,3,4,10,3,0.8414929677605079,0.10106342354548997,1.0,0.0,0.9117908422443602,0.05833494707464283,1000.0,199.33333333333334,79998800.66666667,0.0,1691.7333984375,11.16594399404823,91530.58333333331,758.5346248342805,54.0823720296224,0.1131312734855145,1176.6621500651042,37.795381232166,44172.69921875,1946.993779735951,37.56164423624674,1.5956095446213925,135703.2825520833,2868.3955485026045
20000,1,100,0.1,0.01,3,4,20,3,0.8800759275094955,0.07883605212561096,1.0,0.0,0.934938018815774,0.045618157008403805,1000.0,142.66666666666666,79998857.33333333,0.0,2782.6232096354165,23.133595994830976,160020.89583333334,1478.4510181191092,57.49003219604492,0.058938584375183,1176.6621500651042,37.795381232166,44172.69921875,1946.993779735951,37.56164423624674,1.5956095446213925,204193.59505208334,3959.2853597005205
20000,1,100,0.1,0.01,3,8,5,3,0.544615173279956,0.016781320538076877,1.0,0.0,0.7050768615472789,0.0141165963597582,1000.0,837.3333333333334,79998162.66666667,0.0,1023.1962890625,13.286928320970803,47407.24869791666,1061.6165086859855,46.300848642985024,0.4457796323755157,1176.6621500651042,37.795381232166,44172.69921875,1946.993779735951,37.56164423624674,1.5956095446213925,91579.94791666666,2199.8584391276045
20000,1,100,0.1,0.01,3,8,10,3,0.870616270947454,0.09445656442751645,1.0,0.0,0.9289868841034307,0.05487731359176469,1000.0,158.0,79998842.0,0.0,1367.4127197265625,68.57146495330025,70032.60416666667,4564.5856295056055,51.15963999430338,0.7739571650560104,1176.6621500651042,37.795381232166,44172.69921875,1946.993779735951,37.56164423624674,1.5956095446213925,114205.30338541667,2544.074869791667
20000,1,100,0.1,0.01,3,8,20,3,0.8191031360367744,0.24678701857839216,1.0,0.0,0.8857249743029993,0.16399617633152624,1000.0,317.3333333333333,79998682.66666667,0.0,2078.8515625,31.72119459180929,116363.79427083331,2016.157447482936,55.95544687906901,0.1448509804835461,1176.6621500651042,37.795381232166,44172.69921875,1946.993779735951,37.56164423624674,1.5956095446213925,160536.4934895833,3255.5137125651045
20000,1,100,0.1,0.01,3,16,5,3,0.8692612939151276,0.15015516145273267,1.0,0.0,0.9252158482603711,0.09043515911364788,1000.0,176.33333333333334,79998823.66666667,0.0,1085.3544514973958,22.52172917777448,51883.6328125,1250.251741561282,47.77070109049479,0.1753965083901107,1176.6621500651042,37.795381232166,44172.69921875,1946.993779735951,37.56164423624674,1.5956095446213925,96056.33203125,2262.0166015625
20000,1,100,0.1,0.01,3,16,10,3,0.1992263775025982,0.1718827768100701,1.0,0.0,0.31029626407976885,0.23030069865680824,1000.0,7833.0,79991167.0,0.0,1474.4392903645833,120.46183452904047,77161.47916666667,7813.145182008677,52.2215461730957,1.088754557188404,1176.6621500651042,37.795381232166,44172.69921875,1946.993779735951,37.56164423624674,1.5956095446213925,121334.17838541667,2651.1014404296875
20000,1,100,0.1,0.01,3,16,20,3,0.7233197255558802,0.14995691073290912,1.0,0.0,0.8337554973844109,0.09821719037480067,1000.0,420.3333333333333,79998579.66666667,0.0,1928.0825602213545,344.83474789001065,107434.48958333331,21894.30200215744,55.47109858194987,1.2726386417541733,1176.6621500651042,37.795381232166,44172.69921875,1946.993779735951,37.56164423624674,1.5956095446213925,151607.1888020833,3104.744710286459
20000,1,100,0.1,0.1,1,4,5,3,0.26786281482808566,0.10425971049045293,1.0,0.0,0.4155338376061108,0.12796103509579432,1000.0,3128.6666666666665,79995871.33333333,0.0,960.52978515625,6.428765100023712,43270.3203125,149.7584954995337,45.02302169799805,0.1760787936870037,1256.9068196614585,69.78581354642088,53846.42057291666,2766.7379304371307,42.85046641031901,0.201541408976354,97116.74088541666,2217.4366048177085
20000,1,100,0.1,0.1,1,4,10,3,0.2883565350831475,0.0663073158685644,1.0,0.0,0.4448067222679007,0.08242328551412721,1000.0,2614.3333333333335,79996385.66666667,0.0,1225.992431640625,20.066772965767363,60937.388020833336,1234.9086195044313,49.677389780680336,0.1941065052028897,1256.9068196614585,69.78581354642088,53846.42057291666,2766.7379304371307,42.85046641031901,0.201541408976354,114783.80859375,2482.8992513020835
20000,1,100,0.1,0.1,1,4,20,3,0.3827191138712744,0.08860583132711979,1.0,0.0,0.5497452466223277,0.08963878719861955,1000.0,1698.0,79997302.0,0.0,1764.4845784505208,3.951418831793188,96715.23958333331,354.6202766080885,54.79563522338867,0.2855447617513562,1256.9068196614585,69.78581354642088,53846.42057291666,2766.7379304371307,42.85046641031901,0.201541408976354,150561.66015624997,3021.3913981119795
20000,1,100,0.1,0.1,1,8,5,3,0.2679835216132344,0.12779818311088958,1.0,0.0,0.41252920452502034,0.1512591936940705,1000.0,3236.3333333333335,79995763.66666667,0.0,859.7228800455729,9.575119642085888,37092.66015625,319.15032164417863,43.122641245524086,0.1314623783398261,1256.9068196614585,69.78581354642088,53846.42057291666,2766.7379304371307,42.85046641031901,0.201541408976354,90939.08072916666,2116.6296997070312
20000,1,100,0.1,0.1,1,8,10,3,0.26686848353656006,0.0443218059413221,1.0,0.0,0.42002705214279557,0.054765021969106736,1000.0,2814.6666666666665,79996185.33333333,0.0,1013.21875,10.15965645076678,46870.46354166666,631.6009483754943,46.23483657836914,0.1709278383112388,1256.9068196614585,69.78581354642088,53846.42057291666,2766.7379304371307,42.85046641031901,0.201541408976354,100716.88411458331,2270.1255696614585
20000,1,100,0.1,0.1,1,8,20,3,0.31336705474397714,0.022986583506974363,1.0,0.0,0.47688531230926734,0.026668094251855585,1000.0,2202.6666666666665,79996797.33333333,0.0,1463.2924397786458,135.11984723707593,76146.578125,8886.928150946367,51.90061314900717,1.2036790193170095,1256.9068196614585,69.78581354642088,53846.42057291666,2766.7379304371307,42.85046641031901,0.201541408976354,129992.99869791666,2720.1992594401045
20000,1,100,0.1,0.1,1,16,5,3,0.20333259026907968,0.06693698651347853,1.0,0.0,0.3344299844439842,0.09491792303249466,1000.0,4376.333333333333,79994623.66666667,0.0,833.2665608723959,39.97056813296346,35170.665364583336,2767.400470385176,42.1212043762207,1.2718769950956557,1256.9068196614585,69.78581354642088,53846.42057291666,2766.7379304371307,42.85046641031901,0.201541408976354,89017.0859375,2090.1733805338545
20000,1,100,0.1,0.1,1,16,10,3,0.1915040792960834,0.06846189294030577,0.9996666666666667,0.0005773502691895862,0.3177465102496723,0.09591332333265848,999.6666666666666,4700.333333333333,79994299.66666667,0.3333333333333333,1078.320332845052,115.93559189442918,51273.1796875,7608.910280521325,47.29913584391276,2.0904535180815773,1256.9068196614585,69.78581354642088,53846.42057291666,2766.7379304371307,42.85046641031901,0.201541408976354,105119.60026041666,2335.2271525065107
20000,1,100,0.1,0.1,1,16,20,3,0.40847185547560927,0.26759846893582523,0.9996666666666667,0.0005773502691896423,0.54793042243384,0.2526903296735804,999.6666666666666,2152.6666666666665,79996847.33333333,0.3333333333333333,1798.6945393880208,406.7516488097026,98323.28255208331,26125.041006740743,54.08594512939453,2.5688841327496146,1256.9068196614585,69.78581354642088,53846.42057291666,2766.7379304371307,42.85046641031901,0.201541408976354,152169.70312499997,3055.6013590494795
20000,1,100,0.1,0.1,2,4,5,3,0.21942039432920624,0.1525785614235347,1.0,0.0,0.3432753759166037,0.19936537969509377,1000.0,5403.666666666667,79993596.33333333,0.0,1049.7962239583333,6.759981247908748,49651.5390625,375.7958464767362,47.2694346110026,0.0509717688749169,1256.9068196614585,69.78581354642088,53846.42057291666,2766.7379304371307,42.85046641031901,0.201541408976354,103497.95963541666,2306.703043619792
20000,1,100,0.1,0.1,2,4,10,3,0.24371960515485788,0.026474169575789106,1.0,0.0,0.391429910465384,0.03457189668745041,1000.0,3137.3333333333335,79995862.66666667,0.0,1408.9580485026042,6.302016660637127,72874.6171875,143.3550058939127,51.69624837239584,0.1740436325407484,1256.9068196614585,69.78581354642088,53846.42057291666,2766.7379304371307,42.85046641031901,0.201541408976354,126721.03776041666,2665.8648681640625
20000,1,100,0.1,0.1,2,4,20,3,0.2331687958759646,0.06684758402113114,0.9996666666666667,0.0005773502691896423,0.37490025692961626,0.08995449869192972,999.6666666666666,3571.3333333333335,79995428.66666667,0.3333333333333333,2254.8905436197915,50.67791322222683,124911.7890625,3610.873759686192,55.370625813802086,0.3868710385596641,1256.9068196614585,69.78581354642088,53846.42057291666,2766.7379304371307,42.85046641031901,0.201541408976354,178758.20963541666,3511.79736328125
20000,1,100,0.1,0.1,2,8,5,3,0.3260160133363284,0.2277672101451208,1.0,0.0,0.4614158676723063,0.2659705121246696,1000.0,3910.3333333333335,79995089.66666667,0.0,945.1110636393228,25.52968783841232,42790.51171875,1867.2275612067203,45.22930653889974,0.7373921497755852,1256.9068196614585,69.78581354642088,53846.42057291666,2766.7379304371307,42.85046641031901,0.201541408976354,96636.93229166666,2202.0178833007812
20000,1,100,0.1,0.1,2,8,10,3,0.3124087693459226,0.2388330551865463,1.0,0.0,0.44498138483707456,0.25640625836969716,1000.0,3399.3333333333335,79995600.66666667,0.0,1187.1300862630208,17.344378716105886,58653.407552083336,1149.6917844811803,49.37738291422526,0.2467160985726074,1256.9068196614585,69.78581354642088,53846.42057291666,2766.7379304371307,42.85046641031901,0.201541408976354,112499.828125,2444.0369059244795
20000,1,100,0.1,0.1,2,8,20,3,0.17847773372882178,0.12497485074487277,1.0,0.0,0.2892338684173019,0.19323748485320727,1000.0,11408.0,79987592.0,0.0,1755.03759765625,31.534766673269534,95318.3359375,1883.795900351552,54.28762435913086,0.1006151605564648,1256.9068196614585,69.78581354642088,53846.42057291666,2766.7379304371307,42.85046641031901,0.201541408976354,149164.75651041666,3011.9444173177085
20000,1,100,0.1,0.1,2,16,5,3,0.34158003886988064,0.2638527978627085,1.0,0.0,0.46614165406552077,0.32958630617722257,1000.0,7200.0,79991800.0,0.0,967.8451334635416,64.15434349080225,42406.33984375,4112.353132752867,43.70746612548828,1.3559775367275726,1256.9068196614585,69.78581354642088,53846.42057291666,2766.7379304371307,42.85046641031901,0.201541408976354,96252.76041666666,2224.751953125
20000,1,100,0.1,0.1,2,16,10,3,0.08193556934393657,0.03774902800901773,1.0,0.0,0.14997952257184208,0.06370257948770237,1000.0,12947.0,79986053.0,0.0,1330.3377685546875,22.96688190462524,67690.33333333333,1279.208364405246,50.8593381245931,0.1140278490850324,1256.9068196614585,69.78581354642088,53846.42057291666,2766.7379304371307,42.85046641031901,0.201541408976354,121536.75390624999,2587.244588216146
20000,1,100,0.1,0.1,2,16,20,3,0.47835961349938544,0.14696830098638694,1.0,0.0,0.6385995139600117,0.12905919980128797,1000.0,1212.0,79997788.0,0.0,1551.5428873697915,122.89721421978196,82521.3125,7818.499397223326,53.099727630615234,0.7917612252242417,1256.9068196614585,69.78581354642088,53846.42057291666,2766.7379304371307,42.85046641031901,0.201541408976354,136367.73307291666,2808.44970703125
20000,1,100,0.1,0.1,3,4,5,3,0.22175879761236825,0.21335895126348176,1.0,0.0,0.3321904959359867,0.2647932663493023,1000.0,6515.333333333333,79992484.66666667,0.0,1188.5087890625,9.02430510595341,58246.55078125,297.13771994729734,48.9822146097819,0.1904851088086589,1256.9068196614585,69.78581354642088,53846.42057291666,2766.7379304371307,42.85046641031901,0.201541408976354,112092.97135416666,2445.4156087239585
20000,1,100,0.1,0.1,3,4,10,3,0.2308616641709648,0.24142327488541934,1.0,0.0,0.3362379295880828,0.2978694527262263,1000.0,8272.666666666666,79990727.33333333,0.0,1702.8610432942708,13.695794597848904,92066.53645833331,742.0102826068905,54.04319127400717,0.0455409533944556,1256.9068196614585,69.78581354642088,53846.42057291666,2766.7379304371307,42.85046641031901,0.201541408976354,145912.95703124997,2959.7678629557295
20000,1,100,0.1,0.1,3,4,20,3,0.22303004536506751,0.029378063172615303,1.0,0.0,0.3640838187747318,0.03955500359197433,1000.0,3538.3333333333335,79995461.66666667,0.0,2682.912841796875,14.371323442917625,155760.14583333334,884.2945816401091,58.04156112670898,0.0540105521397978,1256.9068196614585,69.78581354642088,53846.42057291666,2766.7379304371307,42.85046641031901,0.201541408976354,209606.56640625,3939.8196614583335
20000,1,100,0.1,0.1,3,8,5,3,0.10018891481804032,0.035228912171484085,1.0,0.0,0.18090939311001344,0.05719690381563926,1000.0,9716.333333333334,79989283.66666667,0.0,1006.7366739908854,19.922171648866968,46549.848958333336,1297.3937995674796,46.20366923014323,0.4252524830007641,1256.9068196614585,69.78581354642088,53846.42057291666,2766.7379304371307,42.85046641031901,0.201541408976354,100396.26953125,2263.6434936523438
20000,1,100,0.1,0.1,3,8,10,3,0.114016879506593,0.004267338722493081,1.0,0.0,0.20467746739431522,0.006891468469576371,1000.0,7779.0,79991221.0,0.0,1320.3936767578125,22.667341628453123,66732.43489583333,1694.1114394238473,50.50692621866862,0.4391934484188561,1256.9068196614585,69.78581354642088,53846.42057291666,2766.7379304371307,42.85046641031901,0.201541408976354,120578.85546874999,2577.300496419271
20000,1,100,0.1,0.1,3,8,20,3,0.1569804884712042,0.05957375685632148,1.0,0.0,0.26838721293432904,0.08667342213884782,1000.0,5920.0,79993080.0,0.0,1924.2940673828125,50.30362418065442,106249.61458333331,2856.881282647249,55.19594065348307,0.1935558855128965,1256.9068196614585,69.78581354642088,53846.42057291666,2766.7379304371307,42.85046641031901,0.201541408976354,160096.03515624997,3181.200887044271
20000,1,100,0.1,0.1,3,16,5,3,0.3407180638070606,0.3108861705330993,1.0,0.0,0.4561161488521816,0.3397486552382477,1000.0,5417.0,79993583.0,0.0,1013.5485026041666,64.55331012201215,47042.83854166666,4198.905009990305,46.313130696614586,1.201491819280504,1256.9068196614585,69.78581354642088,53846.42057291666,2766.7379304371307,42.85046641031901,0.201541408976354,100889.25911458331,2270.455322265625
20000,1,100,0.1,0.1,3,16,10,3,0.3636952964423907,0.26804771957746865,1.0,0.0,0.4971790765334152,0.2775248424837626,1000.0,3017.0,79995983.0,0.0,1179.0694580078125,14.753360480988182,57984.606770833336,848.015454861222,49.15066146850586,0.1477667216199548,1256.9068196614585,69.78581354642088,53846.42057291666,2766.7379304371307,42.85046641031901,0.201541408976354,111831.02734375,2435.976277669271
20000,1,100,0.1,0.1,3,16,20,3,0.08546427396931316,0.05673454256120596,1.0,0.0,0.15400557489298225,0.09943821692991424,1000.0,21247.0,79977753.0,0.0,2173.7613118489585,355.43400411250747,122542.078125,23177.322179505503,56.07820510864258,1.6835906938618377,1256.9068196614585,69.78581354642088,53846.42057291666,2766.7379304371307,42.85046641031901,0.201541408976354,176388.49869791666,3430.668131510417
20000,1,200,0.01,0.0,1,4,5,3,0.8820132523419938,0.12424154281542416,1.0,0.0,0.9340886892021292,0.07315443487780927,1000.0,150.33333333333334,79998849.66666667,0.0,1046.5528157552085,1.7630625625472645,45408.712239583336,256.25060150489406,43.36272176106771,0.2799812918689992,2547.1433919270835,167.2361279825936,105431.15625,5611.707645398893,41.42610295613607,0.5088098013698377,150839.86848958334,3593.696207682292
20000,1,200,0.01,0.0,1,4,10,3,0.9735527341289715,0.02612087367241861,1.0,0.0,0.9864798854103648,0.013517537774887334,1000.0,27.666666666666668,79998972.33333333,0.0,1253.2411295572915,7.60643169165523,61168.53125,311.5934054459157,48.782989501953125,0.0701807866175822,2547.1433919270835,167.2361279825936,105431.15625,5611.707645398893,41.42610295613607,0.5088098013698377,166599.6875,3800.384521484375
20000,1,200,0.01,0.0,1,4,20,3,0.9871789881675115,0.004237888356481482,1.0,0.0,0.9935450792198085,0.0021488695130742488,1000.0,13.0,79998987.0,0.0,1858.444295247396,51.15202561193328,98324.6328125,3361.278663457996,52.87759017944336,0.4116716120559315,2547.1433919270835,167.2361279825936,105431.15625,5611.707645398893,41.42610295613607,0.5088098013698377,203755.7890625,4405.5876871744795
20000,1,200,0.01,0.0,1,8,5,3,0.9791728929465489,0.009462294847266035,1.0,0.0,0.9894615068057181,0.0048180187254275395,1000.0,21.333333333333332,79998978.66666667,0.0,886.9321492513021,19.824488387839693,38340.33463541666,1328.3867403099107,43.19015630086263,0.5471033991809743,2547.1433919270835,167.2361279825936,105431.15625,5611.707645398893,41.42610295613607,0.5088098013698377,143771.49088541666,3434.0755411783857
20000,1,200,0.01,0.0,1,8,10,3,0.9881544855094483,0.00424625809281532,1.0,0.0,0.9940388919853941,0.0021510048479730466,1000.0,12.0,79998988.0,0.0,1050.5595296223958,24.5964969943874,48614.35026041666,1477.0166611893592,46.2431386311849,0.321612862179254,2547.1433919270835,167.2361279825936,105431.15625,5611.707645398893,41.42610295613607,0.5088098013698377,154045.50651041666,3597.7029215494795
20000,1,200,0.01,0.0,1,8,20,3,0.9799636393581777,0.017554976733688093,1.0,0.0,0.9898272269082273,0.00900259165195967,1000.0,20.666666666666668,79998979.33333333,0.0,1427.7312418619792,46.45006169263699,73643.4921875,2979.929813133658,51.54336166381836,0.486190984220869,2547.1433919270835,167.2361279825936,105431.15625,5611.707645398893,41.42610295613607,0.5088098013698377,179074.6484375,3974.8746337890625
20000,1,200,0.01,0.0,1,16,5,3,0.9733319620012383,0.01915068092463863,1.0,0.0,0.9864218195926919,0.009886314273529269,1000.0,27.666666666666668,79998972.33333333,0.0,818.9620971679688,15.30638506256861,33765.739583333336,541.7092376131037,41.21114095052084,0.1565887892646741,2547.1433919270835,167.2361279825936,105431.15625,5611.707645398893,41.42610295613607,0.5088098013698377,139196.89583333334,3366.1054890950522
20000,1,200,0.01,0.0,1,16,10,3,0.977807014425013,0.020498301152620798,1.0,0.0,0.9887061481904986,0.01054286417773538,1000.0,23.0,79998977.0,0.0,995.7796427408854,77.49251500200857,45283.70572916666,5383.975162832678,45.309462229410805,1.7811098783698212,2547.1433919270835,167.2361279825936,105431.15625,5611.707645398893,41.42610295613607,0.5088098013698377,150714.86197916666,3542.9230346679688
20000,1,200,0.01,0.0,1,16,20,3,0.9230150403125398,0.039007173199282597,1.0,0.0,0.9596844715143452,0.020858009224985083,1000.0,84.66666666666667,79998915.33333333,0.0,1268.9589029947915,164.64687055670498,63224.15885416666,10525.645178391693,49.57866287231445,1.7074001332536408,2547.1433919270835,167.2361279825936,105431.15625,5611.707645398893,41.42610295613607,0.5088098013698377,168655.31510416666,3816.102294921875
20000,1,200,0.01,0.0,2,4,5,3,0.8490271377342548,0.1375614742487718,1.0,0.0,0.9142212738834848,0.08328665510527676,1000.0,200.33333333333334,79998799.66666667,0.0,1071.6307373046875,11.24996884703738,50255.47526041666,190.0596250526876,46.87404123942057,0.3947152687890825,2547.1433919270835,167.2361279825936,105431.15625,5611.707645398893,41.42610295613607,0.5088098013698377,155686.63151041666,3618.774129231771
20000,1,200,0.01,0.0,2,4,10,3,0.929587296670871,0.07505436504497469,1.0,0.0,0.962438978621223,0.04126192378663429,1000.0,80.66666666666667,79998919.33333333,0.0,1439.1409098307292,10.739087378708051,74042.0859375,543.0077526834068,51.42215220133463,0.194118275758887,2547.1433919270835,167.2361279825936,105431.15625,5611.707645398893,41.42610295613607,0.5088098013698377,179473.2421875,3986.2843017578125
20000,1,200,0.01,0.0,2,4,20,3,0.9554904717524254,0.03149661572949654,1.0,0.0,0.9770627281143923,0.016387386509409897,1000.0,47.333333333333336,79998952.66666667,0.0,2186.39013671875,18.824712382293985,122997.97916666669,882.5279643862395,56.24145762125651,0.3210628091360183,2547.1433919270835,167.2361279825936,105431.15625,5611.707645398893,41.42610295613607,0.5088098013698377,228429.1354166667,4733.533528645834
20000,1,200,0.01,0.0,2,8,5,3,0.962199997167669,0.037035322745315645,1.0,0.0,0.9804913998075869,0.019431915835006572,1000.0,40.333333333333336,79998959.66666667,0.0,943.2493693033854,9.07748343688759,42037.42838541666,605.7765649699585,44.54083379109701,0.2140133620814213,2547.1433919270835,167.2361279825936,105431.15625,5611.707645398893,41.42610295613607,0.5088098013698377,147468.58463541666,3490.3927612304688
20000,1,200,0.01,0.0,2,8,10,3,0.9763215410725133,0.023863276010618238,1.0,0.0,0.9879198619043698,0.012306244747219877,1000.0,24.666666666666668,79998975.33333333,0.0,1240.2625732421875,69.1287838821117,61127.578125,4354.179023072641,49.221884409586586,0.7676435113814561,2547.1433919270835,167.2361279825936,105431.15625,5611.707645398893,41.42610295613607,0.5088098013698377,166558.734375,3787.405965169271
20000,1,200,0.01,0.0,2,8,20,3,0.9855716278681386,0.006224458650527334,1.0,0.0,0.9927267814639541,0.0031627427673136177,1000.0,14.666666666666666,79998985.33333333,0.0,1724.3409423828125,64.3715780580132,92859.828125,4143.028241978884,53.80955505371094,0.3945957238268028,2547.1433919270835,167.2361279825936,105431.15625,5611.707645398893,41.42610295613607,0.5088098013698377,198290.984375,4271.484334309896
20000,1,200,0.01,0.0,2,16,5,3,0.927973934551844,0.06618272046523208,1.0,0.0,0.9618209867714401,0.03586339981159437,1000.0,81.33333333333333,79998918.66666667,0.0,902.809529622396,0.5287144127884875,38661.794270833336,428.4024546383821,42.79845428466797,0.4580945637693815,2547.1433919270835,167.2361279825936,105431.15625,5611.707645398893,41.42610295613607,0.5088098013698377,144092.95052083334,3449.9529215494795
20000,1,200,0.01,0.0,2,16,10,3,0.5420552431386297,0.37363600648628476,1.0,0.0,0.6567960281670496,0.28633360514189293,1000.0,1392.3333333333333,79997607.66666667,0.0,1154.7663981119792,124.04886068035977,55341.23828125,7972.508762692053,47.71758397420248,1.6692043961768772,2547.1433919270835,167.2361279825936,105431.15625,5611.707645398893,41.42610295613607,0.5088098013698377,160772.39453125,3701.9097900390625
20000,1,200,0.01,0.0,2,16,20,3,0.946445202794498,0.07573908565281458,1.0,0.0,0.9714240167366613,0.04093263610940024,1000.0,61.333333333333336,79998938.66666667,0.0,1588.2842610677085,74.80227762856302,83846.9375,4730.725301323985,52.7451400756836,0.5299306474527742,2547.1433919270835,167.2361279825936,105431.15625,5611.707645398893,41.42610295613607,0.5088098013698377,189278.09375,4135.427652994792
20000,1,200,0.01,0.0,3,4,5,3,0.7769682970354909,0.33042068882601794,1.0,0.0,0.8446627457763802,0.24059916884910998,1000.0,531.6666666666666,79998468.33333333,0.0,1213.0981852213542,3.790249125937822,60093.703125,149.52311526141105,49.5096689860026,0.0303393935513206,2547.1433919270835,167.2361279825936,105431.15625,5611.707645398893,41.42610295613607,0.5088098013698377,165524.859375,3760.2415771484375
20000,1,200,0.01,0.0,3,4,10,3,0.6105064813127329,0.38283094347658014,1.0,0.0,0.708265248032931,0.3177254422876844,1000.0,1361.6666666666667,79997638.33333333,0.0,1710.287109375,11.26982637456407,91911.6171875,879.2909889157721,53.71647135416666,0.1646652433283266,2547.1433919270835,167.2361279825936,105431.15625,5611.707645398893,41.42610295613607,0.5088098013698377,197342.7734375,4257.430501302084
20000,1,200,0.01,0.0,3,4,20,3,0.9685967579061422,0.03488850789635633,1.0,0.0,0.983833022169805,0.01818735901446899,1000.0,33.333333333333336,79998966.66666667,0.0,2736.4268391927085,34.419518925818295,158598.36458333334,2152.8654167925083,57.93756357828776,0.0623285070209078,2547.1433919270835,167.2361279825936,105431.15625,5611.707645398893,41.42610295613607,0.5088098013698377,264029.5208333334,5283.570231119792
20000,1,200,0.01,0.0,3,8,5,3,0.7798143889195138,0.12357964655271593,1.0,0.0,0.8728040599651452,0.07524970961256496,1000.0,302.3333333333333,79998697.66666667,0.0,1048.8671875,46.76967196282872,48976.94140625,2888.948546008949,46.63643137613932,0.6615171122802125,2547.1433919270835,167.2361279825936,105431.15625,5611.707645398893,41.42610295613607,0.5088098013698377,154408.09765625,3596.0105794270835
20000,1,200,0.01,0.0,3,8,10,3,0.6909426678269116,0.24377910271129113,1.0,0.0,0.7996304086926415,0.18345415899211012,1000.0,603.3333333333334,79998396.66666667,0.0,1366.1468098958333,34.06474757002407,69569.3515625,1933.5254187526384,50.89308166503906,0.1469239468601512,2547.1433919270835,167.2361279825936,105431.15625,5611.707645398893,41.42610295613607,0.5088098013698377,175000.5078125,3913.290201822917
20000,1,200,0.01,0.0,3,8,20,3,0.9591039123110364,0.03647403031211487,1.0,0.0,0.9788868205010143,0.019198437115104897,1000.0,43.666666666666664,79998956.33333333,0.0,2133.009155273437,105.53457731784796,119693.1328125,7194.168330457637,56.06630071004232,0.614678128178308,2547.1433919270835,167.2361279825936,105431.15625,5611.707645398893,41.42610295613607,0.5088098013698377,225124.2890625,4680.1525472005205
20000,1,200,0.01,0.0,3,16,5,3,0.9590262924332992,0.04547996243626341,1.0,0.0,0.97871280393865,0.024026125916452763,1000.0,44.333333333333336,79998955.66666667,0.0,990.091267903646,78.2189252227798,45138.23697916666,5217.156796575375,45.44028981526693,1.6104175523404165,2547.1433919270835,167.2361279825936,105431.15625,5611.707645398893,41.42610295613607,0.5088098013698377,150569.39322916666,3537.2346598307295
20000,1,200,0.01,0.0,3,16,10,3,0.8756425308771459,0.16632641996406525,1.0,0.0,0.9277799234162872,0.10012309903567405,1000.0,173.66666666666666,79998826.33333333,0.0,1412.3719482421875,165.3479459333572,72860.11328125,10559.081245180369,51.38134892781576,1.5807835331666185,2547.1433919270835,167.2361279825936,105431.15625,5611.707645398893,41.42610295613607,0.5088098013698377,178291.26953125,3959.515340169271
20000,1,200,0.01,0.0,3,16,20,3,0.9008560705315083,0.06847846359221942,1.0,0.0,0.9469332629260937,0.037865993547221984,1000.0,114.33333333333333,79998885.66666667,0.0,1944.5265299479167,173.50330730383072,107425.8359375,11362.68869073299,55.13946406046549,0.981482610264314,2547.1433919270835,167.2361279825936,105431.15625,5611.707645398893,41.42610295613607,0.5088098013698377,212856.9921875,4491.669921875
20000,1,200,0.01,0.01,1,4,5,3,0.968694733265457,0.004727496695584642,1.0,0.0,0.9840945621906633,0.002438367909308675,1000.0,32.333333333333336,79998967.66666667,0.0,1040.1452229817708,4.666063570961676,45556.786458333336,37.96617579758232,43.77832794189453,0.1617032855733761,2574.2899576822915,147.99213293702263,107391.74479166669,5209.43484118148,41.74007034301758,0.3605377887617454,152948.53125000003,3614.4351806640625
20000,1,200,0.01,0.01,1,4,10,3,0.9797545107677265,0.0019964714162790114,1.0,0.0,0.9897730523368721,0.0010191996343219213,1000.0,20.666666666666668,79998979.33333333,0.0,1234.76123046875,10.574369725160786,61168.32682291666,546.566702016085,49.51326115926107,0.3190600956368277,2574.2899576822915,147.99213293702263,107391.74479166669,5209.43484118148,41.74007034301758,0.3605377887617454,168560.07161458334,3809.0511881510415
20000,1,200,0.01,0.01,1,4,20,3,0.9714254199449418,0.02811392931196438,1.0,0.0,0.9853669216193707,0.014589351324952102,1000.0,30.0,79998970.0,0.0,1887.6529947916667,87.6898910841719,103325.78645833331,5525.323446419608,54.69674809773763,0.420342939847678,2574.2899576822915,147.99213293702263,107391.74479166669,5209.43484118148,41.74007034301758,0.3605377887617454,210717.53125,4461.942952473958
20000,1,200,0.01,0.01,1,8,5,3,0.9734063963602361,0.004270522107643179,1.0,0.0,0.9865208457725941,0.0021937135584987936,1000.0,27.333333333333332,79998972.66666667,0.0,905.8101603190104,34.15270050742442,40167.845052083336,2030.3418288603505,44.29983647664388,0.5726248629040931,2574.2899576822915,147.99213293702263,107391.74479166669,5209.43484118148,41.74007034301758,0.3605377887617454,147559.58984375003,3480.100118001302
20000,1,200,0.01,0.01,1,8,10,3,0.9726687252491516,0.01789201800013128,1.0,0.0,0.9860891732952104,0.009236951511069466,1000.0,28.333333333333332,79998971.66666667,0.0,1043.5608723958333,27.940513491043315,49553.40494791666,1851.425535508477,47.44654210408529,0.5954396422463716,2574.2899576822915,147.99213293702263,107391.74479166669,5209.43484118148,41.74007034301758,0.3605377887617454,156945.14973958334,3617.850830078125
20000,1,200,0.01,0.01,1,8,20,3,0.863413948042759,0.117587985510407,1.0,0.0,0.9238211398761392,0.06850305842114457,1000.0,173.0,79998827.0,0.0,1405.9510904947915,52.14813724239298,72286.6796875,3506.8660782869997,51.36614481608073,0.601350677633484,2574.2899576822915,147.99213293702263,107391.74479166669,5209.43484118148,41.74007034301758,0.3605377887617454,179678.4244791667,3980.241048177083
20000,1,200,0.01,0.01,1,16,5,3,0.9839420634916523,0.00436344322474411,1.0,0.0,0.9919027939185076,0.0022177113954868375,1000.0,16.333333333333332,79998983.66666667,0.0,817.727294921875,5.800673462179911,33414.838541666664,219.4759221949249,40.84357325236002,0.270763692967028,2574.2899576822915,147.99213293702263,107391.74479166669,5209.43484118148,41.74007034301758,0.3605377887617454,140806.58333333334,3392.0172526041665
20000,1,200,0.01,0.01,1,16,10,3,0.7768573442875142,0.36514747705790207,1.0,0.0,0.8372766823842488,0.2710976897236473,1000.0,613.3333333333334,79998386.66666667,0.0,1105.0150553385415,77.38451002001675,49594.21484375,5159.601820218958,44.753709157307945,1.6667638966363256,2574.2899576822915,147.99213293702263,107391.74479166669,5209.43484118148,41.74007034301758,0.3605377887617454,156985.9596354167,3679.305013020833
20000,1,200,0.01,0.01,1,16,20,3,0.984954884649774,0.009129616591482542,1.0,0.0,0.9924061842459073,0.0046441753585466,1000.0,15.333333333333334,79998984.66666667,0.0,1382.9540608723958,200.0159138928144,71094.83203125,12779.801029007203,51.13909657796224,1.6970505481098954,2574.2899576822915,147.99213293702263,107391.74479166669,5209.43484118148,41.74007034301758,0.3605377887617454,178486.5768229167,3957.2440185546875
20000,1,200,0.01,0.01,2,4,5,3,0.912417304320102,0.11361938272681024,1.0,0.0,0.9516487711149283,0.06449218925243824,1000.0,108.33333333333333,79998891.66666667,0.0,1067.4154052734375,9.075840815846442,50693.39322916666,371.8465458921849,47.464630126953125,0.0848582158791956,2574.2899576822915,147.99213293702263,107391.74479166669,5209.43484118148,41.74007034301758,0.3605377887617454,158085.13802083334,3641.705362955729
20000,1,200,0.01,0.01,2,4,10,3,0.9778415358239213,0.002918434053665419,1.0,0.0,0.9887951748590543,0.0014927817577826958,1000.0,22.666666666666668,79998977.33333333,0.0,1442.6256103515625,4.487359155013713,75010.65625,122.44539798735292,51.96942774454752,0.1044546635533882,2574.2899576822915,147.99213293702263,107391.74479166669,5209.43484118148,41.74007034301758,0.3605377887617454,182402.4010416667,4016.915568033854
20000,1,200,0.01,0.01,2,4,20,3,0.9791131064297866,0.0011076901676636234,1.0,0.0,0.9894461256214641,0.0005654143718008933,1000.0,21.333333333333332,79998978.66666667,0.0,2208.464111328125,46.52630305632265,124671.62760416669,2889.353078390058,56.43270746866862,0.1201662321234927,2574.2899576822915,147.99213293702263,107391.74479166669,5209.43484118148,41.74007034301758,0.3605377887617454,232063.37239583337,4782.754069010416
20000,1,200,0.01,0.01,2,8,5,3,0.9804147733813527,0.005767245504435341,1.0,0.0,0.9901048334932572,0.002940918419365474,1000.0,20.0,79998980.0,0.0,998.4389038085938,2.556010905290396,43587.54947916666,189.4106438984539,43.629538218180336,0.0912963414287368,2574.2899576822915,147.99213293702263,107391.74479166669,5209.43484118148,41.74007034301758,0.3605377887617454,150979.29427083334,3572.7288614908853
20000,1,200,0.01,0.01,2,8,10,3,0.923705325043521,0.0998508997466396,1.0,0.0,0.9584111129045341,0.055734429350910906,1000.0,91.66666666666667,79998908.33333333,0.0,1197.513671875,16.842232675040854,59265.161458333336,1251.331031272856,49.45687611897787,0.3663494546089373,2574.2899576822915,147.99213293702263,107391.74479166669,5209.43484118148,41.74007034301758,0.3605377887617454,166656.90625000003,3771.8036295572915
20000,1,200,0.01,0.01,2,8,20,3,0.9833038452716171,0.0053910472715197775,1.0,0.0,0.9915766818397453,0.002739146370510802,1000.0,17.0,79998983.0,0.0,1780.6295979817708,22.139839495913144,96838.359375,1337.8954640575505,54.35996882120768,0.1230675082377564,2574.2899576822915,147.99213293702263,107391.74479166669,5209.43484118148,41.74007034301758,0.3605377887617454,204230.1041666667,4354.9195556640625
20000,1,200,0.01,0.01,2,16,5,3,0.8591811292802672,0.20418393561575757,1.0,0.0,0.914942662481517,0.1272249959080705,1000.0,217.0,79998783.0,0.0,925.4556681315104,61.8093856664103,40624.786458333336,3618.788877505148,43.80194854736328,0.9550132210156344,2574.2899576822915,147.99213293702263,107391.74479166669,5209.43484118148,41.74007034301758,0.3605377887617454,148016.53125000003,3499.745625813802
20000,1,200,0.01,0.01,2,16,10,3,0.9763054114316834,0.009453376019735381,1.0,0.0,0.9879952683536141,0.0048280461900882905,1000.0,24.333333333333332,79998975.66666667,0.0,1145.2185872395833,116.14117292081932,55290.0703125,7208.574043308717,48.11837514241537,1.3237280343393347,2574.2899576822915,147.99213293702263,107391.74479166669,5209.43484118148,41.74007034301758,0.3605377887617454,162681.8151041667,3719.508544921875
20000,1,200,0.01,0.01,2,16,20,3,0.9543090174801195,0.03212750475787574,1.0,0.0,0.9764364827172671,0.016781257563317165,1000.0,48.666666666666664,79998951.33333333,0.0,2053.4393717447915,32.697064590653866,114374.75,1740.9640644359167,55.680084228515625,0.0539083418664846,2574.2899576822915,147.99213293702263,107391.74479166669,5209.43484118148,41.74007034301758,0.3605377887617454,221766.4947916667,4627.729329427083
20000,1,200,0.01,0.01,3,4,5,3,0.9705953278555158,0.007211606757715653,1.0,0.0,0.9850692284560211,0.0037099629464633368,1000.0,30.333333333333332,79998969.66666667,0.0,1250.9222412109375,6.08321938152146,63283.55078125,162.34967026696117,50.56802749633789,0.1702026044394168,2574.2899576822915,147.99213293702263,107391.74479166669,5209.43484118148,41.74007034301758,0.3605377887617454,170675.2955729167,3825.212198893229
20000,1,200,0.01,0.01,3,4,10,3,0.9564898804867292,0.04390388035218942,1.0,0.0,0.9774133401337378,0.02324801375062124,1000.0,47.0,79998953.0,0.0,1728.7906494140625,7.464068777278555,94714.12760416669,1700.5492453240004,54.7625617980957,0.7542479928355629,2574.2899576822915,147.99213293702263,107391.74479166669,5209.43484118148,41.74007034301758,0.3605377887617454,202105.87239583337,4303.080607096354
20000,1,200,0.01,0.01,3,4,20,3,0.9592097255852332,0.02525031781722297,1.0,0.0,0.9790679665910993,0.013067350322167378,1000.0,43.0,79998957.0,0.0,2712.544352213541,34.05296517552125,157775.02604166666,1916.88936380326,58.15070088704427,0.0849501117351833,2574.2899576822915,147.99213293702263,107391.74479166669,5209.43484118148,41.74007034301758,0.3605377887617454,265166.7708333334,5286.834309895832
20000,1,200,0.01,0.01,3,8,5,3,0.9731176521943462,0.007587946411332912,1.0,0.0,0.9863657011394883,0.0038998689873796493,1000.0,27.666666666666668,79998972.33333333,0.0,1016.4365234375,8.989467134927407,47035.532552083336,676.4473740874478,46.24646250406901,0.2913668838079392,2574.2899576822915,147.99213293702263,107391.74479166669,5209.43484118148,41.74007034301758,0.3605377887617454,154427.27734375003,3590.7264811197915
20000,1,200,0.01,0.01,3,8,10,3,0.8890981176735471,0.1550959580588304,1.0,0.0,0.9362783727714378,0.09163425970341833,1000.0,150.66666666666666,79998849.33333333,0.0,1372.3043619791667,28.627859834854767,70033.6328125,1790.922908825627,51.0072021484375,0.3696714601520475,2574.2899576822915,147.99213293702263,107391.74479166669,5209.43484118148,41.74007034301758,0.3605377887617454,177425.3776041667,3946.594319661458
20000,1,200,0.01,0.01,3,8,20,3,0.8710763966118029,0.20276810165540143,1.0,0.0,0.9220940594717031,0.12460812904019375,1000.0,198.0,79998802.0,0.0,2021.772420247396,22.303311768249355,113157.31770833331,1154.4136278083142,55.9512570699056,0.0445364952585569,2574.2899576822915,147.99213293702263,107391.74479166669,5209.43484118148,41.74007034301758,0.3605377887617454,220549.0625,4596.0623779296875
20000,1,200,0.01,0.01,3,16,5,3,0.7457057977892526,0.38265970606591737,1.0,0.0,0.8107552851840866,0.29822374207289926,1000.0,785.6666666666666,79998214.33333333,0.0,1159.1279296875,35.08730271899127,52371.90234375,2222.707771565738,45.144030253092446,0.6019003553439302,2574.2899576822915,147.99213293702263,107391.74479166669,5209.43484118148,41.74007034301758,0.3605377887617454,159763.6471354167,3733.4178873697915
20000,1,200,0.01,0.01,3,16,10,3,0.9719006773432274,0.023919025327717693,1.0,0.0,0.9856499346362272,0.01239061598351636,1000.0,29.333333333333332,79998970.66666667,0.0,1278.1948649088542,63.97282063305579,63874.48828125,3924.2055456642415,49.91638946533203,0.6928469226228192,2574.2899576822915,147.99213293702263,107391.74479166669,5209.43484118148,41.74007034301758,0.3605377887617454,171266.2330729167,3852.4848225911455
20000,1,200,0.01,0.01,3,16,20,3,0.752375515691199,0.4049871006690812,1.0,0.0,0.8097867399205203,0.3174197626138666,1000.0,846.6666666666666,79998153.33333333,0.0,1950.0171712239585,335.1248429642356,107464.0390625,21843.69926171291,54.81141662597656,1.6225696049338478,2574.2899576822915,147.99213293702263,107391.74479166669,5209.43484118148,41.74007034301758,0.3605377887617454,214855.7838541667,4524.30712890625
20000,1,200,0.01,0.1,1,4,5,3,0.5582818860644165,0.010907492947525296,1.0,0.0,0.7164932148262849,0.008990310076389722,1000.0,791.6666666666666,79998208.33333333,0.0,963.4202473958334,12.89828665282696,43902.930989583336,439.37414288305325,45.54446029663086,0.1602116149928358,2532.076416015625,180.89431273122847,105980.65364583331,6511.760035425552,41.88514709472656,0.4022022473079542,149883.58463541666,3495.4966634114585
20000,1,200,0.01,0.1,1,4,10,3,0.5050739973405753,0.10302703884561933,1.0,0.0,0.6671394001378769,0.08815382214125245,1000.0,1031.0,79997969.0,0.0,1237.2937418619792,7.071718251355758,61876.49088541666,313.52788978700005,49.98115666707357,0.068729559206838,2532.076416015625,180.89431273122847,105980.65364583331,6511.760035425552,41.88514709472656,0.4022022473079542,167857.14453124997,3769.3701578776045
20000,1,200,0.01,0.1,1,4,20,3,0.6016498073311619,0.01990388367480133,1.0,0.0,0.7511580933983716,0.015630058667077534,1000.0,663.3333333333334,79998336.66666667,0.0,1818.4016927083333,31.764919388931705,99582.07552083331,2015.7202377202796,54.73727416992188,0.1556709625494477,2532.076416015625,180.89431273122847,105980.65364583331,6511.760035425552,41.88514709472656,0.4022022473079542,205562.72916666663,4350.478108723958
20000,1,200,0.01,0.1,1,8,5,3,0.5124825993904696,0.11112057533178965,1.0,0.0,0.6728406734084414,0.09869692954504385,1000.0,1017.3333333333334,79997982.66666667,0.0,948.3822428385416,10.138776716087348,40206.44921875,907.115501325692,42.37081782023112,0.5075733015128587,2532.076416015625,180.89431273122847,105980.65364583331,6511.760035425552,41.88514709472656,0.4022022473079542,146187.1028645833,3480.4586588541665
20000,1,200,0.01,0.1,1,8,10,3,0.643698809192062,0.018000694961048225,1.0,0.0,0.7831347148548083,0.013334760887473696,1000.0,554.3333333333334,79998445.66666667,0.0,1063.3169352213542,13.943539660924056,50270.92838541666,1087.5587688615612,47.24373626708984,0.4229565214780345,2532.076416015625,180.89431273122847,105980.65364583331,6511.760035425552,41.88514709472656,0.4022022473079542,156251.58203124997,3595.3933512369795
20000,1,200,0.01,0.1,1,8,20,3,0.5593836607236137,0.15894742723515962,0.9996666666666667,0.0005773502691896344,0.7082234954503722,0.13452815842214005,999.6666666666666,897.3333333333334,79998102.66666667,0.3333333333333333,1466.711181640625,119.93445560090284,76618.5234375,7559.459046936896,52.14965184529623,0.8678585016580622,2532.076416015625,180.89431273122847,105980.65364583331,6511.760035425552,41.88514709472656,0.4022022473079542,182599.1770833333,3998.78759765625
20000,1,200,0.01,0.1,1,16,5,3,0.6252212747926972,0.018237923840835443,1.0,0.0,0.7692953853706473,0.013761856653017424,1000.0,600.3333333333334,79998399.66666667,0.0,886.2513631184896,46.7078901917973,38502.98697916666,2831.9629727569354,43.37247594197592,0.962682132171832,2532.076416015625,180.89431273122847,105980.65364583331,6511.760035425552,41.88514709472656,0.4022022473079542,144483.64062499997,3418.3277791341147
20000,1,200,0.01,0.1,1,16,10,3,0.5259590075284181,0.20535761790044757,1.0,0.0,0.6726794839828375,0.1862225182926304,1000.0,1154.6666666666667,79997845.33333333,0.0,969.7193196614584,56.27476445681221,44162.69140625,3292.08665096874,45.47507731119792,0.7296816115910343,2532.076416015625,180.89431273122847,105980.65364583331,6511.760035425552,41.88514709472656,0.4022022473079542,150143.3450520833,3501.7957356770835
20000,1,200,0.01,0.1,1,16,20,3,0.3223305013717866,0.17710261080440717,1.0,0.0,0.46766540336542367,0.22235769758916024,1000.0,3397.0,79995603.0,0.0,1628.5382893880208,410.7959447048598,87000.18489583333,26858.728311595965,52.63548787434896,3.10371866434146,2532.076416015625,180.89431273122847,105980.65364583331,6511.760035425552,41.88514709472656,0.4022022473079542,192980.83854166663,4160.6147054036455
20000,1,200,0.01,0.1,2,4,5,3,0.4121623006958928,0.14973486181040127,1.0,0.0,0.5731582583007991,0.14985691317777103,1000.0,1658.3333333333333,79997341.66666667,0.0,1058.6919352213542,8.01439126339611,50094.716145833336,558.0916229584781,47.28835423787435,0.177279099399,2532.076416015625,180.89431273122847,105980.65364583331,6511.760035425552,41.88514709472656,0.4022022473079542,156075.36979166666,3590.7683512369795
20000,1,200,0.01,0.1,2,4,10,3,0.5788595029143541,0.05736920164402929,1.0,0.0,0.7321686991609182,0.045168872371427034,1000.0,738.3333333333334,79998261.66666667,0.0,1435.5216064453125,6.647803235608014,74343.80989583333,271.119313931358,51.769335428873696,0.1290484300530369,2532.076416015625,180.89431273122847,105980.65364583331,6511.760035425552,41.88514709472656,0.4022022473079542,180324.46354166663,3967.5980224609375
20000,1,200,0.01,0.1,2,4,20,3,0.43146294929582707,0.09922074994729221,1.0,0.0,0.5981945451584926,0.10030218051164476,1000.0,1413.0,79997587.0,0.0,2195.079345703125,43.1941658130455,124026.66666666669,2614.153269411001,56.48552322387695,0.0915859359302161,2532.076416015625,180.89431273122847,105980.65364583331,6511.760035425552,41.88514709472656,0.4022022473079542,230007.3203125,4727.15576171875
20000,1,200,0.01,0.1,2,8,5,3,0.39301513790708476,0.184646457497528,1.0,0.0,0.5460690938977181,0.2060971134799822,1000.0,2156.3333333333335,79996843.66666667,0.0,961.3991088867188,9.732333184351749,43917.10416666666,743.1011052459348,45.65509033203125,0.3280994590809045,2532.076416015625,180.89431273122847,105980.65364583331,6511.760035425552,41.88514709472656,0.4022022473079542,149897.75781249997,3493.4755249023438
20000,1,200,0.01,0.1,2,8,10,3,0.4167886349626979,0.22290162481917505,1.0,0.0,0.5623982106343023,0.24759773958486453,1000.0,2295.0,79996705.0,0.0,1189.1102701822915,41.18143043652383,58517.27213541666,2777.5978500885512,49.16509246826172,0.6305282960346871,2532.076416015625,180.89431273122847,105980.65364583331,6511.760035425552,41.88514709472656,0.4022022473079542,164497.92578124997,3721.1866861979165
20000,1,200,0.01,0.1,2,8,20,3,0.483945914504444,0.17354578269997764,1.0,0.0,0.6391548938393891,0.1680140254449308,1000.0,1304.3333333333333,79997695.66666667,0.0,1827.985107421875,164.43841687114423,99777.2578125,10189.654039100844,54.50686518351237,0.6467953797246397,2532.076416015625,180.89431273122847,105980.65364583331,6511.760035425552,41.88514709472656,0.4022022473079542,205757.9114583333,4360.0615234375
20000,1,200,0.01,0.1,2,16,5,3,0.44035345331924014,0.27739058363917907,0.9996666666666667,0.0005773502691896423,0.578749568477457,0.25543536716770937,999.6666666666666,1923.6666666666667,79997076.33333333,0.3333333333333333,989.5926717122396,50.323390021893175,42900.07682291666,3576.397405413996,43.259527842203774,1.3805639780116583,2532.076416015625,180.89431273122847,105980.65364583331,6511.760035425552,41.88514709472656,0.4022022473079542,148880.73046874997,3521.6690877278647
20000,1,200,0.01,0.1,2,16,10,3,0.5187079682318612,0.29959417328145,1.0,0.0,0.645644465475178,0.28605695265539255,1000.0,1708.6666666666667,79997291.33333333,0.0,1126.5744222005208,73.42053062407574,54820.17838541666,4627.773242812686,48.57475026448568,0.8984887491242101,2532.076416015625,180.89431273122847,105980.65364583331,6511.760035425552,41.88514709472656,0.4022022473079542,160800.83203124997,3658.6508382161455
20000,1,200,0.01,0.1,2,16,20,3,0.3335569973838435,0.172042277270052,1.0,0.0,0.4837300732180097,0.19259832317624087,1000.0,2640.0,79996360.0,0.0,1886.835856119792,265.47828553482816,101254.17708333331,17051.650580893664,53.41849772135416,1.5977736665086768,2532.076416015625,180.89431273122847,105980.65364583331,6511.760035425552,41.88514709472656,0.4022022473079542,207234.83072916663,4418.912272135417
20000,1,200,0.01,0.1,3,4,5,3,0.4179578123583771,0.17678517974575192,1.0,0.0,0.5737374648937159,0.19000113750423864,1000.0,1827.0,79997173.0,0.0,1206.1918131510415,4.248132782088164,59469.356770833336,168.5997515842372,49.27665583292643,0.0324771317732551,2532.076416015625,180.89431273122847,105980.65364583331,6511.760035425552,41.88514709472656,0.4022022473079542,165450.01041666666,3738.2682291666665
20000,1,200,0.01,0.1,3,4,10,3,0.29093830799936754,0.0754109182087161,1.0,0.0,0.44730745510185965,0.08813532437979092,1000.0,2579.6666666666665,79996420.33333333,0.0,1717.3369547526042,14.051370358035667,92913.1796875,636.7415996986406,54.0814094543457,0.1036473330313813,2532.076416015625,180.89431273122847,105980.65364583331,6511.760035425552,41.88514709472656,0.4022022473079542,198893.8333333333,4249.4133707682295
20000,1,200,0.01,0.1,3,4,20,3,0.552654888904721,0.15296667078524984,1.0,0.0,0.7030849993100482,0.13403840554563445,1000.0,923.0,79998077.0,0.0,2696.692138671875,33.3464225852748,157214.59895833334,1667.4164294524326,58.280364990234375,0.1075903503824476,2532.076416015625,180.89431273122847,105980.65364583331,6511.760035425552,41.88514709472656,0.4022022473079542,263195.2526041666,5228.7685546875
20000,1,200,0.01,0.1,3,8,5,3,0.3178193868695008,0.24824016624049974,1.0,0.0,0.44773936969498845,0.2766587214450553,1000.0,3953.6666666666665,79995046.33333333,0.0,1027.2845458984375,39.64649598690746,48368.828125,2068.0564704135463,47.04904301961263,0.3449034197412055,2532.076416015625,180.89431273122847,105980.65364583331,6511.760035425552,41.88514709472656,0.4022022473079542,154349.4817708333,3559.3609619140625
20000,1,200,0.01,0.1,3,8,10,3,0.5247712822279053,0.21802760239488442,1.0,0.0,0.6696635166241046,0.1963842739012463,1000.0,1190.3333333333333,79997809.66666667,0.0,1316.8885091145833,8.48814526647126,66517.984375,731.1431577039422,50.489253997802734,0.2532346437874216,2532.076416015625,180.89431273122847,105980.65364583331,6511.760035425552,41.88514709472656,0.4022022473079542,172498.6380208333,3848.964925130208
20000,1,200,0.01,0.1,3,8,20,3,0.3579045397751994,0.2676531281727275,1.0,0.0,0.49197715168882433,0.2677032224683173,1000.0,2799.6666666666665,79996200.33333333,0.0,2278.1943359375,304.0753010236664,129077.0390625,19757.181711869776,56.50234731038412,1.0401787152498854,2532.076416015625,180.89431273122847,105980.65364583331,6511.760035425552,41.88514709472656,0.4022022473079542,235057.6927083333,4810.270751953125
20000,1,200,0.01,0.1,3,16,5,3,0.47745344551186436,0.2357796030919176,1.0,0.0,0.6243544077656752,0.20692328678411667,1000.0,1435.3333333333333,79997564.66666667,0.0,941.0625610351562,11.151837147698869,42378.37369791666,852.8128158251286,45.00237655639648,0.4399563936300533,2532.076416015625,180.89431273122847,105980.65364583331,6511.760035425552,41.88514709472656,0.4022022473079542,148359.02734374997,3473.1389770507812
20000,1,200,0.01,0.1,3,16,10,3,0.3405305378416467,0.21836898524868828,1.0,0.0,0.4834439418449357,0.22669153396750147,1000.0,2689.6666666666665,79996310.33333333,0.0,1226.7303466796875,73.8037485790672,60897.466145833336,4733.016040523982,49.56692632039388,0.9071210044747188,2532.076416015625,180.89431273122847,105980.65364583331,6511.760035425552,41.88514709472656,0.4022022473079542,166878.11979166666,3758.8067626953125
20000,1,200,0.01,0.1,3,16,20,3,0.3735371080727172,0.2797526674020474,1.0,0.0,0.506933026083883,0.27231705570648346,1000.0,2628.0,79996372.0,0.0,1812.3907470703125,199.9586146487845,98753.41927083331,12738.820062815355,54.36188761393229,0.9658540103147965,2532.076416015625,180.89431273122847,105980.65364583331,6511.760035425552,41.88514709472656,0.4022022473079542,204734.07291666663,4344.4671630859375
20000,1,200,0.1,0.0,1,4,5,3,0.7481522851827817,0.2155466053024061,1.0,0.0,0.8446163463706385,0.13796342287432378,1000.0,409.6666666666667,79998590.33333333,0.0,968.2243245442708,1.2794897670131269,44075.87890625,160.50887175032773,45.496481577555336,0.2061537007910442,1683.213623046875,70.02923068028059,71651.20833333333,2596.5092309120487,42.578749338785805,0.2337765406225005,115727.08723958333,2651.4379475911455
20000,1,200,0.1,0.0,1,4,10,3,0.985578599977352,0.006998608952927155,1.0,0.0,0.9927285688577204,0.0035574311133865556,1000.0,14.666666666666666,79998985.33333333,0.0,1239.4735107421875,10.196510036093128,61424.044270833336,427.9937796729936,49.53523254394531,0.1720064531841678,1683.213623046875,70.02923068028059,71651.20833333333,2596.5092309120487,42.578749338785805,0.2337765406225005,133075.25260416666,2922.6871337890625
20000,1,200,0.1,0.0,1,4,20,3,0.9884732315596092,0.002815930689116833,1.0,0.0,0.9942018608364299,0.0014255034237982483,1000.0,11.666666666666666,79998988.33333333,0.0,1767.2268880208333,19.22215309467324,96153.15625,963.7765066576152,54.389530181884766,0.0627546044263193,1683.213623046875,70.02923068028059,71651.20833333333,2596.5092309120487,42.578749338785805,0.2337765406225005,167804.3645833333,3450.440511067708
20000,1,200,0.1,0.0,1,8,5,3,0.9865337925293397,0.004893808776501175,1.0,0.0,0.9932171790417242,0.0024813736972480035,1000.0,13.666666666666666,79998986.33333333,0.0,885.5249837239584,36.31390186804112,38474.07421875,1757.3038885624171,43.41571935017904,0.2268013702542054,1683.213623046875,70.02923068028059,71651.20833333333,2596.5092309120487,42.578749338785805,0.2337765406225005,110125.28255208333,2568.7386067708335
20000,1,200,0.1,0.0,1,8,10,3,0.950894987744293,0.030054112843786705,1.0,0.0,0.9746682235765206,0.015703193340457826,1000.0,52.333333333333336,79998947.66666667,0.0,1017.601603190104,19.85916600824787,47160.888020833336,1089.967309683611,46.316426595052086,0.3002226252587517,1683.213623046875,70.02923068028059,71651.20833333333,2596.5092309120487,42.578749338785805,0.2337765406225005,118812.09635416666,2700.815226236979
20000,1,200,0.1,0.0,1,8,20,3,0.9770487256882042,0.015653631616786363,1.0,0.0,0.9883487352654013,0.008034328130538598,1000.0,23.666666666666668,79998976.33333333,0.0,1338.2489827473958,15.453111181305475,67943.95833333333,1298.030706187751,50.74181365966797,0.4036199602708684,1683.213623046875,70.02923068028059,71651.20833333333,2596.5092309120487,42.578749338785805,0.2337765406225005,139595.16666666666,3021.4626057942705
20000,1,200,0.1,0.0,1,16,5,3,0.9865337925293397,0.004893808776501175,1.0,0.0,0.9932171790417242,0.0024813736972480035,1000.0,13.666666666666666,79998986.33333333,0.0,870.3705647786459,43.34858483026189,37622.071614583336,2799.18259491768,43.14178975423177,1.1586535115204095,1683.213623046875,70.02923068028059,71651.20833333333,2596.5092309120487,42.578749338785805,0.2337765406225005,109273.27994791666,2553.584187825521
20000,1,200,0.1,0.0,1,16,10,3,0.94968516031491,0.050334442147977776,1.0,0.0,0.9737325424348772,0.0267754097889587,1000.0,55.0,79998945.0,0.0,919.3001302083334,8.266882515524438,40778.024739583336,211.918826087333,44.33662541707357,0.1676829609268451,1683.213623046875,70.02923068028059,71651.20833333333,2596.5092309120487,42.578749338785805,0.2337765406225005,112429.23307291666,2602.5137532552085
20000,1,200,0.1,0.0,1,16,20,3,0.9545972735004793,0.062342544539334646,1.0,0.0,0.9760638473906255,0.03327131411773287,1000.0,50.666666666666664,79998949.33333333,0.0,1298.8470865885415,182.56460523891545,65644.97265625,12141.475273173855,50.22315216064453,2.097989853654591,1683.213623046875,70.02923068028059,71651.20833333333,2596.5092309120487,42.578749338785805,0.2337765406225005,137296.1809895833,2982.0607096354165
20000,1,200,0.1,0.0,2,4,5,3,0.9663858458823992,0.017208556341570917,1.0,0.0,0.9828539369000687,0.008857955286883826,1000.0,35.0,79998965.0,0.0,1061.8515218098958,9.368799161799696,50058.9453125,370.8172391015013,47.11640040079752,0.0955966414817817,1683.213623046875,70.02923068028059,71651.20833333333,2596.5092309120487,42.578749338785805,0.2337765406225005,121710.15364583333,2745.0651448567705
20000,1,200,0.1,0.0,2,4,10,3,0.969178244003489,0.016433334811746515,1.0,0.0,0.9843007234423755,0.008481441271471121,1000.0,32.0,79998968.0,0.0,1425.5967610677085,16.81996601819032,74054.78385416667,829.9875596754672,51.92505137125651,0.1985150375580336,1683.213623046875,70.02923068028059,71651.20833333333,2596.5092309120487,42.578749338785805,0.2337765406225005,145705.9921875,3108.8103841145835
20000,1,200,0.1,0.0,2,4,20,3,0.9642091965198715,0.02703881804500444,1.0,0.0,0.9816494903836867,0.014059962832475832,1000.0,37.666666666666664,79998962.33333333,0.0,2150.8179524739585,17.368912827021866,120913.44270833331,666.4663545498465,56.19871520996094,0.1628922087927705,1683.213623046875,70.02923068028059,71651.20833333333,2596.5092309120487,42.578749338785805,0.2337765406225005,192564.65104166663,3834.0315755208335
20000,1,200,0.1,0.0,2,8,5,3,0.8522716964264938,0.20752087519347678,1.0,0.0,0.9105162860997719,0.13026593568583816,1000.0,229.66666666666666,79998770.33333333,0.0,1038.4769694010415,15.699522507425511,46040.0625,1172.4975576715578,44.30373891194662,0.4639336043243958,1683.213623046875,70.02923068028059,71651.20833333333,2596.5092309120487,42.578749338785805,0.2337765406225005,117691.27083333333,2721.6905924479165
20000,1,200,0.1,0.0,2,8,10,3,0.9499200870657408,0.04050796493313354,1.0,0.0,0.9740215657995183,0.02132910369073321,1000.0,54.0,79998946.0,0.0,1218.3518473307292,34.04100091284947,60123.18229166666,2307.558236882648,49.31220499674479,0.5628624279867911,1683.213623046875,70.02923068028059,71651.20833333333,2596.5092309120487,42.578749338785805,0.2337765406225005,131774.390625,2901.5654703776045
20000,1,200,0.1,0.0,2,8,20,3,0.8676687537275268,0.19406359653117033,1.0,0.0,0.9208896439552472,0.1191981432566571,1000.0,198.33333333333334,79998801.66666667,0.0,1800.5734049479167,92.75085207090272,98000.89322916669,5921.978169651313,54.38045501708984,0.5016093249759697,1683.213623046875,70.02923068028059,71651.20833333333,2596.5092309120487,42.578749338785805,0.2337765406225005,169652.1015625,3483.787027994792
20000,1,200,0.1,0.0,2,16,5,3,0.9760948703992515,0.015623180845488237,1.0,0.0,0.9878605384129294,0.008026405728016595,1000.0,24.666666666666668,79998975.33333333,0.0,914.4312540690104,59.83127898375599,40477.71875,3970.4886944426553,44.14766438802084,1.4062240874778338,1683.213623046875,70.02923068028059,71651.20833333333,2596.5092309120487,42.578749338785805,0.2337765406225005,112128.92708333333,2597.6448771158853
20000,1,200,0.1,0.0,2,16,10,3,0.9800056360315835,0.019208657869496982,1.0,0.0,0.9898381310300594,0.009854455575915654,1000.0,20.666666666666668,79998979.33333333,0.0,1054.7457885742188,33.07051898080927,50050.0625,1668.970974013999,47.42382939656576,0.2125250103667822,1683.213623046875,70.02923068028059,71651.20833333333,2596.5092309120487,42.578749338785805,0.2337765406225005,121701.27083333333,2737.9594116210938
20000,1,200,0.1,0.0,2,16,20,3,0.9940390390773484,0.0026094613356766757,0.9996666666666667,0.0005773502691896423,0.9968433793602052,0.0011459428777885832,999.6666666666666,6.0,79998994.0,0.3333333333333333,1439.3552652994792,23.37229343657524,74679.53385416667,1935.8238744707437,51.853583017985024,0.5790525288554053,1683.213623046875,70.02923068028059,71651.20833333333,2596.5092309120487,42.578749338785805,0.2337765406225005,146330.7421875,3122.5688883463545
20000,1,200,0.1,0.0,3,4,5,3,0.9608831245213411,0.040950126881816803,1.0,0.0,0.9797514655783065,0.02154356503601797,1000.0,42.0,79998958.0,0.0,1197.9802652994792,12.380131799094604,59128.220052083336,551.6209077971195,49.33123524983724,0.1243466709320406,1683.213623046875,70.02923068028059,71651.20833333333,2596.5092309120487,42.578749338785805,0.2337765406225005,130779.42838541666,2881.1938883463545
20000,1,200,0.1,0.0,3,4,10,3,0.8122672532758172,0.18431193308993546,1.0,0.0,0.8883217776802104,0.11933563282697594,1000.0,281.0,79998719.0,0.0,1716.9971923828125,13.467703028476798,92539.05208333331,609.7302462221261,53.87470118204752,0.1268458224066966,1683.213623046875,70.02923068028059,71651.20833333333,2596.5092309120487,42.578749338785805,0.2337765406225005,164190.26041666663,3400.2108154296875
20000,1,200,0.1,0.0,3,4,20,3,0.6924205166883097,0.45794860532081977,1.0,0.0,0.7457450686199024,0.40202034178838075,1000.0,1731.0,79997269.0,0.0,2743.9313151041665,25.966826502959343,160052.22395833334,1831.0103255385357,58.31314086914063,0.1321851031620717,1683.213623046875,70.02923068028059,71651.20833333333,2596.5092309120487,42.578749338785805,0.2337765406225005,231703.4322916667,4427.144938151041
20000,1,200,0.1,0.0,3,8,5,3,0.8905868082077283,0.06077294269358933,1.0,0.0,0.9414002443537616,0.03393692013364667,1000.0,126.33333333333333,79998873.66666667,0.0,1043.834940592448,33.83750964393229,48676.40494791666,2458.380785668628,46.577832539876304,0.8501372042063415,1683.213623046875,70.02923068028059,71651.20833333333,2596.5092309120487,42.578749338785805,0.2337765406225005,120327.61328124999,2727.048563639323
20000,1,200,0.1,0.0,3,8,10,3,0.961516911607499,0.04126741822334841,1.0,0.0,0.9800764409532658,0.021711303700174538,1000.0,41.333333333333336,79998958.66666667,0.0,1313.5928141276042,19.19966603436457,66618.38151041667,1053.130466225987,50.68838246663412,0.077283299017482,1683.213623046875,70.02923068028059,71651.20833333333,2596.5092309120487,42.578749338785805,0.2337765406225005,138269.58984375,2996.8064371744795
20000,1,200,0.1,0.0,3,8,20,3,0.9738015390365057,0.011612411280971402,1.0,0.0,0.9867035969138168,0.00594190894707541,1000.0,27.0,79998973.0,0.0,2115.5498046875,83.80867107609744,118428.09635416669,5489.574558634917,55.94348653157552,0.4481338794882182,1683.213623046875,70.02923068028059,71651.20833333333,2596.5092309120487,42.578749338785805,0.2337765406225005,190079.3046875,3798.763427734375
20000,1,200,0.1,0.0,3,16,5,3,0.9826742789208924,0.007093489564594358,1.0,0.0,0.9912528159160835,0.0036151098650394962,1000.0,17.666666666666668,79998982.33333333,0.0,1009.199239095052,66.22419860425363,46638.1796875,4132.773291868354,46.11679331461588,1.0439421668509947,1683.213623046875,70.02923068028059,71651.20833333333,2596.5092309120487,42.578749338785805,0.2337765406225005,118289.38802083333,2692.412862141927
20000,1,200,0.1,0.0,3,16,10,3,0.843381962126835,0.22048823769479073,1.0,0.0,0.9038284346657024,0.14058850252919544,1000.0,252.66666666666666,79998747.33333333,0.0,1308.9238688151042,167.1544857399261,65897.3125,10606.65324479586,50.11947886149088,1.5723762338336391,1683.213623046875,70.02923068028059,71651.20833333333,2596.5092309120487,42.578749338785805,0.2337765406225005,137548.5208333333,2992.1374918619795
20000,1,200,0.1,0.0,3,16,20,3,0.889624560181427,0.10570782733841987,1.0,0.0,0.9393223580897833,0.06078403301754622,1000.0,135.33333333333334,79998864.66666667,0.0,2042.3158365885415,297.36772519380867,114008.69270833331,18974.494653705493,55.6391830444336,1.1326210503299003,1683.213623046875,70.02923068028059,71651.20833333333,2596.5092309120487,42.578749338785805,0.2337765406225005,185659.90104166663,3725.5294596354165
20000,1,200,0.1,0.01,1,4,5,3,0.9472008297643201,0.04888299419631306,1.0,0.0,0.9724477675496256,0.026100835413773706,1000.0,57.666666666666664,79998942.33333333,0.0,971.045918782552,3.235053989506937,43988.4375,305.3517331183428,45.27969233194987,0.1971980319898383,1648.9440511067708,78.74408599898888,70276.1015625,2794.369660688757,42.63527297973633,0.3303059860191161,114264.5390625,2619.9899698893228
20000,1,200,0.1,0.01,1,4,10,3,0.9706862912205311,0.013523537500493071,1.0,0.0,0.985093140307521,0.006991730177307656,1000.0,30.333333333333332,79998969.66666667,0.0,1250.5257975260415,24.183055272432817,62352.231770833336,1339.815115375705,49.83315785725912,0.1102231236722491,1648.9440511067708,78.74408599898888,70276.1015625,2794.369660688757,42.63527297973633,0.3303059860191161,132628.33333333334,2899.4698486328125
20000,1,200,0.1,0.01,1,4,20,3,0.9826459244942085,0.002947168996495284,1.0,0.0,0.991245525573445,0.0015001877475818782,1000.0,17.666666666666668,79998982.33333333,0.0,1753.6952311197915,10.914511613943317,95118.53385416669,332.8290372904588,54.219415028889976,0.1587500381157447,1648.9440511067708,78.74408599898888,70276.1015625,2794.369660688757,42.63527297973633,0.3303059860191161,165394.6354166667,3402.6392822265625
20000,1,200,0.1,0.01,1,8,5,3,0.9852223124221288,0.0009706628478631639,1.0,0.0,0.9925559942377702,0.0004925836806287128,1000.0,15.0,79998985.0,0.0,905.187459309896,2.887280435050342,39707.5,187.53581765097096,43.84352111816406,0.0684506097713347,1648.9440511067708,78.74408599898888,70276.1015625,2794.369660688757,42.63527297973633,0.3303059860191161,109983.6015625,2554.131510416667
20000,1,200,0.1,0.01,1,8,10,3,0.9861977756208286,0.0025764785605527697,1.0,0.0,0.9930498026213526,0.001305383231273955,1000.0,14.0,79998986.0,0.0,1038.4349772135415,4.108999088065706,48022.458333333336,89.73728346044493,46.22086715698242,0.1857733177897027,1648.9440511067708,78.74408599898888,70276.1015625,2794.369660688757,42.63527297973633,0.3303059860191161,118298.55989583334,2687.3790283203125
20000,1,200,0.1,0.01,1,8,20,3,0.9836434802917995,0.007372424469348747,1.0,0.0,0.9917450092916845,0.0037515787488725956,1000.0,16.666666666666668,79998983.33333333,0.0,1439.1631266276042,87.56222900259365,74701.67708333333,5710.669414882101,51.833028157552086,0.780587131591454,1648.9440511067708,78.74408599898888,70276.1015625,2794.369660688757,42.63527297973633,0.3303059860191161,144977.7786458333,3088.107177734375
20000,1,200,0.1,0.01,1,16,5,3,0.9823767585717379,0.00926107926653159,1.0,0.0,0.9910953296225391,0.0047246425750839096,1000.0,18.0,79998982.0,0.0,905.5088500976562,10.190052408601511,39778.45963541666,352.54023361320566,43.90715789794922,0.1428556810723601,1648.9440511067708,78.74408599898888,70276.1015625,2794.369660688757,42.63527297973633,0.3303059860191161,110054.56119791666,2554.452901204427
20000,1,200,0.1,0.01,1,16,10,3,0.9179819472724748,0.03864415077425552,1.0,0.0,0.9569517096938216,0.02126289382743969,1000.0,90.66666666666667,79998909.33333333,0.0,991.088358561198,84.28999172962648,45440.33463541666,5536.949152833588,45.686824798583984,1.6112909974170144,1648.9440511067708,78.74408599898888,70276.1015625,2794.369660688757,42.63527297973633,0.3303059860191161,115716.43619791666,2640.0324096679688
20000,1,200,0.1,0.01,1,16,20,3,0.8216320411611134,0.16807581621021778,1.0,0.0,0.8957097297299494,0.10375164171222176,1000.0,253.66666666666666,79998746.33333333,0.0,1539.5507405598958,222.63837600780428,81211.32682291667,14693.757321121062,52.41646448771159,2.168647937345434,1648.9440511067708,78.74408599898888,70276.1015625,2794.369660688757,42.63527297973633,0.3303059860191161,151487.4283854167,3188.4947916666665
20000,1,200,0.1,0.01,2,4,5,3,0.9617512057803198,0.027334061302529137,1.0,0.0,0.9803704045064475,0.014245735390101396,1000.0,40.333333333333336,79998959.66666667,0.0,1066.1369222005208,12.617637414590446,50278.118489583336,678.9957355133761,47.130566914876304,0.1637900001018497,1648.9440511067708,78.74408599898888,70276.1015625,2794.369660688757,42.63527297973633,0.3303059860191161,120554.22005208334,2715.0809733072915
20000,1,200,0.1,0.01,2,4,10,3,0.983284802916219,0.000966848847846356,1.0,0.0,0.9915718035390119,0.0004916073006470381,1000.0,17.0,79998983.0,0.0,1409.3180745442708,9.719925609156729,73092.42447916667,556.4129205440228,51.84103393554688,0.5242208210208062,1648.9440511067708,78.74408599898888,70276.1015625,2794.369660688757,42.63527297973633,0.3303059860191161,143368.5260416667,3058.2621256510415
20000,1,200,0.1,0.01,2,4,20,3,0.8076926940143442,0.2967266995144017,1.0,0.0,0.8712213164605863,0.20466009637189153,1000.0,397.6666666666667,79998602.33333333,0.0,2200.0523274739585,48.00348273544089,124160.74479166669,3397.250488918012,56.409505208333336,0.3217331457598131,1648.9440511067708,78.74408599898888,70276.1015625,2794.369660688757,42.63527297973633,0.3303059860191161,194436.8463541667,3848.9963785807295
20000,1,200,0.1,0.01,2,8,5,3,0.9511798715773955,0.02922721328615205,1.0,0.0,0.9748244868756428,0.015490326052576829,1000.0,52.0,79998948.0,0.0,952.5158487955728,32.52917211321553,42111.614583333336,2408.761229809804,44.1515146891276,0.9939428185409168,1648.9440511067708,78.74408599898888,70276.1015625,2794.369660688757,42.63527297973633,0.3303059860191161,112387.71614583334,2601.4598999023438
20000,1,200,0.1,0.01,2,8,10,3,0.9781994951523408,0.008104271404532942,1.0,0.0,0.9889682870869473,0.004150419505805573,1000.0,22.333333333333332,79998977.66666667,0.0,1228.2117106119792,31.45716694507401,60448.04296875,2391.362335877151,49.1776606241862,0.7334657661650524,1648.9440511067708,78.74408599898888,70276.1015625,2794.369660688757,42.63527297973633,0.3303059860191161,130724.14453125,2877.15576171875
20000,1,200,0.1,0.01,2,8,20,3,0.9858751758278085,0.00297213804724072,1.0,0.0,0.9928858522838772,0.0015065796913593485,1000.0,14.333333333333334,79998985.66666667,0.0,1693.5484212239585,10.894963741703409,90676.11979166669,1025.8350342972735,53.517110188802086,0.3055223401737424,1648.9440511067708,78.74408599898888,70276.1015625,2794.369660688757,42.63527297973633,0.3303059860191161,160952.2213541667,3342.4924723307295
20000,1,200,0.1,0.01,2,16,5,3,0.9685890275833025,0.034717133430435615,1.0,0.0,0.9838310562707514,0.01810487183907776,1000.0,33.333333333333336,79998966.66666667,0.0,933.1160685221354,61.58454634070843,41958.39322916666,3715.54161019981,44.87547810872396,1.058803792015217,1648.9440511067708,78.74408599898888,70276.1015625,2794.369660688757,42.63527297973633,0.3303059860191161,112234.49479166666,2582.0601196289062
20000,1,200,0.1,0.01,2,16,10,3,0.8007106801077241,0.32802567888445583,0.9996666666666667,0.0005773502691896423,0.861007271647601,0.23169263557199152,999.6666666666666,463.3333333333333,79998536.66666667,0.3333333333333333,1281.3476969401042,115.06988430434888,64275.08854166666,6692.08970320612,50.06865946451823,0.7760234092896042,1648.9440511067708,78.74408599898888,70276.1015625,2794.369660688757,42.63527297973633,0.3303059860191161,134551.19010416666,2930.291748046875
20000,1,200,0.1,0.01,2,16,20,3,0.8983340121409592,0.08645094920647645,1.0,0.0,0.9449957102209536,0.047739471975499714,1000.0,120.0,79998880.0,0.0,1631.7635498046875,288.12758517819134,86775.82291666667,18742.18553413015,52.8199323018392,1.929201180553776,1648.9440511067708,78.74408599898888,70276.1015625,2794.369660688757,42.63527297973633,0.3303059860191161,157051.9244791667,3280.707600911458
20000,1,200,0.1,0.01,3,4,5,3,0.8946573851326708,0.1207878130064658,1.0,0.0,0.9414230319731445,0.07004908816736222,1000.0,132.66666666666666,79998867.33333333,0.0,1208.1962076822915,17.91204827161581,59536.141927083336,814.8038949780844,49.2593625386556,0.0658309852947032,1648.9440511067708,78.74408599898888,70276.1015625,2794.369660688757,42.63527297973633,0.3303059860191161,129812.24348958334,2857.1402587890625
20000,1,200,0.1,0.01,3,4,10,3,0.9762878713662809,0.007964134876249378,1.0,0.0,0.9879907455423992,0.004071123999407646,1000.0,24.333333333333332,79998975.66666667,0.0,1716.94384765625,14.837566525677856,92960.7578125,750.1056283310846,54.12127558390299,0.0548400190170517,1648.9440511067708,78.74408599898888,70276.1015625,2794.369660688757,42.63527297973633,0.3303059860191161,163236.859375,3365.8878987630205
20000,1,200,0.1,0.01,3,4,20,3,0.9810874308263621,0.00889858457885982,1.0,0.0,0.99043982776363,0.004545872918156902,1000.0,19.333333333333332,79998980.66666667,0.0,2825.6700032552085,64.9480336779387,162849.31770833334,3481.2515196813088,57.620747884114586,0.0989054564874105,1648.9440511067708,78.74408599898888,70276.1015625,2794.369660688757,42.63527297973633,0.3303059860191161,233125.41927083334,4474.6140543619795
20000,1,200,0.1,0.01,3,8,5,3,0.8979729116079279,0.09896405886083269,1.0,0.0,0.9442712541164303,0.056756388166498584,1000.0,123.33333333333333,79998876.66666667,0.0,1021.894022623698,29.867039668071868,47445.19791666666,2067.6575728552702,46.38356145222982,0.7680882194298276,1648.9440511067708,78.74408599898888,70276.1015625,2794.369660688757,42.63527297973633,0.3303059860191161,117721.29947916666,2670.8380737304688
20000,1,200,0.1,0.01,3,8,10,3,0.9826560356229045,0.0048554310008302026,1.0,0.0,0.9912481215386046,0.0024715471839985162,1000.0,17.666666666666668,79998982.33333333,0.0,1388.7698160807292,59.11422285759876,70957.08854166667,3725.667056996036,51.04570770263672,0.5732764349555408,1648.9440511067708,78.74408599898888,70276.1015625,2794.369660688757,42.63527297973633,0.3303059860191161,141233.1901041667,3037.7138671875
20000,1,200,0.1,0.01,3,8,20,3,0.9537591316534026,0.05618769621118325,1.0,0.0,0.9757580930007594,0.029952622213045923,1000.0,51.0,79998949.0,0.0,2067.397257486979,88.51442304853657,115435.50520833331,5992.423433986969,55.79478073120117,0.5196465223515314,1648.9440511067708,78.74408599898888,70276.1015625,2794.369660688757,42.63527297973633,0.3303059860191161,185711.6067708333,3716.34130859375
20000,1,200,0.1,0.01,3,16,5,3,0.9174812678707864,0.02921378981695014,1.0,0.0,0.9568047771055069,0.01577862736120638,1000.0,90.66666666666667,79998909.33333333,0.0,1035.7403157552085,73.30576228089588,48000.606770833336,4742.739330294917,46.22393671671549,1.348883954577066,1648.9440511067708,78.74408599898888,70276.1015625,2794.369660688757,42.63527297973633,0.3303059860191161,118276.70833333334,2684.6843668619795
20000,1,200,0.1,0.01,3,16,10,3,0.7302105847347536,0.43416067400938513,1.0,0.0,0.7843990858931736,0.35670749465044876,1000.0,1136.0,79997864.0,0.0,1153.8953450520833,11.340686171684297,56166.70182291666,808.8622676029559,48.64700698852539,0.2216034204341657,1648.9440511067708,78.74408599898888,70276.1015625,2794.369660688757,42.63527297973633,0.3303059860191161,126442.80338541666,2802.839396158854
20000,1,200,0.1,0.01,3,16,20,3,0.9868461610600368,0.0024496498275318195,1.0,0.0,0.9933785179156946,0.001241393892282321,1000.0,13.333333333333334,79998986.66666667,0.0,1820.720662434896,85.39369860863809,99390.39583333331,5345.312250687131,54.54928207397461,0.3951283869101522,1648.9440511067708,78.74408599898888,70276.1015625,2794.369660688757,42.63527297973633,0.3303059860191161,169666.4973958333,3469.664713541667
20000,1,200,0.1,0.1,1,4,5,3,0.2993766111294554,0.027825058888780046,1.0,0.0,0.46032411149467684,0.03336075617655721,1000.0,2360.6666666666665,79996639.33333333,0.0,1036.9861653645833,10.831986995172064,45566.01432291666,509.49641401056135,43.91995620727539,0.0888444681849826,1657.9977213541667,72.9159698114475,70095.8125,2834.603395910859,42.283504486083984,0.1469684545575389,115661.82682291666,2694.98388671875
20000,1,200,0.1,0.1,1,4,10,3,0.42452235248330106,0.0317818002638464,0.9996666666666667,0.0005773502691895862,0.5954940383466494,0.03082035075413402,999.6666666666666,1363.6666666666667,79997636.33333333,0.3333333333333333,1271.7064615885415,32.065255863596406,63240.73828125,1634.6550202496726,49.70672098795573,0.0353744382017738,1657.9977213541667,72.9159698114475,70095.8125,2834.603395910859,42.283504486083984,0.1469684545575389,133336.55078125,2929.704182942708
20000,1,200,0.1,0.1,1,4,20,3,0.44181124907839836,0.03619938581968085,0.9996666666666667,0.0005773502691895862,0.6122014858296071,0.03484812091203632,999.6666666666666,1273.3333333333333,79997726.66666667,0.3333333333333333,1811.3579508463545,34.4847374822462,98655.04166666669,1675.2054590195578,54.44279098510742,0.2536980082401847,1657.9977213541667,72.9159698114475,70095.8125,2834.603395910859,42.283504486083984,0.1469684545575389,168750.8541666667,3469.3556722005214
20000,1,200,0.1,0.1,1,8,5,3,0.25509623932722275,0.03714894259776473,1.0,0.0,0.4055631571555818,0.04731707254891183,1000.0,2977.3333333333335,79996022.66666667,0.0,850.9471638997396,5.276332239997078,36287.625,216.4876987407245,42.61316935221354,0.1582224464665438,1657.9977213541667,72.9159698114475,70095.8125,2834.603395910859,42.283504486083984,0.1469684545575389,106383.4375,2508.9448852539062
20000,1,200,0.1,0.1,1,8,10,3,0.4287570553805091,0.0554806019123568,0.9996666666666667,0.0005773502691896344,0.5987132552867037,0.05385705141020803,999.6666666666666,1357.6666666666667,79997642.33333333,0.3333333333333333,1046.68994140625,28.82146514234568,48935.0390625,1948.034540868876,46.71044031778971,0.5692258574018088,1657.9977213541667,72.9159698114475,70095.8125,2834.603395910859,42.283504486083984,0.1469684545575389,119030.8515625,2704.687662760417
20000,1,200,0.1,0.1,1,8,20,3,0.48078693632104663,0.01590066980352169,0.999,0.0,0.6490525790036711,0.014411825131967407,999.0,1080.3333333333333,79997919.66666667,1.0,1628.9254557291667,307.73700499041206,86822.02083333333,20064.21373487027,52.89317194620768,2.0598713056844566,1657.9977213541667,72.9159698114475,70095.8125,2834.603395910859,42.283504486083984,0.1469684545575389,156917.8333333333,3286.9231770833335
20000,1,200,0.1,0.1,1,16,5,3,0.31809568976069186,0.17219496595790923,1.0,0.0,0.46619270549451447,0.18927252518900883,1000.0,2747.3333333333335,79996252.66666667,0.0,839.9061686197916,38.10331455769721,34979.6171875,2560.9353305427467,41.56855392456055,1.130462477274945,1657.9977213541667,72.9159698114475,70095.8125,2834.603395910859,42.283504486083984,0.1469684545575389,105075.4296875,2497.9038899739585
20000,1,200,0.1,0.1,1,16,10,3,0.18478463816226842,0.16690453115915727,1.0,0.0,0.2890825275152567,0.24406967026597626,1000.0,21526.333333333332,79977473.66666667,0.0,1115.1958414713542,87.88447669497421,50394.040364583336,5273.34109609059,45.07284673055013,1.2179402365873078,1657.9977213541667,72.9159698114475,70095.8125,2834.603395910859,42.283504486083984,0.1469684545575389,120489.85286458334,2773.193562825521
20000,1,200,0.1,0.1,1,16,20,3,0.39321574715305824,0.06863182579934228,0.9996666666666667,0.0005773502691896423,0.5621208087374485,0.06942780619849548,999.6666666666666,1592.3333333333333,79997407.66666667,0.3333333333333333,1706.51953125,280.4043139563009,92199.06770833331,18206.247569758667,53.66374842325846,2.093520393729692,1657.9977213541667,72.9159698114475,70095.8125,2834.603395910859,42.283504486083984,0.1469684545575389,162294.8802083333,3364.517252604167
20000,1,200,0.1,0.1,2,4,5,3,0.3371587825475288,0.08018029658476457,1.0,0.0,0.5008178804238396,0.0868893173066137,1000.0,2067.6666666666665,79996932.33333333,0.0,1065.1922607421875,19.288940031451595,49426.559895833336,427.24139553170767,46.38457107543945,0.446196005458882,1657.9977213541667,72.9159698114475,70095.8125,2834.603395910859,42.283504486083984,0.1469684545575389,119522.37239583334,2723.1899820963545
20000,1,200,0.1,0.1,2,4,10,3,0.439614165111349,0.015599892872742854,1.0,0.0,0.6106295370497171,0.015134717071135763,1000.0,1276.6666666666667,79997723.33333333,0.0,1418.2158203125,9.466848522412931,72841.98958333333,1002.3702403239364,51.336134592692055,0.3687969662543508,1657.9977213541667,72.9159698114475,70095.8125,2834.603395910859,42.283504486083984,0.1469684545575389,142937.8020833333,3076.213541666667
20000,1,200,0.1,0.1,2,4,20,3,0.40361652923528685,0.04121534086294414,1.0,0.0,0.5743031587936488,0.04118592281172752,1000.0,1494.0,79997506.0,0.0,2140.4657389322915,24.762763724585472,119485.99739583331,1162.7138975156909,55.805989583333336,0.1335049600197655,1657.9977213541667,72.9159698114475,70095.8125,2834.603395910859,42.283504486083984,0.1469684545575389,189581.8098958333,3798.463460286458
20000,1,200,0.1,0.1,2,8,5,3,0.4230679779150955,0.0290540453483224,1.0,0.0,0.5941922569059078,0.028911975552367287,1000.0,1371.3333333333333,79997628.66666667,0.0,928.9803873697916,7.270171552923262,41026.09375,359.843428238838,44.13478342692057,0.0482170677669946,1657.9977213541667,72.9159698114475,70095.8125,2834.603395910859,42.283504486083984,0.1469684545575389,111121.90625,2586.9781087239585
20000,1,200,0.1,0.1,2,8,10,3,0.28611710247912275,0.1280884841510987,1.0,0.0,0.4349113385651722,0.1510873133544056,1000.0,2974.6666666666665,79996025.33333333,0.0,1263.5809326171875,33.11932975353751,59563.56510416666,2369.7132076447856,47.098653157552086,0.6536270195426384,1657.9977213541667,72.9159698114475,70095.8125,2834.603395910859,42.283504486083984,0.1469684545575389,129659.37760416666,2921.5786539713545
20000,1,200,0.1,0.1,2,8,20,3,0.418702592808873,0.1718089683166582,0.9996666666666667,0.0005773502691896344,0.5758759620859103,0.17732209927097944,999.6666666666666,1737.6666666666667,79997262.33333333,0.3333333333333333,1662.7875162760415,35.86716193300702,88614.25,2102.1842033864323,53.26312383015951,0.2173768580745012,1657.9977213541667,72.9159698114475,70095.8125,2834.603395910859,42.283504486083984,0.1469684545575389,158710.0625,3320.785237630208
20000,1,200,0.1,0.1,2,16,5,3,0.23523369504218894,0.15067637221022867,1.0,0.0,0.3655974999144458,0.1879562265952009,1000.0,4401.0,79994599.0,0.0,917.2962036132812,54.99206228755005,40315.41796875,3874.1568516475168,43.83609008789063,1.5484023787211914,1657.9977213541667,72.9159698114475,70095.8125,2834.603395910859,42.283504486083984,0.1469684545575389,110411.23046875,2575.293924967448
20000,1,200,0.1,0.1,2,16,10,3,0.3474162914019366,0.1455895170151962,0.9996666666666667,0.0005773502691895862,0.5038864813524623,0.1628940508284821,999.6666666666666,2291.3333333333335,79996708.66666667,0.3333333333333333,1091.2846272786458,43.28011163946665,51666.78776041666,2803.8933270277457,47.288387298583984,0.6917290609788174,1657.9977213541667,72.9159698114475,70095.8125,2834.603395910859,42.283504486083984,0.1469684545575389,121762.60026041666,2749.2823486328125
20000,1,200,0.1,0.1,2,16,20,3,0.4119483143393059,0.3343132562102983,0.9993333333333334,0.0011547005383792605,0.524887887857811,0.3725511182909105,999.3333333333334,5720.333333333333,79993279.66666667,0.6666666666666666,1574.8264567057292,161.0344279842078,83529.25,10905.710310233238,52.87449137369792,1.495740875682435,1657.9977213541667,72.9159698114475,70095.8125,2834.603395910859,42.283504486083984,0.1469684545575389,153625.0625,3232.824178059896
20000,1,200,0.1,0.1,3,4,5,3,0.2586504863548819,0.040507323047990075,1.0,0.0,0.4099154298044458,0.050390405531967185,1000.0,2926.0,79996074.0,0.0,1184.9755045572915,1.959380042586597,57694.68229166666,208.7563485668132,48.666063944498696,0.1787822612962847,1657.9977213541667,72.9159698114475,70095.8125,2834.603395910859,42.283504486083984,0.1469684545575389,127790.49479166666,2842.973225911458
20000,1,200,0.1,0.1,3,4,10,3,0.37501201649089966,0.07876791486210978,1.0,0.0,0.5422845837374256,0.08338294624196155,1000.0,1747.6666666666667,79997252.33333333,0.0,1684.1645100911458,12.848655278065094,90438.90364583331,606.8304191839982,53.67505645751953,0.0759533252423596,1657.9977213541667,72.9159698114475,70095.8125,2834.603395910859,42.283504486083984,0.1469684545575389,160534.7161458333,3342.1622314453125
20000,1,200,0.1,0.1,3,4,20,3,0.344466968113655,0.11043214326973291,1.0,0.0,0.5053870033264163,0.12848338612801108,1000.0,2166.3333333333335,79996833.66666667,0.0,2773.6964518229165,51.415399831006766,161641.24479166666,3715.142236832663,58.25577290852865,0.292363721350667,1657.9977213541667,72.9159698114475,70095.8125,2834.603395910859,42.283504486083984,0.1469684545575389,231737.05729166666,4431.694173177083
20000,1,200,0.1,0.1,3,8,5,3,0.3774801064972757,0.11132959328264504,0.9996666666666667,0.0005773502691896344,0.5413904914913378,0.12275940913135878,999.6666666666666,1843.0,79997157.0,0.3333333333333333,1030.8339233398438,49.98030033853393,46870.14453125,3088.782271502129,45.40464782714844,0.7878446410660934,1657.9977213541667,72.9159698114475,70095.8125,2834.603395910859,42.283504486083984,0.1469684545575389,116965.95703125,2688.8316446940107
20000,1,200,0.1,0.1,3,8,10,3,0.2941298112665566,0.17585362364834362,1.0,0.0,0.43382216359463904,0.22905779261595083,1000.0,4252.333333333333,79994747.66666667,0.0,1328.3325602213542,82.30695521620174,66232.68619791667,5335.025168345356,49.77989196777344,0.902572385421805,1657.9977213541667,72.9159698114475,70095.8125,2834.603395910859,42.283504486083984,0.1469684545575389,136328.4986979167,2986.330281575521
20000,1,200,0.1,0.1,3,8,20,3,0.4551320985095808,0.054740275745927165,0.9996666666666667,0.0005773502691896423,0.624203541676763,0.050636631251836484,999.6666666666666,1217.0,79997783.0,0.3333333333333333,1969.2430013020837,74.39107408412266,108645.17708333331,5405.404683813224,55.123372395833336,0.6453371547402768,1657.9977213541667,72.9159698114475,70095.8125,2834.603395910859,42.283504486083984,0.1469684545575389,178740.9895833333,3627.2407226562505
20000,1,200,0.1,0.1,3,16,5,3,0.12642178635489945,0.05389592436957645,1.0,0.0,0.22179413345094645,0.08378947006702195,1000.0,7891.333333333333,79991108.66666667,0.0,1053.2664591471355,84.02466635182049,48732.80729166666,5225.807254992508,46.13327026367188,1.3727762467325944,1657.9977213541667,72.9159698114475,70095.8125,2834.603395910859,42.283504486083984,0.1469684545575389,118828.61979166666,2711.2641805013022
20000,1,200,0.1,0.1,3,16,10,3,0.31955988649198347,0.22704753029420785,0.9993333333333334,0.0011547005383792605,0.45043540032099344,0.29439241805938876,999.3333333333334,6120.666666666667,79992879.33333333,0.6666666666666666,1256.187255859375,91.79882123098744,61971.77734375,5634.780487145515,49.24815877278646,0.852687626077194,1657.9977213541667,72.9159698114475,70095.8125,2834.603395910859,42.283504486083984,0.1469684545575389,132067.58984375,2914.184977213542
20000,1,200,0.1,0.1,3,16,20,3,0.10615436960455338,0.05130826237452019,1.0,0.0,0.189393578548109,0.08216564110151754,1000.0,9820.0,79989180.0,0.0,2198.455444335937,210.01094138575456,120583.02864583331,13838.720336767356,54.73604202270508,1.0154760415967454,1657.9977213541667,72.9159698114475,70095.8125,2834.603395910859,42.283504486083984,0.1469684545575389,190678.8411458333,3856.4531656901036
